# l_r [GeV]   q [GeV]   eps_f [GeV]   I_L_inel  (Q_s^2 = 1.0 GeV^2)
0.000000e+00 5.000000e-02 1.000000e-01 1.66367141e+05
0.000000e+00 5.000000e-02 3.052632e-01 2.75242456e+03
0.000000e+00 5.000000e-02 5.105263e-01 3.78468964e+02
0.000000e+00 5.000000e-02 7.157895e-01 9.00350037e+01
0.000000e+00 5.000000e-02 9.210526e-01 2.75535603e+01
0.000000e+00 5.000000e-02 1.126316e+00 9.85757542e+00
0.000000e+00 5.000000e-02 1.331579e+00 3.94506812e+00
0.000000e+00 5.000000e-02 1.536842e+00 1.72242570e+00
0.000000e+00 5.000000e-02 1.742105e+00 8.07154357e-01
0.000000e+00 5.000000e-02 1.947368e+00 4.01331514e-01
0.000000e+00 5.000000e-02 2.152632e+00 2.09910303e-01
0.000000e+00 5.000000e-02 2.357895e+00 1.14714868e-01
0.000000e+00 5.000000e-02 2.563158e+00 6.51506782e-02
0.000000e+00 5.000000e-02 2.768421e+00 3.82826403e-02
0.000000e+00 5.000000e-02 2.973684e+00 2.31879521e-02
0.000000e+00 5.000000e-02 3.178947e+00 1.44324265e-02
0.000000e+00 5.000000e-02 3.384211e+00 9.20607243e-03
0.000000e+00 5.000000e-02 3.589474e+00 6.00436656e-03
0.000000e+00 5.000000e-02 3.794737e+00 3.99618922e-03
0.000000e+00 5.000000e-02 4.000000e+00 2.70928978e-03
0.000000e+00 3.105263e-01 1.000000e-01 1.58267188e+05
0.000000e+00 3.105263e-01 3.052632e-01 2.55860864e+03
0.000000e+00 3.105263e-01 5.105263e-01 3.44359497e+02
0.000000e+00 3.105263e-01 7.157895e-01 8.07057266e+01
0.000000e+00 3.105263e-01 9.210526e-01 2.44289837e+01
0.000000e+00 3.105263e-01 1.126316e+00 8.66619301e+00
0.000000e+00 3.105263e-01 1.331579e+00 3.44508100e+00
0.000000e+00 3.105263e-01 1.536842e+00 1.49598575e+00
0.000000e+00 3.105263e-01 1.742105e+00 6.97918653e-01
0.000000e+00 3.105263e-01 1.947368e+00 3.45734894e-01
0.000000e+00 3.105263e-01 2.152632e+00 1.80269495e-01
0.000000e+00 3.105263e-01 2.357895e+00 9.82585922e-02
0.000000e+00 3.105263e-01 2.563158e+00 5.56800775e-02
0.000000e+00 3.105263e-01 2.768421e+00 3.26553546e-02
0.000000e+00 3.105263e-01 2.973684e+00 1.97468959e-02
0.000000e+00 3.105263e-01 3.178947e+00 1.22731989e-02
0.000000e+00 3.105263e-01 3.384211e+00 7.81904347e-03
0.000000e+00 3.105263e-01 3.589474e+00 5.09417895e-03
0.000000e+00 3.105263e-01 3.794737e+00 3.38719389e-03
0.000000e+00 3.105263e-01 4.000000e+00 2.29448196e-03
0.000000e+00 5.710526e-01 1.000000e-01 1.40447797e+05
0.000000e+00 5.710526e-01 3.052632e-01 2.19255322e+03
0.000000e+00 5.710526e-01 5.105263e-01 2.85933594e+02
0.000000e+00 5.710526e-01 7.157895e-01 6.56037750e+01
0.000000e+00 5.710526e-01 9.210526e-01 1.95597382e+01
0.000000e+00 5.710526e-01 1.126316e+00 6.86043119e+00
0.000000e+00 5.710526e-01 1.331579e+00 2.70321798e+00
0.000000e+00 5.710526e-01 1.536842e+00 1.16558528e+00
0.000000e+00 5.710526e-01 1.742105e+00 5.40675461e-01
0.000000e+00 5.710526e-01 1.947368e+00 2.66581535e-01
0.000000e+00 5.710526e-01 2.152632e+00 1.38455763e-01
0.000000e+00 5.710526e-01 2.357895e+00 7.52204582e-02
0.000000e+00 5.710526e-01 2.563158e+00 4.25070226e-02
0.000000e+00 5.710526e-01 2.768421e+00 2.48706769e-02
0.000000e+00 5.710526e-01 2.973684e+00 1.50090251e-02
0.000000e+00 5.710526e-01 3.178947e+00 9.31222923e-03
0.000000e+00 5.710526e-01 3.384211e+00 5.92366606e-03
0.000000e+00 5.710526e-01 3.589474e+00 3.85423237e-03
0.000000e+00 5.710526e-01 3.794737e+00 2.55977456e-03
0.000000e+00 5.710526e-01 4.000000e+00 1.73221773e-03
0.000000e+00 8.315790e-01 1.000000e-01 1.16388016e+05
0.000000e+00 8.315790e-01 3.052632e-01 1.74782104e+03
0.000000e+00 8.315790e-01 5.105263e-01 2.20118927e+02
0.000000e+00 8.315790e-01 7.157895e-01 4.93481712e+01
0.000000e+00 8.315790e-01 9.210526e-01 1.44776030e+01
0.000000e+00 8.315790e-01 1.126316e+00 5.01784706e+00
0.000000e+00 8.315790e-01 1.331579e+00 1.95921659e+00
0.000000e+00 8.315790e-01 1.536842e+00 8.38730931e-01
0.000000e+00 8.315790e-01 1.742105e+00 3.86819422e-01
0.000000e+00 8.315790e-01 1.947368e+00 1.89826548e-01
0.000000e+00 8.315790e-01 2.152632e+00 9.82087180e-02
0.000000e+00 8.315790e-01 2.357895e+00 5.31820692e-02
0.000000e+00 8.315790e-01 2.563158e+00 2.99713220e-02
0.000000e+00 8.315790e-01 2.768421e+00 1.74955521e-02
0.000000e+00 8.315790e-01 2.973684e+00 1.05374428e-02
0.000000e+00 8.315790e-01 3.178947e+00 6.52677706e-03
0.000000e+00 8.315790e-01 3.384211e+00 4.14569862e-03
0.000000e+00 8.315790e-01 3.589474e+00 2.69395183e-03
0.000000e+00 8.315790e-01 3.794737e+00 1.78718031e-03
0.000000e+00 8.315790e-01 4.000000e+00 1.20821188e-03
0.000000e+00 1.092105e+00 1.000000e-01 9.01128125e+04
0.000000e+00 1.092105e+00 3.052632e-01 1.30113123e+03
0.000000e+00 1.092105e+00 5.105263e-01 1.58114410e+02
0.000000e+00 1.092105e+00 7.157895e-01 3.46220093e+01
0.000000e+00 1.092105e+00 9.210526e-01 9.99405861e+00
0.000000e+00 1.092105e+00 1.126316e+00 3.42329550e+00
0.000000e+00 1.092105e+00 1.331579e+00 1.32475483e+00
0.000000e+00 1.092105e+00 1.536842e+00 5.63190103e-01
0.000000e+00 1.092105e+00 1.742105e+00 2.58306235e-01
0.000000e+00 1.092105e+00 1.947368e+00 1.26193658e-01
0.000000e+00 1.092105e+00 2.152632e+00 6.50479198e-02
0.000000e+00 1.092105e+00 2.357895e+00 3.51176746e-02
0.000000e+00 1.092105e+00 2.563158e+00 1.97404306e-02
0.000000e+00 1.092105e+00 2.768421e+00 1.14985015e-02
0.000000e+00 1.092105e+00 2.973684e+00 6.91275019e-03
0.000000e+00 1.092105e+00 3.178947e+00 4.27493732e-03
0.000000e+00 1.092105e+00 3.384211e+00 2.71168281e-03
0.000000e+00 1.092105e+00 3.589474e+00 1.76002341e-03
0.000000e+00 1.092105e+00 3.794737e+00 1.16640422e-03
0.000000e+00 1.092105e+00 4.000000e+00 7.87825789e-04
0.000000e+00 1.352632e+00 1.000000e-01 6.52031367e+04
0.000000e+00 1.352632e+00 3.052632e-01 9.06403381e+02
0.000000e+00 1.352632e+00 5.105263e-01 1.06339752e+02
0.000000e+00 1.352632e+00 7.157895e-01 2.27493858e+01
0.000000e+00 1.352632e+00 9.210526e-01 6.46349430e+00
0.000000e+00 1.352632e+00 1.126316e+00 2.18883944e+00
0.000000e+00 1.352632e+00 1.331579e+00 8.39827597e-01
0.000000e+00 1.352632e+00 1.536842e+00 3.54684323e-01
0.000000e+00 1.352632e+00 1.742105e+00 1.61829278e-01
0.000000e+00 1.352632e+00 1.947368e+00 7.87294358e-02
0.000000e+00 1.352632e+00 2.152632e+00 4.04434539e-02
0.000000e+00 1.352632e+00 2.357895e+00 2.17727441e-02
0.000000e+00 1.352632e+00 2.563158e+00 1.22101493e-02
0.000000e+00 1.352632e+00 2.768421e+00 7.09814485e-03
0.000000e+00 1.352632e+00 2.973684e+00 4.26012417e-03
0.000000e+00 1.352632e+00 3.178947e+00 2.63072341e-03
0.000000e+00 1.352632e+00 3.384211e+00 1.66665367e-03
0.000000e+00 1.352632e+00 3.589474e+00 1.08058797e-03
0.000000e+00 1.352632e+00 3.794737e+00 7.15457543e-04
0.000000e+00 1.352632e+00 4.000000e+00 4.82848700e-04
0.000000e+00 1.613158e+00 1.000000e-01 4.40983086e+04
0.000000e+00 1.613158e+00 3.052632e-01 5.91585815e+02
0.000000e+00 1.613158e+00 5.105263e-01 6.70995026e+01
0.000000e+00 1.613158e+00 7.157895e-01 1.40347433e+01
0.000000e+00 1.613158e+00 9.210526e-01 3.92690444e+00
0.000000e+00 1.613158e+00 1.126316e+00 1.31538463e+00
0.000000e+00 1.613158e+00 1.331579e+00 5.00614583e-01
0.000000e+00 1.613158e+00 1.536842e+00 2.10113108e-01
0.000000e+00 1.613158e+00 1.742105e+00 9.54001173e-02
0.000000e+00 1.613158e+00 1.947368e+00 4.62311469e-02
0.000000e+00 1.613158e+00 2.152632e+00 2.36739051e-02
0.000000e+00 1.613158e+00 2.357895e+00 1.27117233e-02
0.000000e+00 1.613158e+00 2.563158e+00 7.11331796e-03
0.000000e+00 1.613158e+00 2.768421e+00 4.12769010e-03
0.000000e+00 1.613158e+00 2.973684e+00 2.47353152e-03
0.000000e+00 1.613158e+00 3.178947e+00 1.52546132e-03
0.000000e+00 1.613158e+00 3.384211e+00 9.65347514e-04
0.000000e+00 1.613158e+00 3.589474e+00 6.25278393e-04
0.000000e+00 1.613158e+00 3.794737e+00 4.13648231e-04
0.000000e+00 1.613158e+00 4.000000e+00 2.78955762e-04
0.000000e+00 1.873684e+00 1.000000e-01 2.78794980e+04
0.000000e+00 1.873684e+00 3.052632e-01 3.62004425e+02
0.000000e+00 1.873684e+00 5.105263e-01 3.97749443e+01
0.000000e+00 1.873684e+00 7.157895e-01 8.14254665e+00
0.000000e+00 1.873684e+00 9.210526e-01 2.24524331e+00
0.000000e+00 1.873684e+00 1.126316e+00 7.44324684e-01
0.000000e+00 1.873684e+00 1.331579e+00 2.81117350e-01
0.000000e+00 1.873684e+00 1.536842e+00 1.17302321e-01
0.000000e+00 1.873684e+00 1.742105e+00 5.30183278e-02
0.000000e+00 1.873684e+00 1.947368e+00 2.56000366e-02
0.000000e+00 1.873684e+00 2.152632e+00 1.30709289e-02
0.000000e+00 1.873684e+00 2.357895e+00 7.00164167e-03
0.000000e+00 1.873684e+00 2.563158e+00 3.91026679e-03
0.000000e+00 1.873684e+00 2.768421e+00 2.26527080e-03
0.000000e+00 1.873684e+00 2.973684e+00 1.35556888e-03
0.000000e+00 1.873684e+00 3.178947e+00 8.35001643e-04
0.000000e+00 1.873684e+00 3.384211e+00 5.27868338e-04
0.000000e+00 1.873684e+00 3.589474e+00 3.41610605e-04
0.000000e+00 1.873684e+00 3.794737e+00 2.25816621e-04
0.000000e+00 1.873684e+00 4.000000e+00 1.52183959e-04
0.000000e+00 2.134211e+00 1.000000e-01 1.64769102e+04
0.000000e+00 2.134211e+00 3.052632e-01 2.07766830e+02
0.000000e+00 2.134211e+00 5.105263e-01 2.21676598e+01
0.000000e+00 2.134211e+00 7.157895e-01 4.44744730e+00
0.000000e+00 2.134211e+00 9.210526e-01 1.20959020e+00
0.000000e+00 2.134211e+00 1.126316e+00 3.97103190e-01
0.000000e+00 2.134211e+00 1.331579e+00 1.48906797e-01
0.000000e+00 2.134211e+00 1.536842e+00 6.17977343e-02
0.000000e+00 2.134211e+00 1.742105e+00 2.78136190e-02
0.000000e+00 2.134211e+00 1.947368e+00 1.33850267e-02
0.000000e+00 2.134211e+00 2.152632e+00 6.81576505e-03
0.000000e+00 2.134211e+00 2.357895e+00 3.64295160e-03
0.000000e+00 2.134211e+00 2.563158e+00 2.03081360e-03
0.000000e+00 2.134211e+00 2.768421e+00 1.17469602e-03
0.000000e+00 2.134211e+00 2.973684e+00 7.02055753e-04
0.000000e+00 2.134211e+00 3.178947e+00 4.31981578e-04
0.000000e+00 2.134211e+00 3.384211e+00 2.72834586e-04
0.000000e+00 2.134211e+00 3.589474e+00 1.76423797e-04
0.000000e+00 2.134211e+00 3.794737e+00 1.16541021e-04
0.000000e+00 2.134211e+00 4.000000e+00 7.84926306e-05
0.000000e+00 2.394737e+00 1.000000e-01 9.10333105e+03
0.000000e+00 2.394737e+00 3.052632e-01 1.11859322e+02
0.000000e+00 2.394737e+00 5.105263e-01 1.16213684e+01
0.000000e+00 2.394737e+00 7.157895e-01 2.28855324e+00
0.000000e+00 2.394737e+00 9.210526e-01 6.14520431e-01
0.000000e+00 2.394737e+00 1.126316e+00 1.99923888e-01
0.000000e+00 2.394737e+00 1.331579e+00 7.44709522e-02
0.000000e+00 2.394737e+00 1.536842e+00 3.07510309e-02
0.000000e+00 2.394737e+00 1.742105e+00 1.37864621e-02
0.000000e+00 2.394737e+00 1.947368e+00 6.61421614e-03
0.000000e+00 2.394737e+00 2.152632e+00 3.35969939e-03
0.000000e+00 2.394737e+00 2.357895e+00 1.79210864e-03
0.000000e+00 2.394737e+00 2.563158e+00 9.97379539e-04
0.000000e+00 2.394737e+00 2.768421e+00 5.76122722e-04
0.000000e+00 2.394737e+00 2.973684e+00 3.43917985e-04
0.000000e+00 2.394737e+00 3.178947e+00 2.11407358e-04
0.000000e+00 2.394737e+00 3.384211e+00 1.33409558e-04
0.000000e+00 2.394737e+00 3.589474e+00 8.62045417e-05
0.000000e+00 2.394737e+00 3.794737e+00 5.69086515e-05
0.000000e+00 2.394737e+00 4.000000e+00 3.83080915e-05
0.000000e+00 2.655263e+00 1.000000e-01 4.70168945e+03
0.000000e+00 2.655263e+00 3.052632e-01 5.64933472e+01
0.000000e+00 2.655263e+00 5.105263e-01 5.73196316e+00
0.000000e+00 2.655263e+00 7.157895e-01 1.10988355e+00
0.000000e+00 2.655263e+00 9.210526e-01 2.94562459e-01
0.000000e+00 2.655263e+00 1.126316e+00 9.50378105e-02
0.000000e+00 2.655263e+00 1.331579e+00 3.51860374e-02
0.000000e+00 2.655263e+00 1.536842e+00 1.44624952e-02
0.000000e+00 2.655263e+00 1.742105e+00 6.46086503e-03
0.000000e+00 2.655263e+00 1.947368e+00 3.09098372e-03
0.000000e+00 2.655263e+00 2.152632e+00 1.56654045e-03
0.000000e+00 2.655263e+00 2.357895e+00 8.34086677e-04
0.000000e+00 2.655263e+00 2.563158e+00 4.63503064e-04
0.000000e+00 2.655263e+00 2.768421e+00 2.67400523e-04
0.000000e+00 2.655263e+00 2.973684e+00 1.59457544e-04
0.000000e+00 2.655263e+00 3.178947e+00 9.79313918e-05
0.000000e+00 2.655263e+00 3.384211e+00 6.17529004e-05
0.000000e+00 2.655263e+00 3.589474e+00 3.98763805e-05
0.000000e+00 2.655263e+00 3.794737e+00 2.63097354e-05
0.000000e+00 2.655263e+00 4.000000e+00 1.77016300e-05
0.000000e+00 2.915789e+00 1.000000e-01 2.27000635e+03
0.000000e+00 2.915789e+00 3.052632e-01 2.67603722e+01
0.000000e+00 2.915789e+00 5.105263e-01 2.65973544e+00
0.000000e+00 2.915789e+00 7.157895e-01 5.07343173e-01
0.000000e+00 2.915789e+00 9.210526e-01 1.33244172e-01
0.000000e+00 2.915789e+00 1.126316e+00 4.26693410e-02
0.000000e+00 2.915789e+00 1.331579e+00 1.57108568e-02
0.000000e+00 2.915789e+00 1.536842e+00 6.43085549e-03
0.000000e+00 2.915789e+00 1.742105e+00 2.86366348e-03
0.000000e+00 2.915789e+00 1.947368e+00 1.36656186e-03
0.000000e+00 2.915789e+00 2.152632e+00 6.91185473e-04
0.000000e+00 2.915789e+00 2.357895e+00 3.67408444e-04
0.000000e+00 2.915789e+00 2.563158e+00 2.03893069e-04
0.000000e+00 2.915789e+00 2.768421e+00 1.17496136e-04
0.000000e+00 2.915789e+00 2.973684e+00 6.99996963e-05
0.000000e+00 2.915789e+00 3.178947e+00 4.29561005e-05
0.000000e+00 2.915789e+00 3.384211e+00 2.70684959e-05
0.000000e+00 2.915789e+00 3.589474e+00 1.74689612e-05
0.000000e+00 2.915789e+00 3.794737e+00 1.15198563e-05
0.000000e+00 2.915789e+00 4.000000e+00 7.74732325e-06
0.000000e+00 3.176316e+00 1.000000e-01 1.02448096e+03
0.000000e+00 3.176316e+00 3.052632e-01 1.18865366e+01
0.000000e+00 3.176316e+00 5.105263e-01 1.16078877e+00
0.000000e+00 3.176316e+00 7.157895e-01 2.18553066e-01
0.000000e+00 3.176316e+00 9.210526e-01 5.68727367e-02
0.000000e+00 3.176316e+00 1.126316e+00 1.80926397e-02
0.000000e+00 3.176316e+00 1.331579e+00 6.62934361e-03
0.000000e+00 3.176316e+00 1.536842e+00 2.70358636e-03
0.000000e+00 3.176316e+00 1.742105e+00 1.20048947e-03
0.000000e+00 3.176316e+00 1.947368e+00 5.71599870e-04
0.000000e+00 3.176316e+00 2.152632e+00 2.88587384e-04
0.000000e+00 3.176316e+00 2.357895e+00 1.53179106e-04
0.000000e+00 3.176316e+00 2.563158e+00 8.49049320e-05
0.000000e+00 3.176316e+00 2.768421e+00 4.88788719e-05
0.000000e+00 3.176316e+00 2.973684e+00 2.90957832e-05
0.000000e+00 3.176316e+00 3.178947e+00 1.78423488e-05
0.000000e+00 3.176316e+00 3.384211e+00 1.12364560e-05
0.000000e+00 3.176316e+00 3.589474e+00 7.24780148e-06
0.000000e+00 3.176316e+00 3.794737e+00 4.77740150e-06
0.000000e+00 3.176316e+00 4.000000e+00 3.21163611e-06
0.000000e+00 3.436842e+00 1.000000e-01 4.32182465e+02
0.000000e+00 3.436842e+00 3.052632e-01 4.94941187e+00
0.000000e+00 3.436842e+00 5.105263e-01 4.76281464e-01
0.000000e+00 3.436842e+00 7.157895e-01 8.86873826e-02
0.000000e+00 3.436842e+00 9.210526e-01 2.28969976e-02
0.000000e+00 3.436842e+00 1.126316e+00 7.24268192e-03
0.000000e+00 3.436842e+00 1.331579e+00 2.64263735e-03
0.000000e+00 3.436842e+00 1.536842e+00 1.07428804e-03
0.000000e+00 3.436842e+00 1.742105e+00 4.75845794e-04
0.000000e+00 3.436842e+00 1.947368e+00 2.26128366e-04
0.000000e+00 3.436842e+00 2.152632e+00 1.13989212e-04
0.000000e+00 3.436842e+00 2.357895e+00 6.04277120e-05
0.000000e+00 3.436842e+00 2.563158e+00 3.34592951e-05
0.000000e+00 3.436842e+00 2.768421e+00 1.92455354e-05
0.000000e+00 3.436842e+00 2.973684e+00 1.14478535e-05
0.000000e+00 3.436842e+00 3.178947e+00 7.01582894e-06
0.000000e+00 3.436842e+00 3.384211e+00 4.41599514e-06
0.000000e+00 3.436842e+00 3.589474e+00 2.84714588e-06
0.000000e+00 3.436842e+00 3.794737e+00 1.87597027e-06
0.000000e+00 3.436842e+00 4.000000e+00 1.26070597e-06
0.000000e+00 3.697368e+00 1.000000e-01 1.70410843e+02
0.000000e+00 3.697368e+00 3.052632e-01 1.93123102e+00
0.000000e+00 3.697368e+00 5.105263e-01 1.83623642e-01
0.000000e+00 3.697368e+00 7.157895e-01 3.38801108e-02
0.000000e+00 3.697368e+00 9.210526e-01 8.68944358e-03
0.000000e+00 3.697368e+00 1.126316e+00 2.73545366e-03
0.000000e+00 3.697368e+00 1.331579e+00 9.94538306e-04
0.000000e+00 3.697368e+00 1.536842e+00 4.03210666e-04
0.000000e+00 3.697368e+00 1.742105e+00 1.78224902e-04
0.000000e+00 3.697368e+00 1.947368e+00 8.45553222e-05
0.000000e+00 3.697368e+00 2.152632e+00 4.25672224e-05
0.000000e+00 3.697368e+00 2.357895e+00 2.25414133e-05
0.000000e+00 3.697368e+00 2.563158e+00 1.24703483e-05
0.000000e+00 3.697368e+00 2.768421e+00 7.16757495e-06
0.000000e+00 3.697368e+00 2.973684e+00 4.26087763e-06
0.000000e+00 3.697368e+00 3.178947e+00 2.60992238e-06
0.000000e+00 3.697368e+00 3.384211e+00 1.64204050e-06
0.000000e+00 3.697368e+00 3.589474e+00 1.05827746e-06
0.000000e+00 3.697368e+00 3.794737e+00 6.97062831e-07
0.000000e+00 3.697368e+00 4.000000e+00 4.68311555e-07
0.000000e+00 3.957895e+00 1.000000e-01 6.28020630e+01
0.000000e+00 3.957895e+00 3.052632e-01 7.05881000e-01
0.000000e+00 3.957895e+00 5.105263e-01 6.64762408e-02
0.000000e+00 3.957895e+00 7.157895e-01 1.21749230e-02
0.000000e+00 3.957895e+00 9.210526e-01 3.10581550e-03
0.000000e+00 3.957895e+00 1.126316e+00 9.73882095e-04
0.000000e+00 3.957895e+00 1.331579e+00 3.53043113e-04
0.000000e+00 3.957895e+00 1.536842e+00 1.42814315e-04
0.000000e+00 3.957895e+00 1.742105e+00 6.30172071e-05
0.000000e+00 3.957895e+00 1.947368e+00 2.98565483e-05
0.000000e+00 3.957895e+00 2.152632e+00 1.50141095e-05
0.000000e+00 3.957895e+00 2.357895e+00 7.94363496e-06
0.000000e+00 3.957895e+00 2.563158e+00 4.39136693e-06
0.000000e+00 3.957895e+00 2.768421e+00 2.52249060e-06
0.000000e+00 3.957895e+00 2.973684e+00 1.49877053e-06
0.000000e+00 3.957895e+00 3.178947e+00 9.17647696e-07
0.000000e+00 3.957895e+00 3.384211e+00 5.77128731e-07
0.000000e+00 3.957895e+00 3.589474e+00 3.71835370e-07
0.000000e+00 3.957895e+00 3.794737e+00 2.44852288e-07
0.000000e+00 3.957895e+00 4.000000e+00 1.64461142e-07
0.000000e+00 4.218421e+00 1.000000e-01 2.16310349e+01
0.000000e+00 4.218421e+00 3.052632e-01 2.41590068e-01
0.000000e+00 4.218421e+00 5.105263e-01 2.25826092e-02
0.000000e+00 4.218421e+00 7.157895e-01 4.11190419e-03
0.000000e+00 4.218421e+00 9.210526e-01 1.04447803e-03
0.000000e+00 4.218421e+00 1.126316e+00 3.26490292e-04
0.000000e+00 4.218421e+00 1.331579e+00 1.18080046e-04
0.000000e+00 4.218421e+00 1.536842e+00 4.76811547e-05
0.000000e+00 4.218421e+00 1.742105e+00 2.10103226e-05
0.000000e+00 4.218421e+00 1.947368e+00 9.94347192e-06
0.000000e+00 4.218421e+00 2.152632e+00 4.99593807e-06
0.000000e+00 4.218421e+00 2.357895e+00 2.64135406e-06
0.000000e+00 4.218421e+00 2.563158e+00 1.45932279e-06
0.000000e+00 4.218421e+00 2.768421e+00 8.37855623e-07
0.000000e+00 4.218421e+00 2.973684e+00 4.97618487e-07
0.000000e+00 4.218421e+00 3.178947e+00 3.04569255e-07
0.000000e+00 4.218421e+00 3.384211e+00 1.91493484e-07
0.000000e+00 4.218421e+00 3.589474e+00 1.23345004e-07
0.000000e+00 4.218421e+00 3.794737e+00 8.12043197e-08
0.000000e+00 4.218421e+00 4.000000e+00 5.45324816e-08
0.000000e+00 4.478947e+00 1.000000e-01 6.96288013e+00
0.000000e+00 4.478947e+00 3.052632e-01 7.73953497e-02
0.000000e+00 4.478947e+00 5.105263e-01 7.19363522e-03
0.000000e+00 4.478947e+00 7.157895e-01 1.30399922e-03
0.000000e+00 4.478947e+00 9.210526e-01 3.30144394e-04
0.000000e+00 4.478947e+00 1.126316e+00 1.02949023e-04
0.000000e+00 4.478947e+00 1.331579e+00 3.71655005e-05
0.000000e+00 4.478947e+00 1.536842e+00 1.49867756e-05
0.000000e+00 4.478947e+00 1.742105e+00 6.59668967e-06
0.000000e+00 4.478947e+00 1.947368e+00 3.11932126e-06
0.000000e+00 4.478947e+00 2.152632e+00 1.56617955e-06
0.000000e+00 4.478947e+00 2.357895e+00 8.27578162e-07
0.000000e+00 4.478947e+00 2.563158e+00 4.57019439e-07
0.000000e+00 4.478947e+00 2.768421e+00 2.62292787e-07
0.000000e+00 4.478947e+00 2.973684e+00 1.55730703e-07
0.000000e+00 4.478947e+00 3.178947e+00 9.52897636e-08
0.000000e+00 4.478947e+00 3.384211e+00 5.98980492e-08
0.000000e+00 4.478947e+00 3.589474e+00 3.85738979e-08
0.000000e+00 4.478947e+00 3.794737e+00 2.53908308e-08
0.000000e+00 4.478947e+00 4.000000e+00 1.70485279e-08
0.000000e+00 4.739474e+00 1.000000e-01 2.09454894e+00
0.000000e+00 4.739474e+00 3.052632e-01 2.31999867e-02
0.000000e+00 4.739474e+00 5.105263e-01 2.14731344e-03
0.000000e+00 4.739474e+00 7.157895e-01 3.87950451e-04
0.000000e+00 4.739474e+00 9.210526e-01 9.79784818e-05
0.000000e+00 4.739474e+00 1.126316e+00 3.04969635e-05
0.000000e+00 4.739474e+00 1.331579e+00 1.09945840e-05
0.000000e+00 4.739474e+00 1.536842e+00 4.42886767e-06
0.000000e+00 4.739474e+00 1.742105e+00 1.94784798e-06
0.000000e+00 4.739474e+00 1.947368e+00 9.20468835e-07
0.000000e+00 4.739474e+00 2.152632e+00 4.61918177e-07
0.000000e+00 4.739474e+00 2.357895e+00 2.43976814e-07
0.000000e+00 4.739474e+00 2.563158e+00 1.34686189e-07
0.000000e+00 4.739474e+00 2.768421e+00 7.72768232e-08
0.000000e+00 4.739474e+00 2.973684e+00 4.58702836e-08
0.000000e+00 4.739474e+00 3.178947e+00 2.80616597e-08
0.000000e+00 4.739474e+00 3.384211e+00 1.76361539e-08
0.000000e+00 4.739474e+00 3.589474e+00 1.13558256e-08
0.000000e+00 4.739474e+00 3.794737e+00 7.47385975e-09
0.000000e+00 4.739474e+00 4.000000e+00 5.01771025e-09
0.000000e+00 5.000000e+00 1.000000e-01 5.88801086e-01
0.000000e+00 5.000000e+00 3.052632e-01 6.50527375e-03
0.000000e+00 5.000000e+00 5.105263e-01 6.00277621e-04
0.000000e+00 5.000000e+00 7.157895e-01 1.08188033e-04
0.000000e+00 5.000000e+00 9.210526e-01 2.72741872e-05
0.000000e+00 5.000000e+00 1.126316e+00 8.47807405e-06
0.000000e+00 5.000000e+00 1.331579e+00 3.05339972e-06
0.000000e+00 5.000000e+00 1.536842e+00 1.22903100e-06
0.000000e+00 5.000000e+00 1.742105e+00 5.40213136e-07
0.000000e+00 5.000000e+00 1.947368e+00 2.55159819e-07
0.000000e+00 5.000000e+00 2.152632e+00 1.27997808e-07
0.000000e+00 5.000000e+00 2.357895e+00 6.75850913e-08
0.000000e+00 5.000000e+00 2.563158e+00 3.73004312e-08
0.000000e+00 5.000000e+00 2.768421e+00 2.13967208e-08
0.000000e+00 5.000000e+00 2.973684e+00 1.26984618e-08
0.000000e+00 5.000000e+00 3.178947e+00 7.76725173e-09
0.000000e+00 5.000000e+00 3.384211e+00 4.88091789e-09
0.000000e+00 5.000000e+00 3.589474e+00 3.14244741e-09
0.000000e+00 5.000000e+00 3.794737e+00 2.06800488e-09
0.000000e+00 5.000000e+00 4.000000e+00 1.38827783e-09
2.564103e-01 5.000000e-02 1.000000e-01 1.49025109e+05
2.564103e-01 5.000000e-02 3.052632e-01 2.80062598e+03
2.564103e-01 5.000000e-02 5.105263e-01 4.31828644e+02
2.564103e-01 5.000000e-02 7.157895e-01 1.11217255e+02
2.564103e-01 5.000000e-02 9.210526e-01 3.60875511e+01
2.564103e-01 5.000000e-02 1.126316e+00 1.35084505e+01
2.564103e-01 5.000000e-02 1.331579e+00 5.60441017e+00
2.564103e-01 5.000000e-02 1.536842e+00 2.51940250e+00
2.564103e-01 5.000000e-02 1.742105e+00 1.20931256e+00
2.564103e-01 5.000000e-02 1.947368e+00 6.13400817e-01
2.564103e-01 5.000000e-02 2.152632e+00 3.26236337e-01
2.564103e-01 5.000000e-02 2.357895e+00 1.80821329e-01
2.564103e-01 5.000000e-02 2.563158e+00 1.03935465e-01
2.564103e-01 5.000000e-02 2.768421e+00 6.17036298e-02
2.564103e-01 5.000000e-02 2.973684e+00 3.77062373e-02
2.564103e-01 5.000000e-02 3.178947e+00 2.36493424e-02
2.564103e-01 5.000000e-02 3.384211e+00 1.51862232e-02
2.564103e-01 5.000000e-02 3.589474e+00 9.96262487e-03
2.564103e-01 5.000000e-02 3.794737e+00 6.66467100e-03
2.564103e-01 5.000000e-02 4.000000e+00 4.53889463e-03
2.564103e-01 3.105263e-01 1.000000e-01 1.40891281e+05
2.564103e-01 3.105263e-01 3.052632e-01 2.46501855e+03
2.564103e-01 3.105263e-01 5.105263e-01 3.57092743e+02
2.564103e-01 3.105263e-01 7.157895e-01 8.81937103e+01
2.564103e-01 3.105263e-01 9.210526e-01 2.77673454e+01
2.564103e-01 3.105263e-01 1.126316e+00 1.01589384e+01
2.564103e-01 3.105263e-01 1.331579e+00 4.13982916e+00
2.564103e-01 3.105263e-01 1.536842e+00 1.83441710e+00
2.564103e-01 3.105263e-01 1.742105e+00 8.70244741e-01
2.564103e-01 3.105263e-01 1.947368e+00 4.37160045e-01
2.564103e-01 3.105263e-01 2.152632e+00 2.30632052e-01
2.564103e-01 3.105263e-01 2.357895e+00 1.26965389e-01
2.564103e-01 3.105263e-01 2.563158e+00 7.25596622e-02
2.564103e-01 3.105263e-01 2.768421e+00 4.28649783e-02
2.564103e-01 3.105263e-01 2.973684e+00 2.60835830e-02
2.564103e-01 3.105263e-01 3.178947e+00 1.62998755e-02
2.564103e-01 3.105263e-01 3.384211e+00 1.04336375e-02
2.564103e-01 3.105263e-01 3.589474e+00 6.82579679e-03
2.564103e-01 3.105263e-01 3.794737e+00 4.55510570e-03
2.564103e-01 3.105263e-01 4.000000e+00 3.09553207e-03
2.564103e-01 5.710526e-01 1.000000e-01 1.24744516e+05
2.564103e-01 5.710526e-01 3.052632e-01 2.07161133e+03
2.564103e-01 5.710526e-01 5.105263e-01 2.86786072e+02
2.564103e-01 5.710526e-01 7.157895e-01 6.87334976e+01
2.564103e-01 5.710526e-01 9.210526e-01 2.11857071e+01
2.564103e-01 5.710526e-01 1.126316e+00 7.62872458e+00
2.564103e-01 5.710526e-01 1.331579e+00 3.07056546e+00
2.564103e-01 5.710526e-01 1.536842e+00 1.34729183e+00
2.564103e-01 5.710526e-01 1.742105e+00 6.34076953e-01
2.564103e-01 5.710526e-01 1.947368e+00 3.16441268e-01
2.564103e-01 5.710526e-01 2.152632e+00 1.66037440e-01
2.564103e-01 5.710526e-01 2.357895e+00 9.09883305e-02
2.564103e-01 5.710526e-01 2.563158e+00 5.17987721e-02
2.564103e-01 5.710526e-01 2.768421e+00 3.04998048e-02
2.564103e-01 5.710526e-01 2.973684e+00 1.85069703e-02
2.564103e-01 5.710526e-01 3.178947e+00 1.15370089e-02
2.564103e-01 5.710526e-01 3.384211e+00 7.36926915e-03
2.564103e-01 5.710526e-01 3.589474e+00 4.81216470e-03
2.564103e-01 5.710526e-01 3.794737e+00 3.20615433e-03
2.564103e-01 5.710526e-01 4.000000e+00 2.17571342e-03
2.564103e-01 8.315790e-01 1.000000e-01 1.03236852e+05
2.564103e-01 8.315790e-01 3.052632e-01 1.63302087e+03
2.564103e-01 8.315790e-01 5.105263e-01 2.16685135e+02
2.564103e-01 8.315790e-01 7.157895e-01 5.05174828e+01
2.564103e-01 8.315790e-01 9.210526e-01 1.52758665e+01
2.564103e-01 8.315790e-01 1.126316e+00 5.42378664e+00
2.564103e-01 8.315790e-01 1.331579e+00 2.15967035e+00
2.564103e-01 8.315790e-01 1.536842e+00 9.39604461e-01
2.564103e-01 8.315790e-01 1.742105e+00 4.39203024e-01
2.564103e-01 8.315790e-01 1.947368e+00 2.17973322e-01
2.564103e-01 8.315790e-01 2.152632e+00 1.13846876e-01
2.564103e-01 8.315790e-01 2.357895e+00 6.21497370e-02
2.564103e-01 8.315790e-01 2.563158e+00 3.52670252e-02
2.564103e-01 8.315790e-01 2.768421e+00 2.07088981e-02
2.564103e-01 8.315790e-01 2.973684e+00 1.25365853e-02
2.564103e-01 8.315790e-01 3.178947e+00 7.79941306e-03
2.564103e-01 8.315790e-01 3.384211e+00 4.97319223e-03
2.564103e-01 8.315790e-01 3.589474e+00 3.24259349e-03
2.564103e-01 8.315790e-01 3.794737e+00 2.15753377e-03
2.564103e-01 8.315790e-01 4.000000e+00 1.46240846e-03
2.564103e-01 1.092105e+00 1.000000e-01 7.98575000e+04
2.564103e-01 1.092105e+00 3.052632e-01 1.20647290e+03
2.564103e-01 1.092105e+00 5.105263e-01 1.53719040e+02
2.564103e-01 1.092105e+00 7.157895e-01 3.49073181e+01
2.564103e-01 1.092105e+00 9.210526e-01 1.03677893e+01
2.564103e-01 1.092105e+00 1.126316e+00 3.63357782e+00
2.564103e-01 1.092105e+00 1.331579e+00 1.43268359e+00
2.564103e-01 1.092105e+00 1.536842e+00 6.18559599e-01
2.564103e-01 1.092105e+00 1.742105e+00 2.87377775e-01
2.564103e-01 1.092105e+00 1.947368e+00 1.41921341e-01
2.564103e-01 1.092105e+00 2.152632e+00 7.38254711e-02
2.564103e-01 1.092105e+00 2.357895e+00 4.01663184e-02
2.564103e-01 1.092105e+00 2.563158e+00 2.27283202e-02
2.564103e-01 1.092105e+00 2.768421e+00 1.33143682e-02
2.564103e-01 1.092105e+00 2.973684e+00 8.04377068e-03
2.564103e-01 1.092105e+00 3.178947e+00 4.99556027e-03
2.564103e-01 1.092105e+00 3.384211e+00 3.18056135e-03
2.564103e-01 1.092105e+00 3.589474e+00 2.07105326e-03
2.564103e-01 1.092105e+00 3.794737e+00 1.37645041e-03
2.564103e-01 1.092105e+00 4.000000e+00 9.32041381e-04
2.564103e-01 1.352632e+00 1.000000e-01 5.77439102e+04
2.564103e-01 1.352632e+00 3.052632e-01 8.35778137e+02
2.564103e-01 1.352632e+00 5.105263e-01 1.02446983e+02
2.564103e-01 1.352632e+00 7.157895e-01 2.26868362e+01
2.564103e-01 1.352632e+00 9.210526e-01 6.62469530e+00
2.564103e-01 1.352632e+00 1.126316e+00 2.29367900e+00
2.564103e-01 1.352632e+00 1.331579e+00 8.96187305e-01
2.564103e-01 1.352632e+00 1.536842e+00 3.84224415e-01
2.564103e-01 1.352632e+00 1.742105e+00 1.77522138e-01
2.564103e-01 1.352632e+00 1.947368e+00 8.72793943e-02
2.564103e-01 1.352632e+00 2.152632e+00 4.52367216e-02
2.564103e-01 1.352632e+00 2.357895e+00 2.45382208e-02
2.564103e-01 1.352632e+00 2.563158e+00 1.38502857e-02
2.564103e-01 1.352632e+00 2.768421e+00 8.09644070e-03
2.564103e-01 1.352632e+00 2.973684e+00 4.88261273e-03
2.564103e-01 1.352632e+00 3.178947e+00 3.02767847e-03
2.564103e-01 1.352632e+00 3.384211e+00 1.92509999e-03
2.564103e-01 1.352632e+00 3.589474e+00 1.25210988e-03
2.564103e-01 1.352632e+00 3.794737e+00 8.31336016e-04
2.564103e-01 1.352632e+00 4.000000e+00 5.62432455e-04
2.564103e-01 1.613158e+00 1.000000e-01 3.90334648e+04
2.564103e-01 1.613158e+00 3.052632e-01 5.43145813e+02
2.564103e-01 1.613158e+00 5.105263e-01 6.41913147e+01
2.564103e-01 1.613158e+00 7.157895e-01 1.38793135e+01
2.564103e-01 1.613158e+00 9.210526e-01 3.98818445e+00
2.564103e-01 1.613158e+00 1.126316e+00 1.36517274e+00
2.564103e-01 1.613158e+00 1.331579e+00 5.28910697e-01
2.564103e-01 1.613158e+00 1.536842e+00 2.25298896e-01
2.564103e-01 1.613158e+00 1.742105e+00 1.03567496e-01
2.564103e-01 1.613158e+00 1.947368e+00 5.07132821e-02
2.564103e-01 1.613158e+00 2.152632e+00 2.61982717e-02
2.564103e-01 1.613158e+00 2.357895e+00 1.41725484e-02
2.564103e-01 1.613158e+00 2.563158e+00 7.98150338e-03
2.564103e-01 1.613158e+00 2.768421e+00 4.65691509e-03
2.564103e-01 1.613158e+00 2.973684e+00 2.80388980e-03
2.564103e-01 1.613158e+00 3.178947e+00 1.73629459e-03
2.564103e-01 1.613158e+00 3.384211e+00 1.10269932e-03
2.564103e-01 1.613158e+00 3.589474e+00 7.16478098e-04
2.564103e-01 1.613158e+00 3.794737e+00 4.75283072e-04
2.564103e-01 1.613158e+00 4.000000e+00 3.21298925e-04
2.564103e-01 1.873684e+00 1.000000e-01 2.46675566e+04
2.564103e-01 1.873684e+00 3.052632e-01 3.31228821e+02
2.564103e-01 1.873684e+00 5.105263e-01 3.78385201e+01
2.564103e-01 1.873684e+00 7.157895e-01 7.99890661e+00
2.564103e-01 1.873684e+00 9.210526e-01 2.26387382e+00
2.564103e-01 1.873684e+00 1.126316e+00 7.66685247e-01
2.564103e-01 1.873684e+00 1.331579e+00 2.94708490e-01
2.564103e-01 1.873684e+00 1.536842e+00 1.24787457e-01
2.564103e-01 1.873684e+00 1.742105e+00 5.70964366e-02
2.564103e-01 1.873684e+00 1.947368e+00 2.78546494e-02
2.564103e-01 1.873684e+00 2.152632e+00 1.43464934e-02
2.564103e-01 1.873684e+00 2.357895e+00 7.74203800e-03
2.564103e-01 1.873684e+00 2.563158e+00 4.35118983e-03
2.564103e-01 1.873684e+00 2.768421e+00 2.53442582e-03
2.564103e-01 1.873684e+00 2.973684e+00 1.52375898e-03
2.564103e-01 1.873684e+00 3.178947e+00 9.42422776e-04
2.564103e-01 1.873684e+00 3.384211e+00 5.97889244e-04
2.564103e-01 1.873684e+00 3.589474e+00 3.88124929e-04
2.564103e-01 1.873684e+00 3.794737e+00 2.57262465e-04
2.564103e-01 1.873684e+00 4.000000e+00 1.73793276e-04
2.564103e-01 2.134211e+00 1.000000e-01 1.45740186e+04
2.564103e-01 2.134211e+00 3.052632e-01 1.89580276e+02
2.564103e-01 2.134211e+00 5.105263e-01 2.09923325e+01
2.564103e-01 2.134211e+00 7.157895e-01 4.34528971e+00
2.564103e-01 2.134211e+00 9.210526e-01 1.21248519e+00
2.564103e-01 2.134211e+00 1.126316e+00 4.06540185e-01
2.564103e-01 2.134211e+00 1.331579e+00 1.55132338e-01
2.564103e-01 2.134211e+00 1.536842e+00 6.53248429e-02
2.564103e-01 2.134211e+00 1.742105e+00 2.97614262e-02
2.564103e-01 2.134211e+00 1.947368e+00 1.44698992e-02
2.564103e-01 2.134211e+00 2.152632e+00 7.43232807e-03
2.564103e-01 2.134211e+00 2.357895e+00 4.00187029e-03
2.564103e-01 2.134211e+00 2.563158e+00 2.24498147e-03
2.564103e-01 2.134211e+00 2.768421e+00 1.30561367e-03
2.564103e-01 2.134211e+00 2.973684e+00 7.83944444e-04
2.564103e-01 2.134211e+00 3.178947e+00 4.84322023e-04
2.564103e-01 2.134211e+00 3.384211e+00 3.06970702e-04
2.564103e-01 2.134211e+00 3.589474e+00 1.99109505e-04
2.564103e-01 2.134211e+00 3.794737e+00 1.31882640e-04
2.564103e-01 2.134211e+00 4.000000e+00 8.90378506e-05
2.564103e-01 2.394737e+00 1.000000e-01 8.04996973e+03
2.564103e-01 2.394737e+00 3.052632e-01 1.01839386e+02
2.564103e-01 2.394737e+00 5.105263e-01 1.09637642e+01
2.564103e-01 2.394737e+00 7.157895e-01 2.22592497e+00
2.564103e-01 2.394737e+00 9.210526e-01 6.13003254e-01
2.564103e-01 2.394737e+00 1.126316e+00 2.03645349e-01
2.564103e-01 2.394737e+00 1.331579e+00 7.71862566e-02
2.564103e-01 2.394737e+00 1.536842e+00 3.23373079e-02
2.564103e-01 2.394737e+00 1.742105e+00 1.46746822e-02
2.564103e-01 2.394737e+00 1.947368e+00 7.11263204e-03
2.564103e-01 2.394737e+00 2.152632e+00 3.64423753e-03
2.564103e-01 2.394737e+00 2.357895e+00 1.95821840e-03
2.564103e-01 2.394737e+00 2.563158e+00 1.09668670e-03
2.564103e-01 2.394737e+00 2.768421e+00 6.36906829e-04
2.564103e-01 2.394737e+00 2.973684e+00 3.81975493e-04
2.564103e-01 2.394737e+00 3.178947e+00 2.35748652e-04
2.564103e-01 2.394737e+00 3.384211e+00 1.49293090e-04
2.564103e-01 2.394737e+00 3.589474e+00 9.67642700e-05
2.564103e-01 2.394737e+00 3.794737e+00 6.40521030e-05
2.564103e-01 2.394737e+00 4.000000e+00 4.32193265e-05
2.564103e-01 2.655263e+00 1.000000e-01 4.15680957e+03
2.564103e-01 2.655263e+00 3.052632e-01 5.13390045e+01
2.564103e-01 2.655263e+00 5.105263e-01 5.39071321e+00
2.564103e-01 2.655263e+00 7.157895e-01 1.07545149e+00
2.564103e-01 2.655263e+00 9.210526e-01 2.92642385e-01
2.564103e-01 2.655263e+00 1.126316e+00 9.63999033e-02
2.564103e-01 2.655263e+00 1.331579e+00 3.63128148e-02
2.564103e-01 2.655263e+00 1.536842e+00 1.51427574e-02
2.564103e-01 2.655263e+00 1.742105e+00 6.84717856e-03
2.564103e-01 2.655263e+00 1.947368e+00 3.30938259e-03
2.564103e-01 2.655263e+00 2.152632e+00 1.69175980e-03
2.564103e-01 2.655263e+00 2.357895e+00 9.07390087e-04
2.564103e-01 2.655263e+00 2.563158e+00 5.07407065e-04
2.564103e-01 2.655263e+00 2.768421e+00 2.94307480e-04
2.564103e-01 2.655263e+00 2.973684e+00 1.76318907e-04
2.564103e-01 2.655263e+00 3.178947e+00 1.08723070e-04
2.564103e-01 2.655263e+00 3.384211e+00 6.87983338e-05
2.564103e-01 2.655263e+00 3.589474e+00 4.45620062e-05
2.564103e-01 2.655263e+00 3.794737e+00 2.94804286e-05
2.564103e-01 2.655263e+00 4.000000e+00 1.98820126e-05
2.564103e-01 2.915789e+00 1.000000e-01 2.00661230e+03
2.564103e-01 2.915789e+00 3.052632e-01 2.42827377e+01
2.564103e-01 2.915789e+00 5.105263e-01 2.49491763e+00
2.564103e-01 2.915789e+00 7.157895e-01 4.90058571e-01
2.564103e-01 2.915789e+00 9.210526e-01 1.31924793e-01
2.564103e-01 2.915789e+00 1.126316e+00 4.31280695e-02
2.564103e-01 2.915789e+00 1.331579e+00 1.61557309e-02
2.564103e-01 2.915789e+00 1.536842e+00 6.70892932e-03
2.564103e-01 2.915789e+00 1.742105e+00 3.02383420e-03
2.564103e-01 2.915789e+00 1.947368e+00 1.45777303e-03
2.564103e-01 2.915789e+00 2.152632e+00 7.43700715e-04
2.564103e-01 2.915789e+00 2.357895e+00 3.98230244e-04
2.564103e-01 2.915789e+00 2.563158e+00 2.22385483e-04
2.564103e-01 2.915789e+00 2.768421e+00 1.28842788e-04
2.564103e-01 2.915789e+00 2.973684e+00 7.71160558e-05
2.564103e-01 2.915789e+00 3.178947e+00 4.75135494e-05
2.564103e-01 2.915789e+00 3.384211e+00 3.00451593e-05
2.564103e-01 2.915789e+00 3.589474e+00 1.94493041e-05
2.564103e-01 2.915789e+00 3.794737e+00 1.28602742e-05
2.564103e-01 2.915789e+00 4.000000e+00 8.66928349e-06
2.564103e-01 3.176316e+00 1.000000e-01 9.05492676e+02
2.564103e-01 3.176316e+00 3.052632e-01 1.07730799e+01
2.564103e-01 3.176316e+00 5.105263e-01 1.08653653e+00
2.564103e-01 3.176316e+00 7.157895e-01 2.10555792e-01
2.564103e-01 3.176316e+00 9.210526e-01 5.61495535e-02
2.564103e-01 3.176316e+00 1.126316e+00 1.82331353e-02
2.564103e-01 3.176316e+00 1.331579e+00 6.79655652e-03
2.564103e-01 3.176316e+00 1.536842e+00 2.81193107e-03
2.564103e-01 3.176316e+00 1.742105e+00 1.26376795e-03
2.564103e-01 3.176316e+00 1.947368e+00 6.07884838e-04
2.564103e-01 3.176316e+00 2.152632e+00 3.09562049e-04
2.564103e-01 3.176316e+00 2.357895e+00 1.65519610e-04
2.564103e-01 3.176316e+00 2.563158e+00 9.23206535e-05
2.564103e-01 3.176316e+00 2.768421e+00 5.34340688e-05
2.564103e-01 3.176316e+00 2.973684e+00 3.19549108e-05
2.564103e-01 3.176316e+00 3.178947e+00 1.96743986e-05
2.564103e-01 3.176316e+00 3.384211e+00 1.24335429e-05
2.564103e-01 3.176316e+00 3.589474e+00 8.04447336e-06
2.564103e-01 3.176316e+00 3.794737e+00 5.31676005e-06
2.564103e-01 3.176316e+00 4.000000e+00 3.58268153e-06
2.564103e-01 3.436842e+00 1.000000e-01 3.81948059e+02
2.564103e-01 3.436842e+00 3.052632e-01 4.48148060e+00
2.564103e-01 3.436842e+00 5.105263e-01 4.45042908e-01
2.564103e-01 3.436842e+00 7.157895e-01 8.52586105e-02
2.564103e-01 3.436842e+00 9.210526e-01 2.25527044e-02
2.564103e-01 3.436842e+00 1.126316e+00 7.28104636e-03
2.564103e-01 3.436842e+00 1.331579e+00 2.70252349e-03
2.564103e-01 3.436842e+00 1.536842e+00 1.11452036e-03
2.564103e-01 3.436842e+00 1.742105e+00 4.99657355e-04
2.564103e-01 3.436842e+00 1.947368e+00 2.39870962e-04
2.564103e-01 3.436842e+00 2.152632e+00 1.21962184e-04
2.564103e-01 3.436842e+00 2.357895e+00 6.51291193e-05
2.564103e-01 3.436842e+00 2.563158e+00 3.62886603e-05
2.564103e-01 3.436842e+00 2.768421e+00 2.09852096e-05
2.564103e-01 3.436842e+00 2.973684e+00 1.25405350e-05
2.564103e-01 3.436842e+00 3.178947e+00 7.71634950e-06
2.564103e-01 3.436842e+00 3.384211e+00 4.87389070e-06
2.564103e-01 3.436842e+00 3.589474e+00 3.15197076e-06
2.564103e-01 3.436842e+00 3.794737e+00 2.08238635e-06
2.564103e-01 3.436842e+00 4.000000e+00 1.40272937e-06
2.564103e-01 3.697368e+00 1.000000e-01 1.50591583e+02
2.564103e-01 3.697368e+00 3.052632e-01 1.74732399e+00
2.564103e-01 3.697368e+00 5.105263e-01 1.71341792e-01
2.564103e-01 3.697368e+00 7.157895e-01 3.25136147e-02
2.564103e-01 3.697368e+00 9.210526e-01 8.54239333e-03
2.564103e-01 3.697368e+00 1.126316e+00 2.74443440e-03
2.564103e-01 3.697368e+00 1.331579e+00 1.01499341e-03
2.564103e-01 3.697368e+00 1.536842e+00 4.17445641e-04
2.564103e-01 3.697368e+00 1.742105e+00 1.86754012e-04
2.564103e-01 3.697368e+00 1.947368e+00 8.95066987e-05
2.564103e-01 3.697368e+00 2.152632e+00 4.54491055e-05
2.564103e-01 3.697368e+00 2.357895e+00 2.42441783e-05
2.564103e-01 3.697368e+00 2.563158e+00 1.34964102e-05
2.564103e-01 3.697368e+00 2.768421e+00 7.79902621e-06
2.564103e-01 3.697368e+00 2.973684e+00 4.65772746e-06
2.564103e-01 3.697368e+00 3.178947e+00 2.86445947e-06
2.564103e-01 3.697368e+00 3.384211e+00 1.80847348e-06
2.564103e-01 3.697368e+00 3.589474e+00 1.16909791e-06
2.564103e-01 3.697368e+00 3.794737e+00 7.72119847e-07
2.564103e-01 3.697368e+00 4.000000e+00 5.19962157e-07
2.564103e-01 3.957895e+00 1.000000e-01 5.54946442e+01
2.564103e-01 3.957895e+00 3.052632e-01 6.38285637e-01
2.564103e-01 3.957895e+00 5.105263e-01 6.19620606e-02
2.564103e-01 3.957895e+00 7.157895e-01 1.16677051e-02
2.564103e-01 3.957895e+00 9.210526e-01 3.04857921e-03
2.564103e-01 3.957895e+00 1.126316e+00 9.75508534e-04
2.564103e-01 3.957895e+00 1.331579e+00 3.59711528e-04
2.564103e-01 3.957895e+00 1.536842e+00 1.47609622e-04
2.564103e-01 3.957895e+00 1.742105e+00 6.59219586e-05
2.564103e-01 3.957895e+00 1.947368e+00 3.15515317e-05
2.564103e-01 3.957895e+00 2.152632e+00 1.60034815e-05
2.564103e-01 3.957895e+00 2.357895e+00 8.52920857e-06
2.564103e-01 3.957895e+00 2.563158e+00 4.74461467e-06
2.564103e-01 3.957895e+00 2.768421e+00 2.74004515e-06
2.564103e-01 3.957895e+00 2.973684e+00 1.63556979e-06
2.564103e-01 3.957895e+00 3.178947e+00 1.00542229e-06
2.564103e-01 3.957895e+00 3.384211e+00 6.34536718e-07
2.564103e-01 3.957895e+00 3.589474e+00 4.10069475e-07
2.564103e-01 3.957895e+00 3.794737e+00 2.70751656e-07
2.564103e-01 3.957895e+00 4.000000e+00 1.82286087e-07
2.564103e-01 4.218421e+00 1.000000e-01 1.91132584e+01
2.564103e-01 4.218421e+00 3.052632e-01 2.18357265e-01
2.564103e-01 4.218421e+00 5.105263e-01 2.10313201e-02
2.564103e-01 4.218421e+00 7.157895e-01 3.93635640e-03
2.564103e-01 4.218421e+00 9.210526e-01 1.02399953e-03
2.564103e-01 4.218421e+00 1.126316e+00 3.26622976e-04
2.564103e-01 4.218421e+00 1.331579e+00 1.20154429e-04
2.564103e-01 4.218421e+00 1.536842e+00 4.92173604e-05
2.564103e-01 4.218421e+00 1.742105e+00 2.19496396e-05
2.564103e-01 4.218421e+00 1.947368e+00 1.04939827e-05
2.564103e-01 4.218421e+00 2.152632e+00 5.31801788e-06
2.564103e-01 4.218421e+00 2.357895e+00 2.83225563e-06
2.564103e-01 4.218421e+00 2.563158e+00 1.57459158e-06
2.564103e-01 4.218421e+00 2.768421e+00 9.08889774e-07
2.564103e-01 4.218421e+00 2.973684e+00 5.42304520e-07
2.564103e-01 4.218421e+00 3.178947e+00 3.33250227e-07
2.564103e-01 4.218421e+00 3.384211e+00 2.10256445e-07
2.564103e-01 4.218421e+00 3.589474e+00 1.35843223e-07
2.564103e-01 4.218421e+00 3.794737e+00 8.96716230e-08
2.564103e-01 4.218421e+00 4.000000e+00 6.03605770e-08
2.564103e-01 4.478947e+00 1.000000e-01 6.15221834e+00
2.564103e-01 4.478947e+00 3.052632e-01 6.99289739e-02
2.564103e-01 4.478947e+00 5.105263e-01 6.69517741e-03
2.564103e-01 4.478947e+00 7.157895e-01 1.24730170e-03
2.564103e-01 4.478947e+00 9.210526e-01 3.23374639e-04
2.564103e-01 4.478947e+00 1.126316e+00 1.02890946e-04
2.564103e-01 4.478947e+00 1.331579e+00 3.77807119e-05
2.564103e-01 4.478947e+00 1.536842e+00 1.54539448e-05
2.564103e-01 4.478947e+00 1.742105e+00 6.88456430e-06
2.564103e-01 4.478947e+00 1.947368e+00 3.28863212e-06
2.564103e-01 4.478947e+00 2.152632e+00 1.66542793e-06
2.564103e-01 4.478947e+00 2.357895e+00 8.86470730e-07
2.564103e-01 4.478947e+00 2.563158e+00 4.92605523e-07
2.564103e-01 4.478947e+00 2.768421e+00 2.84233579e-07
2.564103e-01 4.478947e+00 2.973684e+00 1.69537998e-07
2.564103e-01 4.478947e+00 3.178947e+00 1.04153813e-07
2.564103e-01 4.478947e+00 3.384211e+00 6.56980106e-08
2.564103e-01 4.478947e+00 3.589474e+00 4.24378221e-08
2.564103e-01 4.478947e+00 3.794737e+00 2.80088273e-08
2.564103e-01 4.478947e+00 4.000000e+00 1.88507006e-08
2.564103e-01 4.739474e+00 1.000000e-01 1.85064280e+00
2.564103e-01 4.739474e+00 3.052632e-01 2.09566727e-02
2.564103e-01 4.739474e+00 5.105263e-01 1.99757935e-03
2.564103e-01 4.739474e+00 7.157895e-01 3.70855909e-04
2.564103e-01 4.739474e+00 9.210526e-01 9.59036261e-05
2.564103e-01 4.739474e+00 1.126316e+00 3.04576333e-05
2.564103e-01 4.739474e+00 1.331579e+00 1.11682320e-05
2.564103e-01 4.739474e+00 1.536842e+00 4.56344924e-06
2.564103e-01 4.739474e+00 1.742105e+00 2.03129139e-06
2.564103e-01 4.739474e+00 1.947368e+00 9.69679490e-07
2.564103e-01 4.739474e+00 2.152632e+00 4.90808020e-07
2.564103e-01 4.739474e+00 2.357895e+00 2.61135227e-07
2.564103e-01 4.739474e+00 2.563158e+00 1.45060042e-07
2.564103e-01 4.739474e+00 2.768421e+00 8.36753173e-08
2.564103e-01 4.739474e+00 2.973684e+00 4.98978707e-08
2.564103e-01 4.739474e+00 3.178947e+00 3.06478292e-08
2.564103e-01 4.739474e+00 3.384211e+00 1.93285761e-08
2.564103e-01 4.739474e+00 3.589474e+00 1.24834489e-08
2.564103e-01 4.739474e+00 3.794737e+00 8.23793478e-09
2.564103e-01 4.739474e+00 4.000000e+00 5.54371393e-09
2.564103e-01 5.000000e+00 1.000000e-01 5.20227075e-01
2.564103e-01 5.000000e+00 3.052632e-01 5.87520562e-03
2.564103e-01 5.000000e+00 5.105263e-01 5.58228756e-04
2.564103e-01 5.000000e+00 7.157895e-01 1.03375256e-04
2.564103e-01 5.000000e+00 9.210526e-01 2.66832685e-05
2.564103e-01 5.000000e+00 1.126316e+00 8.46266266e-06
2.564103e-01 5.000000e+00 1.331579e+00 3.09992834e-06
2.564103e-01 5.000000e+00 1.536842e+00 1.26567579e-06
2.564103e-01 5.000000e+00 1.742105e+00 5.63038327e-07
2.564103e-01 5.000000e+00 1.947368e+00 2.68649273e-07
2.564103e-01 5.000000e+00 2.152632e+00 1.35925632e-07
2.564103e-01 5.000000e+00 2.357895e+00 7.22967570e-08
2.564103e-01 5.000000e+00 2.563158e+00 4.01503151e-08
2.564103e-01 5.000000e+00 2.768421e+00 2.31549961e-08
2.564103e-01 5.000000e+00 2.973684e+00 1.38054652e-08
2.564103e-01 5.000000e+00 3.178947e+00 8.47817105e-09
2.564103e-01 5.000000e+00 3.384211e+00 5.34619815e-09
2.564103e-01 5.000000e+00 3.589474e+00 3.45247653e-09
2.564103e-01 5.000000e+00 3.794737e+00 2.27809882e-09
2.564103e-01 5.000000e+00 4.000000e+00 1.53291280e-09
5.128205e-01 5.000000e-02 1.000000e-01 1.07513148e+05
5.128205e-01 5.000000e-02 3.052632e-01 2.77579053e+03
5.128205e-01 5.000000e-02 5.105263e-01 5.31967407e+02
5.128205e-01 5.000000e-02 7.157895e-01 1.55920227e+02
5.128205e-01 5.000000e-02 9.210526e-01 5.52650032e+01
5.128205e-01 5.000000e-02 1.126316e+00 2.20842934e+01
5.128205e-01 5.000000e-02 1.331579e+00 9.63795567e+00
5.128205e-01 5.000000e-02 1.536842e+00 4.51080084e+00
5.128205e-01 5.000000e-02 1.742105e+00 2.23718929e+00
5.128205e-01 5.000000e-02 1.947368e+00 1.16577375e+00
5.128205e-01 5.000000e-02 2.152632e+00 6.34099782e-01
5.128205e-01 5.000000e-02 2.357895e+00 3.58162075e-01
5.128205e-01 5.000000e-02 2.563158e+00 2.09196106e-01
5.128205e-01 5.000000e-02 2.768421e+00 1.25907362e-01
5.128205e-01 5.000000e-02 2.973684e+00 7.78518617e-02
5.128205e-01 5.000000e-02 3.178947e+00 4.93288301e-02
5.128205e-01 5.000000e-02 3.384211e+00 3.19581442e-02
5.128205e-01 5.000000e-02 3.589474e+00 2.11287644e-02
5.128205e-01 5.000000e-02 3.794737e+00 1.42309992e-02
5.128205e-01 5.000000e-02 4.000000e+00 9.75031685e-03
5.128205e-01 3.105263e-01 1.000000e-01 9.97651875e+04
5.128205e-01 3.105263e-01 3.052632e-01 2.16397290e+03
5.128205e-01 3.105263e-01 5.105263e-01 3.71961487e+02
5.128205e-01 3.105263e-01 7.157895e-01 1.02596092e+02
5.128205e-01 3.105263e-01 9.210526e-01 3.49534569e+01
5.128205e-01 3.105263e-01 1.126316e+00 1.35788174e+01
5.128205e-01 3.105263e-01 1.331579e+00 5.80140400e+00
5.128205e-01 3.105263e-01 1.536842e+00 2.67062855e+00
5.128205e-01 3.105263e-01 1.742105e+00 1.30715632e+00
5.128205e-01 3.105263e-01 1.947368e+00 6.73871279e-01
5.128205e-01 3.105263e-01 2.152632e+00 3.63309026e-01
5.128205e-01 3.105263e-01 2.357895e+00 2.03702629e-01
5.128205e-01 3.105263e-01 2.563158e+00 1.18242010e-01
5.128205e-01 3.105263e-01 2.768421e+00 7.07903728e-02
5.128205e-01 3.105263e-01 2.973684e+00 4.35743704e-02
5.128205e-01 3.105263e-01 3.178947e+00 2.75023840e-02
5.128205e-01 3.105263e-01 3.384211e+00 1.77576002e-02
5.128205e-01 3.105263e-01 3.589474e+00 1.17056593e-02
5.128205e-01 3.105263e-01 3.794737e+00 7.86389317e-03
5.128205e-01 3.105263e-01 4.000000e+00 5.37567306e-03
5.128205e-01 5.710526e-01 1.000000e-01 8.77232578e+04
5.128205e-01 5.710526e-01 3.052632e-01 1.73203259e+03
5.128205e-01 5.710526e-01 5.105263e-01 2.78472137e+02
5.128205e-01 5.710526e-01 7.157895e-01 7.38463898e+01
5.128205e-01 5.710526e-01 9.210526e-01 2.45100651e+01
5.128205e-01 5.710526e-01 1.126316e+00 9.34433746e+00
5.128205e-01 5.710526e-01 1.331579e+00 3.93589163e+00
5.128205e-01 5.710526e-01 1.536842e+00 1.79181874e+00
5.128205e-01 5.710526e-01 1.742105e+00 8.69254768e-01
5.128205e-01 5.710526e-01 1.947368e+00 4.44893301e-01
5.128205e-01 5.710526e-01 2.152632e+00 2.38431528e-01
5.128205e-01 5.710526e-01 2.357895e+00 1.33021280e-01
5.128205e-01 5.710526e-01 2.563158e+00 7.68907964e-02
5.128205e-01 5.710526e-01 2.768421e+00 4.58698273e-02
5.128205e-01 5.710526e-01 2.973684e+00 2.81485319e-02
5.128205e-01 5.710526e-01 3.178947e+00 1.77195519e-02
5.128205e-01 5.710526e-01 3.384211e+00 1.14149936e-02
5.128205e-01 5.710526e-01 3.589474e+00 7.50969863e-03
5.128205e-01 5.710526e-01 3.794737e+00 5.03622135e-03
5.128205e-01 5.710526e-01 4.000000e+00 3.43739986e-03
5.128205e-01 8.315790e-01 1.000000e-01 7.23032812e+04
5.128205e-01 8.315790e-01 3.052632e-01 1.32559790e+03
5.128205e-01 8.315790e-01 5.105263e-01 2.01611176e+02
5.128205e-01 8.315790e-01 7.157895e-01 5.17248840e+01
5.128205e-01 8.315790e-01 9.210526e-01 1.67970161e+01
5.128205e-01 8.315790e-01 1.126316e+00 6.30467701e+00
5.128205e-01 8.315790e-01 1.331579e+00 2.62464380e+00
5.128205e-01 8.315790e-01 1.536842e+00 1.18405938e+00
5.128205e-01 8.315790e-01 1.742105e+00 5.70274472e-01
5.128205e-01 8.315790e-01 1.947368e+00 2.90166289e-01
5.128205e-01 8.315790e-01 2.152632e+00 1.54760987e-01
5.128205e-01 8.315790e-01 2.357895e+00 8.59961882e-02
5.128205e-01 8.315790e-01 2.563158e+00 4.95414436e-02
5.128205e-01 8.315790e-01 2.768421e+00 2.94700805e-02
5.128205e-01 8.315790e-01 2.973684e+00 1.80405118e-02
5.128205e-01 8.315790e-01 3.178947e+00 1.13327000e-02
5.128205e-01 8.315790e-01 3.384211e+00 7.28728948e-03
5.128205e-01 8.315790e-01 3.589474e+00 4.78657475e-03
5.128205e-01 8.315790e-01 3.794737e+00 3.20556830e-03
5.128205e-01 8.315790e-01 4.000000e+00 2.18524341e-03
5.128205e-01 1.092105e+00 1.000000e-01 5.57735820e+04
5.128205e-01 1.092105e+00 3.052632e-01 9.59316589e+02
5.128205e-01 1.092105e+00 5.105263e-01 1.38810242e+02
5.128205e-01 1.092105e+00 7.157895e-01 3.45648193e+01
5.128205e-01 1.092105e+00 9.210526e-01 1.10072393e+01
5.128205e-01 1.092105e+00 1.126316e+00 4.07486057e+00
5.128205e-01 1.092105e+00 1.331579e+00 1.67904341e+00
5.128205e-01 1.092105e+00 1.536842e+00 7.51504183e-01
5.128205e-01 1.092105e+00 1.742105e+00 3.59690070e-01
5.128205e-01 1.092105e+00 1.947368e+00 1.82098478e-01
5.128205e-01 1.092105e+00 2.152632e+00 9.67237800e-02
5.128205e-01 1.092105e+00 2.357895e+00 5.35635091e-02
5.128205e-01 1.092105e+00 2.563158e+00 3.07691842e-02
5.128205e-01 1.092105e+00 2.768421e+00 1.82590894e-02
5.128205e-01 1.092105e+00 2.973684e+00 1.11545827e-02
5.128205e-01 1.092105e+00 3.178947e+00 6.99470099e-03
5.128205e-01 1.092105e+00 3.384211e+00 4.49094921e-03
5.128205e-01 1.092105e+00 3.589474e+00 2.94590881e-03
5.128205e-01 1.092105e+00 3.794737e+00 1.97058008e-03
5.128205e-01 1.092105e+00 4.000000e+00 1.34198496e-03
5.128205e-01 1.352632e+00 1.000000e-01 4.02467773e+04
5.128205e-01 1.352632e+00 3.052632e-01 6.54315674e+02
5.128205e-01 1.352632e+00 5.105263e-01 9.04435959e+01
5.128205e-01 1.352632e+00 7.157895e-01 2.19067326e+01
5.128205e-01 1.352632e+00 9.210526e-01 6.85200167e+00
5.128205e-01 1.352632e+00 1.126316e+00 2.50494742e+00
5.128205e-01 1.352632e+00 1.331579e+00 1.02266550e+00
5.128205e-01 1.352632e+00 1.536842e+00 4.54501122e-01
5.128205e-01 1.352632e+00 1.742105e+00 2.16336131e-01
5.128205e-01 1.352632e+00 1.947368e+00 1.09038658e-01
5.128205e-01 1.352632e+00 2.152632e+00 5.77084906e-02
5.128205e-01 1.352632e+00 2.357895e+00 3.18625532e-02
5.128205e-01 1.352632e+00 2.563158e+00 1.82577912e-02
5.128205e-01 1.352632e+00 2.768421e+00 1.08118802e-02
5.128205e-01 1.352632e+00 2.973684e+00 6.59328513e-03
5.128205e-01 1.352632e+00 3.178947e+00 4.12814459e-03
5.128205e-01 1.352632e+00 3.384211e+00 2.64699082e-03
5.128205e-01 1.352632e+00 3.589474e+00 1.73434918e-03
5.128205e-01 1.352632e+00 3.794737e+00 1.15898834e-03
5.128205e-01 1.352632e+00 4.000000e+00 7.88588542e-04
5.128205e-01 1.613158e+00 1.000000e-01 2.71634902e+04
5.128205e-01 1.613158e+00 3.052632e-01 4.20073425e+02
5.128205e-01 1.613158e+00 5.105263e-01 5.56661110e+01
5.128205e-01 1.613158e+00 7.157895e-01 1.31392937e+01
5.128205e-01 1.613158e+00 9.210526e-01 4.04163456e+00
5.128205e-01 1.613158e+00 1.126316e+00 1.46052647e+00
5.128205e-01 1.613158e+00 1.331579e+00 5.91257870e-01
5.128205e-01 1.613158e+00 1.536842e+00 2.61096776e-01
5.128205e-01 1.613158e+00 1.742105e+00 1.23660073e-01
5.128205e-01 1.613158e+00 1.947368e+00 6.20808564e-02
5.128205e-01 1.613158e+00 2.152632e+00 3.27506810e-02
5.128205e-01 1.613158e+00 2.357895e+00 1.80348828e-02
5.128205e-01 1.613158e+00 2.563158e+00 1.03116315e-02
5.128205e-01 1.613158e+00 2.768421e+00 6.09505968e-03
5.128205e-01 1.613158e+00 2.973684e+00 3.71106295e-03
5.128205e-01 1.613158e+00 3.178947e+00 2.32043490e-03
5.128205e-01 1.613158e+00 3.384211e+00 1.48616172e-03
5.128205e-01 1.613158e+00 3.589474e+00 9.72785696e-04
5.128205e-01 1.613158e+00 3.794737e+00 6.49503840e-04
5.128205e-01 1.613158e+00 4.000000e+00 4.41591954e-04
5.128205e-01 1.873684e+00 1.000000e-01 1.71453809e+04
5.128205e-01 1.873684e+00 3.052632e-01 2.53682831e+02
5.128205e-01 1.873684e+00 5.105263e-01 3.23387375e+01
5.128205e-01 1.873684e+00 7.157895e-01 7.45127726e+00
5.128205e-01 1.873684e+00 9.210526e-01 2.25655365e+00
5.128205e-01 1.873684e+00 1.126316e+00 8.06748152e-01
5.128205e-01 1.873684e+00 1.331579e+00 3.24063152e-01
5.128205e-01 1.873684e+00 1.536842e+00 1.42270386e-01
5.128205e-01 1.873684e+00 1.742105e+00 6.70772716e-02
5.128205e-01 1.873684e+00 1.947368e+00 3.35540585e-02
5.128205e-01 1.873684e+00 2.152632e+00 1.76502410e-02
5.128205e-01 1.873684e+00 2.357895e+00 9.69649665e-03
5.128205e-01 1.873684e+00 2.563158e+00 5.53318998e-03
5.128205e-01 1.873684e+00 2.768421e+00 3.26521485e-03
5.128205e-01 1.873684e+00 2.973684e+00 1.98530219e-03
5.128205e-01 1.873684e+00 3.178947e+00 1.23988884e-03
5.128205e-01 1.873684e+00 3.384211e+00 7.93297077e-04
5.128205e-01 1.873684e+00 3.589474e+00 5.18803543e-04
5.128205e-01 1.873684e+00 3.794737e+00 3.46125773e-04
5.128205e-01 1.873684e+00 4.000000e+00 2.35169864e-04
5.128205e-01 2.134211e+00 1.000000e-01 1.01200742e+04
5.128205e-01 2.134211e+00 3.052632e-01 1.44044876e+02
5.128205e-01 2.134211e+00 5.105263e-01 1.77256660e+01
5.128205e-01 2.134211e+00 7.157895e-01 3.99385214e+00
5.128205e-01 2.134211e+00 9.210526e-01 1.19208288e+00
5.128205e-01 2.134211e+00 1.126316e+00 4.21966672e-01
5.128205e-01 2.134211e+00 1.331579e+00 1.68288574e-01
5.128205e-01 2.134211e+00 1.536842e+00 7.34866038e-02
5.128205e-01 2.134211e+00 1.742105e+00 3.45043279e-02
5.128205e-01 2.134211e+00 1.947368e+00 1.72039233e-02
5.128205e-01 2.134211e+00 2.152632e+00 9.02597886e-03
5.128205e-01 2.134211e+00 2.357895e+00 4.94800089e-03
5.128205e-01 2.134211e+00 2.563158e+00 2.81852880e-03
5.128205e-01 2.134211e+00 2.768421e+00 1.66079274e-03
5.128205e-01 2.134211e+00 2.973684e+00 1.00853073e-03
5.128205e-01 2.134211e+00 3.178947e+00 6.29191694e-04
5.128205e-01 2.134211e+00 3.384211e+00 4.02198231e-04
5.128205e-01 2.134211e+00 3.589474e+00 2.62824469e-04
5.128205e-01 2.134211e+00 3.794737e+00 1.75225825e-04
5.128205e-01 2.134211e+00 4.000000e+00 1.18983487e-04
5.128205e-01 2.394737e+00 1.000000e-01 5.58556348e+03
5.128205e-01 2.394737e+00 3.052632e-01 7.68750992e+01
5.128205e-01 2.394737e+00 5.105263e-01 9.16450500e+00
5.128205e-01 2.394737e+00 7.157895e-01 2.02289891e+00
5.128205e-01 2.394737e+00 9.210526e-01 5.95759749e-01
5.128205e-01 2.394737e+00 1.126316e+00 2.08954766e-01
5.128205e-01 2.394737e+00 1.331579e+00 8.27871412e-02
5.128205e-01 2.394737e+00 1.536842e+00 3.59733626e-02
5.128205e-01 2.394737e+00 1.742105e+00 1.68269631e-02
5.128205e-01 2.394737e+00 1.947368e+00 8.36508349e-03
5.128205e-01 2.394737e+00 2.152632e+00 4.37828386e-03
5.128205e-01 2.394737e+00 2.357895e+00 2.39551323e-03
5.128205e-01 2.394737e+00 2.563158e+00 1.36237685e-03
5.128205e-01 2.394737e+00 2.768421e+00 8.01701157e-04
5.128205e-01 2.394737e+00 2.973684e+00 4.86292935e-04
5.128205e-01 2.394737e+00 3.178947e+00 3.03093198e-04
5.128205e-01 2.394737e+00 3.384211e+00 1.93587766e-04
5.128205e-01 2.394737e+00 3.589474e+00 1.26414365e-04
5.128205e-01 2.394737e+00 3.794737e+00 8.42292575e-05
5.128205e-01 2.394737e+00 4.000000e+00 5.71634337e-05
5.128205e-01 2.655263e+00 1.000000e-01 2.88249365e+03
5.128205e-01 2.655263e+00 3.052632e-01 3.85470810e+01
5.128205e-01 2.655263e+00 5.105263e-01 4.46797752e+00
5.128205e-01 2.655263e+00 7.157895e-01 9.68050659e-01
5.128205e-01 2.655263e+00 9.210526e-01 2.81633496e-01
5.128205e-01 2.655263e+00 1.126316e+00 9.79530439e-02
5.128205e-01 2.655263e+00 1.331579e+00 3.85756157e-02
5.128205e-01 2.655263e+00 1.536842e+00 1.66872330e-02
5.128205e-01 2.655263e+00 1.742105e+00 7.77889369e-03
5.128205e-01 2.655263e+00 1.947368e+00 3.85667151e-03
5.128205e-01 2.655263e+00 2.152632e+00 2.01424095e-03
5.128205e-01 2.655263e+00 2.357895e+00 1.10013527e-03
5.128205e-01 2.655263e+00 2.563158e+00 6.24769542e-04
5.128205e-01 2.655263e+00 2.768421e+00 3.67208238e-04
5.128205e-01 2.655263e+00 2.973684e+00 2.22515140e-04
5.128205e-01 2.655263e+00 3.178947e+00 1.38569012e-04
5.128205e-01 2.655263e+00 3.384211e+00 8.84398542e-05
5.128205e-01 2.655263e+00 3.589474e+00 5.77154606e-05
5.128205e-01 2.655263e+00 3.794737e+00 3.84343912e-05
5.128205e-01 2.655263e+00 4.000000e+00 2.60715351e-05
5.128205e-01 2.915789e+00 1.000000e-01 1.39078760e+03
5.128205e-01 2.915789e+00 3.052632e-01 1.81527023e+01
5.128205e-01 2.915789e+00 5.105263e-01 2.05324364e+00
5.128205e-01 2.915789e+00 7.157895e-01 4.37565386e-01
5.128205e-01 2.915789e+00 9.210526e-01 1.25909537e-01
5.128205e-01 2.915789e+00 1.126316e+00 4.34614085e-02
5.128205e-01 2.915789e+00 1.331579e+00 1.70231052e-02
5.128205e-01 2.915789e+00 1.536842e+00 7.33425235e-03
5.128205e-01 2.915789e+00 1.742105e+00 3.40837310e-03
5.128205e-01 2.915789e+00 1.947368e+00 1.68573926e-03
5.128205e-01 2.915789e+00 2.152632e+00 8.78719147e-04
5.128205e-01 2.915789e+00 2.357895e+00 4.79185343e-04
5.128205e-01 2.915789e+00 2.563158e+00 2.71779456e-04
5.128205e-01 2.915789e+00 2.768421e+00 1.59567120e-04
5.128205e-01 2.915789e+00 2.973684e+00 9.66046355e-05
5.128205e-01 2.915789e+00 3.178947e+00 6.01134197e-05
5.128205e-01 2.915789e+00 3.384211e+00 3.83414845e-05
5.128205e-01 2.915789e+00 3.589474e+00 2.50073717e-05
5.128205e-01 2.915789e+00 3.794737e+00 1.66449408e-05
5.128205e-01 2.915789e+00 4.000000e+00 1.12861026e-05
5.128205e-01 3.176316e+00 1.000000e-01 6.27357483e+02
5.128205e-01 3.176316e+00 3.052632e-01 8.02494812e+00
5.128205e-01 3.176316e+00 5.105263e-01 8.88946533e-01
5.128205e-01 3.176316e+00 7.157895e-01 1.86730891e-01
5.128205e-01 3.176316e+00 9.210526e-01 5.32143228e-02
5.128205e-01 3.176316e+00 1.126316e+00 1.82458535e-02
5.128205e-01 3.176316e+00 1.331579e+00 7.11223437e-03
5.128205e-01 3.176316e+00 1.536842e+00 3.05327494e-03
5.128205e-01 3.176316e+00 1.742105e+00 1.41503417e-03
5.128205e-01 3.176316e+00 1.947368e+00 6.98358810e-04
5.128205e-01 3.176316e+00 2.152632e+00 3.63407715e-04
5.128205e-01 3.176316e+00 2.357895e+00 1.97899513e-04
5.128205e-01 3.176316e+00 2.563158e+00 1.12114634e-04
5.128205e-01 3.176316e+00 2.768421e+00 6.57621858e-05
5.128205e-01 3.176316e+00 2.973684e+00 3.97817748e-05
5.128205e-01 3.176316e+00 3.178947e+00 2.47379521e-05
5.128205e-01 3.176316e+00 3.384211e+00 1.57691975e-05
5.128205e-01 3.176316e+00 3.589474e+00 1.02799631e-05
5.128205e-01 3.176316e+00 3.794737e+00 6.83940971e-06
5.128205e-01 3.176316e+00 4.000000e+00 4.63570814e-06
5.128205e-01 3.436842e+00 1.000000e-01 2.64547394e+02
5.128205e-01 3.436842e+00 3.052632e-01 3.32879949e+00
5.128205e-01 3.436842e+00 5.105263e-01 3.62362415e-01
5.128205e-01 3.436842e+00 7.157895e-01 7.51875788e-02
5.128205e-01 3.436842e+00 9.210526e-01 2.12489888e-02
5.128205e-01 3.436842e+00 1.126316e+00 7.24357925e-03
5.128205e-01 3.436842e+00 1.331579e+00 2.81175482e-03
5.128205e-01 3.436842e+00 1.536842e+00 1.20332732e-03
5.128205e-01 3.436842e+00 1.742105e+00 5.56351384e-04
5.128205e-01 3.436842e+00 1.947368e+00 2.74062564e-04
5.128205e-01 3.436842e+00 2.152632e+00 1.42402743e-04
5.128205e-01 3.436842e+00 2.357895e+00 7.74540604e-05
5.128205e-01 3.436842e+00 2.563158e+00 4.38359202e-05
5.128205e-01 3.436842e+00 2.768421e+00 2.56912481e-05
5.128205e-01 3.436842e+00 2.973684e+00 1.55307243e-05
5.128205e-01 3.436842e+00 3.178947e+00 9.65196796e-06
5.128205e-01 3.436842e+00 3.384211e+00 6.14954752e-06
5.128205e-01 3.436842e+00 3.589474e+00 4.00716544e-06
5.128205e-01 3.436842e+00 3.794737e+00 2.66502411e-06
5.128205e-01 3.436842e+00 4.000000e+00 1.80574568e-06
5.128205e-01 3.697368e+00 1.000000e-01 1.04279144e+02
5.128205e-01 3.697368e+00 3.052632e-01 1.29497290e+00
5.128205e-01 3.697368e+00 5.105263e-01 1.38969749e-01
5.128205e-01 3.697368e+00 7.157895e-01 2.85419803e-02
5.128205e-01 3.697368e+00 9.210526e-01 8.01002979e-03
5.128205e-01 3.697368e+00 1.126316e+00 2.71718018e-03
5.128205e-01 3.697368e+00 1.331579e+00 1.05099741e-03
5.128205e-01 3.697368e+00 1.536842e+00 4.48599400e-04
5.128205e-01 3.697368e+00 1.742105e+00 2.06987097e-04
5.128205e-01 3.697368e+00 1.947368e+00 1.01801495e-04
5.128205e-01 3.697368e+00 2.152632e+00 5.28289820e-05
5.128205e-01 3.697368e+00 2.357895e+00 2.87045968e-05
5.128205e-01 3.697368e+00 2.563158e+00 1.62319175e-05
5.128205e-01 3.697368e+00 2.768421e+00 9.50648973e-06
5.128205e-01 3.697368e+00 2.973684e+00 5.74341357e-06
5.128205e-01 3.697368e+00 3.178947e+00 3.56760415e-06
5.128205e-01 3.697368e+00 3.384211e+00 2.27205010e-06
5.128205e-01 3.697368e+00 3.589474e+00 1.47996695e-06
5.128205e-01 3.697368e+00 3.794737e+00 9.83957420e-07
5.128205e-01 3.697368e+00 4.000000e+00 6.66516769e-07
5.128205e-01 3.957895e+00 1.000000e-01 3.84210663e+01
5.128205e-01 3.957895e+00 3.052632e-01 4.72214967e-01
5.128205e-01 3.957895e+00 5.105263e-01 5.01013547e-02
5.128205e-01 3.957895e+00 7.157895e-01 1.02050258e-02
5.128205e-01 3.957895e+00 9.210526e-01 2.84756697e-03
5.128205e-01 3.957895e+00 1.126316e+00 9.62067570e-04
5.128205e-01 3.957895e+00 1.331579e+00 3.71036818e-04
5.128205e-01 3.957895e+00 1.536842e+00 1.58023962e-04
5.128205e-01 3.957895e+00 1.742105e+00 7.27911829e-05
5.128205e-01 3.957895e+00 1.947368e+00 3.57534154e-05
5.128205e-01 3.957895e+00 2.152632e+00 1.85344215e-05
5.128205e-01 3.957895e+00 2.357895e+00 1.00620782e-05
5.128205e-01 3.957895e+00 2.563158e+00 5.68593805e-06
5.128205e-01 3.957895e+00 2.768421e+00 3.32811851e-06
5.128205e-01 3.957895e+00 2.973684e+00 2.00972113e-06
5.128205e-01 3.957895e+00 3.178947e+00 1.24784765e-06
5.128205e-01 3.957895e+00 3.384211e+00 7.94416337e-07
5.128205e-01 3.957895e+00 3.589474e+00 5.17307626e-07
5.128205e-01 3.957895e+00 3.794737e+00 3.43842174e-07
5.128205e-01 3.957895e+00 4.000000e+00 2.32858682e-07
5.128205e-01 4.218421e+00 1.000000e-01 1.32310343e+01
5.128205e-01 4.218421e+00 3.052632e-01 1.61327600e-01
5.128205e-01 4.218421e+00 5.105263e-01 1.69651136e-02
5.128205e-01 4.218421e+00 7.157895e-01 3.43303964e-03
5.128205e-01 4.218421e+00 9.210526e-01 9.53580660e-04
5.128205e-01 4.218421e+00 1.126316e+00 3.21134314e-04
5.128205e-01 4.218421e+00 1.331579e+00 1.23559817e-04
5.128205e-01 4.218421e+00 1.536842e+00 5.25313990e-05
5.128205e-01 4.218421e+00 1.742105e+00 2.41650123e-05
5.128205e-01 4.218421e+00 1.947368e+00 1.18567395e-05
5.128205e-01 4.218421e+00 2.152632e+00 6.14127248e-06
5.128205e-01 4.218421e+00 2.357895e+00 3.33171829e-06
5.128205e-01 4.218421e+00 2.563158e+00 1.88163801e-06
5.128205e-01 4.218421e+00 2.768421e+00 1.10085080e-06
5.128205e-01 4.218421e+00 2.973684e+00 6.64497406e-07
5.128205e-01 4.218421e+00 3.178947e+00 4.12452096e-07
5.128205e-01 4.218421e+00 3.384211e+00 2.62503988e-07
5.128205e-01 4.218421e+00 3.589474e+00 1.70894879e-07
5.128205e-01 4.218421e+00 3.794737e+00 1.13565306e-07
5.128205e-01 4.218421e+00 4.000000e+00 7.68948993e-08
5.128205e-01 4.478947e+00 1.000000e-01 4.25840092e+00
5.128205e-01 4.478947e+00 3.052632e-01 5.16131036e-02
5.128205e-01 4.478947e+00 5.105263e-01 5.39099937e-03
5.128205e-01 4.478947e+00 7.157895e-01 1.08543958e-03
5.128205e-01 4.478947e+00 9.210526e-01 3.00434971e-04
5.128205e-01 4.478947e+00 1.126316e+00 1.00922880e-04
5.128205e-01 4.478947e+00 1.331579e+00 3.87601031e-05
5.128205e-01 4.478947e+00 1.536842e+00 1.64561970e-05
5.128205e-01 4.478947e+00 1.742105e+00 7.56203053e-06
5.128205e-01 4.478947e+00 1.947368e+00 3.70728367e-06
5.128205e-01 4.478947e+00 2.152632e+00 1.91893560e-06
5.128205e-01 4.478947e+00 2.357895e+00 1.04048581e-06
5.128205e-01 4.478947e+00 2.563158e+00 5.87369811e-07
5.128205e-01 4.478947e+00 2.768421e+00 3.43512795e-07
5.128205e-01 4.478947e+00 2.973684e+00 2.07287528e-07
5.128205e-01 4.478947e+00 3.178947e+00 1.28628912e-07
5.128205e-01 4.478947e+00 3.384211e+00 8.18470554e-08
5.128205e-01 4.478947e+00 3.589474e+00 5.32735669e-08
5.128205e-01 4.478947e+00 3.794737e+00 3.53961127e-08
5.128205e-01 4.478947e+00 4.000000e+00 2.39631621e-08
5.128205e-01 4.739474e+00 1.000000e-01 1.28087032e+00
5.128205e-01 4.739474e+00 3.052632e-01 1.54562397e-02
5.128205e-01 4.739474e+00 5.105263e-01 1.60631200e-03
5.128205e-01 4.739474e+00 7.157895e-01 3.22204229e-04
5.128205e-01 4.739474e+00 9.210526e-01 8.89448638e-05
5.128205e-01 4.739474e+00 1.126316e+00 2.98220548e-05
5.128205e-01 4.739474e+00 1.331579e+00 1.14374898e-05
5.128205e-01 4.739474e+00 1.536842e+00 4.85089868e-06
5.128205e-01 4.739474e+00 1.742105e+00 2.22731978e-06
5.128205e-01 4.739474e+00 1.947368e+00 1.09125517e-06
5.128205e-01 4.739474e+00 2.152632e+00 5.64562129e-07
5.128205e-01 4.739474e+00 2.357895e+00 3.05991563e-07
5.128205e-01 4.739474e+00 2.563158e+00 1.72678455e-07
5.128205e-01 4.739474e+00 2.768421e+00 1.00959539e-07
5.128205e-01 4.739474e+00 2.973684e+00 6.09080431e-08
5.128205e-01 4.739474e+00 3.178947e+00 3.77879310e-08
5.128205e-01 4.739474e+00 3.384211e+00 2.40404905e-08
5.128205e-01 4.739474e+00 3.589474e+00 1.56454316e-08
5.128205e-01 4.739474e+00 3.794737e+00 1.03938191e-08
5.128205e-01 4.739474e+00 4.000000e+00 7.03583858e-09
5.128205e-01 5.000000e+00 1.000000e-01 3.60041559e-01
5.128205e-01 5.000000e+00 3.052632e-01 4.33084741e-03
5.128205e-01 5.000000e+00 5.105263e-01 4.48453968e-04
5.128205e-01 5.000000e+00 7.157895e-01 8.97070204e-05
5.128205e-01 5.000000e+00 9.210526e-01 2.47156568e-05
5.128205e-01 5.000000e+00 1.126316e+00 8.27531676e-06
5.128205e-01 5.000000e+00 1.331579e+00 3.17055196e-06
5.128205e-01 5.000000e+00 1.536842e+00 1.34367292e-06
5.128205e-01 5.000000e+00 1.742105e+00 6.16591024e-07
5.128205e-01 5.000000e+00 1.947368e+00 3.01952468e-07
5.128205e-01 5.000000e+00 2.152632e+00 1.56157242e-07
5.128205e-01 5.000000e+00 2.357895e+00 8.46112869e-08
5.128205e-01 5.000000e+00 2.563158e+00 4.77363180e-08
5.128205e-01 5.000000e+00 2.768421e+00 2.79041110e-08
5.128205e-01 5.000000e+00 2.973684e+00 1.68313541e-08
5.128205e-01 5.000000e+00 3.178947e+00 1.04407869e-08
5.128205e-01 5.000000e+00 3.384211e+00 6.64153355e-09
5.128205e-01 5.000000e+00 3.589474e+00 4.32180514e-09
5.128205e-01 5.000000e+00 3.794737e+00 2.87085999e-09
5.128205e-01 5.000000e+00 4.000000e+00 1.94319627e-09
7.692308e-01 5.000000e-02 1.000000e-01 6.37105898e+04
7.692308e-01 5.000000e-02 3.052632e-01 2.42576343e+03
7.692308e-01 5.000000e-02 5.105263e-01 5.69158264e+02
7.692308e-01 5.000000e-02 7.157895e-01 1.86823624e+02
7.692308e-01 5.000000e-02 9.210526e-01 7.16169662e+01
7.692308e-01 5.000000e-02 1.126316e+00 3.03715801e+01
7.692308e-01 5.000000e-02 1.331579e+00 1.38946810e+01
7.692308e-01 5.000000e-02 1.536842e+00 6.75743246e+00
7.692308e-01 5.000000e-02 1.742105e+00 3.45952272e+00
7.692308e-01 5.000000e-02 1.947368e+00 1.85128677e+00
7.692308e-01 5.000000e-02 2.152632e+00 1.02984452e+00
7.692308e-01 5.000000e-02 2.357895e+00 5.92939138e-01
7.692308e-01 5.000000e-02 2.563158e+00 3.52056593e-01
7.692308e-01 5.000000e-02 2.768421e+00 2.14909047e-01
7.692308e-01 5.000000e-02 2.973684e+00 1.34526610e-01
7.692308e-01 5.000000e-02 3.178947e+00 8.61568078e-02
7.692308e-01 5.000000e-02 3.384211e+00 5.63438833e-02
7.692308e-01 5.000000e-02 3.589474e+00 3.75596210e-02
7.692308e-01 5.000000e-02 3.794737e+00 2.54828185e-02
7.692308e-01 5.000000e-02 4.000000e+00 1.75726227e-02
7.692308e-01 3.105263e-01 1.000000e-01 5.73548359e+04
7.692308e-01 3.105263e-01 3.052632e-01 1.66811035e+03
7.692308e-01 3.105263e-01 5.105263e-01 3.49221283e+02
7.692308e-01 3.105263e-01 7.157895e-01 1.08440933e+02
7.692308e-01 3.105263e-01 9.210526e-01 4.01685143e+01
7.692308e-01 3.105263e-01 1.126316e+00 1.66336498e+01
7.692308e-01 3.105263e-01 1.331579e+00 7.47632790e+00
7.692308e-01 3.105263e-01 1.536842e+00 3.58659673e+00
7.692308e-01 3.105263e-01 1.742105e+00 1.81634235e+00
7.692308e-01 3.105263e-01 1.947368e+00 9.63430583e-01
7.692308e-01 3.105263e-01 2.152632e+00 5.32058775e-01
7.692308e-01 3.105263e-01 2.357895e+00 3.04478258e-01
7.692308e-01 3.105263e-01 2.563158e+00 1.79857120e-01
7.692308e-01 3.105263e-01 2.768421e+00 1.09314010e-01
7.692308e-01 3.105263e-01 2.973684e+00 6.81704432e-02
7.692308e-01 3.105263e-01 3.178947e+00 4.35180999e-02
7.692308e-01 3.105263e-01 3.384211e+00 2.83790193e-02
7.692308e-01 3.105263e-01 3.589474e+00 1.88712440e-02
7.692308e-01 3.105263e-01 3.794737e+00 1.27756661e-02
7.692308e-01 3.105263e-01 4.000000e+00 8.79304018e-03
7.692308e-01 5.710526e-01 1.000000e-01 4.98571562e+04
7.692308e-01 5.710526e-01 3.052632e-01 1.25756763e+03
7.692308e-01 5.710526e-01 5.105263e-01 2.44340347e+02
7.692308e-01 5.710526e-01 7.157895e-01 7.29992447e+01
7.692308e-01 5.710526e-01 9.210526e-01 2.63924103e+01
7.692308e-01 5.710526e-01 1.126316e+00 1.07453403e+01
7.692308e-01 5.710526e-01 1.331579e+00 4.76920128e+00
7.692308e-01 5.710526e-01 1.536842e+00 2.26571512e+00
7.692308e-01 5.710526e-01 1.742105e+00 1.13855410e+00
7.692308e-01 5.710526e-01 1.947368e+00 6.00127101e-01
7.692308e-01 5.710526e-01 2.152632e+00 3.29706043e-01
7.692308e-01 5.710526e-01 2.357895e+00 1.87864080e-01
7.692308e-01 5.710526e-01 2.563158e+00 1.10567801e-01
7.692308e-01 5.710526e-01 2.768421e+00 6.69915974e-02
7.692308e-01 5.710526e-01 2.973684e+00 4.16660756e-02
7.692308e-01 5.710526e-01 3.178947e+00 2.65369788e-02
7.692308e-01 5.710526e-01 3.384211e+00 1.72705818e-02
7.692308e-01 5.710526e-01 3.589474e+00 1.14642801e-02
7.692308e-01 5.710526e-01 3.794737e+00 7.74929579e-03
7.692308e-01 5.710526e-01 4.000000e+00 5.32629900e-03
7.692308e-01 8.315790e-01 1.000000e-01 4.08163672e+04
7.692308e-01 8.315790e-01 3.052632e-01 9.25357971e+02
7.692308e-01 8.315790e-01 5.105263e-01 1.68979538e+02
7.692308e-01 8.315790e-01 7.157895e-01 4.88567619e+01
7.692308e-01 8.315790e-01 9.210526e-01 1.73056164e+01
7.692308e-01 8.315790e-01 1.126316e+00 6.94636536e+00
7.692308e-01 8.315790e-01 1.331579e+00 3.05089712e+00
7.692308e-01 8.315790e-01 1.536842e+00 1.43775952e+00
7.692308e-01 8.315790e-01 1.742105e+00 7.17900455e-01
7.692308e-01 8.315790e-01 1.947368e+00 3.76457989e-01
7.692308e-01 8.315790e-01 2.152632e+00 2.05950812e-01
7.692308e-01 8.315790e-01 2.357895e+00 1.16935857e-01
7.692308e-01 8.315790e-01 2.563158e+00 6.86191991e-02
7.692308e-01 8.315790e-01 2.768421e+00 4.14708965e-02
7.692308e-01 8.315790e-01 2.973684e+00 2.57376321e-02
7.692308e-01 8.315790e-01 3.178947e+00 1.63617041e-02
7.692308e-01 8.315790e-01 3.384211e+00 1.06312213e-02
7.692308e-01 8.315790e-01 3.589474e+00 7.04708695e-03
7.692308e-01 8.315790e-01 3.794737e+00 4.75756405e-03
7.692308e-01 8.315790e-01 4.000000e+00 3.26643488e-03
7.692308e-01 1.092105e+00 1.000000e-01 3.13405098e+04
7.692308e-01 1.092105e+00 3.052632e-01 6.50536804e+02
7.692308e-01 1.092105e+00 5.105263e-01 1.12403412e+02
7.692308e-01 1.092105e+00 7.157895e-01 3.15516148e+01
7.692308e-01 1.092105e+00 9.210526e-01 1.09728546e+01
7.692308e-01 1.092105e+00 1.126316e+00 4.34936619e+00
7.692308e-01 1.092105e+00 1.331579e+00 1.89280403e+00
7.692308e-01 1.092105e+00 1.536842e+00 8.85766506e-01
7.692308e-01 1.092105e+00 1.742105e+00 4.39852208e-01
7.692308e-01 1.092105e+00 1.947368e+00 2.29635283e-01
7.692308e-01 1.092105e+00 2.152632e+00 1.25173986e-01
7.692308e-01 1.092105e+00 2.357895e+00 7.08591640e-02
7.692308e-01 1.092105e+00 2.563158e+00 4.14762571e-02
7.692308e-01 1.092105e+00 2.768421e+00 2.50134431e-02
7.692308e-01 1.092105e+00 2.973684e+00 1.54955555e-02
7.692308e-01 1.092105e+00 3.178947e+00 9.83525626e-03
7.692308e-01 1.092105e+00 3.384211e+00 6.38189912e-03
7.692308e-01 1.092105e+00 3.589474e+00 4.22533741e-03
7.692308e-01 1.092105e+00 3.794737e+00 2.84961518e-03
7.692308e-01 1.092105e+00 4.000000e+00 1.95469009e-03
7.692308e-01 1.352632e+00 1.000000e-01 2.25399902e+04
7.692308e-01 1.352632e+00 3.052632e-01 4.33786102e+02
7.692308e-01 1.352632e+00 5.105263e-01 7.12587357e+01
7.692308e-01 1.352632e+00 7.157895e-01 1.94623222e+01
7.692308e-01 1.352632e+00 9.210526e-01 6.65551758e+00
7.692308e-01 1.352632e+00 1.126316e+00 2.60814214e+00
7.692308e-01 1.352632e+00 1.331579e+00 1.12570834e+00
7.692308e-01 1.352632e+00 1.536842e+00 5.23517907e-01
7.692308e-01 1.352632e+00 1.742105e+00 2.58705586e-01
7.692308e-01 1.352632e+00 1.947368e+00 1.34539515e-01
7.692308e-01 1.352632e+00 2.152632e+00 7.31058717e-02
7.692308e-01 1.352632e+00 2.357895e+00 4.12762649e-02
7.692308e-01 1.352632e+00 2.563158e+00 2.41077710e-02
7.692308e-01 1.352632e+00 2.768421e+00 1.45120313e-02
7.692308e-01 1.352632e+00 2.973684e+00 8.97590443e-03
7.692308e-01 1.352632e+00 3.178947e+00 5.68947289e-03
7.692308e-01 1.352632e+00 3.384211e+00 3.68746743e-03
7.692308e-01 1.352632e+00 3.589474e+00 2.43892521e-03
7.692308e-01 1.352632e+00 3.794737e+00 1.64337817e-03
7.692308e-01 1.352632e+00 4.000000e+00 1.12639042e-03
7.692308e-01 1.613158e+00 1.000000e-01 1.51742812e+04
7.692308e-01 1.613158e+00 3.052632e-01 2.73463409e+02
7.692308e-01 1.613158e+00 5.105263e-01 4.28803101e+01
7.692308e-01 1.613158e+00 7.157895e-01 1.14158354e+01
7.692308e-01 1.613158e+00 9.210526e-01 3.84329009e+00
7.692308e-01 1.613158e+00 1.126316e+00 1.49037290e+00
7.692308e-01 1.613158e+00 1.331579e+00 6.38445318e-01
7.692308e-01 1.613158e+00 1.536842e+00 2.95245260e-01
7.692308e-01 1.613158e+00 1.742105e+00 1.45265460e-01
7.692308e-01 1.613158e+00 1.947368e+00 7.52836689e-02
7.692308e-01 1.613158e+00 2.152632e+00 4.07929681e-02
7.692308e-01 1.613158e+00 2.357895e+00 2.29789633e-02
7.692308e-01 1.613158e+00 2.563158e+00 1.33952741e-02
7.692308e-01 1.613158e+00 2.768421e+00 8.05045757e-03
7.692308e-01 1.613158e+00 2.973684e+00 4.97248583e-03
7.692308e-01 1.613158e+00 3.178947e+00 3.14813969e-03
7.692308e-01 1.613158e+00 3.384211e+00 2.03829771e-03
7.692308e-01 1.613158e+00 3.589474e+00 1.34695449e-03
7.692308e-01 1.613158e+00 3.794737e+00 9.06891190e-04
7.692308e-01 1.613158e+00 4.000000e+00 6.21171435e-04
7.692308e-01 1.873684e+00 1.000000e-01 9.55914551e+03
7.692308e-01 1.873684e+00 3.052632e-01 1.62692581e+02
7.692308e-01 1.873684e+00 5.105263e-01 2.44428558e+01
7.692308e-01 1.873684e+00 7.157895e-01 6.35341311e+00
7.692308e-01 1.873684e+00 9.210526e-01 2.10795474e+00
7.692308e-01 1.873684e+00 1.126316e+00 8.09522986e-01
7.692308e-01 1.873684e+00 1.331579e+00 3.44396800e-01
7.692308e-01 1.873684e+00 1.536842e+00 1.58448458e-01
7.692308e-01 1.873684e+00 1.742105e+00 7.76515901e-02
7.692308e-01 1.873684e+00 1.947368e+00 4.01174426e-02
7.692308e-01 1.873684e+00 2.152632e+00 2.16832589e-02
7.692308e-01 1.873684e+00 2.357895e+00 1.21891759e-02
7.692308e-01 1.873684e+00 2.563158e+00 7.09334994e-03
7.692308e-01 1.873684e+00 2.768421e+00 4.25692135e-03
7.692308e-01 1.873684e+00 2.973684e+00 2.62613711e-03
7.692308e-01 1.873684e+00 3.178947e+00 1.66090427e-03
7.692308e-01 1.873684e+00 3.384211e+00 1.07440318e-03
7.692308e-01 1.873684e+00 3.589474e+00 7.09436543e-04
7.692308e-01 1.873684e+00 3.794737e+00 4.77330759e-04
7.692308e-01 1.873684e+00 4.000000e+00 3.26750742e-04
7.692308e-01 2.134211e+00 1.000000e-01 5.63362305e+03
7.692308e-01 2.134211e+00 3.052632e-01 9.12404404e+01
7.692308e-01 2.134211e+00 5.105263e-01 1.31830606e+01
7.692308e-01 2.134211e+00 7.157895e-01 3.35106540e+00
7.692308e-01 2.134211e+00 9.210526e-01 1.09678531e+00
7.692308e-01 2.134211e+00 1.126316e+00 4.17417705e-01
7.692308e-01 2.134211e+00 1.331579e+00 1.76455364e-01
7.692308e-01 2.134211e+00 1.536842e+00 8.08014572e-02
7.692308e-01 2.134211e+00 1.742105e+00 3.94563824e-02
7.692308e-01 2.134211e+00 1.947368e+00 2.03268081e-02
7.692308e-01 2.134211e+00 2.152632e+00 1.09615372e-02
7.692308e-01 2.134211e+00 2.357895e+00 6.15056558e-03
7.692308e-01 2.134211e+00 2.563158e+00 3.57374875e-03
7.692308e-01 2.134211e+00 2.768421e+00 2.14194227e-03
7.692308e-01 2.134211e+00 2.973684e+00 1.31994439e-03
7.692308e-01 2.134211e+00 3.178947e+00 8.34024628e-04
7.692308e-01 2.134211e+00 3.384211e+00 5.39078668e-04
7.692308e-01 2.134211e+00 3.589474e+00 3.55711352e-04
7.692308e-01 2.134211e+00 3.794737e+00 2.39188419e-04
7.692308e-01 2.134211e+00 4.000000e+00 1.63646197e-04
7.692308e-01 2.394737e+00 1.000000e-01 3.10558301e+03
7.692308e-01 2.394737e+00 3.052632e-01 4.81941681e+01
7.692308e-01 2.394737e+00 5.105263e-01 6.72231388e+00
7.692308e-01 2.394737e+00 7.157895e-01 1.67393255e+00
7.692308e-01 2.394737e+00 9.210526e-01 5.40990233e-01
7.692308e-01 2.394737e+00 1.126316e+00 2.04179436e-01
7.692308e-01 2.394737e+00 1.331579e+00 8.58083591e-02
7.692308e-01 2.394737e+00 1.536842e+00 3.91236655e-02
7.692308e-01 2.394737e+00 1.742105e+00 1.90417953e-02
7.692308e-01 2.394737e+00 1.947368e+00 9.78456251e-03
7.692308e-01 2.394737e+00 2.152632e+00 5.26561169e-03
7.692308e-01 2.394737e+00 2.357895e+00 2.94958660e-03
7.692308e-01 2.394737e+00 2.563158e+00 1.71146810e-03
7.692308e-01 2.394737e+00 2.768421e+00 1.02458394e-03
7.692308e-01 2.394737e+00 2.973684e+00 6.30767317e-04
7.692308e-01 2.394737e+00 3.178947e+00 3.98224918e-04
7.692308e-01 2.394737e+00 3.384211e+00 2.57211737e-04
7.692308e-01 2.394737e+00 3.589474e+00 1.69615407e-04
7.692308e-01 2.394737e+00 3.794737e+00 1.13991526e-04
7.692308e-01 2.394737e+00 4.000000e+00 7.79529437e-05
7.692308e-01 2.655263e+00 1.000000e-01 1.60112744e+03
7.692308e-01 2.655263e+00 3.052632e-01 2.39596386e+01
7.692308e-01 2.655263e+00 5.105263e-01 3.23883367e+00
7.692308e-01 2.655263e+00 7.157895e-01 7.91503608e-01
7.692308e-01 2.655263e+00 9.210526e-01 2.52853841e-01
7.692308e-01 2.655263e+00 1.126316e+00 9.47029144e-02
7.692308e-01 2.655263e+00 1.331579e+00 3.95866856e-02
7.692308e-01 2.655263e+00 1.536842e+00 1.79782864e-02
7.692308e-01 2.655263e+00 1.742105e+00 8.72402173e-03
7.692308e-01 2.655263e+00 1.947368e+00 4.47234884e-03
7.692308e-01 2.655263e+00 2.152632e+00 2.40232563e-03
7.692308e-01 2.655263e+00 2.357895e+00 1.34364946e-03
7.692308e-01 2.655263e+00 2.563158e+00 7.78660993e-04
7.692308e-01 2.655263e+00 2.768421e+00 4.65664983e-04
7.692308e-01 2.655263e+00 2.973684e+00 2.86426366e-04
7.692308e-01 2.655263e+00 3.178947e+00 1.80694813e-04
7.692308e-01 2.655263e+00 3.384211e+00 1.16634583e-04
7.692308e-01 2.655263e+00 3.589474e+00 7.68704194e-05
7.692308e-01 2.655263e+00 3.794737e+00 5.16364416e-05
7.692308e-01 2.655263e+00 4.000000e+00 3.52965035e-05
7.692308e-01 2.915789e+00 1.000000e-01 7.71945312e+02
7.692308e-01 2.915789e+00 3.052632e-01 1.12036629e+01
7.692308e-01 2.915789e+00 5.105263e-01 1.47352779e+00
7.692308e-01 2.915789e+00 7.157895e-01 3.54092687e-01
7.692308e-01 2.915789e+00 9.210526e-01 1.11939028e-01
7.692308e-01 2.915789e+00 1.126316e+00 4.16352898e-02
7.692308e-01 2.915789e+00 1.331579e+00 1.73195284e-02
7.692308e-01 2.915789e+00 1.536842e+00 7.83771090e-03
7.692308e-01 2.915789e+00 1.742105e+00 3.79301840e-03
7.692308e-01 2.915789e+00 1.947368e+00 1.94038695e-03
7.692308e-01 2.915789e+00 2.152632e+00 1.04053319e-03
7.692308e-01 2.915789e+00 2.357895e+00 5.81189990e-04
7.692308e-01 2.915789e+00 2.563158e+00 3.36429250e-04
7.692308e-01 2.915789e+00 2.768421e+00 2.01007642e-04
7.692308e-01 2.915789e+00 2.973684e+00 1.23540129e-04
7.692308e-01 2.915789e+00 3.178947e+00 7.78841131e-05
7.692308e-01 2.915789e+00 3.384211e+00 5.02436196e-05
7.692308e-01 2.915789e+00 3.589474e+00 3.30975963e-05
7.692308e-01 2.915789e+00 3.794737e+00 2.22231411e-05
7.692308e-01 2.915789e+00 4.000000e+00 1.51850445e-05
7.692308e-01 3.176316e+00 1.000000e-01 3.47999939e+02
7.692308e-01 3.176316e+00 3.052632e-01 4.92436600e+00
7.692308e-01 3.176316e+00 5.105263e-01 6.32602692e-01
7.692308e-01 3.176316e+00 7.157895e-01 1.49787426e-01
7.692308e-01 3.176316e+00 9.210526e-01 4.69140448e-02
7.692308e-01 3.176316e+00 1.126316e+00 1.73419975e-02
7.692308e-01 3.176316e+00 1.331579e+00 7.18279369e-03
7.692308e-01 3.176316e+00 1.536842e+00 3.24018532e-03
7.692308e-01 3.176316e+00 1.742105e+00 1.56430993e-03
7.692308e-01 3.176316e+00 1.947368e+00 7.98754103e-04
7.692308e-01 3.176316e+00 2.152632e+00 4.27693478e-04
7.692308e-01 3.176316e+00 2.357895e+00 2.38599518e-04
7.692308e-01 3.176316e+00 2.563158e+00 1.37979107e-04
7.692308e-01 3.176316e+00 2.768421e+00 8.23704177e-05
7.692308e-01 3.176316e+00 2.973684e+00 5.05899297e-05
7.692308e-01 3.176316e+00 3.178947e+00 3.18747589e-05
7.692308e-01 3.176316e+00 3.384211e+00 2.05521428e-05
7.692308e-01 3.176316e+00 3.589474e+00 1.35326081e-05
7.692308e-01 3.176316e+00 3.794737e+00 9.08288894e-06
7.692308e-01 3.176316e+00 4.000000e+00 6.20424953e-06
7.692308e-01 3.436842e+00 1.000000e-01 1.46677063e+02
7.692308e-01 3.436842e+00 3.052632e-01 2.03314257e+00
7.692308e-01 3.436842e+00 5.105263e-01 2.56073982e-01
7.692308e-01 3.436842e+00 7.157895e-01 5.98694161e-02
7.692308e-01 3.436842e+00 9.210526e-01 1.86007898e-02
7.692308e-01 3.436842e+00 1.126316e+00 6.83895824e-03
7.692308e-01 3.436842e+00 1.331579e+00 2.82190763e-03
7.692308e-01 3.436842e+00 1.536842e+00 1.26945449e-03
7.692308e-01 3.436842e+00 1.742105e+00 6.11587835e-04
7.692308e-01 3.436842e+00 1.947368e+00 3.11773329e-04
7.692308e-01 3.436842e+00 2.152632e+00 1.66722515e-04
7.692308e-01 3.436842e+00 2.357895e+00 9.29122834e-05
7.692308e-01 3.436842e+00 2.563158e+00 5.36833286e-05
7.692308e-01 3.436842e+00 2.768421e+00 3.20246072e-05
7.692308e-01 3.436842e+00 2.973684e+00 1.96567398e-05
7.692308e-01 3.436842e+00 3.178947e+00 1.23785276e-05
7.692308e-01 3.436842e+00 3.384211e+00 7.97786925e-06
7.692308e-01 3.436842e+00 3.589474e+00 5.25103223e-06
7.692308e-01 3.436842e+00 3.794737e+00 3.52324400e-06
7.692308e-01 3.436842e+00 4.000000e+00 2.40591908e-06
7.692308e-01 3.697368e+00 1.000000e-01 5.77958794e+01
7.692308e-01 3.697368e+00 3.052632e-01 7.88001537e-01
7.692308e-01 3.697368e+00 5.105263e-01 9.76506695e-02
7.692308e-01 3.697368e+00 7.157895e-01 2.25894768e-02
7.692308e-01 3.697368e+00 9.210526e-01 6.97061419e-03
7.692308e-01 3.697368e+00 1.126316e+00 2.55119265e-03
7.692308e-01 3.697368e+00 1.331579e+00 1.04929658e-03
7.692308e-01 3.697368e+00 1.536842e+00 4.70919447e-04
7.692308e-01 3.697368e+00 1.742105e+00 2.26469725e-04
7.692308e-01 3.697368e+00 1.947368e+00 1.15288247e-04
7.692308e-01 3.697368e+00 2.152632e+00 6.15825338e-05
7.692308e-01 3.697368e+00 2.357895e+00 3.42882704e-05
7.692308e-01 3.697368e+00 2.563158e+00 1.97965601e-05
7.692308e-01 3.697368e+00 2.768421e+00 1.18022772e-05
7.692308e-01 3.697368e+00 2.973684e+00 7.24049733e-06
7.692308e-01 3.697368e+00 3.178947e+00 4.55757026e-06
7.692308e-01 3.697368e+00 3.384211e+00 2.93620951e-06
7.692308e-01 3.697368e+00 3.589474e+00 1.93197866e-06
7.692308e-01 3.697368e+00 3.794737e+00 1.29591581e-06
7.692308e-01 3.697368e+00 4.000000e+00 8.84723136e-07
7.692308e-01 3.957895e+00 1.000000e-01 2.12885818e+01
7.692308e-01 3.957895e+00 3.052632e-01 2.86512434e-01
7.692308e-01 3.957895e+00 5.105263e-01 3.50459106e-02
7.692308e-01 3.957895e+00 7.157895e-01 8.03728215e-03
7.692308e-01 3.957895e+00 9.210526e-01 2.46625114e-03
7.692308e-01 3.957895e+00 1.126316e+00 8.99220642e-04
7.692308e-01 3.957895e+00 1.331579e+00 3.68859706e-04
7.692308e-01 3.957895e+00 1.536842e+00 1.65217978e-04
7.692308e-01 3.957895e+00 1.742105e+00 7.93367944e-05
7.692308e-01 3.957895e+00 1.947368e+00 4.03409103e-05
7.692308e-01 3.957895e+00 2.152632e+00 2.15286254e-05
7.692308e-01 3.957895e+00 2.357895e+00 1.19778570e-05
7.692308e-01 3.957895e+00 2.563158e+00 6.91123250e-06
7.692308e-01 3.957895e+00 2.768421e+00 4.11820929e-06
7.692308e-01 3.957895e+00 2.973684e+00 2.52535892e-06
7.692308e-01 3.957895e+00 3.178947e+00 1.58901730e-06
7.692308e-01 3.957895e+00 3.384211e+00 1.02339914e-06
7.692308e-01 3.957895e+00 3.589474e+00 6.73197121e-07
7.692308e-01 3.957895e+00 3.794737e+00 4.51453786e-07
7.692308e-01 3.957895e+00 4.000000e+00 3.08144081e-07
7.692308e-01 4.218421e+00 1.000000e-01 7.32957315e+00
7.692308e-01 4.218421e+00 3.052632e-01 9.76657420e-02
7.692308e-01 4.218421e+00 5.105263e-01 1.18252598e-02
7.692308e-01 4.218421e+00 7.157895e-01 2.69339071e-03
7.692308e-01 4.218421e+00 9.210526e-01 8.22768197e-04
7.692308e-01 4.218421e+00 1.126316e+00 2.99078529e-04
7.692308e-01 4.218421e+00 1.331579e+00 1.22417972e-04
7.692308e-01 4.218421e+00 1.536842e+00 5.47462623e-05
7.692308e-01 4.218421e+00 1.742105e+00 2.62572303e-05
7.692308e-01 4.218421e+00 1.947368e+00 1.33386675e-05
7.692308e-01 4.218421e+00 2.152632e+00 7.11308530e-06
7.692308e-01 4.218421e+00 2.357895e+00 3.95509960e-06
7.692308e-01 4.218421e+00 2.563158e+00 2.28095860e-06
7.692308e-01 4.218421e+00 2.768421e+00 1.35859318e-06
7.692308e-01 4.218421e+00 2.973684e+00 8.32819751e-07
7.692308e-01 4.218421e+00 3.178947e+00 5.23874121e-07
7.692308e-01 4.218421e+00 3.384211e+00 3.37312571e-07
7.692308e-01 4.218421e+00 3.589474e+00 2.21837013e-07
7.692308e-01 4.218421e+00 3.794737e+00 1.48738025e-07
7.692308e-01 4.218421e+00 4.000000e+00 1.01505556e-07
7.692308e-01 4.478947e+00 1.000000e-01 2.35864735e+00
7.692308e-01 4.478947e+00 3.052632e-01 3.11934948e-02
7.692308e-01 4.478947e+00 5.105263e-01 3.74760898e-03
7.692308e-01 4.478947e+00 7.157895e-01 8.49062053e-04
7.692308e-01 4.478947e+00 9.210526e-01 2.58464890e-04
7.692308e-01 4.478947e+00 1.126316e+00 9.37300938e-05
7.692308e-01 4.478947e+00 1.331579e+00 3.83007027e-05
7.692308e-01 4.478947e+00 1.536842e+00 1.71071497e-05
7.692308e-01 4.478947e+00 1.742105e+00 8.19714114e-06
7.692308e-01 4.478947e+00 1.947368e+00 4.16107696e-06
7.692308e-01 4.478947e+00 2.152632e+00 2.21766982e-06
7.692308e-01 4.478947e+00 2.357895e+00 1.23250538e-06
7.692308e-01 4.478947e+00 2.563158e+00 7.10522841e-07
7.692308e-01 4.478947e+00 2.768421e+00 4.23065956e-07
7.692308e-01 4.478947e+00 2.973684e+00 2.59268916e-07
7.692308e-01 4.478947e+00 3.178947e+00 1.63051638e-07
7.692308e-01 4.478947e+00 3.384211e+00 1.04964485e-07
7.692308e-01 4.478947e+00 3.589474e+00 6.90190731e-08
7.692308e-01 4.478947e+00 3.794737e+00 4.62691219e-08
7.692308e-01 4.478947e+00 4.000000e+00 3.15719966e-08
7.692308e-01 4.739474e+00 1.000000e-01 7.09367752e-01
7.692308e-01 4.739474e+00 3.052632e-01 9.32974461e-03
7.692308e-01 4.739474e+00 5.105263e-01 1.11441046e-03
7.692308e-01 4.739474e+00 7.157895e-01 2.51478574e-04
7.692308e-01 4.739474e+00 9.210526e-01 7.63518037e-05
7.692308e-01 4.739474e+00 1.126316e+00 2.76385108e-05
7.692308e-01 4.739474e+00 1.331579e+00 1.12794651e-05
7.692308e-01 4.739474e+00 1.536842e+00 5.03325373e-06
7.692308e-01 4.739474e+00 1.742105e+00 2.41002499e-06
7.692308e-01 4.739474e+00 1.947368e+00 1.22270330e-06
7.692308e-01 4.739474e+00 2.152632e+00 6.51355322e-07
7.692308e-01 4.739474e+00 2.357895e+00 3.61870008e-07
7.692308e-01 4.739474e+00 2.563158e+00 2.08550759e-07
7.692308e-01 4.739474e+00 2.768421e+00 1.24146126e-07
7.692308e-01 4.739474e+00 2.973684e+00 7.60648788e-08
7.692308e-01 4.739474e+00 3.178947e+00 4.78279070e-08
7.692308e-01 4.739474e+00 3.384211e+00 3.07845092e-08
7.692308e-01 4.739474e+00 3.589474e+00 2.02395753e-08
7.692308e-01 4.739474e+00 3.794737e+00 1.35666767e-08
7.692308e-01 4.739474e+00 4.000000e+00 9.25635835e-09
7.692308e-01 5.000000e+00 1.000000e-01 1.99380696e-01
7.692308e-01 5.000000e+00 3.052632e-01 2.61187158e-03
7.692308e-01 5.000000e+00 5.105263e-01 3.10672156e-04
7.692308e-01 5.000000e+00 7.157895e-01 6.99027587e-05
7.692308e-01 5.000000e+00 9.210526e-01 2.11822698e-05
7.692308e-01 5.000000e+00 1.126316e+00 7.65761524e-06
7.692308e-01 5.000000e+00 1.331579e+00 3.12217685e-06
7.692308e-01 5.000000e+00 1.536842e+00 1.39224471e-06
7.692308e-01 5.000000e+00 1.742105e+00 6.66282631e-07
7.692308e-01 5.000000e+00 1.947368e+00 3.37892232e-07
7.692308e-01 5.000000e+00 2.152632e+00 1.79941154e-07
7.692308e-01 5.000000e+00 2.357895e+00 9.99421985e-08
7.692308e-01 5.000000e+00 2.563158e+00 5.75853285e-08
7.692308e-01 5.000000e+00 2.768421e+00 3.42730857e-08
7.692308e-01 5.000000e+00 2.973684e+00 2.09960049e-08
7.692308e-01 5.000000e+00 3.178947e+00 1.32000642e-08
7.692308e-01 5.000000e+00 3.384211e+00 8.49529336e-09
7.692308e-01 5.000000e+00 3.589474e+00 5.58475532e-09
7.692308e-01 5.000000e+00 3.794737e+00 3.74316711e-09
7.692308e-01 5.000000e+00 4.000000e+00 2.55372434e-09
1.025641e+00 5.000000e-02 1.000000e-01 3.35952812e+04
1.025641e+00 5.000000e-02 3.052632e-01 1.77518970e+03
1.025641e+00 5.000000e-02 5.105263e-01 4.98381744e+02
1.025641e+00 5.000000e-02 7.157895e-01 1.82198730e+02
1.025641e+00 5.000000e-02 9.210526e-01 7.56159744e+01
1.025641e+00 5.000000e-02 1.126316e+00 3.41448288e+01
1.025641e+00 5.000000e-02 1.331579e+00 1.64414043e+01
1.025641e+00 5.000000e-02 1.536842e+00 8.34325790e+00
1.025641e+00 5.000000e-02 1.742105e+00 4.42680931e+00
1.025641e+00 5.000000e-02 1.947368e+00 2.44178414e+00
1.025641e+00 5.000000e-02 2.152632e+00 1.39394462e+00
1.025641e+00 5.000000e-02 2.357895e+00 8.20621073e-01
1.025641e+00 5.000000e-02 2.563158e+00 4.96699244e-01
1.025641e+00 5.000000e-02 2.768421e+00 3.08311582e-01
1.025641e+00 5.000000e-02 2.973684e+00 1.95826024e-01
1.025641e+00 5.000000e-02 3.178947e+00 1.27027124e-01
1.025641e+00 5.000000e-02 3.384211e+00 8.40097815e-02
1.025641e+00 5.000000e-02 3.589474e+00 5.65603971e-02
1.025641e+00 5.000000e-02 3.794737e+00 3.87137607e-02
1.025641e+00 5.000000e-02 4.000000e+00 2.69063283e-02
1.025641e+00 3.105263e-01 1.000000e-01 2.92611465e+04
1.025641e+00 3.105263e-01 3.052632e-01 1.09945142e+03
1.025641e+00 3.105263e-01 5.105263e-01 2.80021515e+02
1.025641e+00 3.105263e-01 7.157895e-01 9.79484253e+01
1.025641e+00 3.105263e-01 9.210526e-01 3.95740433e+01
1.025641e+00 3.105263e-01 1.126316e+00 1.75409794e+01
1.025641e+00 3.105263e-01 1.331579e+00 8.33054256e+00
1.025641e+00 3.105263e-01 1.536842e+00 4.18233967e+00
1.025641e+00 3.105263e-01 1.742105e+00 2.20016170e+00
1.025641e+00 3.105263e-01 1.947368e+00 1.20512092e+00
1.025641e+00 3.105263e-01 2.152632e+00 6.83984637e-01
1.025641e+00 3.105263e-01 2.357895e+00 4.00701165e-01
1.025641e+00 3.105263e-01 2.563158e+00 2.41527647e-01
1.025641e+00 3.105263e-01 2.768421e+00 1.49387330e-01
1.025641e+00 3.105263e-01 2.973684e+00 9.45923403e-02
1.025641e+00 3.105263e-01 3.178947e+00 6.11954816e-02
1.025641e+00 3.105263e-01 3.384211e+00 4.03770581e-02
1.025641e+00 3.105263e-01 3.589474e+00 2.71284990e-02
1.025641e+00 3.105263e-01 3.794737e+00 1.85346194e-02
1.025641e+00 3.105263e-01 4.000000e+00 1.28609249e-02
1.025641e+00 5.710526e-01 1.000000e-01 2.51188008e+04
1.025641e+00 5.710526e-01 3.052632e-01 7.81653687e+02
1.025641e+00 5.710526e-01 5.105263e-01 1.85727859e+02
1.025641e+00 5.710526e-01 7.157895e-01 6.28731766e+01
1.025641e+00 5.710526e-01 9.210526e-01 2.49008484e+01
1.025641e+00 5.710526e-01 1.126316e+00 1.08860989e+01
1.025641e+00 5.710526e-01 1.331579e+00 5.11757660e+00
1.025641e+00 5.710526e-01 1.536842e+00 2.54907250e+00
1.025641e+00 5.710526e-01 1.742105e+00 1.33255064e+00
1.025641e+00 5.710526e-01 1.947368e+00 7.26161122e-01
1.025641e+00 5.710526e-01 2.152632e+00 4.10392612e-01
1.025641e+00 5.710526e-01 2.357895e+00 2.39564702e-01
1.025641e+00 5.710526e-01 2.563158e+00 1.43962920e-01
1.025641e+00 5.710526e-01 2.768421e+00 8.88114497e-02
1.025641e+00 5.710526e-01 2.973684e+00 5.61097190e-02
1.025641e+00 5.710526e-01 3.178947e+00 3.62289511e-02
1.025641e+00 5.710526e-01 3.384211e+00 2.38633230e-02
1.025641e+00 5.710526e-01 3.589474e+00 1.60092376e-02
1.025641e+00 5.710526e-01 3.794737e+00 1.09233325e-02
1.025641e+00 5.710526e-01 4.000000e+00 7.57067092e-03
1.025641e+00 8.315790e-01 1.000000e-01 2.04166934e+04
1.025641e+00 8.315790e-01 3.052632e-01 5.51526794e+02
1.025641e+00 8.315790e-01 5.105263e-01 1.23452011e+02
1.025641e+00 8.315790e-01 7.157895e-01 4.06188736e+01
1.025641e+00 8.315790e-01 9.210526e-01 1.58136339e+01
1.025641e+00 8.315790e-01 1.126316e+00 6.83297062e+00
1.025641e+00 8.315790e-01 1.331579e+00 3.18475986e+00
1.025641e+00 8.315790e-01 1.536842e+00 1.57592118e+00
1.025641e+00 8.315790e-01 1.742105e+00 8.19544017e-01
1.025641e+00 8.315790e-01 1.947368e+00 4.44718152e-01
1.025641e+00 8.315790e-01 2.152632e+00 2.50458658e-01
1.025641e+00 8.315790e-01 2.357895e+00 1.45777509e-01
1.025641e+00 8.315790e-01 2.563158e+00 8.73865932e-02
1.025641e+00 8.315790e-01 2.768421e+00 5.37952632e-02
1.025641e+00 8.315790e-01 2.973684e+00 3.39252539e-02
1.025641e+00 8.315790e-01 3.178947e+00 2.18703169e-02
1.025641e+00 8.315790e-01 3.384211e+00 1.43856686e-02
1.025641e+00 8.315790e-01 3.589474e+00 9.63931810e-03
1.025641e+00 8.315790e-01 3.794737e+00 6.57003699e-03
1.025641e+00 8.315790e-01 4.000000e+00 4.54920577e-03
1.025641e+00 1.092105e+00 1.000000e-01 1.56033662e+04
1.025641e+00 1.092105e+00 3.052632e-01 3.75224579e+02
1.025641e+00 1.092105e+00 5.105263e-01 7.95500336e+01
1.025641e+00 1.092105e+00 7.157895e-01 2.55013676e+01
1.025641e+00 1.092105e+00 9.210526e-01 9.77570248e+00
1.025641e+00 1.092105e+00 1.126316e+00 4.18030930e+00
1.025641e+00 1.092105e+00 1.331579e+00 1.93376040e+00
1.025641e+00 1.092105e+00 1.536842e+00 9.51419711e-01
1.025641e+00 1.092105e+00 1.742105e+00 4.92553443e-01
1.025641e+00 1.092105e+00 1.947368e+00 2.66309589e-01
1.025641e+00 1.092105e+00 2.152632e+00 1.49535000e-01
1.025641e+00 1.092105e+00 2.357895e+00 8.68193433e-02
1.025641e+00 1.092105e+00 2.563158e+00 5.19349165e-02
1.025641e+00 1.092105e+00 2.768421e+00 3.19142528e-02
1.025641e+00 1.092105e+00 2.973684e+00 2.00952888e-02
1.025641e+00 1.092105e+00 3.178947e+00 1.29374415e-02
1.025641e+00 1.092105e+00 3.384211e+00 8.50006472e-03
1.025641e+00 1.092105e+00 3.589474e+00 5.68976952e-03
1.025641e+00 1.092105e+00 3.794737e+00 3.87462694e-03
1.025641e+00 1.092105e+00 4.000000e+00 2.68074102e-03
1.025641e+00 1.352632e+00 1.000000e-01 1.11853193e+04
1.025641e+00 1.352632e+00 3.052632e-01 2.43611389e+02
1.025641e+00 1.352632e+00 5.105263e-01 4.91102867e+01
1.025641e+00 1.352632e+00 7.157895e-01 1.53650389e+01
1.025641e+00 1.352632e+00 9.210526e-01 5.80663681e+00
1.025641e+00 1.352632e+00 1.126316e+00 2.45967913e+00
1.025641e+00 1.352632e+00 1.331579e+00 1.13014328e+00
1.025641e+00 1.352632e+00 1.536842e+00 5.53210914e-01
1.025641e+00 1.352632e+00 1.742105e+00 2.85262048e-01
1.025641e+00 1.352632e+00 1.947368e+00 1.53742909e-01
1.025641e+00 1.352632e+00 2.152632e+00 8.61034840e-02
1.025641e+00 1.352632e+00 2.357895e+00 4.98831123e-02
1.025641e+00 1.352632e+00 2.563158e+00 2.97857597e-02
1.025641e+00 1.352632e+00 2.768421e+00 1.82752479e-02
1.025641e+00 1.352632e+00 2.973684e+00 1.14920884e-02
1.025641e+00 1.352632e+00 3.178947e+00 7.39020016e-03
1.025641e+00 1.352632e+00 3.384211e+00 4.85063670e-03
1.025641e+00 1.352632e+00 3.589474e+00 3.24409991e-03
1.025641e+00 1.352632e+00 3.794737e+00 2.20747595e-03
1.025641e+00 1.352632e+00 4.000000e+00 1.52625877e-03
1.025641e+00 1.613158e+00 1.000000e-01 7.51243896e+03
1.025641e+00 1.613158e+00 3.052632e-01 1.50194489e+02
1.025641e+00 1.613158e+00 5.105263e-01 2.88884258e+01
1.025641e+00 1.613158e+00 7.157895e-01 8.83346462e+00
1.025641e+00 1.613158e+00 9.210526e-01 3.29417348e+00
1.025641e+00 1.613158e+00 1.126316e+00 1.38331139e+00
1.025641e+00 1.613158e+00 1.331579e+00 6.31684065e-01
1.025641e+00 1.613158e+00 1.536842e+00 3.07795078e-01
1.025641e+00 1.613158e+00 1.742105e+00 1.58150092e-01
1.025641e+00 1.613158e+00 1.947368e+00 8.49941000e-02
1.025641e+00 1.613158e+00 2.152632e+00 4.74913195e-02
1.025641e+00 1.613158e+00 2.357895e+00 2.74613872e-02
1.025641e+00 1.613158e+00 2.563158e+00 1.63713098e-02
1.025641e+00 1.613158e+00 2.768421e+00 1.00311451e-02
1.025641e+00 1.613158e+00 2.973684e+00 6.30061701e-03
1.025641e+00 1.613158e+00 3.178947e+00 4.04768903e-03
1.025641e+00 1.613158e+00 3.384211e+00 2.65444838e-03
1.025641e+00 1.613158e+00 3.589474e+00 1.77395239e-03
1.025641e+00 1.613158e+00 3.794737e+00 1.20630092e-03
1.025641e+00 1.613158e+00 4.000000e+00 8.33550817e-04
1.025641e+00 1.873684e+00 1.000000e-01 4.72430518e+03
1.025641e+00 1.873684e+00 3.052632e-01 8.76929779e+01
1.025641e+00 1.873684e+00 5.105263e-01 1.61451645e+01
1.025641e+00 1.873684e+00 7.157895e-01 4.83113289e+00
1.025641e+00 1.873684e+00 9.210526e-01 1.77929819e+00
1.025641e+00 1.873684e+00 1.126316e+00 7.41169512e-01
1.025641e+00 1.873684e+00 1.331579e+00 3.36543411e-01
1.025641e+00 1.873684e+00 1.536842e+00 1.63299814e-01
1.025641e+00 1.873684e+00 1.742105e+00 8.36366192e-02
1.025641e+00 1.873684e+00 1.947368e+00 4.48341928e-02
1.025641e+00 1.873684e+00 2.152632e+00 2.50000060e-02
1.025641e+00 1.873684e+00 2.357895e+00 1.44314347e-02
1.025641e+00 1.873684e+00 2.563158e+00 8.59122165e-03
1.025641e+00 1.873684e+00 2.768421e+00 5.25777787e-03
1.025641e+00 1.873684e+00 2.973684e+00 3.29905981e-03
1.025641e+00 1.873684e+00 3.178947e+00 2.11754837e-03
1.025641e+00 1.873684e+00 3.384211e+00 1.38761534e-03
1.025641e+00 1.873684e+00 3.589474e+00 9.26718873e-04
1.025641e+00 1.873684e+00 3.794737e+00 6.29808870e-04
1.025641e+00 1.873684e+00 4.000000e+00 4.34973830e-04
1.025641e+00 2.134211e+00 1.000000e-01 2.78062183e+03
1.025641e+00 2.134211e+00 3.052632e-01 4.84021568e+01
1.025641e+00 2.134211e+00 5.105263e-01 8.55848694e+00
1.025641e+00 2.134211e+00 7.157895e-01 2.50934291e+00
1.025641e+00 2.134211e+00 9.210526e-01 9.13443387e-01
1.025641e+00 2.134211e+00 1.126316e+00 3.77649337e-01
1.025641e+00 2.134211e+00 1.331579e+00 1.70587748e-01
1.025641e+00 2.134211e+00 1.536842e+00 8.24573413e-02
1.025641e+00 2.134211e+00 1.742105e+00 4.21082750e-02
1.025641e+00 2.134211e+00 1.947368e+00 2.25205701e-02
1.025641e+00 2.134211e+00 2.152632e+00 1.25343278e-02
1.025641e+00 2.134211e+00 2.357895e+00 7.22451834e-03
1.025641e+00 2.134211e+00 2.563158e+00 4.29537799e-03
1.025641e+00 2.134211e+00 2.768421e+00 2.62593036e-03
1.025641e+00 2.134211e+00 2.973684e+00 1.64617505e-03
1.025641e+00 2.134211e+00 3.178947e+00 1.05579174e-03
1.025641e+00 2.134211e+00 3.384211e+00 6.91384776e-04
1.025641e+00 2.134211e+00 3.589474e+00 4.61468968e-04
1.025641e+00 2.134211e+00 3.794737e+00 3.13456403e-04
1.025641e+00 2.134211e+00 4.000000e+00 2.16388449e-04
1.025641e+00 2.394737e+00 1.000000e-01 1.53133313e+03
1.025641e+00 2.394737e+00 3.052632e-01 2.52234745e+01
1.025641e+00 2.394737e+00 5.105263e-01 4.29846287e+00
1.025641e+00 2.394737e+00 7.157895e-01 1.23659110e+00
1.025641e+00 2.394737e+00 9.210526e-01 4.45255220e-01
1.025641e+00 2.394737e+00 1.126316e+00 1.82805598e-01
1.025641e+00 2.394737e+00 1.331579e+00 8.21786225e-02
1.025641e+00 2.394737e+00 1.536842e+00 3.95835526e-02
1.025641e+00 2.394737e+00 1.742105e+00 2.01601051e-02
1.025641e+00 2.394737e+00 1.947368e+00 1.07595455e-02
1.025641e+00 2.394737e+00 2.152632e+00 5.97839709e-03
1.025641e+00 2.394737e+00 2.357895e+00 3.44106811e-03
1.025641e+00 2.394737e+00 2.563158e+00 2.04357016e-03
1.025641e+00 2.394737e+00 2.768421e+00 1.24810706e-03
1.025641e+00 2.394737e+00 2.973684e+00 7.81788549e-04
1.025641e+00 2.394737e+00 3.178947e+00 5.01056202e-04
1.025641e+00 2.394737e+00 3.384211e+00 3.27917718e-04
1.025641e+00 2.394737e+00 3.589474e+00 2.18754765e-04
1.025641e+00 2.394737e+00 3.794737e+00 1.48522900e-04
1.025641e+00 2.394737e+00 4.000000e+00 1.02487858e-04
1.025641e+00 2.655263e+00 1.000000e-01 7.88907898e+02
1.025641e+00 2.655263e+00 3.052632e-01 1.23976774e+01
1.025641e+00 2.655263e+00 5.105263e-01 2.04376388e+00
1.025641e+00 2.655263e+00 7.157895e-01 5.77759147e-01
1.025641e+00 2.655263e+00 9.210526e-01 2.05944568e-01
1.025641e+00 2.655263e+00 1.126316e+00 8.40120018e-02
1.025641e+00 2.655263e+00 1.331579e+00 3.76004577e-02
1.025641e+00 2.655263e+00 1.536842e+00 1.80532206e-02
1.025641e+00 2.655263e+00 1.742105e+00 9.17226356e-03
1.025641e+00 2.655263e+00 1.947368e+00 4.88597853e-03
1.025641e+00 2.655263e+00 2.152632e+00 2.71068886e-03
1.025641e+00 2.655263e+00 2.357895e+00 1.55828847e-03
1.025641e+00 2.655263e+00 2.563158e+00 9.24474327e-04
1.025641e+00 2.655263e+00 2.768421e+00 5.64131828e-04
1.025641e+00 2.655263e+00 2.973684e+00 3.53100826e-04
1.025641e+00 2.655263e+00 3.178947e+00 2.26163145e-04
1.025641e+00 2.655263e+00 3.384211e+00 1.47932646e-04
1.025641e+00 2.655263e+00 3.589474e+00 9.86396844e-05
1.025641e+00 2.655263e+00 3.794737e+00 6.69433139e-05
1.025641e+00 2.655263e+00 4.000000e+00 4.61773161e-05
1.025641e+00 2.915789e+00 1.000000e-01 3.80134521e+02
1.025641e+00 2.915789e+00 3.052632e-01 5.74219322e+00
1.025641e+00 2.915789e+00 5.105263e-01 9.19230461e-01
1.025641e+00 2.915789e+00 7.157895e-01 2.55777568e-01
1.025641e+00 2.915789e+00 9.210526e-01 9.03391838e-02
1.025641e+00 2.915789e+00 1.126316e+00 3.66375893e-02
1.025641e+00 2.915789e+00 1.331579e+00 1.63319074e-02
1.025641e+00 2.915789e+00 1.536842e+00 7.81869888e-03
1.025641e+00 2.915789e+00 1.742105e+00 3.96370888e-03
1.025641e+00 2.915789e+00 1.947368e+00 2.10781186e-03
1.025641e+00 2.915789e+00 2.152632e+00 1.16778864e-03
1.025641e+00 2.915789e+00 2.357895e+00 6.70573674e-04
1.025641e+00 2.915789e+00 2.563158e+00 3.97457916e-04
1.025641e+00 2.915789e+00 2.768421e+00 2.42348178e-04
1.025641e+00 2.915789e+00 2.973684e+00 1.51590313e-04
1.025641e+00 2.915789e+00 3.178947e+00 9.70398978e-05
1.025641e+00 2.915789e+00 3.384211e+00 6.34425814e-05
1.025641e+00 2.915789e+00 3.589474e+00 4.22849480e-05
1.025641e+00 2.915789e+00 3.794737e+00 2.86866889e-05
1.025641e+00 2.915789e+00 4.000000e+00 1.97815953e-05
1.025641e+00 3.176316e+00 1.000000e-01 1.71292511e+02
1.025641e+00 3.176316e+00 3.052632e-01 2.50404119e+00
1.025641e+00 3.176316e+00 5.105263e-01 3.90793800e-01
1.025641e+00 3.176316e+00 7.157895e-01 1.07222401e-01
1.025641e+00 3.176316e+00 9.210526e-01 3.75606008e-02
1.025641e+00 3.176316e+00 1.126316e+00 1.51533736e-02
1.025641e+00 3.176316e+00 1.331579e+00 6.73071202e-03
1.025641e+00 3.176316e+00 1.536842e+00 3.21388920e-03
1.025641e+00 3.176316e+00 1.742105e+00 1.62609410e-03
1.025641e+00 3.176316e+00 1.947368e+00 8.63400346e-04
1.025641e+00 3.176316e+00 2.152632e+00 4.77765279e-04
1.025641e+00 3.176316e+00 2.357895e+00 2.74072168e-04
1.025641e+00 3.176316e+00 2.563158e+00 1.62312965e-04
1.025641e+00 3.176316e+00 2.768421e+00 9.89013279e-05
1.025641e+00 3.176316e+00 2.973684e+00 6.18273698e-05
1.025641e+00 3.176316e+00 3.178947e+00 3.95586394e-05
1.025641e+00 3.176316e+00 3.384211e+00 2.58515011e-05
1.025641e+00 3.176316e+00 3.589474e+00 1.72237596e-05
1.025641e+00 3.176316e+00 3.794737e+00 1.16810224e-05
1.025641e+00 3.176316e+00 4.000000e+00 8.05262061e-06
1.025641e+00 3.436842e+00 1.000000e-01 7.21730270e+01
1.025641e+00 3.436842e+00 3.052632e-01 1.02722514e+00
1.025641e+00 3.436842e+00 5.105263e-01 1.56897068e-01
1.025641e+00 3.436842e+00 7.157895e-01 4.25272286e-02
1.025641e+00 3.436842e+00 9.210526e-01 1.47909978e-02
1.025641e+00 3.436842e+00 1.126316e+00 5.93991717e-03
1.025641e+00 3.436842e+00 1.331579e+00 2.63005914e-03
1.025641e+00 3.436842e+00 1.536842e+00 1.25298789e-03
1.025641e+00 3.436842e+00 1.742105e+00 6.32871408e-04
1.025641e+00 3.436842e+00 1.947368e+00 3.35583871e-04
1.025641e+00 3.436842e+00 2.152632e+00 1.85498357e-04
1.025641e+00 3.436842e+00 2.357895e+00 1.06319581e-04
1.025641e+00 3.436842e+00 2.563158e+00 6.29200294e-05
1.025641e+00 3.436842e+00 2.768421e+00 3.83156948e-05
1.025641e+00 3.436842e+00 2.973684e+00 2.39405254e-05
1.025641e+00 3.436842e+00 3.178947e+00 1.53110850e-05
1.025641e+00 3.436842e+00 3.384211e+00 1.00019961e-05
1.025641e+00 3.436842e+00 3.589474e+00 6.66173355e-06
1.025641e+00 3.436842e+00 3.794737e+00 4.51664482e-06
1.025641e+00 3.436842e+00 4.000000e+00 3.11289409e-06
1.025641e+00 3.697368e+00 1.000000e-01 2.84314041e+01
1.025641e+00 3.697368e+00 3.052632e-01 3.96080971e-01
1.025641e+00 3.697368e+00 5.105263e-01 5.94276451e-02
1.025641e+00 3.697368e+00 7.157895e-01 1.59432683e-02
1.025641e+00 3.697368e+00 9.210526e-01 5.51127410e-03
1.025641e+00 3.697368e+00 1.126316e+00 2.20460841e-03
1.025641e+00 3.697368e+00 1.331579e+00 9.73524177e-04
1.025641e+00 3.697368e+00 1.536842e+00 4.62893338e-04
1.025641e+00 3.697368e+00 1.742105e+00 2.33459141e-04
1.025641e+00 3.697368e+00 1.947368e+00 1.23651364e-04
1.025641e+00 3.697368e+00 2.152632e+00 6.82875907e-05
1.025641e+00 3.697368e+00 2.357895e+00 3.91103531e-05
1.025641e+00 3.697368e+00 2.563158e+00 2.31313261e-05
1.025641e+00 3.697368e+00 2.768421e+00 1.40787661e-05
1.025641e+00 3.697368e+00 2.973684e+00 8.79290565e-06
1.025641e+00 3.697368e+00 3.178947e+00 5.62137620e-06
1.025641e+00 3.697368e+00 3.384211e+00 3.67099369e-06
1.025641e+00 3.697368e+00 3.589474e+00 2.44435023e-06
1.025641e+00 3.697368e+00 3.794737e+00 1.65686572e-06
1.025641e+00 3.697368e+00 4.000000e+00 1.14167415e-06
1.025641e+00 3.957895e+00 1.000000e-01 1.04704123e+01
1.025641e+00 3.957895e+00 3.052632e-01 1.43428534e-01
1.025641e+00 3.957895e+00 5.105263e-01 2.12123040e-02
1.025641e+00 3.957895e+00 7.157895e-01 5.64297335e-03
1.025641e+00 3.957895e+00 9.210526e-01 1.94080744e-03
1.025641e+00 3.957895e+00 1.126316e+00 7.73828593e-04
1.025641e+00 3.957895e+00 1.331579e+00 3.40945960e-04
1.025641e+00 3.957895e+00 1.536842e+00 1.61850316e-04
1.025641e+00 3.957895e+00 1.742105e+00 8.15287494e-05
1.025641e+00 3.957895e+00 1.947368e+00 4.31403678e-05
1.025641e+00 3.957895e+00 2.152632e+00 2.38064731e-05
1.025641e+00 3.957895e+00 2.357895e+00 1.36262397e-05
1.025641e+00 3.957895e+00 2.563158e+00 8.05494346e-06
1.025641e+00 3.957895e+00 2.768421e+00 4.90049661e-06
1.025641e+00 3.957895e+00 2.973684e+00 3.05949447e-06
1.025641e+00 3.957895e+00 3.178947e+00 1.95535131e-06
1.025641e+00 3.957895e+00 3.384211e+00 1.27658564e-06
1.025641e+00 3.957895e+00 3.589474e+00 8.49822811e-07
1.025641e+00 3.957895e+00 3.794737e+00 5.75922911e-07
1.025641e+00 3.957895e+00 4.000000e+00 3.96772265e-07
1.025641e+00 4.218421e+00 1.000000e-01 3.60439992e+00
1.025641e+00 4.218421e+00 3.052632e-01 4.87385318e-02
1.025641e+00 4.218421e+00 5.105263e-01 7.12694228e-03
1.025641e+00 4.218421e+00 7.157895e-01 1.88318791e-03
1.025641e+00 4.218421e+00 9.210526e-01 6.45056076e-04
1.025641e+00 4.218421e+00 1.126316e+00 2.56516185e-04
1.025641e+00 4.218421e+00 1.331579e+00 1.12815105e-04
1.025641e+00 4.218421e+00 1.536842e+00 5.34839346e-05
1.025641e+00 4.218421e+00 1.742105e+00 2.69146640e-05
1.025641e+00 4.218421e+00 1.947368e+00 1.42306735e-05
1.025641e+00 4.218421e+00 2.152632e+00 7.84816348e-06
1.025641e+00 4.218421e+00 2.357895e+00 4.48983837e-06
1.025641e+00 4.218421e+00 2.563158e+00 2.65299332e-06
1.025641e+00 4.218421e+00 2.768421e+00 1.61347555e-06
1.025641e+00 4.218421e+00 2.973684e+00 1.00703346e-06
1.025641e+00 4.218421e+00 3.178947e+00 6.43441865e-07
1.025641e+00 4.218421e+00 3.384211e+00 4.19991011e-07
1.025641e+00 4.218421e+00 3.589474e+00 2.79535669e-07
1.025641e+00 4.218421e+00 3.794737e+00 1.89409050e-07
1.025641e+00 4.218421e+00 4.000000e+00 1.30471378e-07
1.025641e+00 4.478947e+00 1.000000e-01 1.15976703e+00
1.025641e+00 4.478947e+00 3.052632e-01 1.55297937e-02
1.025641e+00 4.478947e+00 5.105263e-01 2.25124345e-03
1.025641e+00 4.478947e+00 7.157895e-01 5.91750140e-04
1.025641e+00 4.478947e+00 9.210526e-01 2.02050374e-04
1.025641e+00 4.478947e+00 1.126316e+00 8.01826172e-05
1.025641e+00 4.478947e+00 1.331579e+00 3.52137831e-05
1.025641e+00 4.478947e+00 1.536842e+00 1.66770751e-05
1.025641e+00 4.478947e+00 1.742105e+00 8.38581218e-06
1.025641e+00 4.478947e+00 1.947368e+00 4.43115823e-06
1.025641e+00 4.478947e+00 2.152632e+00 2.44258285e-06
1.025641e+00 4.478947e+00 2.357895e+00 1.39681595e-06
1.025641e+00 4.478947e+00 2.563158e+00 8.25091433e-07
1.025641e+00 4.478947e+00 2.768421e+00 5.01660395e-07
1.025641e+00 4.478947e+00 2.973684e+00 3.13032757e-07
1.025641e+00 4.478947e+00 3.178947e+00 1.99971922e-07
1.025641e+00 4.478947e+00 3.384211e+00 1.30504475e-07
1.025641e+00 4.478947e+00 3.589474e+00 8.68475567e-08
1.025641e+00 4.478947e+00 3.794737e+00 5.88389781e-08
1.025641e+00 4.478947e+00 4.000000e+00 4.05256699e-08
1.025641e+00 4.739474e+00 1.000000e-01 3.48775327e-01
1.025641e+00 4.739474e+00 3.052632e-01 4.63672588e-03
1.025641e+00 4.739474e+00 5.105263e-01 6.67804678e-04
1.025641e+00 4.739474e+00 7.157895e-01 1.74843866e-04
1.025641e+00 4.739474e+00 9.210526e-01 5.95557503e-05
1.025641e+00 4.739474e+00 1.126316e+00 2.35972893e-05
1.025641e+00 4.739474e+00 1.331579e+00 1.03519860e-05
1.025641e+00 4.739474e+00 1.536842e+00 4.89877675e-06
1.025641e+00 4.739474e+00 1.742105e+00 2.46180798e-06
1.025641e+00 4.739474e+00 1.947368e+00 1.30023977e-06
1.025641e+00 4.739474e+00 2.152632e+00 7.16463035e-07
1.025641e+00 4.739474e+00 2.357895e+00 4.09593383e-07
1.025641e+00 4.739474e+00 2.563158e+00 2.41884095e-07
1.025641e+00 4.739474e+00 2.768421e+00 1.47035877e-07
1.025641e+00 4.739474e+00 2.973684e+00 9.17332912e-08
1.025641e+00 4.739474e+00 3.178947e+00 5.85922777e-08
1.025641e+00 4.739474e+00 3.384211e+00 3.82331464e-08
1.025641e+00 4.739474e+00 3.589474e+00 2.54403361e-08
1.025641e+00 4.739474e+00 3.794737e+00 1.72340364e-08
1.025641e+00 4.739474e+00 4.000000e+00 1.18689982e-08
1.025641e+00 5.000000e+00 1.000000e-01 9.80242118e-02
1.025641e+00 5.000000e+00 3.052632e-01 1.29641755e-03
1.025641e+00 5.000000e+00 5.105263e-01 1.85836761e-04
1.025641e+00 5.000000e+00 7.157895e-01 4.85149067e-05
1.025641e+00 5.000000e+00 9.210526e-01 1.64959329e-05
1.025641e+00 5.000000e+00 1.126316e+00 6.52847848e-06
1.025641e+00 5.000000e+00 1.331579e+00 2.86170757e-06
1.025641e+00 5.000000e+00 1.536842e+00 1.35343214e-06
1.025641e+00 5.000000e+00 1.742105e+00 6.79846266e-07
1.025641e+00 5.000000e+00 1.947368e+00 3.58947545e-07
1.025641e+00 5.000000e+00 2.152632e+00 1.97734238e-07
1.025641e+00 5.000000e+00 2.357895e+00 1.13016966e-07
1.025641e+00 5.000000e+00 2.563158e+00 6.67295126e-08
1.025641e+00 5.000000e+00 2.768421e+00 4.05570475e-08
1.025641e+00 5.000000e+00 2.973684e+00 2.52995189e-08
1.025641e+00 5.000000e+00 3.178947e+00 1.61575997e-08
1.025641e+00 5.000000e+00 3.384211e+00 1.05422693e-08
1.025641e+00 5.000000e+00 3.589474e+00 7.01423275e-09
1.025641e+00 5.000000e+00 3.794737e+00 4.75130202e-09
1.025641e+00 5.000000e+00 4.000000e+00 3.27198846e-09
1.282051e+00 5.000000e-02 1.000000e-01 2.02233828e+04
1.282051e+00 5.000000e-02 3.052632e-01 1.08327551e+03
1.282051e+00 5.000000e-02 5.105263e-01 3.61377899e+02
1.282051e+00 5.000000e-02 7.157895e-01 1.47955734e+02
1.282051e+00 5.000000e-02 9.210526e-01 6.69756241e+01
1.282051e+00 5.000000e-02 1.126316e+00 3.24360886e+01
1.282051e+00 5.000000e-02 1.331579e+00 1.65479450e+01
1.282051e+00 5.000000e-02 1.536842e+00 8.81382561e+00
1.282051e+00 5.000000e-02 1.742105e+00 4.87202549e+00
1.282051e+00 5.000000e-02 1.947368e+00 2.78290582e+00
1.282051e+00 5.000000e-02 2.152632e+00 1.63706017e+00
1.282051e+00 5.000000e-02 2.357895e+00 9.89037991e-01
1.282051e+00 5.000000e-02 2.563158e+00 6.12249017e-01
1.282051e+00 5.000000e-02 2.768421e+00 3.87562245e-01
1.282051e+00 5.000000e-02 2.973684e+00 2.50427663e-01
1.282051e+00 5.000000e-02 3.178947e+00 1.64918631e-01
1.282051e+00 5.000000e-02 3.384211e+00 1.10534661e-01
1.282051e+00 5.000000e-02 3.589474e+00 7.53036588e-02
1.282051e+00 5.000000e-02 3.794737e+00 5.20875156e-02
1.282051e+00 5.000000e-02 4.000000e+00 3.65426987e-02
1.282051e+00 3.105263e-01 1.000000e-01 1.76262578e+04
1.282051e+00 3.105263e-01 3.052632e-01 6.17091187e+02
1.282051e+00 3.105263e-01 5.105263e-01 1.90853149e+02
1.282051e+00 3.105263e-01 7.157895e-01 7.55965042e+01
1.282051e+00 3.105263e-01 9.210526e-01 3.35398026e+01
1.282051e+00 3.105263e-01 1.126316e+00 1.60176849e+01
1.282051e+00 3.105263e-01 1.331579e+00 8.08658791e+00
1.282051e+00 3.105263e-01 1.536842e+00 4.27185631e+00
1.282051e+00 3.105263e-01 1.742105e+00 2.34572029e+00
1.282051e+00 3.105263e-01 1.947368e+00 1.33254158e+00
1.282051e+00 3.105263e-01 2.152632e+00 7.80274630e-01
1.282051e+00 3.105263e-01 2.357895e+00 4.69563425e-01
1.282051e+00 3.105263e-01 2.563158e+00 2.89701462e-01
1.282051e+00 3.105263e-01 2.768421e+00 1.82851344e-01
1.282051e+00 3.105263e-01 2.973684e+00 1.17852025e-01
1.282051e+00 3.105263e-01 3.178947e+00 7.74387494e-02
1.282051e+00 3.105263e-01 3.384211e+00 5.18005751e-02
1.282051e+00 3.105263e-01 3.589474e+00 3.52287404e-02
1.282051e+00 3.105263e-01 3.794737e+00 2.43300628e-02
1.282051e+00 3.105263e-01 4.000000e+00 1.70454942e-02
1.282051e+00 5.710526e-01 1.000000e-01 1.51592100e+04
1.282051e+00 5.710526e-01 3.052632e-01 4.16024963e+02
1.282051e+00 5.710526e-01 5.105263e-01 1.21425385e+02
1.282051e+00 5.710526e-01 7.157895e-01 4.68814926e+01
1.282051e+00 5.710526e-01 9.210526e-01 2.04824486e+01
1.282051e+00 5.710526e-01 1.126316e+00 9.67870617e+00
1.282051e+00 5.710526e-01 1.331579e+00 4.84793806e+00
1.282051e+00 5.710526e-01 1.536842e+00 2.54530358e+00
1.282051e+00 5.710526e-01 1.742105e+00 1.39076197e+00
1.282051e+00 5.710526e-01 1.947368e+00 7.86850333e-01
1.282051e+00 5.710526e-01 2.152632e+00 4.59175795e-01
1.282051e+00 5.710526e-01 2.357895e+00 2.75531083e-01
1.282051e+00 5.710526e-01 2.563158e+00 1.69570759e-01
1.282051e+00 5.710526e-01 2.768421e+00 1.06799319e-01
1.282051e+00 5.710526e-01 2.973684e+00 6.87062815e-02
1.282051e+00 5.710526e-01 3.178947e+00 4.50723097e-02
1.282051e+00 5.710526e-01 3.384211e+00 3.01064458e-02
1.282051e+00 5.710526e-01 3.589474e+00 2.04490498e-02
1.282051e+00 5.710526e-01 3.794737e+00 1.41067309e-02
1.282051e+00 5.710526e-01 4.000000e+00 9.87311546e-03
1.282051e+00 8.315790e-01 1.000000e-01 1.23493877e+04
1.282051e+00 8.315790e-01 3.052632e-01 2.81788361e+02
1.282051e+00 8.315790e-01 5.105263e-01 7.81012344e+01
1.282051e+00 8.315790e-01 7.157895e-01 2.94787254e+01
1.282051e+00 8.315790e-01 9.210526e-01 1.27083187e+01
1.282051e+00 8.315790e-01 1.126316e+00 5.95099115e+00
1.282051e+00 8.315790e-01 1.331579e+00 2.96101665e+00
1.282051e+00 8.315790e-01 1.536842e+00 1.54665804e+00
1.282051e+00 8.315790e-01 1.742105e+00 8.41640353e-01
1.282051e+00 8.315790e-01 1.947368e+00 4.74577248e-01
1.282051e+00 8.315790e-01 2.152632e+00 2.76171476e-01
1.282051e+00 8.315790e-01 2.357895e+00 1.65327191e-01
1.282051e+00 8.315790e-01 2.563158e+00 1.01542570e-01
1.282051e+00 8.315790e-01 2.768421e+00 6.38425276e-02
1.282051e+00 8.315790e-01 2.973684e+00 4.10090499e-02
1.282051e+00 8.315790e-01 3.178947e+00 2.68669445e-02
1.282051e+00 8.315790e-01 3.384211e+00 1.79251917e-02
1.282051e+00 8.315790e-01 3.589474e+00 1.21627059e-02
1.282051e+00 8.315790e-01 3.794737e+00 8.38278607e-03
1.282051e+00 8.315790e-01 4.000000e+00 5.86223649e-03
1.282051e+00 1.092105e+00 1.000000e-01 9.46031055e+03
1.282051e+00 1.092105e+00 3.052632e-01 1.85376251e+02
1.282051e+00 1.092105e+00 5.105263e-01 4.89576225e+01
1.282051e+00 1.092105e+00 7.157895e-01 1.80950890e+01
1.282051e+00 1.092105e+00 9.210526e-01 7.70692539e+00
1.282051e+00 1.092105e+00 1.126316e+00 3.57997227e+00
1.282051e+00 1.092105e+00 1.331579e+00 1.77089882e+00
1.282051e+00 1.092105e+00 1.536842e+00 9.20890450e-01
1.282051e+00 1.092105e+00 1.742105e+00 4.99349028e-01
1.282051e+00 1.092105e+00 1.947368e+00 2.80760467e-01
1.282051e+00 1.092105e+00 2.152632e+00 1.62994251e-01
1.282051e+00 1.092105e+00 2.357895e+00 9.73790064e-02
1.282051e+00 1.092105e+00 2.563158e+00 5.97072579e-02
1.282051e+00 1.092105e+00 2.768421e+00 3.74843590e-02
1.282051e+00 1.092105e+00 2.973684e+00 2.40473617e-02
1.282051e+00 1.092105e+00 3.178947e+00 1.57370493e-02
1.282051e+00 1.092105e+00 3.384211e+00 1.04892524e-02
1.282051e+00 1.092105e+00 3.589474e+00 7.11110700e-03
1.282051e+00 1.092105e+00 3.794737e+00 4.89738351e-03
1.282051e+00 1.092105e+00 4.000000e+00 3.42249312e-03
1.282051e+00 1.352632e+00 1.000000e-01 6.79735254e+03
1.282051e+00 1.352632e+00 3.052632e-01 1.16973564e+02
1.282051e+00 1.352632e+00 5.105263e-01 2.95106716e+01
1.282051e+00 1.352632e+00 7.157895e-01 1.06937113e+01
1.282051e+00 1.352632e+00 9.210526e-01 4.50389242e+00
1.282051e+00 1.352632e+00 1.126316e+00 2.07684565e+00
1.282051e+00 1.352632e+00 1.331579e+00 1.02198601e+00
1.282051e+00 1.352632e+00 1.536842e+00 5.29347658e-01
1.282051e+00 1.352632e+00 1.742105e+00 2.86144882e-01
1.282051e+00 1.352632e+00 1.947368e+00 1.60481691e-01
1.282051e+00 1.352632e+00 2.152632e+00 9.29739401e-02
1.282051e+00 1.352632e+00 2.357895e+00 5.54497838e-02
1.282051e+00 1.352632e+00 2.563158e+00 3.39484923e-02
1.282051e+00 1.352632e+00 2.768421e+00 2.12860238e-02
1.282051e+00 1.352632e+00 2.973684e+00 1.36407362e-02
1.282051e+00 1.352632e+00 3.178947e+00 8.91823135e-03
1.282051e+00 1.352632e+00 3.384211e+00 5.93934441e-03
1.282051e+00 1.352632e+00 3.589474e+00 4.02356545e-03
1.282051e+00 1.352632e+00 3.794737e+00 2.76920944e-03
1.282051e+00 1.352632e+00 4.000000e+00 1.93412125e-03
1.282051e+00 1.613158e+00 1.000000e-01 4.57526611e+03
1.282051e+00 1.613158e+00 3.052632e-01 7.03699875e+01
1.282051e+00 1.613158e+00 5.105263e-01 1.69972248e+01
1.282051e+00 1.613158e+00 7.157895e-01 6.04450178e+00
1.282051e+00 1.613158e+00 9.210526e-01 2.51927257e+00
1.282051e+00 1.613158e+00 1.126316e+00 1.15388536e+00
1.282051e+00 1.613158e+00 1.331579e+00 5.65117896e-01
1.282051e+00 1.613158e+00 1.536842e+00 2.91669726e-01
1.282051e+00 1.613158e+00 1.742105e+00 1.57228574e-01
1.282051e+00 1.613158e+00 1.947368e+00 8.79840776e-02
1.282051e+00 1.613158e+00 2.152632e+00 5.08797653e-02
1.282051e+00 1.613158e+00 2.357895e+00 3.02984826e-02
1.282051e+00 1.613158e+00 2.563158e+00 1.85259897e-02
1.282051e+00 1.613158e+00 2.768421e+00 1.16031300e-02
1.282051e+00 1.613158e+00 2.973684e+00 7.42857950e-03
1.282051e+00 1.613158e+00 3.178947e+00 4.85274475e-03
1.282051e+00 1.613158e+00 3.384211e+00 3.22947791e-03
1.282051e+00 1.613158e+00 3.589474e+00 2.18639756e-03
1.282051e+00 1.613158e+00 3.794737e+00 1.50393089e-03
1.282051e+00 1.613158e+00 4.000000e+00 1.04987808e-03
1.282051e+00 1.873684e+00 1.000000e-01 2.88294141e+03
1.282051e+00 1.873684e+00 3.052632e-01 4.02209206e+01
1.282051e+00 1.873684e+00 5.105263e-01 9.32244492e+00
1.282051e+00 1.873684e+00 7.157895e-01 3.25632906e+00
1.282051e+00 1.873684e+00 9.210526e-01 1.34391057e+00
1.282051e+00 1.873684e+00 1.126316e+00 6.11707687e-01
1.282051e+00 1.873684e+00 1.331579e+00 2.98283398e-01
1.282051e+00 1.873684e+00 1.536842e+00 1.53454229e-01
1.282051e+00 1.873684e+00 1.742105e+00 8.25152323e-02
1.282051e+00 1.873684e+00 1.947368e+00 4.60829549e-02
1.282051e+00 1.873684e+00 2.152632e+00 2.66056284e-02
1.282051e+00 1.873684e+00 2.357895e+00 1.58219486e-02
1.282051e+00 1.873684e+00 2.563158e+00 9.66325589e-03
1.282051e+00 1.873684e+00 2.768421e+00 6.04637293e-03
1.282051e+00 1.873684e+00 2.973684e+00 3.86776053e-03
1.282051e+00 1.873684e+00 3.178947e+00 2.52478989e-03
1.282051e+00 1.873684e+00 3.384211e+00 1.67916843e-03
1.282051e+00 1.873684e+00 3.589474e+00 1.13618281e-03
1.282051e+00 1.873684e+00 3.794737e+00 7.81149953e-04
1.282051e+00 1.873684e+00 4.000000e+00 5.45072777e-04
1.282051e+00 2.134211e+00 1.000000e-01 1.69984961e+03
1.282051e+00 2.134211e+00 3.052632e-01 2.17931404e+01
1.282051e+00 2.134211e+00 5.105263e-01 4.85916758e+00
1.282051e+00 2.134211e+00 7.157895e-01 1.66865706e+00
1.282051e+00 2.134211e+00 9.210526e-01 6.82317436e-01
1.282051e+00 2.134211e+00 1.126316e+00 3.08769435e-01
1.282051e+00 2.134211e+00 1.331579e+00 1.49960384e-01
1.282051e+00 2.134211e+00 1.536842e+00 7.69208148e-02
1.282051e+00 2.134211e+00 1.742105e+00 4.12680618e-02
1.282051e+00 2.134211e+00 1.947368e+00 2.30058432e-02
1.282051e+00 2.134211e+00 2.152632e+00 1.32627767e-02
1.282051e+00 2.134211e+00 2.357895e+00 7.87760504e-03
1.282051e+00 2.134211e+00 2.563158e+00 4.80632344e-03
1.282051e+00 2.134211e+00 2.768421e+00 3.00473627e-03
1.282051e+00 2.134211e+00 2.973684e+00 1.92064582e-03
1.282051e+00 2.134211e+00 3.178947e+00 1.25294540e-03
1.282051e+00 2.134211e+00 3.384211e+00 8.32831312e-04
1.282051e+00 2.134211e+00 3.589474e+00 5.63241949e-04
1.282051e+00 2.134211e+00 3.794737e+00 3.87071137e-04
1.282051e+00 2.134211e+00 4.000000e+00 2.69987388e-04
1.282051e+00 2.394737e+00 1.000000e-01 9.37590088e+02
1.282051e+00 2.394737e+00 3.052632e-01 1.11765041e+01
1.282051e+00 2.394737e+00 5.105263e-01 2.40390897e+00
1.282051e+00 2.394737e+00 7.157895e-01 8.12370837e-01
1.282051e+00 2.394737e+00 9.210526e-01 3.29306453e-01
1.282051e+00 2.394737e+00 1.126316e+00 1.48217469e-01
1.282051e+00 2.394737e+00 1.331579e+00 7.17190802e-02
1.282051e+00 2.394737e+00 1.536842e+00 3.66883725e-02
1.282051e+00 2.394737e+00 1.742105e+00 1.96427256e-02
1.282051e+00 2.394737e+00 1.947368e+00 1.09323896e-02
1.282051e+00 2.394737e+00 2.152632e+00 6.29413966e-03
1.282051e+00 2.394737e+00 2.357895e+00 3.73439258e-03
1.282051e+00 2.394737e+00 2.563158e+00 2.27635726e-03
1.282051e+00 2.394737e+00 2.768421e+00 1.42198463e-03
1.282051e+00 2.394737e+00 2.973684e+00 9.08332760e-04
1.282051e+00 2.394737e+00 3.178947e+00 5.92214987e-04
1.282051e+00 2.394737e+00 3.384211e+00 3.93445487e-04
1.282051e+00 2.394737e+00 3.589474e+00 2.65969313e-04
1.282051e+00 2.394737e+00 3.794737e+00 1.82708158e-04
1.282051e+00 2.394737e+00 4.000000e+00 1.27397594e-04
1.282051e+00 2.655263e+00 1.000000e-01 4.83670807e+02
1.282051e+00 2.655263e+00 3.052632e-01 5.41834593e+00
1.282051e+00 2.655263e+00 5.105263e-01 1.12770092e+00
1.282051e+00 2.655263e+00 7.157895e-01 3.75441790e-01
1.282051e+00 2.655263e+00 9.210526e-01 1.50966659e-01
1.282051e+00 2.655263e+00 1.126316e+00 6.76097646e-02
1.282051e+00 2.655263e+00 1.331579e+00 3.26037854e-02
1.282051e+00 2.655263e+00 1.536842e+00 1.66375395e-02
1.282051e+00 2.655263e+00 1.742105e+00 8.89088120e-03
1.282051e+00 2.655263e+00 1.947368e+00 4.94100153e-03
1.282051e+00 2.655263e+00 2.152632e+00 2.84129474e-03
1.282051e+00 2.655263e+00 2.357895e+00 1.68410980e-03
1.282051e+00 2.655263e+00 2.563158e+00 1.02572667e-03
1.282051e+00 2.655263e+00 2.768421e+00 6.40297134e-04
1.282051e+00 2.655263e+00 2.973684e+00 4.08763095e-04
1.282051e+00 2.655263e+00 3.178947e+00 2.66366929e-04
1.282051e+00 2.655263e+00 3.384211e+00 1.76884510e-04
1.282051e+00 2.655263e+00 3.589474e+00 1.19526580e-04
1.282051e+00 2.655263e+00 3.794737e+00 8.20805581e-05
1.282051e+00 2.655263e+00 4.000000e+00 5.72149293e-05
1.282051e+00 2.915789e+00 1.000000e-01 2.33319427e+02
1.282051e+00 2.915789e+00 3.052632e-01 2.48041630e+00
1.282051e+00 2.915789e+00 5.105263e-01 5.01234591e-01
1.282051e+00 2.915789e+00 7.157895e-01 1.64607450e-01
1.282051e+00 2.915789e+00 9.210526e-01 6.57010302e-02
1.282051e+00 2.915789e+00 1.126316e+00 2.92897560e-02
1.282051e+00 2.915789e+00 1.331579e+00 1.40809016e-02
1.282051e+00 2.915789e+00 1.536842e+00 7.16933608e-03
1.282051e+00 2.915789e+00 1.742105e+00 3.82468686e-03
1.282051e+00 2.915789e+00 1.947368e+00 2.12268997e-03
1.282051e+00 2.915789e+00 2.152632e+00 1.21932267e-03
1.282051e+00 2.915789e+00 2.357895e+00 7.22085650e-04
1.282051e+00 2.915789e+00 2.563158e+00 4.39467985e-04
1.282051e+00 2.915789e+00 2.768421e+00 2.74160382e-04
1.282051e+00 2.915789e+00 2.973684e+00 1.74928631e-04
1.282051e+00 2.915789e+00 3.178947e+00 1.13937975e-04
1.282051e+00 2.915789e+00 3.384211e+00 7.56315567e-05
1.282051e+00 2.915789e+00 3.589474e+00 5.10886239e-05
1.282051e+00 2.915789e+00 3.794737e+00 3.50723640e-05
1.282051e+00 2.915789e+00 4.000000e+00 2.44407438e-05
1.282051e+00 3.176316e+00 1.000000e-01 1.05234581e+02
1.282051e+00 3.176316e+00 3.052632e-01 1.07109988e+00
1.282051e+00 3.176316e+00 5.105263e-01 2.10910812e-01
1.282051e+00 3.176316e+00 7.157895e-01 6.84199706e-02
1.282051e+00 3.176316e+00 9.210526e-01 2.71274131e-02
1.282051e+00 3.176316e+00 1.126316e+00 1.20439185e-02
1.282051e+00 3.176316e+00 1.331579e+00 5.77400252e-03
1.282051e+00 3.176316e+00 1.536842e+00 2.93395831e-03
1.282051e+00 3.176316e+00 1.742105e+00 1.56283134e-03
1.282051e+00 3.176316e+00 1.947368e+00 8.66332848e-04
1.282051e+00 3.176316e+00 2.152632e+00 4.97165893e-04
1.282051e+00 3.176316e+00 2.357895e+00 2.94190395e-04
1.282051e+00 3.176316e+00 2.563158e+00 1.78928996e-04
1.282051e+00 3.176316e+00 2.768421e+00 1.11562076e-04
1.282051e+00 3.176316e+00 2.973684e+00 7.11485409e-05
1.282051e+00 3.176316e+00 3.178947e+00 4.63228571e-05
1.282051e+00 3.176316e+00 3.384211e+00 3.07379305e-05
1.282051e+00 3.176316e+00 3.589474e+00 2.07568100e-05
1.282051e+00 3.176316e+00 3.794737e+00 1.42456356e-05
1.282051e+00 3.176316e+00 4.000000e+00 9.92490641e-06
1.282051e+00 3.436842e+00 1.000000e-01 4.43737221e+01
1.282051e+00 3.436842e+00 3.052632e-01 4.35853243e-01
1.282051e+00 3.436842e+00 5.105263e-01 8.39389712e-02
1.282051e+00 3.436842e+00 7.157895e-01 2.69392859e-02
1.282051e+00 3.436842e+00 9.210526e-01 1.06184939e-02
1.282051e+00 3.436842e+00 1.126316e+00 4.69732052e-03
1.282051e+00 3.436842e+00 1.331579e+00 2.24645250e-03
1.282051e+00 3.436842e+00 1.536842e+00 1.13949075e-03
1.282051e+00 3.436842e+00 1.742105e+00 6.06163405e-04
1.282051e+00 3.436842e+00 1.947368e+00 3.35667515e-04
1.282051e+00 3.436842e+00 2.152632e+00 1.92468971e-04
1.282051e+00 3.436842e+00 2.357895e+00 1.13812028e-04
1.282051e+00 3.436842e+00 2.563158e+00 6.91817477e-05
1.282051e+00 3.436842e+00 2.768421e+00 4.31136796e-05
1.282051e+00 3.436842e+00 2.973684e+00 2.74842187e-05
1.282051e+00 3.436842e+00 3.178947e+00 1.78878308e-05
1.282051e+00 3.436842e+00 3.384211e+00 1.18659182e-05
1.282051e+00 3.436842e+00 3.589474e+00 8.01068563e-06
1.282051e+00 3.436842e+00 3.794737e+00 5.49649758e-06
1.282051e+00 3.436842e+00 4.000000e+00 3.82858570e-06
1.282051e+00 3.697368e+00 1.000000e-01 1.74909439e+01
1.282051e+00 3.697368e+00 3.052632e-01 1.66960314e-01
1.282051e+00 3.697368e+00 5.105263e-01 3.15624289e-02
1.282051e+00 3.697368e+00 7.157895e-01 1.00373523e-02
1.282051e+00 3.697368e+00 9.210526e-01 3.93648120e-03
1.282051e+00 3.697368e+00 1.126316e+00 1.73598260e-03
1.282051e+00 3.697368e+00 1.331579e+00 8.28478544e-04
1.282051e+00 3.697368e+00 1.536842e+00 4.19602176e-04
1.282051e+00 3.697368e+00 1.742105e+00 2.22956325e-04
1.282051e+00 3.697368e+00 1.947368e+00 1.23353195e-04
1.282051e+00 3.697368e+00 2.152632e+00 7.06788560e-05
1.282051e+00 3.697368e+00 2.357895e+00 4.17696174e-05
1.282051e+00 3.697368e+00 2.563158e+00 2.53775197e-05
1.282051e+00 3.697368e+00 2.768421e+00 1.58085550e-05
1.282051e+00 3.697368e+00 2.973684e+00 1.00740926e-05
1.282051e+00 3.697368e+00 3.178947e+00 6.55459326e-06
1.282051e+00 3.697368e+00 3.384211e+00 4.34684534e-06
1.282051e+00 3.697368e+00 3.589474e+00 2.93386938e-06
1.282051e+00 3.697368e+00 3.794737e+00 2.01265334e-06
1.282051e+00 3.697368e+00 4.000000e+00 1.40165957e-06
1.282051e+00 3.957895e+00 1.000000e-01 6.44444847e+00
1.282051e+00 3.957895e+00 3.052632e-01 6.01459593e-02
1.282051e+00 3.957895e+00 5.105263e-01 1.11993654e-02
1.282051e+00 3.957895e+00 7.157895e-01 3.53466743e-03
1.282051e+00 3.957895e+00 9.210526e-01 1.38043030e-03
1.282051e+00 3.957895e+00 1.126316e+00 6.07188791e-04
1.282051e+00 3.957895e+00 1.331579e+00 2.89265823e-04
1.282051e+00 3.957895e+00 1.536842e+00 1.46320162e-04
1.282051e+00 3.957895e+00 1.742105e+00 7.76733650e-05
1.282051e+00 3.957895e+00 1.947368e+00 4.29415595e-05
1.282051e+00 3.957895e+00 2.152632e+00 2.45898209e-05
1.282051e+00 3.957895e+00 2.357895e+00 1.45248414e-05
1.282051e+00 3.957895e+00 2.563158e+00 8.82107906e-06
1.282051e+00 3.957895e+00 2.768421e+00 5.49304150e-06
1.282051e+00 3.957895e+00 2.973684e+00 3.49943343e-06
1.282051e+00 3.957895e+00 3.178947e+00 2.27628357e-06
1.282051e+00 3.957895e+00 3.384211e+00 1.50923836e-06
1.282051e+00 3.957895e+00 3.589474e+00 1.01845012e-06
1.282051e+00 3.957895e+00 3.794737e+00 6.98543829e-07
1.282051e+00 3.957895e+00 4.000000e+00 4.86408908e-07
1.282051e+00 4.218421e+00 1.000000e-01 2.21928692e+00
1.282051e+00 4.218421e+00 3.052632e-01 2.03558579e-02
1.282051e+00 4.218421e+00 5.105263e-01 3.74513399e-03
1.282051e+00 4.218421e+00 7.157895e-01 1.17482617e-03
1.282051e+00 4.218421e+00 9.210526e-01 4.57261020e-04
1.282051e+00 4.218421e+00 1.126316e+00 2.00704933e-04
1.282051e+00 4.218421e+00 1.331579e+00 9.54801508e-05
1.282051e+00 4.218421e+00 1.536842e+00 4.82473879e-05
1.282051e+00 4.218421e+00 1.742105e+00 2.55920040e-05
1.282051e+00 4.218421e+00 1.947368e+00 1.41398868e-05
1.282051e+00 4.218421e+00 2.152632e+00 8.09302583e-06
1.282051e+00 4.218421e+00 2.357895e+00 4.77851745e-06
1.282051e+00 4.218421e+00 2.563158e+00 2.90106595e-06
1.282051e+00 4.218421e+00 2.768421e+00 1.80603547e-06
1.282051e+00 4.218421e+00 2.973684e+00 1.15028593e-06
1.282051e+00 4.218421e+00 3.178947e+00 7.48072239e-07
1.282051e+00 4.218421e+00 3.384211e+00 4.95903123e-07
1.282051e+00 4.218421e+00 3.589474e+00 3.34588066e-07
1.282051e+00 4.218421e+00 3.794737e+00 2.29458081e-07
1.282051e+00 4.218421e+00 4.000000e+00 1.59756411e-07
1.282051e+00 4.478947e+00 1.000000e-01 7.14283109e-01
1.282051e+00 4.478947e+00 3.052632e-01 6.46621408e-03
1.282051e+00 4.478947e+00 5.105263e-01 1.17871829e-03
1.282051e+00 4.478947e+00 7.157895e-01 3.68000678e-04
1.282051e+00 4.478947e+00 9.210526e-01 1.42850608e-04
1.282051e+00 4.478947e+00 1.126316e+00 6.25973043e-05
1.282051e+00 4.478947e+00 1.331579e+00 2.97456590e-05
1.282051e+00 4.478947e+00 1.536842e+00 1.50187270e-05
1.282051e+00 4.478947e+00 1.742105e+00 7.96154927e-06
1.282051e+00 4.478947e+00 1.947368e+00 4.39674295e-06
1.282051e+00 4.478947e+00 2.152632e+00 2.51552592e-06
1.282051e+00 4.478947e+00 2.357895e+00 1.48481888e-06
1.282051e+00 4.478947e+00 2.563158e+00 9.01204260e-07
1.282051e+00 4.478947e+00 2.768421e+00 5.60912497e-07
1.282051e+00 4.478947e+00 2.973684e+00 3.57184035e-07
1.282051e+00 4.478947e+00 3.178947e+00 2.32251409e-07
1.282051e+00 4.478947e+00 3.384211e+00 1.53939226e-07
1.282051e+00 4.478947e+00 3.589474e+00 1.03850567e-07
1.282051e+00 4.478947e+00 3.794737e+00 7.12121846e-08
1.282051e+00 4.478947e+00 4.000000e+00 4.95754371e-08
1.282051e+00 4.739474e+00 1.000000e-01 2.14848772e-01
1.282051e+00 4.739474e+00 3.052632e-01 1.92623236e-03
1.282051e+00 4.739474e+00 5.105263e-01 3.48701520e-04
1.282051e+00 4.739474e+00 7.157895e-01 1.08474000e-04
1.282051e+00 4.739474e+00 9.210526e-01 4.20221004e-05
1.282051e+00 4.739474e+00 1.126316e+00 1.83908796e-05
1.282051e+00 4.739474e+00 1.331579e+00 8.73169392e-06
1.282051e+00 4.739474e+00 1.536842e+00 4.40594931e-06
1.282051e+00 4.739474e+00 1.742105e+00 2.33453670e-06
1.282051e+00 4.739474e+00 1.947368e+00 1.28876979e-06
1.282051e+00 4.739474e+00 2.152632e+00 7.37131870e-07
1.282051e+00 4.739474e+00 2.357895e+00 4.34995513e-07
1.282051e+00 4.739474e+00 2.563158e+00 2.63965234e-07
1.282051e+00 4.739474e+00 2.768421e+00 1.64264847e-07
1.282051e+00 4.739474e+00 2.973684e+00 1.04587123e-07
1.282051e+00 4.739474e+00 3.178947e+00 6.79971066e-08
1.282051e+00 4.739474e+00 3.384211e+00 4.50644535e-08
1.282051e+00 4.739474e+00 3.589474e+00 3.03984855e-08
1.282051e+00 4.739474e+00 3.794737e+00 2.08430286e-08
1.282051e+00 4.739474e+00 4.000000e+00 1.45091157e-08
1.282051e+00 5.000000e+00 1.000000e-01 6.03925325e-02
1.282051e+00 5.000000e+00 3.052632e-01 5.37683780e-04
1.282051e+00 5.000000e+00 5.105263e-01 9.68435197e-05
1.282051e+00 5.000000e+00 7.157895e-01 3.00461961e-05
1.282051e+00 5.000000e+00 9.210526e-01 1.16222755e-05
1.282051e+00 5.000000e+00 1.126316e+00 5.08171252e-06
1.282051e+00 5.000000e+00 1.331579e+00 2.41118596e-06
1.282051e+00 5.000000e+00 1.536842e+00 1.21610947e-06
1.282051e+00 5.000000e+00 1.742105e+00 6.44146326e-07
1.282051e+00 5.000000e+00 1.947368e+00 3.55501356e-07
1.282051e+00 5.000000e+00 2.152632e+00 2.03289872e-07
1.282051e+00 5.000000e+00 2.357895e+00 1.19943721e-07
1.282051e+00 5.000000e+00 2.563158e+00 7.27737657e-08
1.282051e+00 5.000000e+00 2.768421e+00 4.52811477e-08
1.282051e+00 5.000000e+00 2.973684e+00 2.88272961e-08
1.282051e+00 5.000000e+00 3.178947e+00 1.87402769e-08
1.282051e+00 5.000000e+00 3.384211e+00 1.24189299e-08
1.282051e+00 5.000000e+00 3.589474e+00 8.37665848e-09
1.282051e+00 5.000000e+00 3.794737e+00 5.74319081e-09
1.282051e+00 5.000000e+00 4.000000e+00 3.99769595e-09
1.538462e+00 5.000000e-02 1.000000e-01 1.85210957e+04
1.538462e+00 5.000000e-02 3.052632e-01 5.65056274e+02
1.538462e+00 5.000000e-02 5.105263e-01 2.24258530e+02
1.538462e+00 5.000000e-02 7.157895e-01 1.03696434e+02
1.538462e+00 5.000000e-02 9.210526e-01 5.16026230e+01
1.538462e+00 5.000000e-02 1.126316e+00 2.69860096e+01
1.538462e+00 5.000000e-02 1.331579e+00 1.46726103e+01
1.538462e+00 5.000000e-02 1.536842e+00 8.24483585e+00
1.538462e+00 5.000000e-02 1.742105e+00 4.76957178e+00
1.538462e+00 5.000000e-02 1.947368e+00 2.83259106e+00
1.538462e+00 5.000000e-02 2.152632e+00 1.72319388e+00
1.538462e+00 5.000000e-02 2.357895e+00 1.07183242e+00
1.538462e+00 5.000000e-02 2.563158e+00 6.80554688e-01
1.538462e+00 5.000000e-02 2.768421e+00 4.40475941e-01
1.538462e+00 5.000000e-02 2.973684e+00 2.90230393e-01
1.538462e+00 5.000000e-02 3.178947e+00 1.94453478e-01
1.538462e+00 5.000000e-02 3.384211e+00 1.32334873e-01
1.538462e+00 5.000000e-02 3.589474e+00 9.13878083e-02
1.538462e+00 5.000000e-02 3.794737e+00 6.39831275e-02
1.538462e+00 5.000000e-02 4.000000e+00 4.53767106e-02
1.538462e+00 3.105263e-01 1.000000e-01 1.68871621e+04
1.538462e+00 3.105263e-01 3.052632e-01 3.00976349e+02
1.538462e+00 3.105263e-01 5.105263e-01 1.12941055e+02
1.538462e+00 3.105263e-01 7.157895e-01 5.10323143e+01
1.538462e+00 3.105263e-01 9.210526e-01 2.50394459e+01
1.538462e+00 3.105263e-01 1.126316e+00 1.29649820e+01
1.538462e+00 3.105263e-01 1.331579e+00 6.99596310e+00
1.538462e+00 3.105263e-01 1.536842e+00 3.90740848e+00
1.538462e+00 3.105263e-01 1.742105e+00 2.24916887e+00
1.538462e+00 3.105263e-01 1.947368e+00 1.33016837e+00
1.538462e+00 3.105263e-01 2.152632e+00 8.06313217e-01
1.538462e+00 3.105263e-01 2.357895e+00 4.99981850e-01
1.538462e+00 3.105263e-01 2.563158e+00 3.16609234e-01
1.538462e+00 3.105263e-01 2.768421e+00 2.04435602e-01
1.538462e+00 3.105263e-01 2.973684e+00 1.34423479e-01
1.538462e+00 3.105263e-01 3.178947e+00 8.98981318e-02
1.538462e+00 3.105263e-01 3.384211e+00 6.10797182e-02
1.538462e+00 3.105263e-01 3.589474e+00 4.21186201e-02
1.538462e+00 3.105263e-01 3.794737e+00 2.94496100e-02
1.538462e+00 3.105263e-01 4.000000e+00 2.08609831e-02
1.538462e+00 5.710526e-01 1.000000e-01 1.48028994e+04
1.538462e+00 5.710526e-01 3.052632e-01 1.93728363e+02
1.538462e+00 5.710526e-01 5.105263e-01 6.94579697e+01
1.538462e+00 5.710526e-01 7.157895e-01 3.08129997e+01
1.538462e+00 5.710526e-01 9.210526e-01 1.49532404e+01
1.538462e+00 5.710526e-01 1.126316e+00 7.68356657e+00
1.538462e+00 5.710526e-01 1.331579e+00 4.12226057e+00
1.538462e+00 5.710526e-01 1.536842e+00 2.29190373e+00
1.538462e+00 5.710526e-01 1.742105e+00 1.31434298e+00
1.538462e+00 5.710526e-01 1.947368e+00 7.74886131e-01
1.538462e+00 5.710526e-01 2.152632e+00 4.68470961e-01
1.538462e+00 5.710526e-01 2.357895e+00 2.89828449e-01
1.538462e+00 5.710526e-01 2.563158e+00 1.83166936e-01
1.538462e+00 5.710526e-01 2.768421e+00 1.18066929e-01
1.538462e+00 5.710526e-01 2.973684e+00 7.75143653e-02
1.538462e+00 5.710526e-01 3.178947e+00 5.17686717e-02
1.538462e+00 5.710526e-01 3.384211e+00 3.51309218e-02
1.538462e+00 5.710526e-01 3.589474e+00 2.41992008e-02
1.538462e+00 5.710526e-01 3.794737e+00 1.69038214e-02
1.538462e+00 5.710526e-01 4.000000e+00 1.19636850e-02
1.538462e+00 8.315790e-01 1.000000e-01 1.22088701e+04
1.538462e+00 8.315790e-01 3.052632e-01 1.26418198e+02
1.538462e+00 8.315790e-01 5.105263e-01 4.34512100e+01
1.538462e+00 8.315790e-01 7.157895e-01 1.89601746e+01
1.538462e+00 8.315790e-01 9.210526e-01 9.11310101e+00
1.538462e+00 8.315790e-01 1.126316e+00 4.65212440e+00
1.538462e+00 8.315790e-01 1.331579e+00 2.48377466e+00
1.538462e+00 8.315790e-01 1.536842e+00 1.37568915e+00
1.538462e+00 8.315790e-01 1.742105e+00 7.86484420e-01
1.538462e+00 8.315790e-01 1.947368e+00 4.62490618e-01
1.538462e+00 8.315790e-01 2.152632e+00 2.78999746e-01
1.538462e+00 8.315790e-01 2.357895e+00 1.72286972e-01
1.538462e+00 8.315790e-01 2.563158e+00 1.08707055e-01
1.538462e+00 8.315790e-01 2.768421e+00 6.99720234e-02
1.538462e+00 8.315790e-01 2.973684e+00 4.58818302e-02
1.538462e+00 8.315790e-01 3.178947e+00 3.06090657e-02
1.538462e+00 8.315790e-01 3.384211e+00 2.07515974e-02
1.538462e+00 8.315790e-01 3.589474e+00 1.42818801e-02
1.538462e+00 8.315790e-01 3.794737e+00 9.96854436e-03
1.538462e+00 8.315790e-01 4.000000e+00 7.05033448e-03
1.538462e+00 1.092105e+00 1.000000e-01 9.43834961e+03
1.538462e+00 1.092105e+00 3.052632e-01 8.05748825e+01
1.538462e+00 1.092105e+00 5.105263e-01 2.65925388e+01
1.538462e+00 1.092105e+00 7.157895e-01 1.14261599e+01
1.538462e+00 1.092105e+00 9.210526e-01 5.44414425e+00
1.538462e+00 1.092105e+00 1.126316e+00 2.76302028e+00
1.538462e+00 1.092105e+00 1.331579e+00 1.46890914e+00
1.538462e+00 1.092105e+00 1.536842e+00 8.10904741e-01
1.538462e+00 1.092105e+00 1.742105e+00 4.62367147e-01
1.538462e+00 1.092105e+00 1.947368e+00 2.71297395e-01
1.538462e+00 1.092105e+00 2.152632e+00 1.63359657e-01
1.538462e+00 1.092105e+00 2.357895e+00 1.00718372e-01
1.538462e+00 1.092105e+00 2.563158e+00 6.34633154e-02
1.538462e+00 1.092105e+00 2.768421e+00 4.08013798e-02
1.538462e+00 1.092105e+00 2.973684e+00 2.67262887e-02
1.538462e+00 1.092105e+00 3.178947e+00 1.78135391e-02
1.538462e+00 1.092105e+00 3.384211e+00 1.20669641e-02
1.538462e+00 1.092105e+00 3.589474e+00 8.29884317e-03
1.538462e+00 1.092105e+00 3.794737e+00 5.78874769e-03
1.538462e+00 1.092105e+00 4.000000e+00 4.09175502e-03
1.538462e+00 1.352632e+00 1.000000e-01 6.83012012e+03
1.538462e+00 1.352632e+00 3.052632e-01 4.94650726e+01
1.538462e+00 1.352632e+00 5.105263e-01 1.56933098e+01
1.538462e+00 1.352632e+00 7.157895e-01 6.64496136e+00
1.538462e+00 1.352632e+00 9.210526e-01 3.14057899e+00
1.538462e+00 1.352632e+00 1.126316e+00 1.58550668e+00
1.538462e+00 1.352632e+00 1.331579e+00 8.39706123e-01
1.538462e+00 1.352632e+00 1.536842e+00 4.62206125e-01
1.538462e+00 1.352632e+00 1.742105e+00 2.62931943e-01
1.538462e+00 1.352632e+00 1.947368e+00 1.53983787e-01
1.538462e+00 1.352632e+00 2.152632e+00 9.25716907e-02
1.538462e+00 1.352632e+00 2.357895e+00 5.69969229e-02
1.538462e+00 1.352632e+00 2.563158e+00 3.58720981e-02
1.538462e+00 1.352632e+00 2.768421e+00 2.30392534e-02
1.538462e+00 1.352632e+00 2.973684e+00 1.50780706e-02
1.538462e+00 1.352632e+00 3.178947e+00 1.00419130e-02
1.538462e+00 1.352632e+00 3.384211e+00 6.79771276e-03
1.538462e+00 1.352632e+00 3.589474e+00 4.67214128e-03
1.538462e+00 1.352632e+00 3.794737e+00 3.25719570e-03
1.538462e+00 1.352632e+00 4.000000e+00 2.30120239e-03
1.538462e+00 1.613158e+00 1.000000e-01 4.62378369e+03
1.538462e+00 1.613158e+00 3.052632e-01 2.90476360e+01
1.538462e+00 1.613158e+00 5.105263e-01 8.86830711e+00
1.538462e+00 1.613158e+00 7.157895e-01 3.70273852e+00
1.538462e+00 1.613158e+00 9.210526e-01 1.73681700e+00
1.538462e+00 1.613158e+00 1.126316e+00 8.72584462e-01
1.538462e+00 1.613158e+00 1.331579e+00 4.60544229e-01
1.538462e+00 1.613158e+00 1.536842e+00 2.52841383e-01
1.538462e+00 1.613158e+00 1.742105e+00 1.43535450e-01
1.538462e+00 1.613158e+00 1.947368e+00 8.39186683e-02
1.538462e+00 1.613158e+00 2.152632e+00 5.03793582e-02
1.538462e+00 1.613158e+00 2.357895e+00 3.09820455e-02
1.538462e+00 1.613158e+00 2.563158e+00 1.94792543e-02
1.538462e+00 1.613158e+00 2.768421e+00 1.24996901e-02
1.538462e+00 1.613158e+00 2.973684e+00 8.17414280e-03
1.538462e+00 1.613158e+00 3.178947e+00 5.44024259e-03
1.538462e+00 1.613158e+00 3.384211e+00 3.68049205e-03
1.538462e+00 1.613158e+00 3.589474e+00 2.52828980e-03
1.538462e+00 1.613158e+00 3.794737e+00 1.76176557e-03
1.538462e+00 1.613158e+00 4.000000e+00 1.24415522e-03
1.538462e+00 1.873684e+00 1.000000e-01 2.92719189e+03
1.538462e+00 1.873684e+00 3.052632e-01 1.62523384e+01
1.538462e+00 1.873684e+00 5.105263e-01 4.78061104e+00
1.538462e+00 1.873684e+00 7.157895e-01 1.96931636e+00
1.538462e+00 1.873684e+00 9.210526e-01 9.17176068e-01
1.538462e+00 1.873684e+00 1.126316e+00 4.58729297e-01
1.538462e+00 1.873684e+00 1.331579e+00 2.41354063e-01
1.538462e+00 1.873684e+00 1.536842e+00 1.32192463e-01
1.538462e+00 1.873684e+00 1.742105e+00 7.49054030e-02
1.538462e+00 1.873684e+00 1.947368e+00 4.37280908e-02
1.538462e+00 1.873684e+00 2.152632e+00 2.62188185e-02
1.538462e+00 1.873684e+00 2.357895e+00 1.61069408e-02
1.538462e+00 1.873684e+00 2.563158e+00 1.01177488e-02
1.538462e+00 1.873684e+00 2.768421e+00 6.48745056e-03
1.538462e+00 1.873684e+00 2.973684e+00 4.23956383e-03
1.538462e+00 1.873684e+00 3.178947e+00 2.81994510e-03
1.538462e+00 1.873684e+00 3.384211e+00 1.90677505e-03
1.538462e+00 1.873684e+00 3.589474e+00 1.30923931e-03
1.538462e+00 1.873684e+00 3.794737e+00 9.11927316e-04
1.538462e+00 1.873684e+00 4.000000e+00 6.43763167e-04
1.538462e+00 2.134211e+00 1.000000e-01 1.73259009e+03
1.538462e+00 2.134211e+00 3.052632e-01 8.64194965e+00
1.538462e+00 2.134211e+00 5.105263e-01 2.45285010e+00
1.538462e+00 2.134211e+00 7.157895e-01 9.97467935e-01
1.538462e+00 2.134211e+00 9.210526e-01 4.61441636e-01
1.538462e+00 2.134211e+00 1.126316e+00 2.29830995e-01
1.538462e+00 2.134211e+00 1.331579e+00 1.20573111e-01
1.538462e+00 2.134211e+00 1.536842e+00 6.58975840e-02
1.538462e+00 2.134211e+00 1.742105e+00 3.72776315e-02
1.538462e+00 2.134211e+00 1.947368e+00 2.17324570e-02
1.538462e+00 2.134211e+00 2.152632e+00 1.30159650e-02
1.538462e+00 2.134211e+00 2.357895e+00 7.98854977e-03
1.538462e+00 2.134211e+00 2.563158e+00 5.01407450e-03
1.538462e+00 2.134211e+00 2.768421e+00 3.21277697e-03
1.538462e+00 2.134211e+00 2.973684e+00 2.09829910e-03
1.538462e+00 2.134211e+00 3.178947e+00 1.39494415e-03
1.538462e+00 2.134211e+00 3.384211e+00 9.42788902e-04
1.538462e+00 2.134211e+00 3.589474e+00 6.47076580e-04
1.538462e+00 2.134211e+00 3.794737e+00 4.50544700e-04
1.538462e+00 2.134211e+00 4.000000e+00 3.17952101e-04
1.538462e+00 2.394737e+00 1.000000e-01 9.58672241e+02
1.538462e+00 2.394737e+00 3.052632e-01 4.35933399e+00
1.538462e+00 2.394737e+00 5.105263e-01 1.19618189e+00
1.538462e+00 2.394737e+00 7.157895e-01 4.80499089e-01
1.538462e+00 2.394737e+00 9.210526e-01 2.20883787e-01
1.538462e+00 2.394737e+00 1.126316e+00 1.09589465e-01
1.538462e+00 2.394737e+00 1.331579e+00 5.73397614e-02
1.538462e+00 2.394737e+00 1.536842e+00 3.12767290e-02
1.538462e+00 2.394737e+00 1.742105e+00 1.76659804e-02
1.538462e+00 2.394737e+00 1.947368e+00 1.02865053e-02
1.538462e+00 2.394737e+00 2.152632e+00 6.15457492e-03
1.538462e+00 2.394737e+00 2.357895e+00 3.77417519e-03
1.538462e+00 2.394737e+00 2.563158e+00 2.36718659e-03
1.538462e+00 2.394737e+00 2.768421e+00 1.51584414e-03
1.538462e+00 2.394737e+00 2.973684e+00 9.89483553e-04
1.538462e+00 2.394737e+00 3.178947e+00 6.57496741e-04
1.538462e+00 2.394737e+00 3.384211e+00 4.44192294e-04
1.538462e+00 2.394737e+00 3.589474e+00 3.04756715e-04
1.538462e+00 2.394737e+00 3.794737e+00 2.12126077e-04
1.538462e+00 2.394737e+00 4.000000e+00 1.49655156e-04
1.538462e+00 2.655263e+00 1.000000e-01 4.95826660e+02
1.538462e+00 2.655263e+00 3.052632e-01 2.08318782e+00
1.538462e+00 2.655263e+00 5.105263e-01 5.53908408e-01
1.538462e+00 2.655263e+00 7.157895e-01 2.19947919e-01
1.538462e+00 2.655263e+00 9.210526e-01 1.00513875e-01
1.538462e+00 2.655263e+00 1.126316e+00 4.96901236e-02
1.538462e+00 2.655263e+00 1.331579e+00 2.59354580e-02
1.538462e+00 2.655263e+00 1.536842e+00 1.41215175e-02
1.538462e+00 2.655263e+00 1.742105e+00 7.96521548e-03
1.538462e+00 2.655263e+00 1.947368e+00 4.63283202e-03
1.538462e+00 2.655263e+00 2.152632e+00 2.76937196e-03
1.538462e+00 2.655263e+00 2.357895e+00 1.69697928e-03
1.538462e+00 2.655263e+00 2.563158e+00 1.06366863e-03
1.538462e+00 2.655263e+00 2.768421e+00 6.80746860e-04
1.538462e+00 2.655263e+00 2.973684e+00 4.44151112e-04
1.538462e+00 2.655263e+00 3.178947e+00 2.95007747e-04
1.538462e+00 2.655263e+00 3.384211e+00 1.99227987e-04
1.538462e+00 2.655263e+00 3.589474e+00 1.36643983e-04
1.538462e+00 2.655263e+00 3.794737e+00 9.50837566e-05
1.538462e+00 2.655263e+00 4.000000e+00 6.70641966e-05
1.538462e+00 2.915789e+00 1.000000e-01 2.39686722e+02
1.538462e+00 2.915789e+00 3.052632e-01 9.41902101e-01
1.538462e+00 2.915789e+00 5.105263e-01 2.43357912e-01
1.538462e+00 2.915789e+00 7.157895e-01 9.56071094e-02
1.538462e+00 2.915789e+00 9.210526e-01 4.34541516e-02
1.538462e+00 2.915789e+00 1.126316e+00 2.14114338e-02
1.538462e+00 2.915789e+00 1.331579e+00 1.11506972e-02
1.538462e+00 2.915789e+00 1.536842e+00 6.06154324e-03
1.538462e+00 2.915789e+00 1.742105e+00 3.41472705e-03
1.538462e+00 2.915789e+00 1.947368e+00 1.98413967e-03
1.538462e+00 2.915789e+00 2.152632e+00 1.18509342e-03
1.538462e+00 2.915789e+00 2.357895e+00 7.25689926e-04
1.538462e+00 2.915789e+00 2.563158e+00 4.54599882e-04
1.538462e+00 2.915789e+00 2.768421e+00 2.90799857e-04
1.538462e+00 2.915789e+00 2.973684e+00 1.89649640e-04
1.538462e+00 2.915789e+00 3.178947e+00 1.25919047e-04
1.538462e+00 2.915789e+00 3.384211e+00 8.50089709e-05
1.538462e+00 2.915789e+00 3.589474e+00 5.82878238e-05
1.538462e+00 2.915789e+00 3.794737e+00 4.05490973e-05
1.538462e+00 2.915789e+00 4.000000e+00 2.85933584e-05
1.538462e+00 3.176316e+00 1.000000e-01 1.08289719e+02
1.538462e+00 3.176316e+00 3.052632e-01 4.02484924e-01
1.538462e+00 3.176316e+00 5.105263e-01 1.01360485e-01
1.538462e+00 3.176316e+00 7.157895e-01 3.94377485e-02
1.538462e+00 3.176316e+00 9.210526e-01 1.78365801e-02
1.538462e+00 3.176316e+00 1.126316e+00 8.76265112e-03
1.538462e+00 3.176316e+00 1.331579e+00 4.55431547e-03
1.538462e+00 3.176316e+00 1.536842e+00 2.47212616e-03
1.538462e+00 3.176316e+00 1.742105e+00 1.39110279e-03
1.538462e+00 3.176316e+00 1.947368e+00 8.07587465e-04
1.538462e+00 3.176316e+00 2.152632e+00 4.82008239e-04
1.538462e+00 3.176316e+00 2.357895e+00 2.94977479e-04
1.538462e+00 3.176316e+00 2.563158e+00 1.84690711e-04
1.538462e+00 3.176316e+00 2.768421e+00 1.18091237e-04
1.538462e+00 3.176316e+00 2.973684e+00 7.69856342e-05
1.538462e+00 3.176316e+00 3.178947e+00 5.10980972e-05
1.538462e+00 3.176316e+00 3.384211e+00 3.44867331e-05
1.538462e+00 3.176316e+00 3.589474e+00 2.36402939e-05
1.538462e+00 3.176316e+00 3.794737e+00 1.64420653e-05
1.538462e+00 3.176316e+00 4.000000e+00 1.15918392e-05
1.538462e+00 3.436842e+00 1.000000e-01 4.57236252e+01
1.538462e+00 3.436842e+00 3.052632e-01 1.62352368e-01
1.538462e+00 3.436842e+00 5.105263e-01 3.99859957e-02
1.538462e+00 3.436842e+00 7.157895e-01 1.54253906e-02
1.538462e+00 3.436842e+00 9.210526e-01 6.94607571e-03
1.538462e+00 3.436842e+00 1.126316e+00 3.40348156e-03
1.538462e+00 3.436842e+00 1.331579e+00 1.76580797e-03
1.538462e+00 3.436842e+00 1.536842e+00 9.57272656e-04
1.538462e+00 3.436842e+00 1.742105e+00 5.38142689e-04
1.538462e+00 3.436842e+00 1.947368e+00 3.12168559e-04
1.538462e+00 3.436842e+00 2.152632e+00 1.86199206e-04
1.538462e+00 3.436842e+00 2.357895e+00 1.13889182e-04
1.538462e+00 3.436842e+00 2.563158e+00 7.12759065e-05
1.538462e+00 3.436842e+00 2.768421e+00 4.55563058e-05
1.538462e+00 3.436842e+00 2.973684e+00 2.96889848e-05
1.538462e+00 3.436842e+00 3.178947e+00 1.96999463e-05
1.538462e+00 3.436842e+00 3.384211e+00 1.32923224e-05
1.538462e+00 3.436842e+00 3.589474e+00 9.10969447e-06
1.538462e+00 3.436842e+00 3.794737e+00 6.33462514e-06
1.538462e+00 3.436842e+00 4.000000e+00 4.46518379e-06
1.538462e+00 3.697368e+00 1.000000e-01 1.80421619e+01
1.538462e+00 3.697368e+00 3.052632e-01 6.17483556e-02
1.538462e+00 3.697368e+00 5.105263e-01 1.49241714e-02
1.538462e+00 3.697368e+00 7.157895e-01 5.71507961e-03
1.538462e+00 3.697368e+00 9.210526e-01 2.56383023e-03
1.538462e+00 3.697368e+00 1.126316e+00 1.25339872e-03
1.538462e+00 3.697368e+00 1.331579e+00 6.49305293e-04
1.538462e+00 3.697368e+00 1.536842e+00 3.51610535e-04
1.538462e+00 3.697368e+00 1.742105e+00 1.97495916e-04
1.538462e+00 3.697368e+00 1.947368e+00 1.14487848e-04
1.538462e+00 3.697368e+00 2.152632e+00 6.82512182e-05
1.538462e+00 3.697368e+00 2.357895e+00 4.17270494e-05
1.538462e+00 3.697368e+00 2.563158e+00 2.61042314e-05
1.538462e+00 3.697368e+00 2.768421e+00 1.66791178e-05
1.538462e+00 3.697368e+00 2.973684e+00 1.08666782e-05
1.538462e+00 3.697368e+00 3.178947e+00 7.20872140e-06
1.538462e+00 3.697368e+00 3.384211e+00 4.86294221e-06
1.538462e+00 3.697368e+00 3.589474e+00 3.33210460e-06
1.538462e+00 3.697368e+00 3.794737e+00 2.31665513e-06
1.538462e+00 3.697368e+00 4.000000e+00 1.63272659e-06
1.538462e+00 3.957895e+00 1.000000e-01 6.65299559e+00
1.538462e+00 3.957895e+00 3.052632e-01 2.21174676e-02
1.538462e+00 3.957895e+00 5.105263e-01 5.26337698e-03
1.538462e+00 3.957895e+00 7.157895e-01 2.00321036e-03
1.538462e+00 3.957895e+00 9.210526e-01 8.95819976e-04
1.538462e+00 3.957895e+00 1.126316e+00 4.37114737e-04
1.538462e+00 3.957895e+00 1.331579e+00 2.26152930e-04
1.538462e+00 3.957895e+00 1.536842e+00 1.22352751e-04
1.538462e+00 3.957895e+00 1.742105e+00 6.86758140e-05
1.538462e+00 3.957895e+00 1.947368e+00 3.97888543e-05
1.538462e+00 3.957895e+00 2.152632e+00 2.37090462e-05
1.538462e+00 3.957895e+00 2.357895e+00 1.44895857e-05
1.538462e+00 3.957895e+00 2.563158e+00 9.06169498e-06
1.538462e+00 3.957895e+00 2.768421e+00 5.78831623e-06
1.538462e+00 3.957895e+00 2.973684e+00 3.77027072e-06
1.538462e+00 3.957895e+00 3.178947e+00 2.50059497e-06
1.538462e+00 3.957895e+00 3.384211e+00 1.68657425e-06
1.538462e+00 3.957895e+00 3.589474e+00 1.15545890e-06
1.538462e+00 3.957895e+00 3.794737e+00 8.03220701e-07
1.538462e+00 3.957895e+00 4.000000e+00 5.66020503e-07
1.538462e+00 4.218421e+00 1.000000e-01 2.29253387e+00
1.538462e+00 4.218421e+00 3.052632e-01 7.45206978e-03
1.538462e+00 4.218421e+00 5.105263e-01 1.75154349e-03
1.538462e+00 4.218421e+00 7.157895e-01 6.63314480e-04
1.538462e+00 4.218421e+00 9.210526e-01 2.95868318e-04
1.538462e+00 4.218421e+00 1.126316e+00 1.44145612e-04
1.538462e+00 4.218421e+00 1.331579e+00 7.45001453e-05
1.538462e+00 4.218421e+00 1.536842e+00 4.02756632e-05
1.538462e+00 4.218421e+00 1.742105e+00 2.25934964e-05
1.538462e+00 4.218421e+00 1.947368e+00 1.30840845e-05
1.538462e+00 4.218421e+00 2.152632e+00 7.79353559e-06
1.538462e+00 4.218421e+00 2.357895e+00 4.76147625e-06
1.538462e+00 4.218421e+00 2.563158e+00 2.97702036e-06
1.538462e+00 4.218421e+00 2.768421e+00 1.90119681e-06
1.538462e+00 4.218421e+00 2.973684e+00 1.23811947e-06
1.538462e+00 4.218421e+00 3.178947e+00 8.21031961e-07
1.538462e+00 4.218421e+00 3.384211e+00 5.53679854e-07
1.538462e+00 4.218421e+00 3.589474e+00 3.79271654e-07
1.538462e+00 4.218421e+00 3.794737e+00 2.63621530e-07
1.538462e+00 4.218421e+00 4.000000e+00 1.85751517e-07
1.538462e+00 4.478947e+00 1.000000e-01 7.38201380e-01
1.538462e+00 4.478947e+00 3.052632e-01 2.35915463e-03
1.538462e+00 4.478947e+00 5.105263e-01 5.49184449e-04
1.538462e+00 4.478947e+00 7.157895e-01 2.07166333e-04
1.538462e+00 4.478947e+00 9.210526e-01 9.22185063e-05
1.538462e+00 4.478947e+00 1.126316e+00 4.48736864e-05
1.538462e+00 4.478947e+00 1.331579e+00 2.31734884e-05
1.538462e+00 4.478947e+00 1.536842e+00 1.25204397e-05
1.538462e+00 4.478947e+00 1.742105e+00 7.02042644e-06
1.538462e+00 4.478947e+00 1.947368e+00 4.06412664e-06
1.538462e+00 4.478947e+00 2.152632e+00 2.42008764e-06
1.538462e+00 4.478947e+00 2.357895e+00 1.47819731e-06
1.538462e+00 4.478947e+00 2.563158e+00 9.24022117e-07
1.538462e+00 4.478947e+00 2.768421e+00 5.89998535e-07
1.538462e+00 4.478947e+00 2.973684e+00 3.84167208e-07
1.538462e+00 4.478947e+00 3.178947e+00 2.54718259e-07
1.538462e+00 4.478947e+00 3.384211e+00 1.71753868e-07
1.538462e+00 4.478947e+00 3.589474e+00 1.17639757e-07
1.538462e+00 4.478947e+00 3.794737e+00 8.17607599e-08
1.538462e+00 4.478947e+00 4.000000e+00 5.76051313e-08
1.538462e+00 4.739474e+00 1.000000e-01 2.22118735e-01
1.538462e+00 4.739474e+00 3.052632e-01 7.00989040e-04
1.538462e+00 4.739474e+00 5.105263e-01 1.62001466e-04
1.538462e+00 4.739474e+00 7.157895e-01 6.09294038e-05
1.538462e+00 4.739474e+00 9.210526e-01 2.70803612e-05
1.538462e+00 4.739474e+00 1.126316e+00 1.31650586e-05
1.538462e+00 4.739474e+00 1.331579e+00 6.79440109e-06
1.538462e+00 4.739474e+00 1.536842e+00 3.66928998e-06
1.538462e+00 4.739474e+00 1.742105e+00 2.05671813e-06
1.538462e+00 4.739474e+00 1.947368e+00 1.19030858e-06
1.538462e+00 4.739474e+00 2.152632e+00 7.08639902e-07
1.538462e+00 4.739474e+00 2.357895e+00 4.32759265e-07
1.538462e+00 4.739474e+00 2.563158e+00 2.70475425e-07
1.538462e+00 4.739474e+00 2.768421e+00 1.72678071e-07
1.538462e+00 4.739474e+00 2.973684e+00 1.12423137e-07
1.538462e+00 4.739474e+00 3.178947e+00 7.45334319e-08
1.538462e+00 4.739474e+00 3.384211e+00 5.02525985e-08
1.538462e+00 4.739474e+00 3.589474e+00 3.44169493e-08
1.538462e+00 4.739474e+00 3.794737e+00 2.39183997e-08
1.538462e+00 4.739474e+00 4.000000e+00 1.68508407e-08
1.538462e+00 5.000000e+00 1.000000e-01 6.24513254e-02
1.538462e+00 5.000000e+00 3.052632e-01 1.95312008e-04
1.538462e+00 5.000000e+00 5.105263e-01 4.48976534e-05
1.538462e+00 5.000000e+00 7.157895e-01 1.68490842e-05
1.538462e+00 5.000000e+00 9.210526e-01 7.48010052e-06
1.538462e+00 5.000000e+00 1.126316e+00 3.63392564e-06
1.538462e+00 5.000000e+00 1.331579e+00 1.87457294e-06
1.538462e+00 5.000000e+00 1.536842e+00 1.01201442e-06
1.538462e+00 5.000000e+00 1.742105e+00 5.67111783e-07
1.538462e+00 5.000000e+00 1.947368e+00 3.28143983e-07
1.538462e+00 5.000000e+00 2.152632e+00 1.95325185e-07
1.538462e+00 5.000000e+00 2.357895e+00 1.19266474e-07
1.538462e+00 5.000000e+00 2.563158e+00 7.45330624e-08
1.538462e+00 5.000000e+00 2.768421e+00 4.75789612e-08
1.538462e+00 5.000000e+00 2.973684e+00 3.09738688e-08
1.538462e+00 5.000000e+00 3.178947e+00 2.05332835e-08
1.538462e+00 5.000000e+00 3.384211e+00 1.38432217e-08
1.538462e+00 5.000000e+00 3.589474e+00 9.48036138e-09
1.538462e+00 5.000000e+00 3.794737e+00 6.58812516e-09
1.538462e+00 5.000000e+00 4.000000e+00 4.64120742e-09
1.794872e+00 5.000000e-02 1.000000e-01 2.21303281e+04
1.794872e+00 5.000000e-02 3.052632e-01 2.64286285e+02
1.794872e+00 5.000000e-02 5.105263e-01 1.24108170e+02
1.794872e+00 5.000000e-02 7.157895e-01 6.51633530e+01
1.794872e+00 5.000000e-02 9.210526e-01 3.58145370e+01
1.794872e+00 5.000000e-02 1.126316e+00 2.03071251e+01
1.794872e+00 5.000000e-02 1.331579e+00 1.18096266e+01
1.794872e+00 5.000000e-02 1.536842e+00 7.02395630e+00
1.794872e+00 5.000000e-02 1.742105e+00 4.26517391e+00
1.794872e+00 5.000000e-02 1.947368e+00 2.64094162e+00
1.794872e+00 5.000000e-02 2.152632e+00 1.66572046e+00
1.794872e+00 5.000000e-02 2.357895e+00 1.06921554e+00
1.794872e+00 5.000000e-02 2.563158e+00 6.97860658e-01
1.794872e+00 5.000000e-02 2.768421e+00 4.62753832e-01
1.794872e+00 5.000000e-02 2.973684e+00 3.11501771e-01
1.794872e+00 5.000000e-02 3.178947e+00 2.12699980e-01
1.794872e+00 5.000000e-02 3.384211e+00 1.47213802e-01
1.794872e+00 5.000000e-02 3.589474e+00 1.03203379e-01
1.794872e+00 5.000000e-02 3.794737e+00 7.32344538e-02
1.794872e+00 5.000000e-02 4.000000e+00 5.25690727e-02
1.794872e+00 3.105263e-01 1.000000e-01 2.08059043e+04
1.794872e+00 3.105263e-01 3.052632e-01 1.34145767e+02
1.794872e+00 3.105263e-01 5.105263e-01 6.01216087e+01
1.794872e+00 3.105263e-01 7.157895e-01 3.11266365e+01
1.794872e+00 3.105263e-01 9.210526e-01 1.69587421e+01
1.794872e+00 3.105263e-01 1.126316e+00 9.55454540e+00
1.794872e+00 3.105263e-01 1.331579e+00 5.52857685e+00
1.794872e+00 3.105263e-01 1.536842e+00 3.27455878e+00
1.794872e+00 3.105263e-01 1.742105e+00 1.98140872e+00
1.794872e+00 3.105263e-01 1.947368e+00 1.22312367e+00
1.794872e+00 3.105263e-01 2.152632e+00 7.69404531e-01
1.794872e+00 3.105263e-01 2.357895e+00 4.92712617e-01
1.794872e+00 3.105263e-01 2.563158e+00 3.20913702e-01
1.794872e+00 3.105263e-01 2.768421e+00 2.12402940e-01
1.794872e+00 3.105263e-01 2.973684e+00 1.42740205e-01
1.794872e+00 3.105263e-01 3.178947e+00 9.73192379e-02
1.794872e+00 3.105263e-01 3.384211e+00 6.72655627e-02
1.794872e+00 3.105263e-01 3.589474e+00 4.70984317e-02
1.794872e+00 3.105263e-01 3.794737e+00 3.33844647e-02
1.794872e+00 3.105263e-01 4.000000e+00 2.39399485e-02
1.794872e+00 5.710526e-01 1.000000e-01 1.84523809e+04
1.794872e+00 5.710526e-01 3.052632e-01 8.35180359e+01
1.794872e+00 5.710526e-01 5.105263e-01 3.59284821e+01
1.794872e+00 5.710526e-01 7.157895e-01 1.83882561e+01
1.794872e+00 5.710526e-01 9.210526e-01 9.94913673e+00
1.794872e+00 5.710526e-01 1.126316e+00 5.57769632e+00
1.794872e+00 5.710526e-01 1.331579e+00 3.21503091e+00
1.794872e+00 5.710526e-01 1.536842e+00 1.89827740e+00
1.794872e+00 5.710526e-01 1.742105e+00 1.14558744e+00
1.794872e+00 5.710526e-01 1.947368e+00 7.05566764e-01
1.794872e+00 5.710526e-01 2.152632e+00 4.42956358e-01
1.794872e+00 5.710526e-01 2.357895e+00 2.83167064e-01
1.794872e+00 5.710526e-01 2.563158e+00 1.84148282e-01
1.794872e+00 5.710526e-01 2.768421e+00 1.21713668e-01
1.794872e+00 5.710526e-01 2.973684e+00 8.16944465e-02
1.794872e+00 5.710526e-01 3.178947e+00 5.56373261e-02
1.794872e+00 5.710526e-01 3.384211e+00 3.84170748e-02
1.794872e+00 5.710526e-01 3.589474e+00 2.68750582e-02
1.794872e+00 5.710526e-01 3.794737e+00 1.90341994e-02
1.794872e+00 5.710526e-01 4.000000e+00 1.36393607e-02
1.794872e+00 8.315790e-01 1.000000e-01 1.53259717e+04
1.794872e+00 8.315790e-01 3.052632e-01 5.31066933e+01
1.794872e+00 8.315790e-01 5.105263e-01 2.19451218e+01
1.794872e+00 8.315790e-01 7.157895e-01 1.11140213e+01
1.794872e+00 8.315790e-01 9.210526e-01 5.97669554e+00
1.794872e+00 8.315790e-01 1.126316e+00 3.33643508e+00
1.794872e+00 8.315790e-01 1.331579e+00 1.91692388e+00
1.794872e+00 8.315790e-01 1.536842e+00 1.12885988e+00
1.794872e+00 8.315790e-01 1.742105e+00 6.79764450e-01
1.794872e+00 8.315790e-01 1.947368e+00 4.17883098e-01
1.794872e+00 8.315790e-01 2.152632e+00 2.61924118e-01
1.794872e+00 8.315790e-01 2.357895e+00 1.67201519e-01
1.794872e+00 8.315790e-01 2.563158e+00 1.08597219e-01
1.794872e+00 8.315790e-01 2.768421e+00 7.16984197e-02
1.794872e+00 8.315790e-01 2.973684e+00 4.80760410e-02
1.794872e+00 8.315790e-01 3.178947e+00 3.27127725e-02
1.794872e+00 8.315790e-01 3.384211e+00 2.25699022e-02
1.794872e+00 8.315790e-01 3.589474e+00 1.57775041e-02
1.794872e+00 8.315790e-01 3.794737e+00 1.11670941e-02
1.794872e+00 8.315790e-01 4.000000e+00 7.99725484e-03
1.794872e+00 1.092105e+00 1.000000e-01 1.19059287e+04
1.794872e+00 1.092105e+00 3.052632e-01 3.31499443e+01
1.794872e+00 1.092105e+00 5.105263e-01 1.31536999e+01
1.794872e+00 1.092105e+00 7.157895e-01 6.59578562e+00
1.794872e+00 1.092105e+00 9.210526e-01 3.52722454e+00
1.794872e+00 1.092105e+00 1.126316e+00 1.96159399e+00
1.794872e+00 1.092105e+00 1.331579e+00 1.12381947e+00
1.794872e+00 1.092105e+00 1.536842e+00 6.60311401e-01
1.794872e+00 1.092105e+00 1.742105e+00 3.96874756e-01
1.794872e+00 1.092105e+00 1.947368e+00 2.43590042e-01
1.794872e+00 1.092105e+00 2.152632e+00 1.52470067e-01
1.794872e+00 1.092105e+00 2.357895e+00 9.72143263e-02
1.794872e+00 1.092105e+00 2.563158e+00 6.30743951e-02
1.794872e+00 1.092105e+00 2.768421e+00 4.16043624e-02
1.794872e+00 1.092105e+00 2.973684e+00 2.78738271e-02
1.794872e+00 1.092105e+00 3.178947e+00 1.89522244e-02
1.794872e+00 1.092105e+00 3.384211e+00 1.30672222e-02
1.794872e+00 1.092105e+00 3.589474e+00 9.12918802e-03
1.794872e+00 1.092105e+00 3.794737e+00 6.45798724e-03
1.794872e+00 1.092105e+00 4.000000e+00 4.62258514e-03
1.794872e+00 1.352632e+00 1.000000e-01 8.64700391e+03
1.794872e+00 1.352632e+00 3.052632e-01 2.00083809e+01
1.794872e+00 1.352632e+00 5.105263e-01 7.61956787e+00
1.794872e+00 1.352632e+00 7.157895e-01 3.78453016e+00
1.794872e+00 1.352632e+00 9.210526e-01 2.01339602e+00
1.794872e+00 1.352632e+00 1.126316e+00 1.11587548e+00
1.794872e+00 1.352632e+00 1.331579e+00 6.37682736e-01
1.794872e+00 1.352632e+00 1.536842e+00 3.73930991e-01
1.794872e+00 1.352632e+00 1.742105e+00 2.24381447e-01
1.794872e+00 1.352632e+00 1.947368e+00 1.37529373e-01
1.794872e+00 1.352632e+00 2.152632e+00 8.59816447e-02
1.794872e+00 1.352632e+00 2.357895e+00 5.47653921e-02
1.794872e+00 1.352632e+00 2.563158e+00 3.55007946e-02
1.794872e+00 1.352632e+00 2.768421e+00 2.33978909e-02
1.794872e+00 1.352632e+00 2.973684e+00 1.56648997e-02
1.794872e+00 1.352632e+00 3.178947e+00 1.06443176e-02
1.794872e+00 1.352632e+00 3.384211e+00 7.33488053e-03
1.794872e+00 1.352632e+00 3.589474e+00 5.12177264e-03
1.794872e+00 1.352632e+00 3.794737e+00 3.62148625e-03
1.794872e+00 1.352632e+00 4.000000e+00 2.59114918e-03
1.794872e+00 1.613158e+00 1.000000e-01 5.87009033e+03
1.794872e+00 1.613158e+00 3.052632e-01 1.15880899e+01
1.794872e+00 1.613158e+00 5.105263e-01 4.23393631e+00
1.794872e+00 1.613158e+00 7.157895e-01 2.08368230e+00
1.794872e+00 1.613158e+00 9.210526e-01 1.10316789e+00
1.794872e+00 1.613158e+00 1.126316e+00 6.09483480e-01
1.794872e+00 1.613158e+00 1.331579e+00 3.47503543e-01
1.794872e+00 1.613158e+00 1.536842e+00 2.03411117e-01
1.794872e+00 1.613158e+00 1.742105e+00 1.21882647e-01
1.794872e+00 1.613158e+00 1.947368e+00 7.46148378e-02
1.794872e+00 1.613158e+00 2.152632e+00 4.66001406e-02
1.794872e+00 1.613158e+00 2.357895e+00 2.96550989e-02
1.794872e+00 1.613158e+00 2.563158e+00 1.92083772e-02
1.794872e+00 1.613158e+00 2.768421e+00 1.26511250e-02
1.794872e+00 1.613158e+00 2.973684e+00 8.46477598e-03
1.794872e+00 1.613158e+00 3.178947e+00 5.74869337e-03
1.794872e+00 1.613158e+00 3.384211e+00 3.95942293e-03
1.794872e+00 1.613158e+00 3.589474e+00 2.76355981e-03
1.794872e+00 1.613158e+00 3.794737e+00 1.95327145e-03
1.794872e+00 1.613158e+00 4.000000e+00 1.39705627e-03
1.794872e+00 1.873684e+00 1.000000e-01 3.72435889e+03
1.794872e+00 1.873684e+00 3.052632e-01 6.41087198e+00
1.794872e+00 1.873684e+00 5.105263e-01 2.24749827e+00
1.794872e+00 1.873684e+00 7.157895e-01 1.09627759e+00
1.794872e+00 1.873684e+00 9.210526e-01 5.77751935e-01
1.794872e+00 1.873684e+00 1.126316e+00 3.18272978e-01
1.794872e+00 1.873684e+00 1.331579e+00 1.81089535e-01
1.794872e+00 1.873684e+00 1.536842e+00 1.05830796e-01
1.794872e+00 1.873684e+00 1.742105e+00 6.33314848e-02
1.794872e+00 1.873684e+00 1.947368e+00 3.87289971e-02
1.794872e+00 1.873684e+00 2.152632e+00 2.41658557e-02
1.794872e+00 1.873684e+00 2.357895e+00 1.53663782e-02
1.794872e+00 1.873684e+00 2.563158e+00 9.94636118e-03
1.794872e+00 1.873684e+00 2.768421e+00 6.54697418e-03
1.794872e+00 1.873684e+00 2.973684e+00 4.37817210e-03
1.794872e+00 1.873684e+00 3.178947e+00 2.97193252e-03
1.794872e+00 1.873684e+00 3.384211e+00 2.04605516e-03
1.794872e+00 1.873684e+00 3.589474e+00 1.42754032e-03
1.794872e+00 1.873684e+00 3.794737e+00 1.00863050e-03
1.794872e+00 1.873684e+00 4.000000e+00 7.21189368e-04
1.794872e+00 2.134211e+00 1.000000e-01 2.20828882e+03
1.794872e+00 2.134211e+00 3.052632e-01 3.37778854e+00
1.794872e+00 2.134211e+00 5.105263e-01 1.13694572e+00
1.794872e+00 2.134211e+00 7.157895e-01 5.49826443e-01
1.794872e+00 2.134211e+00 9.210526e-01 2.88514137e-01
1.794872e+00 2.134211e+00 1.126316e+00 1.58508271e-01
1.794872e+00 2.134211e+00 1.331579e+00 9.00151953e-02
1.794872e+00 2.134211e+00 1.536842e+00 5.25295287e-02
1.794872e+00 2.134211e+00 1.742105e+00 3.13982368e-02
1.794872e+00 2.134211e+00 1.947368e+00 1.91823952e-02
1.794872e+00 2.134211e+00 2.152632e+00 1.19595202e-02
1.794872e+00 2.134211e+00 2.357895e+00 7.59939058e-03
1.794872e+00 2.134211e+00 2.563158e+00 4.91593778e-03
1.794872e+00 2.134211e+00 2.768421e+00 3.23407631e-03
1.794872e+00 2.134211e+00 2.973684e+00 2.16170680e-03
1.794872e+00 2.134211e+00 3.178947e+00 1.46676030e-03
1.794872e+00 2.134211e+00 3.384211e+00 1.00942503e-03
1.794872e+00 2.134211e+00 3.589474e+00 7.04042672e-04
1.794872e+00 2.134211e+00 3.794737e+00 4.97291272e-04
1.794872e+00 2.134211e+00 4.000000e+00 3.55474738e-04
1.794872e+00 2.394737e+00 1.000000e-01 1.22359973e+03
1.794872e+00 2.394737e+00 3.052632e-01 1.69129682e+00
1.794872e+00 2.394737e+00 5.105263e-01 5.47285616e-01
1.794872e+00 2.394737e+00 7.157895e-01 2.62491316e-01
1.794872e+00 2.394737e+00 9.210526e-01 1.37177616e-01
1.794872e+00 2.394737e+00 1.126316e+00 7.51754940e-02
1.794872e+00 2.394737e+00 1.331579e+00 4.26164754e-02
1.794872e+00 2.394737e+00 1.536842e+00 2.48364620e-02
1.794872e+00 2.394737e+00 1.742105e+00 1.48297064e-02
1.794872e+00 2.394737e+00 1.947368e+00 9.05215926e-03
1.794872e+00 2.394737e+00 2.152632e+00 5.63955121e-03
1.794872e+00 2.394737e+00 2.357895e+00 3.58126406e-03
1.794872e+00 2.394737e+00 2.563158e+00 2.31540576e-03
1.794872e+00 2.394737e+00 2.768421e+00 1.52251893e-03
1.794872e+00 2.394737e+00 2.973684e+00 1.01724430e-03
1.794872e+00 2.394737e+00 3.178947e+00 6.89962180e-04
1.794872e+00 2.394737e+00 3.384211e+00 4.74673521e-04
1.794872e+00 2.394737e+00 3.589474e+00 3.30971030e-04
1.794872e+00 2.394737e+00 3.794737e+00 2.33714003e-04
1.794872e+00 2.394737e+00 4.000000e+00 1.67023289e-04
1.794872e+00 2.655263e+00 1.000000e-01 6.33560913e+02
1.794872e+00 2.655263e+00 3.052632e-01 8.03404093e-01
1.794872e+00 2.655263e+00 5.105263e-01 2.50432789e-01
1.794872e+00 2.655263e+00 7.157895e-01 1.19175985e-01
1.794872e+00 2.655263e+00 9.210526e-01 6.20430596e-02
1.794872e+00 2.655263e+00 1.126316e+00 3.39214802e-02
1.794872e+00 2.655263e+00 1.331579e+00 1.91988796e-02
1.794872e+00 2.655263e+00 1.536842e+00 1.11753885e-02
1.794872e+00 2.655263e+00 1.742105e+00 6.66636508e-03
1.794872e+00 2.655263e+00 1.947368e+00 4.06600209e-03
1.794872e+00 2.655263e+00 2.152632e+00 2.53147399e-03
1.794872e+00 2.655263e+00 2.357895e+00 1.60664436e-03
1.794872e+00 2.655263e+00 2.563158e+00 1.03823794e-03
1.794872e+00 2.655263e+00 2.768421e+00 6.82412647e-04
1.794872e+00 2.655263e+00 2.973684e+00 4.55770234e-04
1.794872e+00 2.655263e+00 3.178947e+00 3.09029332e-04
1.794872e+00 2.655263e+00 3.384211e+00 2.12539497e-04
1.794872e+00 2.655263e+00 3.589474e+00 1.48155785e-04
1.794872e+00 2.655263e+00 3.794737e+00 1.04594670e-04
1.794872e+00 2.655263e+00 4.000000e+00 7.47322119e-05
1.794872e+00 2.915789e+00 1.000000e-01 3.06544983e+02
1.794872e+00 2.915789e+00 3.052632e-01 3.61521542e-01
1.794872e+00 2.915789e+00 5.105263e-01 1.08850203e-01
1.794872e+00 2.915789e+00 7.157895e-01 5.14220335e-02
1.794872e+00 2.915789e+00 9.210526e-01 2.66755000e-02
1.794872e+00 2.915789e+00 1.126316e+00 1.45534119e-02
1.794872e+00 2.915789e+00 1.331579e+00 8.22484307e-03
1.794872e+00 2.915789e+00 1.536842e+00 4.78232233e-03
1.794872e+00 2.915789e+00 1.742105e+00 2.85029528e-03
1.794872e+00 2.915789e+00 1.947368e+00 1.73724396e-03
1.794872e+00 2.915789e+00 2.152632e+00 1.08095806e-03
1.794872e+00 2.915789e+00 2.357895e+00 6.85702602e-04
1.794872e+00 2.915789e+00 2.563158e+00 4.42917313e-04
1.794872e+00 2.915789e+00 2.768421e+00 2.91009317e-04
1.794872e+00 2.915789e+00 2.973684e+00 1.94294073e-04
1.794872e+00 2.915789e+00 3.178947e+00 1.31699358e-04
1.794872e+00 2.915789e+00 3.384211e+00 9.05539418e-05
1.794872e+00 2.915789e+00 3.589474e+00 6.31077419e-05
1.794872e+00 2.915789e+00 3.794737e+00 4.45431651e-05
1.794872e+00 2.915789e+00 4.000000e+00 3.18196398e-05
1.794872e+00 3.176316e+00 1.000000e-01 1.38595520e+02
1.794872e+00 3.176316e+00 3.052632e-01 1.53894901e-01
1.794872e+00 3.176316e+00 5.105263e-01 4.49051857e-02
1.794872e+00 3.176316e+00 7.157895e-01 2.10721698e-02
1.794872e+00 3.176316e+00 9.210526e-01 1.08960830e-02
1.794872e+00 3.176316e+00 1.126316e+00 5.93311340e-03
1.794872e+00 3.176316e+00 1.331579e+00 3.34867043e-03
1.794872e+00 3.176316e+00 1.536842e+00 1.94516103e-03
1.794872e+00 3.176316e+00 1.742105e+00 1.15843443e-03
1.794872e+00 3.176316e+00 1.947368e+00 7.05618062e-04
1.794872e+00 3.176316e+00 2.152632e+00 4.38822812e-04
1.794872e+00 3.176316e+00 2.357895e+00 2.78240041e-04
1.794872e+00 3.176316e+00 2.563158e+00 1.79654569e-04
1.794872e+00 3.176316e+00 2.768421e+00 1.17997901e-04
1.794872e+00 3.176316e+00 2.973684e+00 7.87584358e-05
1.794872e+00 3.176316e+00 3.178947e+00 5.33711827e-05
1.794872e+00 3.176316e+00 3.384211e+00 3.66884087e-05
1.794872e+00 3.176316e+00 3.589474e+00 2.55630403e-05
1.794872e+00 3.176316e+00 3.794737e+00 1.80396655e-05
1.794872e+00 3.176316e+00 4.000000e+00 1.28845395e-05
1.794872e+00 3.436842e+00 1.000000e-01 5.85529251e+01
1.794872e+00 3.436842e+00 3.052632e-01 6.18910380e-02
1.794872e+00 3.436842e+00 5.105263e-01 1.75676029e-02
1.794872e+00 3.436842e+00 7.157895e-01 8.19462445e-03
1.794872e+00 3.436842e+00 9.210526e-01 4.22515441e-03
1.794872e+00 3.436842e+00 1.126316e+00 2.29673157e-03
1.794872e+00 3.436842e+00 1.331579e+00 1.29476993e-03
1.794872e+00 3.436842e+00 1.536842e+00 7.51450367e-04
1.794872e+00 3.436842e+00 1.742105e+00 4.47220373e-04
1.794872e+00 3.436842e+00 1.947368e+00 2.72257224e-04
1.794872e+00 3.436842e+00 2.152632e+00 1.69238221e-04
1.794872e+00 3.436842e+00 2.357895e+00 1.07265078e-04
1.794872e+00 3.436842e+00 2.563158e+00 6.92354952e-05
1.794872e+00 3.436842e+00 2.768421e+00 4.54607398e-05
1.794872e+00 3.436842e+00 2.973684e+00 3.03351353e-05
1.794872e+00 3.436842e+00 3.178947e+00 2.05520319e-05
1.794872e+00 3.436842e+00 3.384211e+00 1.41249793e-05
1.794872e+00 3.436842e+00 3.589474e+00 9.83993050e-06
1.794872e+00 3.436842e+00 3.794737e+00 6.94282426e-06
1.794872e+00 3.436842e+00 4.000000e+00 4.95806398e-06
1.794872e+00 3.697368e+00 1.000000e-01 2.31147022e+01
1.794872e+00 3.697368e+00 3.052632e-01 2.34840829e-02
1.794872e+00 3.697368e+00 5.105263e-01 6.51042862e-03
1.794872e+00 3.697368e+00 7.157895e-01 3.02115688e-03
1.794872e+00 3.697368e+00 9.210526e-01 1.55383244e-03
1.794872e+00 3.697368e+00 1.126316e+00 8.43387737e-04
1.794872e+00 3.697368e+00 1.331579e+00 4.74976317e-04
1.794872e+00 3.697368e+00 1.536842e+00 2.75458558e-04
1.794872e+00 3.697368e+00 1.742105e+00 1.63841643e-04
1.794872e+00 3.697368e+00 1.947368e+00 9.96956369e-05
1.794872e+00 3.697368e+00 2.152632e+00 6.19473503e-05
1.794872e+00 3.697368e+00 2.357895e+00 3.92496295e-05
1.794872e+00 3.697368e+00 2.563158e+00 2.53267790e-05
1.794872e+00 3.697368e+00 2.768421e+00 1.66256032e-05
1.794872e+00 3.697368e+00 2.973684e+00 1.10914807e-05
1.794872e+00 3.697368e+00 3.178947e+00 7.51300058e-06
1.794872e+00 3.697368e+00 3.384211e+00 5.16261389e-06
1.794872e+00 3.697368e+00 3.589474e+00 3.59587921e-06
1.794872e+00 3.697368e+00 3.794737e+00 2.53681333e-06
1.794872e+00 3.697368e+00 4.000000e+00 1.81137762e-06
1.794872e+00 3.957895e+00 1.000000e-01 8.52637863e+00
1.794872e+00 3.957895e+00 3.052632e-01 8.39641597e-03
1.794872e+00 3.957895e+00 5.105263e-01 2.28258106e-03
1.794872e+00 3.957895e+00 7.157895e-01 1.05461176e-03
1.794872e+00 3.957895e+00 9.210526e-01 5.41267276e-04
1.794872e+00 3.957895e+00 1.126316e+00 2.93421472e-04
1.794872e+00 3.957895e+00 1.331579e+00 1.65108475e-04
1.794872e+00 3.957895e+00 1.536842e+00 9.56933509e-05
1.794872e+00 3.957895e+00 1.742105e+00 5.68901887e-05
1.794872e+00 3.957895e+00 1.947368e+00 3.46032102e-05
1.794872e+00 3.957895e+00 2.152632e+00 2.14941101e-05
1.794872e+00 3.957895e+00 2.357895e+00 1.36147628e-05
1.794872e+00 3.957895e+00 2.563158e+00 8.78311130e-06
1.794872e+00 3.957895e+00 2.768421e+00 5.76438924e-06
1.794872e+00 3.957895e+00 2.973684e+00 3.84489658e-06
1.794872e+00 3.957895e+00 3.178947e+00 2.60397542e-06
1.794872e+00 3.957895e+00 3.384211e+00 1.78907669e-06
1.794872e+00 3.957895e+00 3.589474e+00 1.24596772e-06
1.794872e+00 3.957895e+00 3.794737e+00 8.78899357e-07
1.794872e+00 3.957895e+00 4.000000e+00 6.27500071e-07
1.794872e+00 4.218421e+00 1.000000e-01 2.93883371e+00
1.794872e+00 4.218421e+00 3.052632e-01 2.82509974e-03
1.794872e+00 4.218421e+00 5.105263e-01 7.55999878e-04
1.794872e+00 4.218421e+00 7.157895e-01 3.48049391e-04
1.794872e+00 4.218421e+00 9.210526e-01 1.78326154e-04
1.794872e+00 4.218421e+00 1.126316e+00 9.65725121e-05
1.794872e+00 4.218421e+00 1.331579e+00 5.43038550e-05
1.794872e+00 4.218421e+00 1.536842e+00 3.14573590e-05
1.794872e+00 4.218421e+00 1.742105e+00 1.86940979e-05
1.794872e+00 4.218421e+00 1.947368e+00 1.13669385e-05
1.794872e+00 4.218421e+00 2.152632e+00 7.05876118e-06
1.794872e+00 4.218421e+00 2.357895e+00 4.47012781e-06
1.794872e+00 4.218421e+00 2.563158e+00 2.88318120e-06
1.794872e+00 4.218421e+00 2.768421e+00 1.89191303e-06
1.794872e+00 4.218421e+00 2.973684e+00 1.26173200e-06
1.794872e+00 4.218421e+00 3.178947e+00 8.54398024e-07
1.794872e+00 4.218421e+00 3.384211e+00 5.86949454e-07
1.794872e+00 4.218421e+00 3.589474e+00 4.08726635e-07
1.794872e+00 4.218421e+00 3.794737e+00 2.88285804e-07
1.794872e+00 4.218421e+00 4.000000e+00 2.05807069e-07
1.794872e+00 4.478947e+00 1.000000e-01 9.46492553e-01
1.794872e+00 4.478947e+00 3.052632e-01 8.93433113e-04
1.794872e+00 4.478947e+00 5.105263e-01 2.36160748e-04
1.794872e+00 4.478947e+00 7.157895e-01 1.08418986e-04
1.794872e+00 4.478947e+00 9.210526e-01 5.54740909e-05
1.794872e+00 4.478947e+00 1.126316e+00 3.00177653e-05
1.794872e+00 4.478947e+00 1.331579e+00 1.68701590e-05
1.794872e+00 4.478947e+00 1.536842e+00 9.76865522e-06
1.794872e+00 4.478947e+00 1.742105e+00 5.80337883e-06
1.794872e+00 4.478947e+00 1.947368e+00 3.52783627e-06
1.794872e+00 4.478947e+00 2.152632e+00 2.19028675e-06
1.794872e+00 4.478947e+00 2.357895e+00 1.38679900e-06
1.794872e+00 4.478947e+00 2.563158e+00 8.94329730e-07
1.794872e+00 4.478947e+00 2.768421e+00 5.86770170e-07
1.794872e+00 4.478947e+00 2.973684e+00 3.91274625e-07
1.794872e+00 4.478947e+00 3.178947e+00 2.64928701e-07
1.794872e+00 4.478947e+00 3.384211e+00 1.81981974e-07
1.794872e+00 4.478947e+00 3.589474e+00 1.26713616e-07
1.794872e+00 4.478947e+00 3.794737e+00 8.93678447e-08
1.794872e+00 4.478947e+00 4.000000e+00 6.37952553e-08
1.794872e+00 4.739474e+00 1.000000e-01 2.84831643e-01
1.794872e+00 4.739474e+00 3.052632e-01 2.65268347e-04
1.794872e+00 4.739474e+00 5.105263e-01 6.94679693e-05
1.794872e+00 4.739474e+00 7.157895e-01 3.18234925e-05
1.794872e+00 4.739474e+00 9.210526e-01 1.62660326e-05
1.794872e+00 4.739474e+00 1.126316e+00 8.79633717e-06
1.794872e+00 4.739474e+00 1.331579e+00 4.94151800e-06
1.794872e+00 4.739474e+00 1.536842e+00 2.86050818e-06
1.794872e+00 4.739474e+00 1.742105e+00 1.69896657e-06
1.794872e+00 4.739474e+00 1.947368e+00 1.03258787e-06
1.794872e+00 4.739474e+00 2.152632e+00 6.40986059e-07
1.794872e+00 4.739474e+00 2.357895e+00 4.05789336e-07
1.794872e+00 4.739474e+00 2.563158e+00 2.61657306e-07
1.794872e+00 4.739474e+00 2.768421e+00 1.71655543e-07
1.794872e+00 4.739474e+00 2.973684e+00 1.14454146e-07
1.794872e+00 4.739474e+00 3.178947e+00 7.74895881e-08
1.794872e+00 4.739474e+00 3.384211e+00 5.32244364e-08
1.794872e+00 4.739474e+00 3.589474e+00 3.70577204e-08
1.794872e+00 4.739474e+00 3.794737e+00 2.61343001e-08
1.794872e+00 4.739474e+00 4.000000e+00 1.86549940e-08
1.794872e+00 5.000000e+00 1.000000e-01 8.00918043e-02
1.794872e+00 5.000000e+00 3.052632e-01 7.38692397e-05
1.794872e+00 5.000000e+00 5.105263e-01 1.92126681e-05
1.794872e+00 5.000000e+00 7.157895e-01 8.78735591e-06
1.794872e+00 5.000000e+00 9.210526e-01 4.48804167e-06
1.794872e+00 5.000000e+00 1.126316e+00 2.42592955e-06
1.794872e+00 5.000000e+00 1.331579e+00 1.36239316e-06
1.794872e+00 5.000000e+00 1.536842e+00 7.88470459e-07
1.794872e+00 5.000000e+00 1.742105e+00 4.68219071e-07
1.794872e+00 5.000000e+00 1.947368e+00 2.84530699e-07
1.794872e+00 5.000000e+00 2.152632e+00 1.76602754e-07
1.794872e+00 5.000000e+00 2.357895e+00 1.11790442e-07
1.794872e+00 5.000000e+00 2.563158e+00 7.20772988e-08
1.794872e+00 5.000000e+00 2.768421e+00 4.72813113e-08
1.794872e+00 5.000000e+00 2.973684e+00 3.15234132e-08
1.794872e+00 5.000000e+00 3.178947e+00 2.13412239e-08
1.794872e+00 5.000000e+00 3.384211e+00 1.46576395e-08
1.794872e+00 5.000000e+00 3.589474e+00 1.02049462e-08
1.794872e+00 5.000000e+00 3.794737e+00 7.19654336e-09
1.794872e+00 5.000000e+00 4.000000e+00 5.13679010e-09
2.051282e+00 5.000000e-02 1.000000e-01 2.66154961e+04
2.051282e+00 5.000000e-02 3.052632e-01 1.19915482e+02
2.051282e+00 5.000000e-02 5.105263e-01 6.40870514e+01
2.051282e+00 5.000000e-02 7.157895e-01 3.81404228e+01
2.051282e+00 5.000000e-02 9.210526e-01 2.31383190e+01
2.051282e+00 5.000000e-02 1.126316e+00 1.42255077e+01
2.051282e+00 5.000000e-02 1.331579e+00 8.85368347e+00
2.051282e+00 5.000000e-02 1.536842e+00 5.57871485e+00
2.051282e+00 5.000000e-02 1.742105e+00 3.55985880e+00
2.051282e+00 5.000000e-02 1.947368e+00 2.30103922e+00
2.051282e+00 5.000000e-02 2.152632e+00 1.50674736e+00
2.051282e+00 5.000000e-02 2.357895e+00 9.99474764e-01
2.051282e+00 5.000000e-02 2.563158e+00 6.71479106e-01
2.051282e+00 5.000000e-02 2.768421e+00 4.56792980e-01
2.051282e+00 5.000000e-02 2.973684e+00 3.14543933e-01
2.051282e+00 5.000000e-02 3.178947e+00 2.19160318e-01
2.051282e+00 5.000000e-02 3.384211e+00 1.54446721e-01
2.051282e+00 5.000000e-02 3.589474e+00 1.10038295e-01
2.051282e+00 5.000000e-02 3.794737e+00 7.92262480e-02
2.051282e+00 5.000000e-02 4.000000e+00 5.76190241e-02
2.051282e+00 3.105263e-01 1.000000e-01 2.52840332e+04
2.051282e+00 3.105263e-01 3.052632e-01 6.05491714e+01
2.051282e+00 3.105263e-01 5.105263e-01 3.00729465e+01
2.051282e+00 3.105263e-01 7.157895e-01 1.77830429e+01
2.051282e+00 3.105263e-01 9.210526e-01 1.07433643e+01
2.051282e+00 3.105263e-01 1.126316e+00 6.58314419e+00
2.051282e+00 3.105263e-01 1.331579e+00 4.08554173e+00
2.051282e+00 3.105263e-01 1.536842e+00 2.56781578e+00
2.051282e+00 3.105263e-01 1.742105e+00 1.63484347e+00
2.051282e+00 3.105263e-01 1.947368e+00 1.05455983e+00
2.051282e+00 3.105263e-01 2.152632e+00 6.89248204e-01
2.051282e+00 3.105263e-01 2.357895e+00 4.56416160e-01
2.051282e+00 3.105263e-01 2.563158e+00 3.06158274e-01
2.051282e+00 3.105263e-01 2.768421e+00 2.07975015e-01
2.051282e+00 3.105263e-01 2.973684e+00 1.43023774e-01
2.051282e+00 3.105263e-01 3.178947e+00 9.95332822e-02
2.051282e+00 3.105263e-01 3.384211e+00 7.00661540e-02
2.051282e+00 3.105263e-01 3.589474e+00 4.98699844e-02
2.051282e+00 3.105263e-01 3.794737e+00 3.58727388e-02
2.051282e+00 3.105263e-01 4.000000e+00 2.60672271e-02
2.051282e+00 5.710526e-01 1.000000e-01 2.25076953e+04
2.051282e+00 5.710526e-01 3.052632e-01 3.78745155e+01
2.051282e+00 5.710526e-01 5.105263e-01 1.75476265e+01
2.051282e+00 5.710526e-01 7.157895e-01 1.03187323e+01
2.051282e+00 5.710526e-01 9.210526e-01 6.21261168e+00
2.051282e+00 5.710526e-01 1.126316e+00 3.79685497e+00
2.051282e+00 5.710526e-01 1.331579e+00 2.35116744e+00
2.051282e+00 5.710526e-01 1.536842e+00 1.47490799e+00
2.051282e+00 5.710526e-01 1.742105e+00 9.37420547e-01
2.051282e+00 5.710526e-01 1.947368e+00 6.03754282e-01
2.051282e+00 5.710526e-01 2.152632e+00 3.94057363e-01
2.051282e+00 5.710526e-01 2.357895e+00 2.60612190e-01
2.051282e+00 5.710526e-01 2.563158e+00 1.74613819e-01
2.051282e+00 5.710526e-01 2.768421e+00 1.18491367e-01
2.051282e+00 5.710526e-01 2.973684e+00 8.14080089e-02
2.051282e+00 5.710526e-01 3.178947e+00 5.66038042e-02
2.051282e+00 5.710526e-01 3.384211e+00 3.98140140e-02
2.051282e+00 5.710526e-01 3.589474e+00 2.83169057e-02
2.051282e+00 5.710526e-01 3.794737e+00 2.03553718e-02
2.051282e+00 5.710526e-01 4.000000e+00 1.47822285e-02
2.051282e+00 8.315790e-01 1.000000e-01 1.87340820e+04
2.051282e+00 8.315790e-01 3.052632e-01 2.43722458e+01
2.051282e+00 8.315790e-01 5.105263e-01 1.05064774e+01
2.051282e+00 8.315790e-01 7.157895e-01 6.14545584e+00
2.051282e+00 8.315790e-01 9.210526e-01 3.68859172e+00
2.051282e+00 8.315790e-01 1.126316e+00 2.24914622e+00
2.051282e+00 8.315790e-01 1.331579e+00 1.39016378e+00
2.051282e+00 8.315790e-01 1.536842e+00 8.70664597e-01
2.051282e+00 8.315790e-01 1.742105e+00 5.52594423e-01
2.051282e+00 8.315790e-01 1.947368e+00 3.55455756e-01
2.051282e+00 8.315790e-01 2.152632e+00 2.31734678e-01
2.051282e+00 8.315790e-01 2.357895e+00 1.53101221e-01
2.051282e+00 8.315790e-01 2.563158e+00 1.02484465e-01
2.051282e+00 8.315790e-01 2.768421e+00 6.94860145e-02
2.051282e+00 8.315790e-01 2.973684e+00 4.77025136e-02
2.051282e+00 8.315790e-01 3.178947e+00 3.31445634e-02
2.051282e+00 8.315790e-01 3.384211e+00 2.32982934e-02
2.051282e+00 8.315790e-01 3.589474e+00 1.65606067e-02
2.051282e+00 8.315790e-01 3.794737e+00 1.18980249e-02
2.051282e+00 8.315790e-01 4.000000e+00 8.63615144e-03
2.051282e+00 1.092105e+00 1.000000e-01 1.45741738e+04
2.051282e+00 1.092105e+00 3.052632e-01 1.54818039e+01
2.051282e+00 1.092105e+00 5.105263e-01 6.18915510e+00
2.051282e+00 1.092105e+00 7.157895e-01 3.60137653e+00
2.051282e+00 1.092105e+00 9.210526e-01 2.15540147e+00
2.051282e+00 1.092105e+00 1.126316e+00 1.31157660e+00
2.051282e+00 1.092105e+00 1.331579e+00 8.09338033e-01
2.051282e+00 1.092105e+00 1.536842e+00 5.06188571e-01
2.051282e+00 1.092105e+00 1.742105e+00 3.20882499e-01
2.051282e+00 1.092105e+00 1.947368e+00 2.06186146e-01
2.051282e+00 1.092105e+00 2.152632e+00 1.34291336e-01
2.051282e+00 1.092105e+00 2.357895e+00 8.86464715e-02
2.051282e+00 1.092105e+00 2.563158e+00 5.92927597e-02
2.051282e+00 1.092105e+00 2.768421e+00 4.01729271e-02
2.051282e+00 1.092105e+00 2.973684e+00 2.75610890e-02
2.051282e+00 1.092105e+00 3.178947e+00 1.91387571e-02
2.051282e+00 1.092105e+00 3.384211e+00 1.34459361e-02
2.051282e+00 1.092105e+00 3.589474e+00 9.55280010e-03
2.051282e+00 1.092105e+00 3.794737e+00 6.86015375e-03
2.051282e+00 1.092105e+00 4.000000e+00 4.97738738e-03
2.051282e+00 1.352632e+00 1.000000e-01 1.05956523e+04
2.051282e+00 1.352632e+00 3.052632e-01 9.54788589e+00
2.051282e+00 1.352632e+00 5.105263e-01 3.53027773e+00
2.051282e+00 1.352632e+00 7.157895e-01 2.04370642e+00
2.051282e+00 1.352632e+00 9.210526e-01 1.21985710e+00
2.051282e+00 1.352632e+00 1.126316e+00 7.40901828e-01
2.051282e+00 1.352632e+00 1.331579e+00 4.56523001e-01
2.051282e+00 1.352632e+00 1.536842e+00 2.85177946e-01
2.051282e+00 1.352632e+00 1.742105e+00 1.80589199e-01
2.051282e+00 1.352632e+00 1.947368e+00 1.15932092e-01
2.051282e+00 1.352632e+00 2.152632e+00 7.54461810e-02
2.051282e+00 1.352632e+00 2.357895e+00 4.97655794e-02
2.051282e+00 1.352632e+00 2.563158e+00 3.32643203e-02
2.051282e+00 1.352632e+00 2.768421e+00 2.25241613e-02
2.051282e+00 1.352632e+00 2.973684e+00 1.54444994e-02
2.051282e+00 1.352632e+00 3.178947e+00 1.07194986e-02
2.051282e+00 1.352632e+00 3.384211e+00 7.52756000e-03
2.051282e+00 1.352632e+00 3.589474e+00 5.34581905e-03
2.051282e+00 1.352632e+00 3.794737e+00 3.83753306e-03
2.051282e+00 1.352632e+00 4.000000e+00 2.78335623e-03
2.051282e+00 1.613158e+00 1.000000e-01 7.19841162e+03
2.051282e+00 1.613158e+00 3.052632e-01 5.66528940e+00
2.051282e+00 1.613158e+00 5.105263e-01 1.93450749e+00
2.051282e+00 1.613158e+00 7.157895e-01 1.11424387e+00
2.051282e+00 1.613158e+00 9.210526e-01 6.63374364e-01
2.051282e+00 1.613158e+00 1.126316e+00 4.02217090e-01
2.051282e+00 1.613158e+00 1.331579e+00 2.47507557e-01
2.051282e+00 1.613158e+00 1.536842e+00 1.54443741e-01
2.051282e+00 1.613158e+00 1.742105e+00 9.77112651e-02
2.051282e+00 1.613158e+00 1.947368e+00 6.26765639e-02
2.051282e+00 1.613158e+00 2.152632e+00 4.07592542e-02
2.051282e+00 1.613158e+00 2.357895e+00 2.68683285e-02
2.051282e+00 1.613158e+00 2.563158e+00 1.79489944e-02
2.051282e+00 1.613158e+00 2.768421e+00 1.21474089e-02
2.051282e+00 1.613158e+00 2.973684e+00 8.32538586e-03
2.051282e+00 1.613158e+00 3.178947e+00 5.77587960e-03
2.051282e+00 1.613158e+00 3.384211e+00 4.05442389e-03
2.051282e+00 1.613158e+00 3.589474e+00 2.87828408e-03
2.051282e+00 1.613158e+00 3.794737e+00 2.06552655e-03
2.051282e+00 1.613158e+00 4.000000e+00 1.49767869e-03
2.051282e+00 1.873684e+00 1.000000e-01 4.56979053e+03
2.051282e+00 1.873684e+00 3.052632e-01 3.21547699e+00
2.051282e+00 1.873684e+00 5.105263e-01 1.01391530e+00
2.051282e+00 1.873684e+00 7.157895e-01 5.81079900e-01
2.051282e+00 1.873684e+00 9.210526e-01 3.45110804e-01
2.051282e+00 1.873684e+00 1.126316e+00 2.08912760e-01
2.051282e+00 1.873684e+00 1.331579e+00 1.28401145e-01
2.051282e+00 1.873684e+00 1.536842e+00 8.00437927e-02
2.051282e+00 1.873684e+00 1.742105e+00 5.05990572e-02
2.051282e+00 1.873684e+00 1.947368e+00 3.24334204e-02
2.051282e+00 1.873684e+00 2.152632e+00 2.10784376e-02
2.051282e+00 1.873684e+00 2.357895e+00 1.38869798e-02
2.051282e+00 1.873684e+00 2.563158e+00 9.27231088e-03
2.051282e+00 1.873684e+00 2.768421e+00 6.27240166e-03
2.051282e+00 1.873684e+00 2.973684e+00 4.29710280e-03
2.051282e+00 1.873684e+00 3.178947e+00 2.98006879e-03
2.051282e+00 1.873684e+00 3.384211e+00 2.09117471e-03
2.051282e+00 1.873684e+00 3.589474e+00 1.48409570e-03
2.051282e+00 1.873684e+00 3.794737e+00 1.06471987e-03
2.051282e+00 1.873684e+00 4.000000e+00 7.71810650e-04
2.051282e+00 2.134211e+00 1.000000e-01 2.71080493e+03
2.051282e+00 2.134211e+00 3.052632e-01 1.73852301e+00
2.051282e+00 2.134211e+00 5.105263e-01 5.06954193e-01
2.051282e+00 2.134211e+00 7.157895e-01 2.89110363e-01
2.051282e+00 2.134211e+00 9.210526e-01 1.71308592e-01
2.051282e+00 2.134211e+00 1.126316e+00 1.03546768e-01
2.051282e+00 2.134211e+00 1.331579e+00 6.35712072e-02
2.051282e+00 2.134211e+00 1.536842e+00 3.95943783e-02
2.051282e+00 2.134211e+00 1.742105e+00 2.50107180e-02
2.051282e+00 2.134211e+00 1.947368e+00 1.60212852e-02
2.051282e+00 2.134211e+00 2.152632e+00 1.04063544e-02
2.051282e+00 2.134211e+00 2.357895e+00 6.85253181e-03
2.051282e+00 2.134211e+00 2.563158e+00 4.57337219e-03
2.051282e+00 2.134211e+00 2.768421e+00 3.09248338e-03
2.051282e+00 2.134211e+00 2.973684e+00 2.11783499e-03
2.051282e+00 2.134211e+00 3.178947e+00 1.46825158e-03
2.051282e+00 2.134211e+00 3.384211e+00 1.02999143e-03
2.051282e+00 2.134211e+00 3.589474e+00 7.30780244e-04
2.051282e+00 2.134211e+00 3.794737e+00 5.24146191e-04
2.051282e+00 2.134211e+00 4.000000e+00 3.79865465e-04
2.051282e+00 2.394737e+00 1.000000e-01 1.50257861e+03
2.051282e+00 2.394737e+00 3.052632e-01 8.92620981e-01
2.051282e+00 2.394737e+00 5.105263e-01 2.41421983e-01
2.051282e+00 2.394737e+00 7.157895e-01 1.37020051e-01
2.051282e+00 2.394737e+00 9.210526e-01 8.10106620e-02
2.051282e+00 2.394737e+00 1.126316e+00 4.88983132e-02
2.051282e+00 2.394737e+00 1.331579e+00 2.99899280e-02
2.051282e+00 2.394737e+00 1.536842e+00 1.86637044e-02
2.051282e+00 2.394737e+00 1.742105e+00 1.17814401e-02
2.051282e+00 2.394737e+00 1.947368e+00 7.54256174e-03
2.051282e+00 2.394737e+00 2.152632e+00 4.89666918e-03
2.051282e+00 2.394737e+00 2.357895e+00 3.22298985e-03
2.051282e+00 2.394737e+00 2.563158e+00 2.15016701e-03
2.051282e+00 2.394737e+00 2.768421e+00 1.45340536e-03
2.051282e+00 2.394737e+00 2.973684e+00 9.95015143e-04
2.051282e+00 2.394737e+00 3.178947e+00 6.89623004e-04
2.051282e+00 2.394737e+00 3.384211e+00 4.83648590e-04
2.051282e+00 2.394737e+00 3.589474e+00 3.43066233e-04
2.051282e+00 2.394737e+00 3.794737e+00 2.46007898e-04
2.051282e+00 2.394737e+00 4.000000e+00 1.78253438e-04
2.051282e+00 2.655263e+00 1.000000e-01 7.78232117e+02
2.051282e+00 2.655263e+00 3.052632e-01 4.34124082e-01
2.051282e+00 2.655263e+00 5.105263e-01 1.09388925e-01
2.051282e+00 2.655263e+00 7.157895e-01 6.17972873e-02
2.051282e+00 2.655263e+00 9.210526e-01 3.64607833e-02
2.051282e+00 2.655263e+00 1.126316e+00 2.19793059e-02
2.051282e+00 2.655263e+00 1.331579e+00 1.34675177e-02
2.051282e+00 2.655263e+00 1.536842e+00 8.37510824e-03
2.051282e+00 2.655263e+00 1.742105e+00 5.28355781e-03
2.051282e+00 2.655263e+00 1.947368e+00 3.38080339e-03
2.051282e+00 2.655263e+00 2.152632e+00 2.19384045e-03
2.051282e+00 2.655263e+00 2.357895e+00 1.44340936e-03
2.051282e+00 2.655263e+00 2.563158e+00 9.62601276e-04
2.051282e+00 2.655263e+00 2.768421e+00 6.50463509e-04
2.051282e+00 2.655263e+00 2.973684e+00 4.45185724e-04
2.051282e+00 2.655263e+00 3.178947e+00 3.08467250e-04
2.051282e+00 2.655263e+00 3.384211e+00 2.16284025e-04
2.051282e+00 2.655263e+00 3.589474e+00 1.53383764e-04
2.051282e+00 2.655263e+00 3.794737e+00 1.09967805e-04
2.051282e+00 2.655263e+00 4.000000e+00 7.96667300e-05
2.051282e+00 2.915789e+00 1.000000e-01 3.76627716e+02
2.051282e+00 2.915789e+00 3.052632e-01 1.99583948e-01
2.051282e+00 2.915789e+00 5.105263e-01 4.71220501e-02
2.051282e+00 2.915789e+00 7.157895e-01 2.65043005e-02
2.051282e+00 2.915789e+00 9.210526e-01 1.56074222e-02
2.051282e+00 2.915789e+00 1.126316e+00 9.39722918e-03
2.051282e+00 2.915789e+00 1.331579e+00 5.75310923e-03
2.051282e+00 2.915789e+00 1.536842e+00 3.57531989e-03
2.051282e+00 2.915789e+00 1.742105e+00 2.25430122e-03
2.051282e+00 2.915789e+00 1.947368e+00 1.44179072e-03
2.051282e+00 2.915789e+00 2.152632e+00 9.35213466e-04
2.051282e+00 2.915789e+00 2.357895e+00 6.15089724e-04
2.051282e+00 2.915789e+00 2.563158e+00 4.10069333e-04
2.051282e+00 2.915789e+00 2.768421e+00 2.77018728e-04
2.051282e+00 2.915789e+00 2.973684e+00 1.89546496e-04
2.051282e+00 2.915789e+00 3.178947e+00 1.31305453e-04
2.051282e+00 2.915789e+00 3.384211e+00 9.20464881e-05
2.051282e+00 2.915789e+00 3.589474e+00 6.52647432e-05
2.051282e+00 2.915789e+00 3.794737e+00 4.67831742e-05
2.051282e+00 2.915789e+00 4.000000e+00 3.38869431e-05
2.051282e+00 3.176316e+00 1.000000e-01 1.70311493e+02
2.051282e+00 3.176316e+00 3.052632e-01 8.65849108e-02
2.051282e+00 3.176316e+00 5.105263e-01 1.92846488e-02
2.051282e+00 3.176316e+00 7.157895e-01 1.08028864e-02
2.051282e+00 3.176316e+00 9.210526e-01 6.35015732e-03
2.051282e+00 3.176316e+00 1.126316e+00 3.81928193e-03
2.051282e+00 3.176316e+00 1.331579e+00 2.33641383e-03
2.051282e+00 3.176316e+00 1.536842e+00 1.45111873e-03
2.051282e+00 3.176316e+00 1.742105e+00 9.14505334e-04
2.051282e+00 3.176316e+00 1.947368e+00 5.84649271e-04
2.051282e+00 3.176316e+00 2.152632e+00 3.79093632e-04
2.051282e+00 3.176316e+00 2.357895e+00 2.49250559e-04
2.051282e+00 3.176316e+00 2.563158e+00 1.66123747e-04
2.051282e+00 3.176316e+00 2.768421e+00 1.12195150e-04
2.051282e+00 3.176316e+00 2.973684e+00 7.67505771e-05
2.051282e+00 3.176316e+00 3.178947e+00 5.31568403e-05
2.051282e+00 3.176316e+00 3.384211e+00 3.72565373e-05
2.051282e+00 3.176316e+00 3.589474e+00 2.64119699e-05
2.051282e+00 3.176316e+00 3.794737e+00 1.89297352e-05
2.051282e+00 3.176316e+00 4.000000e+00 1.37096640e-05
2.051282e+00 3.436842e+00 1.000000e-01 7.19620209e+01
2.051282e+00 3.436842e+00 3.052632e-01 3.53922173e-02
2.051282e+00 3.436842e+00 5.105263e-01 7.49156112e-03
2.051282e+00 3.436842e+00 7.157895e-01 4.18126909e-03
2.051282e+00 3.436842e+00 9.210526e-01 2.45393557e-03
2.051282e+00 3.436842e+00 1.126316e+00 1.47448492e-03
2.051282e+00 3.436842e+00 1.331579e+00 9.01389983e-04
2.051282e+00 3.436842e+00 1.536842e+00 5.59545704e-04
2.051282e+00 3.436842e+00 1.742105e+00 3.52478179e-04
2.051282e+00 3.436842e+00 1.947368e+00 2.25259282e-04
2.051282e+00 3.436842e+00 2.152632e+00 1.46014645e-04
2.051282e+00 3.436842e+00 2.357895e+00 9.59764729e-05
2.051282e+00 3.436842e+00 2.563158e+00 6.39518767e-05
2.051282e+00 3.436842e+00 2.768421e+00 4.31816334e-05
2.051282e+00 3.436842e+00 2.973684e+00 2.95338650e-05
2.051282e+00 3.436842e+00 3.178947e+00 2.04512762e-05
2.051282e+00 3.436842e+00 3.384211e+00 1.43315356e-05
2.051282e+00 3.436842e+00 3.589474e+00 1.01584383e-05
2.051282e+00 3.436842e+00 3.794737e+00 7.27969245e-06
2.051282e+00 3.436842e+00 4.000000e+00 5.27159045e-06
2.051282e+00 3.697368e+00 1.000000e-01 2.84112053e+01
2.051282e+00 3.697368e+00 3.052632e-01 1.36128059e-02
2.051282e+00 3.697368e+00 5.105263e-01 2.75962381e-03
2.051282e+00 3.697368e+00 7.157895e-01 1.53528911e-03
2.051282e+00 3.697368e+00 9.210526e-01 8.99794803e-04
2.051282e+00 3.697368e+00 1.126316e+00 5.40202891e-04
2.051282e+00 3.697368e+00 1.331579e+00 3.30045004e-04
2.051282e+00 3.697368e+00 1.536842e+00 2.04785320e-04
2.051282e+00 3.697368e+00 1.742105e+00 1.28953499e-04
2.051282e+00 3.697368e+00 1.947368e+00 8.23846567e-05
2.051282e+00 3.697368e+00 2.152632e+00 5.33878738e-05
2.051282e+00 3.697368e+00 2.357895e+00 3.50838745e-05
2.051282e+00 3.697368e+00 2.563158e+00 2.33724186e-05
2.051282e+00 3.697368e+00 2.768421e+00 1.57785653e-05
2.051282e+00 3.697368e+00 2.973684e+00 1.07898213e-05
2.051282e+00 3.697368e+00 3.178947e+00 7.47047079e-06
2.051282e+00 3.697368e+00 3.384211e+00 5.23431390e-06
2.051282e+00 3.697368e+00 3.589474e+00 3.70971020e-06
2.051282e+00 3.697368e+00 3.794737e+00 2.65812787e-06
2.051282e+00 3.697368e+00 4.000000e+00 1.92468360e-06
2.051282e+00 3.957895e+00 1.000000e-01 1.04809732e+01
2.051282e+00 3.957895e+00 3.052632e-01 4.92098322e-03
2.051282e+00 3.957895e+00 5.105263e-01 9.62676713e-04
2.051282e+00 3.957895e+00 7.157895e-01 5.34115767e-04
2.051282e+00 3.957895e+00 9.210526e-01 3.12665652e-04
2.051282e+00 3.957895e+00 1.126316e+00 1.87580212e-04
2.051282e+00 3.957895e+00 1.331579e+00 1.14547591e-04
2.051282e+00 3.957895e+00 1.536842e+00 7.10470558e-05
2.051282e+00 3.957895e+00 1.742105e+00 4.47243838e-05
2.051282e+00 3.957895e+00 1.947368e+00 2.85656643e-05
2.051282e+00 3.957895e+00 2.152632e+00 1.85072113e-05
2.051282e+00 3.957895e+00 2.357895e+00 1.21595976e-05
2.051282e+00 3.957895e+00 2.563158e+00 8.09912399e-06
2.051282e+00 3.957895e+00 2.768421e+00 5.46679530e-06
2.051282e+00 3.957895e+00 2.973684e+00 3.73782268e-06
2.051282e+00 3.957895e+00 3.178947e+00 2.58759246e-06
2.051282e+00 3.957895e+00 3.384211e+00 1.81283156e-06
2.051282e+00 3.957895e+00 3.589474e+00 1.28466979e-06
2.051282e+00 3.957895e+00 3.794737e+00 9.20420291e-07
2.051282e+00 3.957895e+00 4.000000e+00 6.66394669e-07
2.051282e+00 4.218421e+00 1.000000e-01 3.61275840e+00
2.051282e+00 4.218421e+00 3.052632e-01 1.67020131e-03
2.051282e+00 4.218421e+00 5.105263e-01 3.17544298e-04
2.051282e+00 4.218421e+00 7.157895e-01 1.75787209e-04
2.051282e+00 4.218421e+00 9.210526e-01 1.02804683e-04
2.051282e+00 4.218421e+00 1.126316e+00 6.16407197e-05
2.051282e+00 4.218421e+00 1.331579e+00 3.76262942e-05
2.051282e+00 4.218421e+00 1.536842e+00 2.33300343e-05
2.051282e+00 4.218421e+00 1.742105e+00 1.46826342e-05
2.051282e+00 4.218421e+00 1.947368e+00 9.37584537e-06
2.051282e+00 4.218421e+00 2.152632e+00 6.07332595e-06
2.051282e+00 4.218421e+00 2.357895e+00 3.98964130e-06
2.051282e+00 4.218421e+00 2.563158e+00 2.65699123e-06
2.051282e+00 4.218421e+00 2.768421e+00 1.79320261e-06
2.051282e+00 4.218421e+00 2.973684e+00 1.22592644e-06
2.051282e+00 4.218421e+00 3.178947e+00 8.48587149e-07
2.051282e+00 4.218421e+00 3.384211e+00 5.94452672e-07
2.051282e+00 4.218421e+00 3.589474e+00 4.21224428e-07
2.051282e+00 4.218421e+00 3.794737e+00 3.01768978e-07
2.051282e+00 4.218421e+00 4.000000e+00 2.18468571e-07
2.051282e+00 4.478947e+00 1.000000e-01 1.16359317e+00
2.051282e+00 4.478947e+00 3.052632e-01 5.31739497e-04
2.051282e+00 4.478947e+00 5.105263e-01 9.88774409e-05
2.051282e+00 4.478947e+00 7.157895e-01 5.46394840e-05
2.051282e+00 4.478947e+00 9.210526e-01 3.19302053e-05
2.051282e+00 4.478947e+00 1.126316e+00 1.91362778e-05
2.051282e+00 4.478947e+00 1.331579e+00 1.16772608e-05
2.051282e+00 4.478947e+00 1.536842e+00 7.23865605e-06
2.051282e+00 4.478947e+00 1.742105e+00 4.55469581e-06
2.051282e+00 4.478947e+00 1.947368e+00 2.90798175e-06
2.051282e+00 4.478947e+00 2.152632e+00 1.88340596e-06
2.051282e+00 4.478947e+00 2.357895e+00 1.23707355e-06
2.051282e+00 4.478947e+00 2.563158e+00 8.23763173e-07
2.051282e+00 4.478947e+00 2.768421e+00 5.55900556e-07
2.051282e+00 4.478947e+00 2.973684e+00 3.80007634e-07
2.051282e+00 4.478947e+00 3.178947e+00 2.63019984e-07
2.051282e+00 4.478947e+00 3.384211e+00 1.84237024e-07
2.051282e+00 4.478947e+00 3.589474e+00 1.30540101e-07
2.051282e+00 4.478947e+00 3.794737e+00 9.35143163e-08
2.051282e+00 4.478947e+00 4.000000e+00 6.76968739e-08
2.051282e+00 4.739474e+00 1.000000e-01 3.50176334e-01
2.051282e+00 4.739474e+00 3.052632e-01 1.58669063e-04
2.051282e+00 4.739474e+00 5.105263e-01 2.90143453e-05
2.051282e+00 4.739474e+00 7.157895e-01 1.60113304e-05
2.051282e+00 4.739474e+00 9.210526e-01 9.35122989e-06
2.051282e+00 4.739474e+00 1.126316e+00 5.60236276e-06
2.051282e+00 4.739474e+00 1.331579e+00 3.41780969e-06
2.051282e+00 4.739474e+00 1.536842e+00 2.11827137e-06
2.051282e+00 4.739474e+00 1.742105e+00 1.33265087e-06
2.051282e+00 4.739474e+00 1.947368e+00 8.50732192e-07
2.051282e+00 4.739474e+00 2.152632e+00 5.50930679e-07
2.051282e+00 4.739474e+00 2.357895e+00 3.61830615e-07
2.051282e+00 4.739474e+00 2.563158e+00 2.40920770e-07
2.051282e+00 4.739474e+00 2.768421e+00 1.62567957e-07
2.051282e+00 4.739474e+00 2.973684e+00 1.11121892e-07
2.051282e+00 4.739474e+00 3.178947e+00 7.69075044e-08
2.051282e+00 4.739474e+00 3.384211e+00 5.38681491e-08
2.051282e+00 4.739474e+00 3.589474e+00 3.81660179e-08
2.051282e+00 4.739474e+00 3.794737e+00 2.73394640e-08
2.051282e+00 4.739474e+00 4.000000e+00 1.97907237e-08
2.051282e+00 5.000000e+00 1.000000e-01 9.84684452e-02
2.051282e+00 5.000000e+00 3.052632e-01 4.43456047e-05
2.051282e+00 5.000000e+00 5.105263e-01 8.00993985e-06
2.051282e+00 5.000000e+00 7.157895e-01 4.41574639e-06
2.051282e+00 5.000000e+00 9.210526e-01 2.57783245e-06
2.051282e+00 5.000000e+00 1.126316e+00 1.54398879e-06
2.051282e+00 5.000000e+00 1.331579e+00 9.41762266e-07
2.051282e+00 5.000000e+00 1.536842e+00 5.83598194e-07
2.051282e+00 5.000000e+00 1.742105e+00 3.67112563e-07
2.051282e+00 5.000000e+00 1.947368e+00 2.34332987e-07
2.051282e+00 5.000000e+00 2.152632e+00 1.51740252e-07
2.051282e+00 5.000000e+00 2.357895e+00 9.96501015e-08
2.051282e+00 5.000000e+00 2.563158e+00 6.63464874e-08
2.051282e+00 5.000000e+00 2.768421e+00 4.47665691e-08
2.051282e+00 5.000000e+00 2.973684e+00 3.05982333e-08
2.051282e+00 5.000000e+00 3.178947e+00 2.11760334e-08
2.051282e+00 5.000000e+00 3.384211e+00 1.48316470e-08
2.051282e+00 5.000000e+00 3.589474e+00 1.05079474e-08
2.051282e+00 5.000000e+00 3.794737e+00 7.52689555e-09
2.051282e+00 5.000000e+00 4.000000e+00 5.44845546e-09
2.307692e+00 5.000000e-02 1.000000e-01 2.98263438e+04
2.307692e+00 5.000000e-02 3.052632e-01 5.99188309e+01
2.307692e+00 5.000000e-02 5.105263e-01 3.22991829e+01
2.307692e+00 5.000000e-02 7.157895e-01 2.15485649e+01
2.307692e+00 5.000000e-02 9.210526e-01 1.43341007e+01
2.307692e+00 5.000000e-02 1.126316e+00 9.51568317e+00
2.307692e+00 5.000000e-02 1.331579e+00 6.32176161e+00
2.307692e+00 5.000000e-02 1.536842e+00 4.21371365e+00
2.307692e+00 5.000000e-02 1.742105e+00 2.82345748e+00
2.307692e+00 5.000000e-02 1.947368e+00 1.90472281e+00
2.307692e+00 5.000000e-02 2.152632e+00 1.29501510e+00
2.307692e+00 5.000000e-02 2.357895e+00 8.88023973e-01
2.307692e+00 5.000000e-02 2.563158e+00 6.14441335e-01
2.307692e+00 5.000000e-02 2.768421e+00 4.29090470e-01
2.307692e+00 5.000000e-02 2.973684e+00 3.02466542e-01
2.307692e+00 5.000000e-02 3.178947e+00 2.15206698e-01
2.307692e+00 5.000000e-02 3.384211e+00 1.54540315e-01
2.307692e+00 5.000000e-02 3.589474e+00 1.11985497e-01
2.307692e+00 5.000000e-02 3.794737e+00 8.18696022e-02
2.307692e+00 5.000000e-02 4.000000e+00 6.03702441e-02
2.307692e+00 3.105263e-01 1.000000e-01 2.84189336e+04
2.307692e+00 3.105263e-01 3.052632e-01 3.31127014e+01
2.307692e+00 3.105263e-01 5.105263e-01 1.47954130e+01
2.307692e+00 3.105263e-01 7.157895e-01 9.85803032e+00
2.307692e+00 3.105263e-01 9.210526e-01 6.55275202e+00
2.307692e+00 3.105263e-01 1.126316e+00 4.34582376e+00
2.307692e+00 3.105263e-01 1.331579e+00 2.88390923e+00
2.307692e+00 3.105263e-01 1.536842e+00 1.91990304e+00
2.307692e+00 3.105263e-01 1.742105e+00 1.28486276e+00
2.307692e+00 3.105263e-01 1.947368e+00 8.65703642e-01
2.307692e+00 3.105263e-01 2.152632e+00 5.87883830e-01
2.307692e+00 3.105263e-01 2.357895e+00 4.02660757e-01
2.307692e+00 3.105263e-01 2.563158e+00 2.78301984e-01
2.307692e+00 3.105263e-01 2.768421e+00 1.94147781e-01
2.307692e+00 3.105263e-01 2.973684e+00 1.36720181e-01
2.307692e+00 3.105263e-01 3.178947e+00 9.71875414e-02
2.307692e+00 3.105263e-01 3.384211e+00 6.97302669e-02
2.307692e+00 3.105263e-01 3.589474e+00 5.04885092e-02
2.307692e+00 3.105263e-01 3.794737e+00 3.68832126e-02
2.307692e+00 3.105263e-01 4.000000e+00 2.71783937e-02
2.307692e+00 5.710526e-01 1.000000e-01 2.53243516e+04
2.307692e+00 5.710526e-01 3.052632e-01 2.24569397e+01
2.307692e+00 5.710526e-01 5.105263e-01 8.47917557e+00
2.307692e+00 5.710526e-01 7.157895e-01 5.64002371e+00
2.307692e+00 5.710526e-01 9.210526e-01 3.74609160e+00
2.307692e+00 5.710526e-01 1.126316e+00 2.48234701e+00
2.307692e+00 5.710526e-01 1.331579e+00 1.64581120e+00
2.307692e+00 5.710526e-01 1.536842e+00 1.09464180e+00
2.307692e+00 5.710526e-01 1.742105e+00 7.31878519e-01
2.307692e+00 5.710526e-01 1.947368e+00 4.92664963e-01
2.307692e+00 5.710526e-01 2.152632e+00 3.34258944e-01
2.307692e+00 5.710526e-01 2.357895e+00 2.28748515e-01
2.307692e+00 5.710526e-01 2.563158e+00 1.57971919e-01
2.307692e+00 5.710526e-01 2.768421e+00 1.10119417e-01
2.307692e+00 5.710526e-01 2.973684e+00 7.74908066e-02
2.307692e+00 5.710526e-01 3.178947e+00 5.50471433e-02
2.307692e+00 5.710526e-01 3.384211e+00 3.94703001e-02
2.307692e+00 5.710526e-01 3.589474e+00 2.85618193e-02
2.307692e+00 5.710526e-01 3.794737e+00 2.08536647e-02
2.307692e+00 5.710526e-01 4.000000e+00 1.53588215e-02
2.307692e+00 8.315790e-01 1.000000e-01 2.10904043e+04
2.307692e+00 8.315790e-01 3.052632e-01 1.56196699e+01
2.307692e+00 8.315790e-01 5.105263e-01 5.00228405e+00
2.307692e+00 8.315790e-01 7.157895e-01 3.32039523e+00
2.307692e+00 8.315790e-01 9.210526e-01 2.20359063e+00
2.307692e+00 8.315790e-01 1.126316e+00 1.45906746e+00
2.307692e+00 8.315790e-01 1.331579e+00 9.66603577e-01
2.307692e+00 8.315790e-01 1.536842e+00 6.42387152e-01
2.307692e+00 8.315790e-01 1.742105e+00 4.29164618e-01
2.307692e+00 8.315790e-01 1.947368e+00 2.88673490e-01
2.307692e+00 8.315790e-01 2.152632e+00 1.95714012e-01
2.307692e+00 8.315790e-01 2.357895e+00 1.33842856e-01
2.307692e+00 8.315790e-01 2.563158e+00 9.23703313e-02
2.307692e+00 8.315790e-01 2.768421e+00 6.43496066e-02
2.307692e+00 8.315790e-01 2.973684e+00 4.52564284e-02
2.307692e+00 8.315790e-01 3.178947e+00 3.21313180e-02
2.307692e+00 8.315790e-01 3.384211e+00 2.30274312e-02
2.307692e+00 8.315790e-01 3.589474e+00 1.66553818e-02
2.307692e+00 8.315790e-01 3.794737e+00 1.21551864e-02
2.307692e+00 8.315790e-01 4.000000e+00 8.94868653e-03
2.307692e+00 1.092105e+00 1.000000e-01 1.64132266e+04
2.307692e+00 1.092105e+00 3.052632e-01 1.06845522e+01
2.307692e+00 1.092105e+00 5.105263e-01 2.90983343e+00
2.307692e+00 1.092105e+00 7.157895e-01 1.92681098e+00
2.307692e+00 1.092105e+00 9.210526e-01 1.27763128e+00
2.307692e+00 1.092105e+00 1.126316e+00 8.45331252e-01
2.307692e+00 1.092105e+00 1.331579e+00 5.59616566e-01
2.307692e+00 1.092105e+00 1.536842e+00 3.71652305e-01
2.307692e+00 1.092105e+00 1.742105e+00 2.48126939e-01
2.307692e+00 1.092105e+00 1.947368e+00 1.66792557e-01
2.307692e+00 1.092105e+00 2.152632e+00 1.13012321e-01
2.307692e+00 1.092105e+00 2.357895e+00 7.72409886e-02
2.307692e+00 1.092105e+00 2.563158e+00 5.32776527e-02
2.307692e+00 1.092105e+00 2.768421e+00 3.70966680e-02
2.307692e+00 1.092105e+00 2.973684e+00 2.60771923e-02
2.307692e+00 1.092105e+00 3.178947e+00 1.85059980e-02
2.307692e+00 1.092105e+00 3.384211e+00 1.32570779e-02
2.307692e+00 1.092105e+00 3.589474e+00 9.58486088e-03
2.307692e+00 1.092105e+00 3.794737e+00 6.99257199e-03
2.307692e+00 1.092105e+00 4.000000e+00 5.14619751e-03
2.307692e+00 1.352632e+00 1.000000e-01 1.19356719e+04
2.307692e+00 1.352632e+00 3.052632e-01 7.05987644e+00
2.307692e+00 1.352632e+00 5.105263e-01 1.64172781e+00
2.307692e+00 1.352632e+00 7.157895e-01 1.08414555e+00
2.307692e+00 1.352632e+00 9.210526e-01 7.18243122e-01
2.307692e+00 1.352632e+00 1.126316e+00 4.74879831e-01
2.307692e+00 1.352632e+00 1.331579e+00 3.14170897e-01
2.307692e+00 1.352632e+00 1.536842e+00 2.08519697e-01
2.307692e+00 1.352632e+00 1.742105e+00 1.39133260e-01
2.307692e+00 1.352632e+00 1.947368e+00 9.34742242e-02
2.307692e+00 1.352632e+00 2.152632e+00 6.33012503e-02
2.307692e+00 1.352632e+00 2.357895e+00 4.32431102e-02
2.307692e+00 1.352632e+00 2.563158e+00 2.98134554e-02
2.307692e+00 1.352632e+00 2.768421e+00 2.07497254e-02
2.307692e+00 1.352632e+00 2.973684e+00 1.45800952e-02
2.307692e+00 1.352632e+00 3.178947e+00 1.03430161e-02
2.307692e+00 1.352632e+00 3.384211e+00 7.40675861e-03
2.307692e+00 1.352632e+00 3.589474e+00 5.35332365e-03
2.307692e+00 1.352632e+00 3.794737e+00 3.90427932e-03
2.307692e+00 1.352632e+00 4.000000e+00 2.87255668e-03
2.307692e+00 1.613158e+00 1.000000e-01 8.11026514e+03
2.307692e+00 1.613158e+00 3.052632e-01 4.46092224e+00
2.307692e+00 1.613158e+00 5.105263e-01 8.91027570e-01
2.307692e+00 1.613158e+00 7.157895e-01 5.86656988e-01
2.307692e+00 1.613158e+00 9.210526e-01 3.88310939e-01
2.307692e+00 1.613158e+00 1.126316e+00 2.56565303e-01
2.307692e+00 1.613158e+00 1.331579e+00 1.69637203e-01
2.307692e+00 1.613158e+00 1.536842e+00 1.12528622e-01
2.307692e+00 1.613158e+00 1.742105e+00 7.50452876e-02
2.307692e+00 1.613158e+00 1.947368e+00 5.03930897e-02
2.307692e+00 1.613158e+00 2.152632e+00 3.41108628e-02
2.307692e+00 1.613158e+00 2.357895e+00 2.32922062e-02
2.307692e+00 1.613158e+00 2.563158e+00 1.60520710e-02
2.307692e+00 1.613158e+00 2.768421e+00 1.11677833e-02
2.307692e+00 1.613158e+00 2.973684e+00 7.84447510e-03
2.307692e+00 1.613158e+00 3.178947e+00 5.56299277e-03
2.307692e+00 1.613158e+00 3.384211e+00 3.98251507e-03
2.307692e+00 1.613158e+00 3.589474e+00 2.87760235e-03
2.307692e+00 1.613158e+00 3.794737e+00 2.09813612e-03
2.307692e+00 1.613158e+00 4.000000e+00 1.54331978e-03
2.307692e+00 1.873684e+00 1.000000e-01 5.14937061e+03
2.307692e+00 1.873684e+00 3.052632e-01 2.67841029e+00
2.307692e+00 1.873684e+00 5.105263e-01 4.63044167e-01
2.307692e+00 1.873684e+00 7.157895e-01 3.03895742e-01
2.307692e+00 1.873684e+00 9.210526e-01 2.00970933e-01
2.307692e+00 1.873684e+00 1.126316e+00 1.32699251e-01
2.307692e+00 1.873684e+00 1.331579e+00 8.76907185e-02
2.307692e+00 1.873684e+00 1.536842e+00 5.81405833e-02
2.307692e+00 1.873684e+00 1.742105e+00 3.87559310e-02
2.307692e+00 1.873684e+00 1.947368e+00 2.60136146e-02
2.307692e+00 1.873684e+00 2.152632e+00 1.76013857e-02
2.307692e+00 1.873684e+00 2.357895e+00 1.20143630e-02
2.307692e+00 1.873684e+00 2.563158e+00 8.27691332e-03
2.307692e+00 1.873684e+00 2.768421e+00 5.75654302e-03
2.307692e+00 1.873684e+00 2.973684e+00 4.04227059e-03
2.307692e+00 1.873684e+00 3.178947e+00 2.86581577e-03
2.307692e+00 1.873684e+00 3.384211e+00 2.05107173e-03
2.307692e+00 1.873684e+00 3.589474e+00 1.48166099e-03
2.307692e+00 1.873684e+00 3.794737e+00 1.08007179e-03
2.307692e+00 1.873684e+00 4.000000e+00 7.94296269e-04
2.307692e+00 2.134211e+00 1.000000e-01 3.05492993e+03
2.307692e+00 2.134211e+00 3.052632e-01 1.52156830e+00
2.307692e+00 2.134211e+00 5.105263e-01 2.29763478e-01
2.307692e+00 2.134211e+00 7.157895e-01 1.50287941e-01
2.307692e+00 2.134211e+00 9.210526e-01 9.92998183e-02
2.307692e+00 2.134211e+00 1.126316e+00 6.55263066e-02
2.307692e+00 2.134211e+00 1.331579e+00 4.32790108e-02
2.307692e+00 2.134211e+00 1.536842e+00 2.86817253e-02
2.307692e+00 2.134211e+00 1.742105e+00 1.91109627e-02
2.307692e+00 2.134211e+00 1.947368e+00 1.28226485e-02
2.307692e+00 2.134211e+00 2.152632e+00 8.67298897e-03
2.307692e+00 2.134211e+00 2.357895e+00 5.91802644e-03
2.307692e+00 2.134211e+00 2.563158e+00 4.07577492e-03
2.307692e+00 2.134211e+00 2.768421e+00 2.83385487e-03
2.307692e+00 2.134211e+00 2.973684e+00 1.98940770e-03
2.307692e+00 2.134211e+00 3.178947e+00 1.41006219e-03
2.307692e+00 2.134211e+00 3.384211e+00 1.00895262e-03
2.307692e+00 2.134211e+00 3.589474e+00 7.28694315e-04
2.307692e+00 2.134211e+00 3.794737e+00 5.31083148e-04
2.307692e+00 2.134211e+00 4.000000e+00 3.90492904e-04
2.307692e+00 2.394737e+00 1.000000e-01 1.69346094e+03
2.307692e+00 2.394737e+00 3.052632e-01 8.15384865e-01
2.307692e+00 2.394737e+00 5.105263e-01 1.08672433e-01
2.307692e+00 2.394737e+00 7.157895e-01 7.08367229e-02
2.307692e+00 2.394737e+00 9.210526e-01 4.67636436e-02
2.307692e+00 2.394737e+00 1.126316e+00 3.08402963e-02
2.307692e+00 2.394737e+00 1.331579e+00 2.03598365e-02
2.307692e+00 2.394737e+00 1.536842e+00 1.34871844e-02
2.307692e+00 2.394737e+00 1.742105e+00 8.98328330e-03
2.307692e+00 2.394737e+00 1.947368e+00 6.02532458e-03
2.307692e+00 2.394737e+00 2.152632e+00 4.07407945e-03
2.307692e+00 2.394737e+00 2.357895e+00 2.77913641e-03
2.307692e+00 2.394737e+00 2.563158e+00 1.91346789e-03
2.307692e+00 2.394737e+00 2.768421e+00 1.33008044e-03
2.307692e+00 2.394737e+00 2.973684e+00 9.33512347e-04
2.307692e+00 2.394737e+00 3.178947e+00 6.61511905e-04
2.307692e+00 2.394737e+00 3.384211e+00 4.73240041e-04
2.307692e+00 2.394737e+00 3.589474e+00 3.41722858e-04
2.307692e+00 2.394737e+00 3.794737e+00 2.49009026e-04
2.307692e+00 2.394737e+00 4.000000e+00 1.83060241e-04
2.307692e+00 2.655263e+00 1.000000e-01 8.77151184e+02
2.307692e+00 2.655263e+00 3.052632e-01 4.11289066e-01
2.307692e+00 2.655263e+00 5.105263e-01 4.89386134e-02
2.307692e+00 2.655263e+00 7.157895e-01 3.17892432e-02
2.307692e+00 2.655263e+00 9.210526e-01 2.09683832e-02
2.307692e+00 2.655263e+00 1.126316e+00 1.38208102e-02
2.307692e+00 2.655263e+00 1.331579e+00 9.12004802e-03
2.307692e+00 2.655263e+00 1.536842e+00 6.03920128e-03
2.307692e+00 2.655263e+00 1.742105e+00 4.02109837e-03
2.307692e+00 2.655263e+00 1.947368e+00 2.69620516e-03
2.307692e+00 2.655263e+00 2.152632e+00 1.82254240e-03
2.307692e+00 2.655263e+00 2.357895e+00 1.24291424e-03
2.307692e+00 2.655263e+00 2.563158e+00 8.55551276e-04
2.307692e+00 2.655263e+00 2.768421e+00 5.94568846e-04
2.307692e+00 2.655263e+00 2.973684e+00 4.17207368e-04
2.307692e+00 2.655263e+00 3.178947e+00 2.95586331e-04
2.307692e+00 2.655263e+00 3.384211e+00 2.11421444e-04
2.307692e+00 2.655263e+00 3.589474e+00 1.52639361e-04
2.307692e+00 2.655263e+00 3.794737e+00 1.11209076e-04
2.307692e+00 2.655263e+00 4.000000e+00 8.17441978e-05
2.307692e+00 2.915789e+00 1.000000e-01 4.24520691e+02
2.307692e+00 2.915789e+00 3.052632e-01 1.94962934e-01
2.307692e+00 2.915789e+00 5.105263e-01 2.09663436e-02
2.307692e+00 2.915789e+00 7.157895e-01 1.35728167e-02
2.307692e+00 2.915789e+00 9.210526e-01 8.94558616e-03
2.307692e+00 2.915789e+00 1.126316e+00 5.89321693e-03
2.307692e+00 2.915789e+00 1.331579e+00 3.88722611e-03
2.307692e+00 2.915789e+00 1.536842e+00 2.57318350e-03
2.307692e+00 2.915789e+00 1.742105e+00 1.71278149e-03
2.307692e+00 2.915789e+00 1.947368e+00 1.14812271e-03
2.307692e+00 2.915789e+00 2.152632e+00 7.75891356e-04
2.307692e+00 2.915789e+00 2.357895e+00 5.29005309e-04
2.307692e+00 2.915789e+00 2.563158e+00 3.64055857e-04
2.307692e+00 2.915789e+00 2.768421e+00 2.52950791e-04
2.307692e+00 2.915789e+00 2.973684e+00 1.77461232e-04
2.307692e+00 2.915789e+00 3.178947e+00 1.25707011e-04
2.307692e+00 2.915789e+00 3.384211e+00 8.98988219e-05
2.307692e+00 2.915789e+00 3.589474e+00 6.48942878e-05
2.307692e+00 2.915789e+00 3.794737e+00 4.72736720e-05
2.307692e+00 2.915789e+00 4.000000e+00 3.47439673e-05
2.307692e+00 3.176316e+00 1.000000e-01 1.91976151e+02
2.307692e+00 3.176316e+00 3.052632e-01 8.67466182e-02
2.307692e+00 3.176316e+00 5.105263e-01 8.53900798e-03
2.307692e+00 3.176316e+00 7.157895e-01 5.50992275e-03
2.307692e+00 3.176316e+00 9.210526e-01 3.62879783e-03
2.307692e+00 3.176316e+00 1.126316e+00 2.38945941e-03
2.307692e+00 3.176316e+00 1.331579e+00 1.57552958e-03
2.307692e+00 3.176316e+00 1.536842e+00 1.04260969e-03
2.307692e+00 3.176316e+00 1.742105e+00 6.93798531e-04
2.307692e+00 3.176316e+00 1.947368e+00 4.64954705e-04
2.307692e+00 3.176316e+00 2.152632e+00 3.14139936e-04
2.307692e+00 3.176316e+00 2.357895e+00 2.14136424e-04
2.307692e+00 3.176316e+00 2.563158e+00 1.47337531e-04
2.307692e+00 3.176316e+00 2.768421e+00 1.02353282e-04
2.307692e+00 3.176316e+00 2.973684e+00 7.17954172e-05
2.307692e+00 3.176316e+00 3.178947e+00 5.08493868e-05
2.307692e+00 3.176316e+00 3.384211e+00 3.63594263e-05
2.307692e+00 3.176316e+00 3.589474e+00 2.62429294e-05
2.307692e+00 3.176316e+00 3.794737e+00 1.91148974e-05
2.307692e+00 3.176316e+00 4.000000e+00 1.40469838e-05
2.307692e+00 3.436842e+00 1.000000e-01 8.11184387e+01
2.307692e+00 3.436842e+00 3.052632e-01 3.61947790e-02
2.307692e+00 3.436842e+00 5.105263e-01 3.30323889e-03
2.307692e+00 3.436842e+00 7.157895e-01 2.12508813e-03
2.307692e+00 3.436842e+00 9.210526e-01 1.39863091e-03
2.307692e+00 3.436842e+00 1.126316e+00 9.20563762e-04
2.307692e+00 3.436842e+00 1.331579e+00 6.06790360e-04
2.307692e+00 3.436842e+00 1.536842e+00 4.01433732e-04
2.307692e+00 3.436842e+00 1.742105e+00 2.67066294e-04
2.307692e+00 3.436842e+00 1.947368e+00 1.78937349e-04
2.307692e+00 3.436842e+00 2.152632e+00 1.20871897e-04
2.307692e+00 3.436842e+00 2.357895e+00 8.23782175e-05
2.307692e+00 3.436842e+00 2.563158e+00 5.66710914e-05
2.307692e+00 3.436842e+00 2.768421e+00 3.93624068e-05
2.307692e+00 3.436842e+00 2.973684e+00 2.76065584e-05
2.307692e+00 3.436842e+00 3.178947e+00 1.95498233e-05
2.307692e+00 3.436842e+00 3.384211e+00 1.39772019e-05
2.307692e+00 3.436842e+00 3.589474e+00 1.00870584e-05
2.307692e+00 3.436842e+00 3.794737e+00 7.34645482e-06
2.307692e+00 3.436842e+00 4.000000e+00 5.39816210e-06
2.307692e+00 3.697368e+00 1.000000e-01 3.20269775e+01
2.307692e+00 3.697368e+00 3.052632e-01 1.41519876e-02
2.307692e+00 3.697368e+00 5.105263e-01 1.21243519e-03
2.307692e+00 3.697368e+00 7.157895e-01 7.77920708e-04
2.307692e+00 3.697368e+00 9.210526e-01 5.11687365e-04
2.307692e+00 3.697368e+00 1.126316e+00 3.36662197e-04
2.307692e+00 3.697368e+00 1.331579e+00 2.21847673e-04
2.307692e+00 3.697368e+00 1.536842e+00 1.46732826e-04
2.307692e+00 3.697368e+00 1.742105e+00 9.75980365e-05
2.307692e+00 3.697368e+00 1.947368e+00 6.53794559e-05
2.307692e+00 3.697368e+00 2.152632e+00 4.41560878e-05
2.307692e+00 3.697368e+00 2.357895e+00 3.00890151e-05
2.307692e+00 3.697368e+00 2.563158e+00 2.06963250e-05
2.307692e+00 3.697368e+00 2.768421e+00 1.43732323e-05
2.307692e+00 3.697368e+00 2.973684e+00 1.00793204e-05
2.307692e+00 3.697368e+00 3.178947e+00 7.13691634e-06
2.307692e+00 3.697368e+00 3.384211e+00 5.10201244e-06
2.307692e+00 3.697368e+00 3.589474e+00 3.68165956e-06
2.307692e+00 3.697368e+00 3.794737e+00 2.68112171e-06
2.307692e+00 3.697368e+00 4.000000e+00 1.96991664e-06
2.307692e+00 3.957895e+00 1.000000e-01 1.18150463e+01
2.307692e+00 3.957895e+00 3.052632e-01 5.18219266e-03
2.307692e+00 3.957895e+00 5.105263e-01 4.21689387e-04
2.307692e+00 3.957895e+00 7.157895e-01 2.69943266e-04
2.307692e+00 3.957895e+00 9.210526e-01 1.77469352e-04
2.307692e+00 3.957895e+00 1.126316e+00 1.16728035e-04
2.307692e+00 3.957895e+00 1.331579e+00 7.69007456e-05
2.307692e+00 3.957895e+00 1.536842e+00 5.08528428e-05
2.307692e+00 3.957895e+00 1.742105e+00 3.38184145e-05
2.307692e+00 3.957895e+00 1.947368e+00 2.26508182e-05
2.307692e+00 3.957895e+00 2.152632e+00 1.52957491e-05
2.307692e+00 3.957895e+00 2.357895e+00 1.04215096e-05
2.307692e+00 3.957895e+00 2.563158e+00 7.16740624e-06
2.307692e+00 3.957895e+00 2.768421e+00 4.97707515e-06
2.307692e+00 3.957895e+00 2.973684e+00 3.48983713e-06
2.307692e+00 3.957895e+00 3.178947e+00 2.47082926e-06
2.307692e+00 3.957895e+00 3.384211e+00 1.76617959e-06
2.307692e+00 3.957895e+00 3.589474e+00 1.27438477e-06
2.307692e+00 3.957895e+00 3.794737e+00 9.27984786e-07
2.307692e+00 3.957895e+00 4.000000e+00 6.81774793e-07
2.307692e+00 4.218421e+00 1.000000e-01 4.07266331e+00
2.307692e+00 4.218421e+00 3.052632e-01 1.77635532e-03
2.307692e+00 4.218421e+00 5.105263e-01 1.38761112e-04
2.307692e+00 4.218421e+00 7.157895e-01 8.86583875e-05
2.307692e+00 4.218421e+00 9.210526e-01 5.82626599e-05
2.307692e+00 4.218421e+00 1.126316e+00 3.83114748e-05
2.307692e+00 4.218421e+00 1.331579e+00 2.52347381e-05
2.307692e+00 4.218421e+00 1.536842e+00 1.66844802e-05
2.307692e+00 4.218421e+00 1.742105e+00 1.10939818e-05
2.307692e+00 4.218421e+00 1.947368e+00 7.42954262e-06
2.307692e+00 4.218421e+00 2.152632e+00 5.01646173e-06
2.307692e+00 4.218421e+00 2.357895e+00 3.41750979e-06
2.307692e+00 4.218421e+00 2.563158e+00 2.35016410e-06
2.307692e+00 4.218421e+00 2.768421e+00 1.63181255e-06
2.307692e+00 4.218421e+00 2.973684e+00 1.14410159e-06
2.307692e+00 4.218421e+00 3.178947e+00 8.09966764e-07
2.307692e+00 4.218421e+00 3.384211e+00 5.78932543e-07
2.307692e+00 4.218421e+00 3.589474e+00 4.17700107e-07
2.307692e+00 4.218421e+00 3.794737e+00 3.04142617e-07
2.307692e+00 4.218421e+00 4.000000e+00 2.23435777e-07
2.307692e+00 4.478947e+00 1.000000e-01 1.31173146e+00
2.307692e+00 4.478947e+00 3.052632e-01 5.69766969e-04
2.307692e+00 4.478947e+00 5.105263e-01 4.31257104e-05
2.307692e+00 4.478947e+00 7.157895e-01 2.75122675e-05
2.307692e+00 4.478947e+00 9.210526e-01 1.80739589e-05
2.307692e+00 4.478947e+00 1.126316e+00 1.18823164e-05
2.307692e+00 4.478947e+00 1.331579e+00 7.82535517e-06
2.307692e+00 4.478947e+00 1.536842e+00 5.17321723e-06
2.307692e+00 4.478947e+00 1.742105e+00 3.43942816e-06
2.307692e+00 4.478947e+00 1.947368e+00 2.30311343e-06
2.307692e+00 4.478947e+00 2.152632e+00 1.55493080e-06
2.307692e+00 4.478947e+00 2.357895e+00 1.05922061e-06
2.307692e+00 4.478947e+00 2.563158e+00 7.28350017e-07
2.307692e+00 4.478947e+00 2.768421e+00 5.05685307e-07
2.307692e+00 4.478947e+00 2.973684e+00 3.54523451e-07
2.307692e+00 4.478947e+00 3.178947e+00 2.50969777e-07
2.307692e+00 4.478947e+00 3.384211e+00 1.79372918e-07
2.307692e+00 4.478947e+00 3.589474e+00 1.29410793e-07
2.307692e+00 4.478947e+00 3.794737e+00 9.42240703e-08
2.307692e+00 4.478947e+00 4.000000e+00 6.92177409e-08
2.307692e+00 4.739474e+00 1.000000e-01 3.94760519e-01
2.307692e+00 4.739474e+00 3.052632e-01 1.70952655e-04
2.307692e+00 4.739474e+00 5.105263e-01 1.26363648e-05
2.307692e+00 4.739474e+00 7.157895e-01 8.05195759e-06
2.307692e+00 4.739474e+00 9.210526e-01 5.28831561e-06
2.307692e+00 4.739474e+00 1.126316e+00 3.47613445e-06
2.307692e+00 4.739474e+00 1.331579e+00 2.28900353e-06
2.307692e+00 4.739474e+00 1.536842e+00 1.51307222e-06
2.307692e+00 4.739474e+00 1.742105e+00 1.00588284e-06
2.307692e+00 4.739474e+00 1.947368e+00 6.73508396e-07
2.307692e+00 4.739474e+00 2.152632e+00 4.54680730e-07
2.307692e+00 4.739474e+00 2.357895e+00 3.09708952e-07
2.307692e+00 4.739474e+00 2.563158e+00 2.12951562e-07
2.307692e+00 4.739474e+00 2.768421e+00 1.47841789e-07
2.307692e+00 4.739474e+00 2.973684e+00 1.03642883e-07
2.307692e+00 4.739474e+00 3.178947e+00 7.33660244e-08
2.307692e+00 4.739474e+00 3.384211e+00 5.24337871e-08
2.307692e+00 4.739474e+00 3.589474e+00 3.78274336e-08
2.307692e+00 4.739474e+00 3.794737e+00 2.75411871e-08
2.307692e+00 4.739474e+00 4.000000e+00 2.02312638e-08
2.307692e+00 5.000000e+00 1.000000e-01 1.11005917e-01
2.307692e+00 5.000000e+00 3.052632e-01 4.79680493e-05
2.307692e+00 5.000000e+00 5.105263e-01 3.48476919e-06
2.307692e+00 5.000000e+00 7.157895e-01 2.21856385e-06
2.307692e+00 5.000000e+00 9.210526e-01 1.45681588e-06
2.307692e+00 5.000000e+00 1.126316e+00 9.57485213e-07
2.307692e+00 5.000000e+00 1.331579e+00 6.30439899e-07
2.307692e+00 5.000000e+00 1.536842e+00 4.16700743e-07
2.307692e+00 5.000000e+00 1.742105e+00 2.77002243e-07
2.307692e+00 5.000000e+00 1.947368e+00 1.85461843e-07
2.307692e+00 5.000000e+00 2.152632e+00 1.25197261e-07
2.307692e+00 5.000000e+00 2.357895e+00 8.52747561e-08
2.307692e+00 5.000000e+00 2.563158e+00 5.86312154e-08
2.307692e+00 5.000000e+00 2.768421e+00 4.07030178e-08
2.307692e+00 5.000000e+00 2.973684e+00 2.85333286e-08
2.307692e+00 5.000000e+00 3.178947e+00 2.01972430e-08
2.307692e+00 5.000000e+00 3.384211e+00 1.44342538e-08
2.307692e+00 5.000000e+00 3.589474e+00 1.04130269e-08
2.307692e+00 5.000000e+00 3.794737e+00 7.58123964e-09
2.307692e+00 5.000000e+00 4.000000e+00 5.56890356e-09
2.564103e+00 5.000000e-02 1.000000e-01 3.13090527e+04
2.564103e+00 5.000000e-02 3.052632e-01 3.83893890e+01
2.564103e+00 5.000000e-02 5.105263e-01 1.65148296e+01
2.564103e+00 5.000000e-02 7.157895e-01 1.21104984e+01
2.564103e+00 5.000000e-02 9.210526e-01 8.73104000e+00
2.564103e+00 5.000000e-02 1.126316e+00 6.21015263e+00
2.564103e+00 5.000000e-02 1.331579e+00 4.38087797e+00
2.564103e+00 5.000000e-02 1.536842e+00 3.07778287e+00
2.564103e+00 5.000000e-02 1.742105e+00 2.16030741e+00
2.564103e+00 5.000000e-02 1.947368e+00 1.51855683e+00
2.564103e+00 5.000000e-02 2.152632e+00 1.07094896e+00
2.564103e+00 5.000000e-02 2.357895e+00 7.58747220e-01
2.564103e+00 5.000000e-02 2.563158e+00 5.40555298e-01
2.564103e+00 5.000000e-02 2.768421e+00 3.87515306e-01
2.564103e+00 5.000000e-02 2.973684e+00 2.79670179e-01
2.564103e+00 5.000000e-02 3.178947e+00 2.03256160e-01
2.564103e+00 5.000000e-02 3.384211e+00 1.48784384e-01
2.564103e+00 5.000000e-02 3.589474e+00 1.09701253e-01
2.564103e+00 5.000000e-02 3.794737e+00 8.14724565e-02
2.564103e+00 5.000000e-02 4.000000e+00 6.09424524e-02
2.564103e+00 3.105263e-01 1.000000e-01 2.98577930e+04
2.564103e+00 3.105263e-01 3.052632e-01 2.55571766e+01
2.564103e+00 3.105263e-01 5.105263e-01 7.45413923e+00
2.564103e+00 3.105263e-01 7.157895e-01 5.46394730e+00
2.564103e+00 3.105263e-01 9.210526e-01 3.94443750e+00
2.564103e+00 3.105263e-01 1.126316e+00 2.80716968e+00
2.564103e+00 3.105263e-01 1.331579e+00 1.98041093e+00
2.564103e+00 3.105263e-01 1.536842e+00 1.39099383e+00
2.564103e+00 3.105263e-01 1.742105e+00 9.75892544e-01
2.564103e+00 3.105263e-01 1.947368e+00 6.85591817e-01
2.564103e+00 3.105263e-01 2.152632e+00 4.83186334e-01
2.564103e+00 3.105263e-01 2.357895e+00 3.42088133e-01
2.564103e+00 3.105263e-01 2.563158e+00 2.43539125e-01
2.564103e+00 3.105263e-01 2.768421e+00 1.74463674e-01
2.564103e+00 3.105263e-01 2.973684e+00 1.25822991e-01
2.564103e+00 3.105263e-01 3.178947e+00 9.13829431e-02
2.564103e+00 3.105263e-01 3.384211e+00 6.68485910e-02
2.564103e+00 3.105263e-01 3.589474e+00 4.92579266e-02
2.564103e+00 3.105263e-01 3.794737e+00 3.65606360e-02
2.564103e+00 3.105263e-01 4.000000e+00 2.73325108e-02
2.564103e+00 5.710526e-01 1.000000e-01 2.66142812e+04
2.564103e+00 5.710526e-01 3.052632e-01 1.95738754e+01
2.564103e+00 5.710526e-01 5.105263e-01 4.22813797e+00
2.564103e+00 5.710526e-01 7.157895e-01 3.09413147e+00
2.564103e+00 5.710526e-01 9.210526e-01 2.23545504e+00
2.564103e+00 5.710526e-01 1.126316e+00 1.59143567e+00
2.564103e+00 5.710526e-01 1.331579e+00 1.12272751e+00
2.564103e+00 5.710526e-01 1.536842e+00 7.88402379e-01
2.564103e+00 5.710526e-01 1.742105e+00 5.52929282e-01
2.564103e+00 5.710526e-01 1.947368e+00 3.88274848e-01
2.564103e+00 5.710526e-01 2.152632e+00 2.73509890e-01
2.564103e+00 5.710526e-01 2.357895e+00 1.93540677e-01
2.564103e+00 5.710526e-01 2.563158e+00 1.37711674e-01
2.564103e+00 5.710526e-01 2.768421e+00 9.86003131e-02
2.564103e+00 5.710526e-01 2.973684e+00 7.10739195e-02
2.564103e+00 5.710526e-01 3.178947e+00 5.15935309e-02
2.564103e+00 5.710526e-01 3.384211e+00 3.77238393e-02
2.564103e+00 5.710526e-01 3.589474e+00 2.77843196e-02
2.564103e+00 5.710526e-01 3.794737e+00 2.06134040e-02
2.564103e+00 5.710526e-01 4.000000e+00 1.54040977e-02
2.564103e+00 8.315790e-01 1.000000e-01 2.21680879e+04
2.564103e+00 8.315790e-01 3.052632e-01 1.49200935e+01
2.564103e+00 8.315790e-01 5.105263e-01 2.47535968e+00
2.564103e+00 8.315790e-01 7.157895e-01 1.80647182e+00
2.564103e+00 8.315790e-01 9.210526e-01 1.30580497e+00
2.564103e+00 8.315790e-01 1.126316e+00 9.29780960e-01
2.564103e+00 8.315790e-01 1.331579e+00 6.55905724e-01
2.564103e+00 8.315790e-01 1.536842e+00 4.60494518e-01
2.564103e+00 8.315790e-01 1.742105e+00 3.22859615e-01
2.564103e+00 8.315790e-01 1.947368e+00 2.26632789e-01
2.564103e+00 8.315790e-01 2.152632e+00 1.59580842e-01
2.564103e+00 8.315790e-01 2.357895e+00 1.12874366e-01
2.564103e+00 8.315790e-01 2.563158e+00 8.02802145e-02
2.564103e+00 8.315790e-01 2.768421e+00 5.74556030e-02
2.564103e+00 8.315790e-01 2.973684e+00 4.13983576e-02
2.564103e+00 8.315790e-01 3.178947e+00 3.00396550e-02
2.564103e+00 8.315790e-01 3.384211e+00 2.19557080e-02
2.564103e+00 8.315790e-01 3.589474e+00 1.61649734e-02
2.564103e+00 8.315790e-01 3.794737e+00 1.19887162e-02
2.564103e+00 8.315790e-01 4.000000e+00 8.95604305e-03
2.564103e+00 1.092105e+00 1.000000e-01 1.72535664e+04
2.564103e+00 1.092105e+00 3.052632e-01 1.09600821e+01
2.564103e+00 1.092105e+00 5.105263e-01 1.43182218e+00
2.564103e+00 1.092105e+00 7.157895e-01 1.04096353e+00
2.564103e+00 1.092105e+00 9.210526e-01 7.52684176e-01
2.564103e+00 1.092105e+00 1.126316e+00 5.35983920e-01
2.564103e+00 1.092105e+00 1.331579e+00 3.78074557e-01
2.564103e+00 1.092105e+00 1.536842e+00 2.65384167e-01
2.564103e+00 1.092105e+00 1.742105e+00 1.86014712e-01
2.564103e+00 1.092105e+00 1.947368e+00 1.30532727e-01
2.564103e+00 1.092105e+00 2.152632e+00 9.18812305e-02
2.564103e+00 1.092105e+00 2.357895e+00 6.49661943e-02
2.564103e+00 1.092105e+00 2.563158e+00 4.61898334e-02
2.564103e+00 1.092105e+00 2.768421e+00 3.30459364e-02
2.564103e+00 1.092105e+00 2.973684e+00 2.38023028e-02
2.564103e+00 1.092105e+00 3.178947e+00 1.72657929e-02
2.564103e+00 1.092105e+00 3.384211e+00 1.26154181e-02
2.564103e+00 1.092105e+00 3.589474e+00 9.28531308e-03
2.564103e+00 1.092105e+00 3.794737e+00 6.88447291e-03
2.564103e+00 1.092105e+00 4.000000e+00 5.14158281e-03
2.564103e+00 1.352632e+00 1.000000e-01 1.25475723e+04
2.564103e+00 1.352632e+00 3.052632e-01 7.65935946e+00
2.564103e+00 1.352632e+00 5.105263e-01 8.04612339e-01
2.564103e+00 1.352632e+00 7.157895e-01 5.82198560e-01
2.564103e+00 1.352632e+00 9.210526e-01 4.21030998e-01
2.564103e+00 1.352632e+00 1.126316e+00 2.99822122e-01
2.564103e+00 1.352632e+00 1.331579e+00 2.11468324e-01
2.564103e+00 1.352632e+00 1.536842e+00 1.48409411e-01
2.564103e+00 1.352632e+00 1.742105e+00 1.03998631e-01
2.564103e+00 1.352632e+00 1.947368e+00 7.29591772e-02
2.564103e+00 1.352632e+00 2.152632e+00 5.13405241e-02
2.564103e+00 1.352632e+00 2.357895e+00 3.62900905e-02
2.564103e+00 1.352632e+00 2.563158e+00 2.57938318e-02
2.564103e+00 1.352632e+00 2.768421e+00 1.84483603e-02
2.564103e+00 1.352632e+00 2.973684e+00 1.32841319e-02
2.564103e+00 1.352632e+00 3.178947e+00 9.63340327e-03
2.564103e+00 1.352632e+00 3.384211e+00 7.03684660e-03
2.564103e+00 1.352632e+00 3.589474e+00 5.17799612e-03
2.564103e+00 1.352632e+00 3.794737e+00 3.83823179e-03
2.564103e+00 1.352632e+00 4.000000e+00 2.86588725e-03
2.564103e+00 1.613158e+00 1.000000e-01 8.52643945e+03
2.564103e+00 1.613158e+00 3.052632e-01 5.05875206e+00
2.564103e+00 1.613158e+00 5.105263e-01 4.35556203e-01
2.564103e+00 1.613158e+00 7.157895e-01 3.13392460e-01
2.564103e+00 1.613158e+00 9.210526e-01 2.26646602e-01
2.564103e+00 1.613158e+00 1.126316e+00 1.61393821e-01
2.564103e+00 1.613158e+00 1.331579e+00 1.13819808e-01
2.564103e+00 1.613158e+00 1.536842e+00 7.98653588e-02
2.564103e+00 1.613158e+00 1.742105e+00 5.59538342e-02
2.564103e+00 1.613158e+00 1.947368e+00 3.92443053e-02
2.564103e+00 1.613158e+00 2.152632e+00 2.76087392e-02
2.564103e+00 1.613158e+00 2.357895e+00 1.95101127e-02
2.564103e+00 1.613158e+00 2.563158e+00 1.38635514e-02
2.564103e+00 1.613158e+00 2.768421e+00 9.91297141e-03
2.564103e+00 1.613158e+00 2.973684e+00 7.13625504e-03
2.564103e+00 1.613158e+00 3.178947e+00 5.17384289e-03
2.564103e+00 1.613158e+00 3.384211e+00 3.77843273e-03
2.564103e+00 1.613158e+00 3.589474e+00 2.77972850e-03
2.564103e+00 1.613158e+00 3.794737e+00 2.06007087e-03
2.564103e+00 1.613158e+00 4.000000e+00 1.53789122e-03
2.564103e+00 1.873684e+00 1.000000e-01 5.41378760e+03
2.564103e+00 1.873684e+00 3.052632e-01 3.14574790e+00
2.564103e+00 1.873684e+00 5.105263e-01 2.26019293e-01
2.564103e+00 1.873684e+00 7.157895e-01 1.61590844e-01
2.564103e+00 1.873684e+00 9.210526e-01 1.16858199e-01
2.564103e+00 1.873684e+00 1.126316e+00 8.32091719e-02
2.564103e+00 1.873684e+00 1.331579e+00 5.86744882e-02
2.564103e+00 1.873684e+00 1.536842e+00 4.11639102e-02
2.564103e+00 1.873684e+00 1.742105e+00 2.88338512e-02
2.564103e+00 1.873684e+00 1.947368e+00 2.02187598e-02
2.564103e+00 1.873684e+00 2.152632e+00 1.42208459e-02
2.564103e+00 1.873684e+00 2.357895e+00 1.00470800e-02
2.564103e+00 1.873684e+00 2.563158e+00 7.13763060e-03
2.564103e+00 1.873684e+00 2.768421e+00 5.10256225e-03
2.564103e+00 1.873684e+00 2.973684e+00 3.67248920e-03
2.564103e+00 1.873684e+00 3.178947e+00 2.66202725e-03
2.564103e+00 1.873684e+00 3.384211e+00 1.94368628e-03
2.564103e+00 1.873684e+00 3.589474e+00 1.42966467e-03
2.564103e+00 1.873684e+00 3.794737e+00 1.05934276e-03
2.564103e+00 1.873684e+00 4.000000e+00 7.90689606e-04
2.564103e+00 2.134211e+00 1.000000e-01 3.21187817e+03
2.564103e+00 2.134211e+00 3.052632e-01 1.83748782e+00
2.564103e+00 2.134211e+00 5.105263e-01 1.12097085e-01
2.564103e+00 2.134211e+00 7.157895e-01 7.95824304e-02
2.564103e+00 2.134211e+00 9.210526e-01 5.75459562e-02
2.564103e+00 2.134211e+00 1.126316e+00 4.09723893e-02
2.564103e+00 2.134211e+00 1.331579e+00 2.88878195e-02
2.564103e+00 2.134211e+00 1.536842e+00 2.02634446e-02
2.564103e+00 2.134211e+00 1.742105e+00 1.41912773e-02
2.564103e+00 2.134211e+00 1.947368e+00 9.94921941e-03
2.564103e+00 2.134211e+00 2.152632e+00 6.99636107e-03
2.564103e+00 2.134211e+00 2.357895e+00 4.94195614e-03
2.564103e+00 2.134211e+00 2.563158e+00 3.51014012e-03
2.564103e+00 2.134211e+00 2.768421e+00 2.50884122e-03
2.564103e+00 2.134211e+00 2.973684e+00 1.80535286e-03
2.564103e+00 2.134211e+00 3.178947e+00 1.30838505e-03
2.564103e+00 2.134211e+00 3.384211e+00 9.55153839e-04
2.564103e+00 2.134211e+00 3.589474e+00 7.02440506e-04
2.564103e+00 2.134211e+00 3.794737e+00 5.20408386e-04
2.564103e+00 2.134211e+00 4.000000e+00 3.88374319e-04
2.564103e+00 2.394737e+00 1.000000e-01 1.78049683e+03
2.564103e+00 2.394737e+00 3.052632e-01 1.00668693e+00
2.564103e+00 2.394737e+00 5.105263e-01 5.30346073e-02
2.564103e+00 2.394737e+00 7.157895e-01 3.73710915e-02
2.564103e+00 2.394737e+00 9.210526e-01 2.70191077e-02
2.564103e+00 2.394737e+00 1.126316e+00 1.92354973e-02
2.564103e+00 2.394737e+00 1.331579e+00 1.35604050e-02
2.564103e+00 2.394737e+00 1.536842e+00 9.51056182e-03
2.564103e+00 2.394737e+00 1.742105e+00 6.65950403e-03
2.564103e+00 2.394737e+00 1.947368e+00 4.66802297e-03
2.564103e+00 2.394737e+00 2.152632e+00 3.28199333e-03
2.564103e+00 2.394737e+00 2.357895e+00 2.31785118e-03
2.564103e+00 2.394737e+00 2.563158e+00 1.64601218e-03
2.564103e+00 2.394737e+00 2.768421e+00 1.17626565e-03
2.564103e+00 2.394737e+00 2.973684e+00 8.46295792e-04
2.564103e+00 2.394737e+00 3.178947e+00 6.13232551e-04
2.564103e+00 2.394737e+00 3.384211e+00 4.47606115e-04
2.564103e+00 2.394737e+00 3.589474e+00 3.29130911e-04
2.564103e+00 2.394737e+00 3.794737e+00 2.43805611e-04
2.564103e+00 2.394737e+00 4.000000e+00 1.81925468e-04
2.564103e+00 2.655263e+00 1.000000e-01 9.22246094e+02
2.564103e+00 2.655263e+00 3.052632e-01 5.16768396e-01
2.564103e+00 2.655263e+00 5.105263e-01 2.39041019e-02
2.564103e+00 2.655263e+00 7.157895e-01 1.67146306e-02
2.564103e+00 2.655263e+00 9.210526e-01 1.20825265e-02
2.564103e+00 2.655263e+00 1.126316e+00 8.60088691e-03
2.564103e+00 2.655263e+00 1.331579e+00 6.06260076e-03
2.564103e+00 2.655263e+00 1.536842e+00 4.25139302e-03
2.564103e+00 2.655263e+00 1.742105e+00 2.97646644e-03
2.564103e+00 2.655263e+00 1.947368e+00 2.08604033e-03
2.564103e+00 2.655263e+00 2.152632e+00 1.46641186e-03
2.564103e+00 2.655263e+00 2.357895e+00 1.03545887e-03
2.564103e+00 2.655263e+00 2.563158e+00 7.35210720e-04
2.564103e+00 2.655263e+00 2.768421e+00 5.25310112e-04
2.564103e+00 2.655263e+00 2.973684e+00 3.77891876e-04
2.564103e+00 2.655263e+00 3.178947e+00 2.73784361e-04
2.564103e+00 2.655263e+00 3.384211e+00 1.99811184e-04
2.564103e+00 2.655263e+00 3.589474e+00 1.46904727e-04
2.564103e+00 2.655263e+00 3.794737e+00 1.08807391e-04
2.564103e+00 2.655263e+00 4.000000e+00 8.11816208e-05
2.564103e+00 2.915789e+00 1.000000e-01 4.46350494e+02
2.564103e+00 2.915789e+00 3.052632e-01 2.48386696e-01
2.564103e+00 2.915789e+00 5.105263e-01 1.02541680e-02
2.564103e+00 2.915789e+00 7.157895e-01 7.11500272e-03
2.564103e+00 2.915789e+00 9.210526e-01 5.14225755e-03
2.564103e+00 2.915789e+00 1.126316e+00 3.66008910e-03
2.564103e+00 2.915789e+00 1.331579e+00 2.57961964e-03
2.564103e+00 2.915789e+00 1.536842e+00 1.80872576e-03
2.564103e+00 2.915789e+00 1.742105e+00 1.26613711e-03
2.564103e+00 2.915789e+00 1.947368e+00 8.87238013e-04
2.564103e+00 2.915789e+00 2.152632e+00 6.23606611e-04
2.564103e+00 2.915789e+00 2.357895e+00 4.40274685e-04
2.564103e+00 2.915789e+00 2.563158e+00 3.12565651e-04
2.564103e+00 2.915789e+00 2.768421e+00 2.23297902e-04
2.564103e+00 2.915789e+00 2.973684e+00 1.60612006e-04
2.564103e+00 2.915789e+00 3.178947e+00 1.16349293e-04
2.564103e+00 2.915789e+00 3.384211e+00 8.49028875e-05
2.564103e+00 2.915789e+00 3.589474e+00 6.24149834e-05
2.564103e+00 2.915789e+00 3.794737e+00 4.62235585e-05
2.564103e+00 2.915789e+00 4.000000e+00 3.44840118e-05
2.564103e+00 3.176316e+00 1.000000e-01 2.01849731e+02
2.564103e+00 3.176316e+00 3.052632e-01 1.11731537e-01
2.564103e+00 3.176316e+00 5.105263e-01 4.18255338e-03
2.564103e+00 3.176316e+00 7.157895e-01 2.88058585e-03
2.564103e+00 3.176316e+00 9.210526e-01 2.08150432e-03
2.564103e+00 3.176316e+00 1.126316e+00 1.48138043e-03
2.564103e+00 3.176316e+00 1.331579e+00 1.04395882e-03
2.564103e+00 3.176316e+00 1.536842e+00 7.31893524e-04
2.564103e+00 3.176316e+00 1.742105e+00 5.12274739e-04
2.564103e+00 3.176316e+00 1.947368e+00 3.58926627e-04
2.564103e+00 3.176316e+00 2.152632e+00 2.52242899e-04
2.564103e+00 3.176316e+00 2.357895e+00 1.78064380e-04
2.564103e+00 3.176316e+00 2.563158e+00 1.26397543e-04
2.564103e+00 3.176316e+00 2.768421e+00 9.02878455e-05
2.564103e+00 3.176316e+00 2.973684e+00 6.49338399e-05
2.564103e+00 3.176316e+00 3.178947e+00 4.70335872e-05
2.564103e+00 3.176316e+00 3.384211e+00 3.43177962e-05
2.564103e+00 3.176316e+00 3.589474e+00 2.52256395e-05
2.564103e+00 3.176316e+00 3.794737e+00 1.86799261e-05
2.564103e+00 3.176316e+00 4.000000e+00 1.39344720e-05
2.564103e+00 3.436842e+00 1.000000e-01 8.52910461e+01
2.564103e+00 3.436842e+00 3.052632e-01 4.70199287e-02
2.564103e+00 3.436842e+00 5.105263e-01 1.62054796e-03
2.564103e+00 3.436842e+00 7.157895e-01 1.10837293e-03
2.564103e+00 3.436842e+00 9.210526e-01 8.00757552e-04
2.564103e+00 3.436842e+00 1.126316e+00 5.69831987e-04
2.564103e+00 3.436842e+00 1.331579e+00 4.01532132e-04
2.564103e+00 3.436842e+00 1.536842e+00 2.81474902e-04
2.564103e+00 3.436842e+00 1.742105e+00 1.96990455e-04
2.564103e+00 3.436842e+00 1.947368e+00 1.38006566e-04
2.564103e+00 3.436842e+00 2.152632e+00 9.69756366e-05
2.564103e+00 3.436842e+00 2.357895e+00 6.84497063e-05
2.564103e+00 3.436842e+00 2.563158e+00 4.85830606e-05
2.564103e+00 3.436842e+00 2.768421e+00 3.46999623e-05
2.564103e+00 3.436842e+00 2.973684e+00 2.49531731e-05
2.564103e+00 3.436842e+00 3.178947e+00 1.80725674e-05
2.564103e+00 3.436842e+00 3.384211e+00 1.31853376e-05
2.564103e+00 3.436842e+00 3.589474e+00 9.69114899e-06
2.564103e+00 3.436842e+00 3.794737e+00 7.17581906e-06
2.564103e+00 3.436842e+00 4.000000e+00 5.35245226e-06
2.564103e+00 3.697368e+00 1.000000e-01 3.36745605e+01
2.564103e+00 3.697368e+00 3.052632e-01 1.85067412e-02
2.564103e+00 3.697368e+00 5.105263e-01 5.95728867e-04
2.564103e+00 3.697368e+00 7.157895e-01 4.04915016e-04
2.564103e+00 3.697368e+00 9.210526e-01 2.92486046e-04
2.564103e+00 3.697368e+00 1.126316e+00 2.08118465e-04
2.564103e+00 3.697368e+00 1.331579e+00 1.46637496e-04
2.564103e+00 3.697368e+00 1.536842e+00 1.02783386e-04
2.564103e+00 3.697368e+00 1.742105e+00 7.19263917e-05
2.564103e+00 3.697368e+00 1.947368e+00 5.03848023e-05
2.564103e+00 3.697368e+00 2.152632e+00 3.54013719e-05
2.564103e+00 3.697368e+00 2.357895e+00 2.49854111e-05
2.564103e+00 3.697368e+00 2.563158e+00 1.77320253e-05
2.564103e+00 3.697368e+00 2.768421e+00 1.26637597e-05
2.564103e+00 3.697368e+00 2.973684e+00 9.10587823e-06
2.564103e+00 3.697368e+00 3.178947e+00 6.59445777e-06
2.564103e+00 3.697368e+00 3.384211e+00 4.81078177e-06
2.564103e+00 3.697368e+00 3.589474e+00 3.53563382e-06
2.564103e+00 3.697368e+00 3.794737e+00 2.61777859e-06
2.564103e+00 3.697368e+00 4.000000e+00 1.95247276e-06
2.564103e+00 3.957895e+00 1.000000e-01 1.24229050e+01
2.564103e+00 3.957895e+00 3.052632e-01 6.81127049e-03
2.564103e+00 3.957895e+00 5.105263e-01 2.07485617e-04
2.564103e+00 3.957895e+00 7.157895e-01 1.40268559e-04
2.564103e+00 3.957895e+00 9.210526e-01 1.01306672e-04
2.564103e+00 3.957895e+00 1.126316e+00 7.20789467e-05
2.564103e+00 3.957895e+00 1.331579e+00 5.07819022e-05
2.564103e+00 3.957895e+00 1.536842e+00 3.55921366e-05
2.564103e+00 3.957895e+00 1.742105e+00 2.49047953e-05
2.564103e+00 3.957895e+00 1.947368e+00 1.74445322e-05
2.564103e+00 3.957895e+00 2.152632e+00 1.22558586e-05
2.564103e+00 3.957895e+00 2.357895e+00 8.64917365e-06
2.564103e+00 3.957895e+00 2.563158e+00 6.13779684e-06
2.564103e+00 3.957895e+00 2.768421e+00 4.38311872e-06
2.564103e+00 3.957895e+00 2.973684e+00 3.15145144e-06
2.564103e+00 3.957895e+00 3.178947e+00 2.28211320e-06
2.564103e+00 3.957895e+00 3.384211e+00 1.66473126e-06
2.564103e+00 3.957895e+00 3.589474e+00 1.22339827e-06
2.564103e+00 3.957895e+00 3.794737e+00 9.05748209e-07
2.564103e+00 3.957895e+00 4.000000e+00 6.75515366e-07
2.564103e+00 4.218421e+00 1.000000e-01 4.28220510e+00
2.564103e+00 4.218421e+00 3.052632e-01 2.34372658e-03
2.564103e+00 4.218421e+00 5.105263e-01 6.83567705e-05
2.564103e+00 4.218421e+00 7.157895e-01 4.60050505e-05
2.564103e+00 4.218421e+00 9.210526e-01 3.32221534e-05
2.564103e+00 4.218421e+00 1.126316e+00 2.36357464e-05
2.564103e+00 4.218421e+00 1.331579e+00 1.66510672e-05
2.564103e+00 4.218421e+00 1.536842e+00 1.16696647e-05
2.564103e+00 4.218421e+00 1.742105e+00 8.16506781e-06
2.564103e+00 4.218421e+00 1.947368e+00 5.71881628e-06
2.564103e+00 4.218421e+00 2.152632e+00 4.01755869e-06
2.564103e+00 4.218421e+00 2.357895e+00 2.83507234e-06
2.564103e+00 4.218421e+00 2.563158e+00 2.01174862e-06
2.564103e+00 4.218421e+00 2.768421e+00 1.43653972e-06
2.564103e+00 4.218421e+00 2.973684e+00 1.03280490e-06
2.564103e+00 4.218421e+00 3.178947e+00 7.47859360e-07
2.564103e+00 4.218421e+00 3.384211e+00 5.45511625e-07
2.564103e+00 4.218421e+00 3.589474e+00 4.00871528e-07
2.564103e+00 4.218421e+00 3.794737e+00 2.96772299e-07
2.564103e+00 4.218421e+00 4.000000e+00 2.21325450e-07
2.564103e+00 4.478947e+00 1.000000e-01 1.37922394e+00
2.564103e+00 4.478947e+00 3.052632e-01 7.53891887e-04
2.564103e+00 4.478947e+00 5.105263e-01 2.12655359e-05
2.564103e+00 4.478947e+00 7.157895e-01 1.42605122e-05
2.564103e+00 4.478947e+00 9.210526e-01 1.02970698e-05
2.564103e+00 4.478947e+00 1.126316e+00 7.32539138e-06
2.564103e+00 4.478947e+00 1.331579e+00 5.16038745e-06
2.564103e+00 4.478947e+00 1.536842e+00 3.61640400e-06
2.564103e+00 4.478947e+00 1.742105e+00 2.53020062e-06
2.564103e+00 4.478947e+00 1.947368e+00 1.77205959e-06
2.564103e+00 4.478947e+00 2.152632e+00 1.24483427e-06
2.564103e+00 4.478947e+00 2.357895e+00 8.78395838e-07
2.564103e+00 4.478947e+00 2.563158e+00 6.23271717e-07
2.564103e+00 4.478947e+00 2.768421e+00 4.45040769e-07
2.564103e+00 4.478947e+00 2.973684e+00 3.19948214e-07
2.564103e+00 4.478947e+00 3.178947e+00 2.31665794e-07
2.564103e+00 4.478947e+00 3.384211e+00 1.68976754e-07
2.564103e+00 4.478947e+00 3.589474e+00 1.24168380e-07
2.564103e+00 4.478947e+00 3.794737e+00 9.19204552e-08
2.564103e+00 4.478947e+00 4.000000e+00 6.85495678e-08
2.564103e+00 4.739474e+00 1.000000e-01 4.15072858e-01
2.564103e+00 4.739474e+00 3.052632e-01 2.26666933e-04
2.564103e+00 4.739474e+00 5.105263e-01 6.23582901e-06
2.564103e+00 4.739474e+00 7.157895e-01 4.17008778e-06
2.564103e+00 4.739474e+00 9.210526e-01 3.01084901e-06
2.564103e+00 4.739474e+00 1.126316e+00 2.14184774e-06
2.564103e+00 4.739474e+00 1.331579e+00 1.50876838e-06
2.564103e+00 4.739474e+00 1.536842e+00 1.05730282e-06
2.564103e+00 4.739474e+00 1.742105e+00 7.39708469e-07
2.564103e+00 4.739474e+00 1.947368e+00 5.18042953e-07
2.564103e+00 4.739474e+00 2.152632e+00 3.63899346e-07
2.564103e+00 4.739474e+00 2.357895e+00 2.56769113e-07
2.564103e+00 4.739474e+00 2.563158e+00 1.82185346e-07
2.564103e+00 4.739474e+00 2.768421e+00 1.30082455e-07
2.564103e+00 4.739474e+00 2.973684e+00 9.35154816e-08
2.564103e+00 4.739474e+00 3.178947e+00 6.77096139e-08
2.564103e+00 4.739474e+00 3.384211e+00 4.93857044e-08
2.564103e+00 4.739474e+00 3.589474e+00 3.62886752e-08
2.564103e+00 4.739474e+00 3.794737e+00 2.68633364e-08
2.564103e+00 4.739474e+00 4.000000e+00 2.00327328e-08
2.564103e+00 5.000000e+00 1.000000e-01 1.16717838e-01
2.564103e+00 5.000000e+00 3.052632e-01 6.36954646e-05
2.564103e+00 5.000000e+00 5.105263e-01 1.72066439e-06
2.564103e+00 5.000000e+00 7.157895e-01 1.14826923e-06
2.564103e+00 5.000000e+00 9.210526e-01 8.29014255e-07
2.564103e+00 5.000000e+00 1.126316e+00 5.89723300e-07
2.564103e+00 5.000000e+00 1.331579e+00 4.15402667e-07
2.564103e+00 5.000000e+00 1.536842e+00 2.91094182e-07
2.564103e+00 5.000000e+00 1.742105e+00 2.03648653e-07
2.564103e+00 5.000000e+00 1.947368e+00 1.42617694e-07
2.564103e+00 5.000000e+00 2.152632e+00 1.00178752e-07
2.564103e+00 5.000000e+00 2.357895e+00 7.06845356e-08
2.564103e+00 5.000000e+00 2.563158e+00 5.01513284e-08
2.564103e+00 5.000000e+00 2.768421e+00 3.58076484e-08
2.564103e+00 5.000000e+00 2.973684e+00 2.57411852e-08
2.564103e+00 5.000000e+00 3.178947e+00 1.86373388e-08
2.564103e+00 5.000000e+00 3.384211e+00 1.35932856e-08
2.564103e+00 5.000000e+00 3.589474e+00 9.98813654e-09
2.564103e+00 5.000000e+00 3.794737e+00 7.39373807e-09
2.564103e+00 5.000000e+00 4.000000e+00 5.51359669e-09
2.820513e+00 5.000000e-02 1.000000e-01 3.15423184e+04
2.820513e+00 5.000000e-02 3.052632e-01 3.30313797e+01
2.820513e+00 5.000000e-02 5.105263e-01 8.80940056e+00
2.820513e+00 5.000000e-02 7.157895e-01 6.91909790e+00
2.820513e+00 5.000000e-02 9.210526e-01 5.32943535e+00
2.820513e+00 5.000000e-02 1.126316e+00 4.02144051e+00
2.820513e+00 5.000000e-02 1.331579e+00 2.99118280e+00
2.820513e+00 5.000000e-02 1.536842e+00 2.20378876e+00
2.820513e+00 5.000000e-02 1.742105e+00 1.61441970e+00
2.820513e+00 5.000000e-02 1.947368e+00 1.17937577e+00
2.820513e+00 5.000000e-02 2.152632e+00 8.61109316e-01
2.820513e+00 5.000000e-02 2.357895e+00 6.29492760e-01
2.820513e+00 5.000000e-02 2.563158e+00 4.61348146e-01
2.820513e+00 5.000000e-02 2.768421e+00 3.39316875e-01
2.820513e+00 5.000000e-02 2.973684e+00 2.50640243e-01
2.820513e+00 5.000000e-02 3.178947e+00 1.86041087e-01
2.820513e+00 5.000000e-02 3.384211e+00 1.38818711e-01
2.820513e+00 5.000000e-02 3.589474e+00 1.04155391e-01
2.820513e+00 5.000000e-02 3.794737e+00 7.85943270e-02
2.820513e+00 5.000000e-02 4.000000e+00 5.96508384e-02
2.820513e+00 3.105263e-01 1.000000e-01 3.00888047e+04
2.820513e+00 3.105263e-01 3.052632e-01 2.60914059e+01
2.820513e+00 3.105263e-01 5.105263e-01 3.96477318e+00
2.820513e+00 3.105263e-01 7.157895e-01 3.09297776e+00
2.820513e+00 3.105263e-01 9.210526e-01 2.38733768e+00
2.820513e+00 3.105263e-01 1.126316e+00 1.80382264e+00
2.820513e+00 3.105263e-01 1.331579e+00 1.34270740e+00
2.820513e+00 3.105263e-01 1.536842e+00 9.89620209e-01
2.820513e+00 3.105263e-01 1.742105e+00 7.25025237e-01
2.820513e+00 3.105263e-01 1.947368e+00 5.29587328e-01
2.820513e+00 3.105263e-01 2.152632e+00 3.86575460e-01
2.820513e+00 3.105263e-01 2.357895e+00 2.82497555e-01
2.820513e+00 3.105263e-01 2.563158e+00 2.06955045e-01
2.820513e+00 3.105263e-01 2.768421e+00 1.52145743e-01
2.820513e+00 3.105263e-01 2.973684e+00 1.12331606e-01
2.820513e+00 3.105263e-01 3.178947e+00 8.33396986e-02
2.820513e+00 3.105263e-01 3.384211e+00 6.21558651e-02
2.820513e+00 3.105263e-01 3.589474e+00 4.66138758e-02
2.820513e+00 3.105263e-01 3.794737e+00 3.51581834e-02
2.820513e+00 3.105263e-01 4.000000e+00 2.66720783e-02
2.820513e+00 5.710526e-01 1.000000e-01 2.68226777e+04
2.820513e+00 5.710526e-01 3.052632e-01 2.16976852e+01
2.820513e+00 5.710526e-01 5.105263e-01 2.24980712e+00
2.820513e+00 5.710526e-01 7.157895e-01 1.73964131e+00
2.820513e+00 5.710526e-01 9.210526e-01 1.34459555e+00
2.820513e+00 5.710526e-01 1.126316e+00 1.01687264e+00
2.820513e+00 5.710526e-01 1.331579e+00 7.57315695e-01
2.820513e+00 5.710526e-01 1.536842e+00 5.58294356e-01
2.820513e+00 5.710526e-01 1.742105e+00 4.09036994e-01
2.820513e+00 5.710526e-01 1.947368e+00 2.98747838e-01
2.820513e+00 5.710526e-01 2.152632e+00 2.18030721e-01
2.820513e+00 5.710526e-01 2.357895e+00 1.59289330e-01
2.820513e+00 5.710526e-01 2.563158e+00 1.16657980e-01
2.820513e+00 5.710526e-01 2.768421e+00 8.57340842e-02
2.820513e+00 5.710526e-01 2.973684e+00 6.32774010e-02
2.820513e+00 5.710526e-01 3.178947e+00 4.69295755e-02
2.820513e+00 5.710526e-01 3.384211e+00 3.49884480e-02
2.820513e+00 5.710526e-01 3.589474e+00 2.62306109e-02
2.820513e+00 5.710526e-01 3.794737e+00 1.97776556e-02
2.820513e+00 5.710526e-01 4.000000e+00 1.49990860e-02
2.820513e+00 8.315790e-01 1.000000e-01 2.23427383e+04
2.820513e+00 8.315790e-01 3.052632e-01 1.74044304e+01
2.820513e+00 8.315790e-01 5.105263e-01 1.32127213e+00
2.820513e+00 8.315790e-01 7.157895e-01 1.01015985e+00
2.820513e+00 8.315790e-01 9.210526e-01 7.81522155e-01
2.820513e+00 8.315790e-01 1.126316e+00 5.91428220e-01
2.820513e+00 8.315790e-01 1.331579e+00 4.40627068e-01
2.820513e+00 8.315790e-01 1.536842e+00 3.24884295e-01
2.820513e+00 8.315790e-01 1.742105e+00 2.38031402e-01
2.820513e+00 8.315790e-01 1.947368e+00 1.73834920e-01
2.820513e+00 8.315790e-01 2.152632e+00 1.26846164e-01
2.820513e+00 8.315790e-01 2.357895e+00 9.26521644e-02
2.820513e+00 8.315790e-01 2.563158e+00 6.78384304e-02
2.820513e+00 8.315790e-01 2.768421e+00 4.98425923e-02
2.820513e+00 8.315790e-01 2.973684e+00 3.67769040e-02
2.820513e+00 8.315790e-01 3.178947e+00 2.72678323e-02
2.820513e+00 8.315790e-01 3.384211e+00 2.03240067e-02
2.820513e+00 8.315790e-01 3.589474e+00 1.52325844e-02
2.820513e+00 8.315790e-01 3.794737e+00 1.14821550e-02
2.820513e+00 8.315790e-01 4.000000e+00 8.70565325e-03
2.820513e+00 1.092105e+00 1.000000e-01 1.73899941e+04
2.820513e+00 1.092105e+00 3.052632e-01 1.32327719e+01
2.820513e+00 1.092105e+00 5.105263e-01 7.68530011e-01
2.820513e+00 1.092105e+00 7.157895e-01 5.79480708e-01
2.820513e+00 1.092105e+00 9.210526e-01 4.48625773e-01
2.820513e+00 1.092105e+00 1.126316e+00 3.39672238e-01
2.820513e+00 1.092105e+00 1.331579e+00 2.53132075e-01
2.820513e+00 1.092105e+00 1.536842e+00 1.86661214e-01
2.820513e+00 1.092105e+00 1.742105e+00 1.36759281e-01
2.820513e+00 1.092105e+00 1.947368e+00 9.98673141e-02
2.820513e+00 1.092105e+00 2.152632e+00 7.28623122e-02
2.820513e+00 1.092105e+00 2.357895e+00 5.32108918e-02
2.820513e+00 1.092105e+00 2.563158e+00 3.89523059e-02
2.820513e+00 1.092105e+00 2.768421e+00 2.86129788e-02
2.820513e+00 1.092105e+00 2.973684e+00 2.11075377e-02
2.820513e+00 1.092105e+00 3.178947e+00 1.56463403e-02
2.820513e+00 1.092105e+00 3.384211e+00 1.16592459e-02
2.820513e+00 1.092105e+00 3.589474e+00 8.73648189e-03
2.820513e+00 1.092105e+00 3.794737e+00 6.58399798e-03
2.820513e+00 1.092105e+00 4.000000e+00 4.99087851e-03
2.820513e+00 1.352632e+00 1.000000e-01 1.26470332e+04
2.820513e+00 1.352632e+00 3.052632e-01 9.47479630e+00
2.820513e+00 1.352632e+00 5.105263e-01 4.35251474e-01
2.820513e+00 1.352632e+00 7.157895e-01 3.22867543e-01
2.820513e+00 1.352632e+00 9.210526e-01 2.50074893e-01
2.820513e+00 1.352632e+00 1.126316e+00 1.89412609e-01
2.820513e+00 1.352632e+00 1.331579e+00 1.41184181e-01
2.820513e+00 1.352632e+00 1.536842e+00 1.04117624e-01
2.820513e+00 1.352632e+00 1.742105e+00 7.62819946e-02
2.820513e+00 1.352632e+00 1.947368e+00 5.56998551e-02
2.820513e+00 1.352632e+00 2.152632e+00 4.06331234e-02
2.820513e+00 1.352632e+00 2.357895e+00 2.96696629e-02
2.820513e+00 1.352632e+00 2.563158e+00 2.17153765e-02
2.820513e+00 1.352632e+00 2.768421e+00 1.59483794e-02
2.820513e+00 1.352632e+00 2.973684e+00 1.17626907e-02
2.820513e+00 1.352632e+00 3.178947e+00 8.71760864e-03
2.820513e+00 1.352632e+00 3.384211e+00 6.49488298e-03
2.820513e+00 1.352632e+00 3.589474e+00 4.86581400e-03
2.820513e+00 1.352632e+00 3.794737e+00 3.66630405e-03
2.820513e+00 1.352632e+00 4.000000e+00 2.77867028e-03
2.820513e+00 1.613158e+00 1.000000e-01 8.59413672e+03
2.820513e+00 1.613158e+00 3.052632e-01 6.36900187e+00
2.820513e+00 1.613158e+00 5.105263e-01 2.37919942e-01
2.820513e+00 1.613158e+00 7.157895e-01 1.73231855e-01
2.820513e+00 1.613158e+00 9.210526e-01 1.34215102e-01
2.820513e+00 1.613158e+00 1.126316e+00 1.01687185e-01
2.820513e+00 1.613158e+00 1.331579e+00 7.58068785e-02
2.820513e+00 1.613158e+00 1.536842e+00 5.59077337e-02
2.820513e+00 1.613158e+00 1.742105e+00 4.09600288e-02
2.820513e+00 1.613158e+00 1.947368e+00 2.99060773e-02
2.820513e+00 1.613158e+00 2.152632e+00 2.18141377e-02
2.820513e+00 1.613158e+00 2.357895e+00 1.59261879e-02
2.820513e+00 1.613158e+00 2.563158e+00 1.16547439e-02
2.820513e+00 1.613158e+00 2.768421e+00 8.55816621e-03
2.820513e+00 1.613158e+00 2.973684e+00 6.31101523e-03
2.820513e+00 1.613158e+00 3.178947e+00 4.67646308e-03
2.820513e+00 1.613158e+00 3.384211e+00 3.48352874e-03
2.820513e+00 1.613158e+00 3.589474e+00 2.60936166e-03
2.820513e+00 1.613158e+00 3.794737e+00 1.96579518e-03
2.820513e+00 1.613158e+00 4.000000e+00 1.48963800e-03
2.820513e+00 1.873684e+00 1.000000e-01 5.45682275e+03
2.820513e+00 1.873684e+00 3.052632e-01 4.01257753e+00
2.820513e+00 1.873684e+00 5.105263e-01 1.24877684e-01
2.820513e+00 1.873684e+00 7.157895e-01 8.90697092e-02
2.820513e+00 1.873684e+00 9.210526e-01 6.90202564e-02
2.820513e+00 1.873684e+00 1.126316e+00 5.23043498e-02
2.820513e+00 1.873684e+00 1.331579e+00 3.89969684e-02
2.820513e+00 1.873684e+00 1.536842e+00 2.87613086e-02
2.820513e+00 1.873684e+00 1.742105e+00 2.10710112e-02
2.820513e+00 1.873684e+00 1.947368e+00 1.53835211e-02
2.820513e+00 1.873684e+00 2.152632e+00 1.12199802e-02
2.820513e+00 1.873684e+00 2.357895e+00 8.19058158e-03
2.820513e+00 1.873684e+00 2.563158e+00 5.99303236e-03
2.820513e+00 1.873684e+00 2.768421e+00 4.40011872e-03
2.820513e+00 1.873684e+00 2.973684e+00 3.24429804e-03
2.820513e+00 1.873684e+00 3.178947e+00 2.40368163e-03
2.820513e+00 1.873684e+00 3.384211e+00 1.79026218e-03
2.820513e+00 1.873684e+00 3.589474e+00 1.34081452e-03
2.820513e+00 1.873684e+00 3.794737e+00 1.00998383e-03
2.820513e+00 1.873684e+00 4.000000e+00 7.65243720e-04
2.820513e+00 2.134211e+00 1.000000e-01 3.23743213e+03
2.820513e+00 2.134211e+00 3.052632e-01 2.36698270e+00
2.820513e+00 2.134211e+00 5.105263e-01 6.27252236e-02
2.820513e+00 2.134211e+00 7.157895e-01 4.37577590e-02
2.820513e+00 2.134211e+00 9.210526e-01 3.39102820e-02
2.820513e+00 2.134211e+00 1.126316e+00 2.57020835e-02
2.820513e+00 2.134211e+00 1.331579e+00 1.91645809e-02
2.820513e+00 2.134211e+00 1.536842e+00 1.41346799e-02
2.820513e+00 2.134211e+00 1.742105e+00 1.03550348e-02
2.820513e+00 2.134211e+00 1.947368e+00 7.55950715e-03
2.820513e+00 2.134211e+00 2.152632e+00 5.51305572e-03
2.820513e+00 2.134211e+00 2.357895e+00 4.02408931e-03
2.820513e+00 2.134211e+00 2.563158e+00 2.94408505e-03
2.820513e+00 2.134211e+00 2.768421e+00 2.16129795e-03
2.820513e+00 2.134211e+00 2.973684e+00 1.59336824e-03
2.820513e+00 2.134211e+00 3.178947e+00 1.18036335e-03
2.820513e+00 2.134211e+00 3.384211e+00 8.79027764e-04
2.820513e+00 2.134211e+00 3.589474e+00 6.58264908e-04
2.820513e+00 2.134211e+00 3.794737e+00 4.95787244e-04
2.820513e+00 2.134211e+00 4.000000e+00 3.75604810e-04
2.820513e+00 2.394737e+00 1.000000e-01 1.79467236e+03
2.820513e+00 2.394737e+00 3.052632e-01 1.30652606e+00
2.820513e+00 2.394737e+00 5.105263e-01 3.00804321e-02
2.820513e+00 2.394737e+00 7.157895e-01 2.05032676e-02
2.820513e+00 2.394737e+00 9.210526e-01 1.58889499e-02
2.820513e+00 2.394737e+00 1.126316e+00 1.20445909e-02
2.820513e+00 2.394737e+00 1.331579e+00 8.98155943e-03
2.820513e+00 2.394737e+00 1.536842e+00 6.62435684e-03
2.820513e+00 2.394737e+00 1.742105e+00 4.85282578e-03
2.820513e+00 2.394737e+00 1.947368e+00 3.54252197e-03
2.820513e+00 2.394737e+00 2.152632e+00 2.58330652e-03
2.820513e+00 2.394737e+00 2.357895e+00 1.88542705e-03
2.820513e+00 2.394737e+00 2.563158e+00 1.37926417e-03
2.820513e+00 2.394737e+00 2.768421e+00 1.01242878e-03
2.820513e+00 2.394737e+00 2.973684e+00 7.46306789e-04
2.820513e+00 2.394737e+00 3.178947e+00 5.52801182e-04
2.820513e+00 2.394737e+00 3.384211e+00 4.11629531e-04
2.820513e+00 2.394737e+00 3.589474e+00 3.08218470e-04
2.820513e+00 2.394737e+00 3.794737e+00 2.32117236e-04
2.820513e+00 2.394737e+00 4.000000e+00 1.75832654e-04
2.820513e+00 2.655263e+00 1.000000e-01 9.29591919e+02
2.820513e+00 2.655263e+00 3.052632e-01 6.74554229e-01
2.820513e+00 2.655263e+00 5.105263e-01 1.37477424e-02
2.820513e+00 2.655263e+00 7.157895e-01 9.15252697e-03
2.820513e+00 2.655263e+00 9.210526e-01 7.09229801e-03
2.820513e+00 2.655263e+00 1.126316e+00 5.37685491e-03
2.820513e+00 2.655263e+00 1.331579e+00 4.00968455e-03
2.820513e+00 2.655263e+00 1.536842e+00 2.95736524e-03
2.820513e+00 2.655263e+00 1.742105e+00 2.16642814e-03
2.820513e+00 2.655263e+00 1.947368e+00 1.58138631e-03
2.820513e+00 2.655263e+00 2.152632e+00 1.15310412e-03
2.820513e+00 2.655263e+00 2.357895e+00 8.41523579e-04
2.820513e+00 2.655263e+00 2.563158e+00 6.15549157e-04
2.820513e+00 2.655263e+00 2.768421e+00 4.51790082e-04
2.820513e+00 2.655263e+00 2.973684e+00 3.33001895e-04
2.820513e+00 2.655263e+00 3.178947e+00 2.46635173e-04
2.820513e+00 2.655263e+00 3.384211e+00 1.83632597e-04
2.820513e+00 2.655263e+00 3.589474e+00 1.37486379e-04
2.820513e+00 2.655263e+00 3.794737e+00 1.03530532e-04
2.820513e+00 2.655263e+00 4.000000e+00 7.84191507e-05
2.820513e+00 2.915789e+00 1.000000e-01 4.49907135e+02
2.820513e+00 2.915789e+00 3.052632e-01 3.25667232e-01
2.820513e+00 2.915789e+00 5.105263e-01 5.97900106e-03
2.820513e+00 2.915789e+00 7.157895e-01 3.88930552e-03
2.820513e+00 2.915789e+00 9.210526e-01 3.01350979e-03
2.820513e+00 2.915789e+00 1.126316e+00 2.28481693e-03
2.820513e+00 2.915789e+00 1.331579e+00 1.70392497e-03
2.820513e+00 2.915789e+00 1.536842e+00 1.25673541e-03
2.820513e+00 2.915789e+00 1.742105e+00 9.20600723e-04
2.820513e+00 2.915789e+00 1.947368e+00 6.71957852e-04
2.820513e+00 2.915789e+00 2.152632e+00 4.89942438e-04
2.820513e+00 2.915789e+00 2.357895e+00 3.57527053e-04
2.820513e+00 2.915789e+00 2.563158e+00 2.61498819e-04
2.820513e+00 2.915789e+00 2.768421e+00 1.91913496e-04
2.820513e+00 2.915789e+00 2.973684e+00 1.41441778e-04
2.820513e+00 2.915789e+00 3.178947e+00 1.04748295e-04
2.820513e+00 2.915789e+00 3.384211e+00 7.79836409e-05
2.820513e+00 2.915789e+00 3.589474e+00 5.83816618e-05
2.820513e+00 2.915789e+00 3.794737e+00 4.39591677e-05
2.820513e+00 2.915789e+00 4.000000e+00 3.32941891e-05
2.820513e+00 3.176316e+00 1.000000e-01 2.03458588e+02
2.820513e+00 3.176316e+00 3.052632e-01 1.46996260e-01
2.820513e+00 3.176316e+00 5.105263e-01 2.47095316e-03
2.820513e+00 3.176316e+00 7.157895e-01 1.57224073e-03
2.820513e+00 3.176316e+00 9.210526e-01 1.21805340e-03
2.820513e+00 3.176316e+00 1.126316e+00 9.23579268e-04
2.820513e+00 3.176316e+00 1.331579e+00 6.88786735e-04
2.820513e+00 3.176316e+00 1.536842e+00 5.08016674e-04
2.820513e+00 3.176316e+00 1.742105e+00 3.72128066e-04
2.820513e+00 3.176316e+00 1.947368e+00 2.71609199e-04
2.820513e+00 3.176316e+00 2.152632e+00 1.98025591e-04
2.820513e+00 3.176316e+00 2.357895e+00 1.44495949e-04
2.820513e+00 3.176316e+00 2.563158e+00 1.05677966e-04
2.820513e+00 3.176316e+00 2.768421e+00 7.75510271e-05
2.820513e+00 3.176316e+00 2.973684e+00 5.71510755e-05
2.820513e+00 3.176316e+00 3.178947e+00 4.23214769e-05
2.820513e+00 3.176316e+00 3.384211e+00 3.15053330e-05
2.820513e+00 3.176316e+00 3.589474e+00 2.35843345e-05
2.820513e+00 3.176316e+00 3.794737e+00 1.77568163e-05
2.820513e+00 3.176316e+00 4.000000e+00 1.34478760e-05
2.820513e+00 3.436842e+00 1.000000e-01 8.59709930e+01
2.820513e+00 3.436842e+00 3.052632e-01 6.20233342e-02
2.820513e+00 3.436842e+00 5.105263e-01 9.68990033e-04
2.820513e+00 3.436842e+00 7.157895e-01 6.04158151e-04
2.820513e+00 3.436842e+00 9.210526e-01 4.67995240e-04
2.820513e+00 3.436842e+00 1.126316e+00 3.54871940e-04
2.820513e+00 3.436842e+00 1.331579e+00 2.64662754e-04
2.820513e+00 3.436842e+00 1.536842e+00 1.95201632e-04
2.820513e+00 3.436842e+00 1.742105e+00 1.42983728e-04
2.820513e+00 3.436842e+00 1.947368e+00 1.04356841e-04
2.820513e+00 3.436842e+00 2.152632e+00 7.60806797e-05
2.820513e+00 3.436842e+00 2.357895e+00 5.55115475e-05
2.820513e+00 3.436842e+00 2.563158e+00 4.05960564e-05
2.820513e+00 3.436842e+00 2.768421e+00 2.97891347e-05
2.820513e+00 3.436842e+00 2.973684e+00 2.19515841e-05
2.820513e+00 3.436842e+00 3.178947e+00 1.62544238e-05
2.820513e+00 3.436842e+00 3.384211e+00 1.20994546e-05
2.820513e+00 3.436842e+00 3.589474e+00 9.05686738e-06
2.820513e+00 3.436842e+00 3.794737e+00 6.81853999e-06
2.820513e+00 3.436842e+00 4.000000e+00 5.16360979e-06
2.820513e+00 3.697368e+00 1.000000e-01 3.39430695e+01
2.820513e+00 3.697368e+00 3.052632e-01 2.44611520e-02
2.820513e+00 3.697368e+00 5.105263e-01 3.60034639e-04
2.820513e+00 3.697368e+00 7.157895e-01 2.20464804e-04
2.820513e+00 3.697368e+00 9.210526e-01 1.70754778e-04
2.820513e+00 3.697368e+00 1.126316e+00 1.29485561e-04
2.820513e+00 3.697368e+00 1.331579e+00 9.65716172e-05
2.820513e+00 3.697368e+00 1.536842e+00 7.12259935e-05
2.820513e+00 3.697368e+00 1.742105e+00 5.21713810e-05
2.820513e+00 3.697368e+00 1.947368e+00 3.80758684e-05
2.820513e+00 3.697368e+00 2.152632e+00 2.77577983e-05
2.820513e+00 3.697368e+00 2.357895e+00 2.02521678e-05
2.820513e+00 3.697368e+00 2.563158e+00 1.48097524e-05
2.820513e+00 3.697368e+00 2.768421e+00 1.08666563e-05
2.820513e+00 3.697368e+00 2.973684e+00 8.00716316e-06
2.820513e+00 3.697368e+00 3.178947e+00 5.92870538e-06
2.820513e+00 3.697368e+00 3.384211e+00 4.41295015e-06
2.820513e+00 3.697368e+00 3.589474e+00 3.30306125e-06
2.820513e+00 3.697368e+00 3.794737e+00 2.48660035e-06
2.820513e+00 3.697368e+00 4.000000e+00 1.88297952e-06
2.820513e+00 3.957895e+00 1.000000e-01 1.25219736e+01
2.820513e+00 3.957895e+00 3.052632e-01 9.01649799e-03
2.820513e+00 3.957895e+00 5.105263e-01 1.26544634e-04
2.820513e+00 3.957895e+00 7.157895e-01 7.63005519e-05
2.820513e+00 3.957895e+00 9.210526e-01 5.90895288e-05
2.820513e+00 3.957895e+00 1.126316e+00 4.48098217e-05
2.820513e+00 3.957895e+00 1.331579e+00 3.34200413e-05
2.820513e+00 3.957895e+00 1.536842e+00 2.46486652e-05
2.820513e+00 3.957895e+00 1.742105e+00 1.80541992e-05
2.820513e+00 3.957895e+00 1.947368e+00 1.31760189e-05
2.820513e+00 3.957895e+00 2.152632e+00 9.60510533e-06
2.820513e+00 3.957895e+00 2.357895e+00 7.00760620e-06
2.820513e+00 3.957895e+00 2.563158e+00 5.12419729e-06
2.820513e+00 3.957895e+00 2.768421e+00 3.75970762e-06
2.820513e+00 3.957895e+00 2.973684e+00 2.77022400e-06
2.820513e+00 3.957895e+00 3.178947e+00 2.05104106e-06
2.820513e+00 3.957895e+00 3.384211e+00 1.52658936e-06
2.820513e+00 3.957895e+00 3.589474e+00 1.14258660e-06
2.820513e+00 3.957895e+00 3.794737e+00 8.60121531e-07
2.820513e+00 3.957895e+00 4.000000e+00 6.51298706e-07
2.820513e+00 4.218421e+00 1.000000e-01 4.31635666e+00
2.820513e+00 4.218421e+00 3.052632e-01 3.10608442e-03
2.820513e+00 4.218421e+00 5.105263e-01 4.20047108e-05
2.820513e+00 4.218421e+00 7.157895e-01 2.50058129e-05
2.820513e+00 4.218421e+00 9.210526e-01 1.93632550e-05
2.820513e+00 4.218421e+00 1.126316e+00 1.46842640e-05
2.820513e+00 4.218421e+00 1.331579e+00 1.09519342e-05
2.820513e+00 4.218421e+00 1.536842e+00 8.07747620e-06
2.820513e+00 4.218421e+00 1.742105e+00 5.91634443e-06
2.820513e+00 4.218421e+00 1.947368e+00 4.31765557e-06
2.820513e+00 4.218421e+00 2.152632e+00 3.14740601e-06
2.820513e+00 4.218421e+00 2.357895e+00 2.29617444e-06
2.820513e+00 4.218421e+00 2.563158e+00 1.67897679e-06
2.820513e+00 4.218421e+00 2.768421e+00 1.23184202e-06
2.820513e+00 4.218421e+00 2.973684e+00 9.07609149e-07
2.820513e+00 4.218421e+00 3.178947e+00 6.71956570e-07
2.820513e+00 4.218421e+00 3.384211e+00 5.00118063e-07
2.820513e+00 4.218421e+00 3.589474e+00 3.74303113e-07
2.820513e+00 4.218421e+00 3.794737e+00 2.81758361e-07
2.820513e+00 4.218421e+00 4.000000e+00 2.13344762e-07
2.820513e+00 4.478947e+00 1.000000e-01 1.39022493e+00
2.820513e+00 4.478947e+00 3.052632e-01 9.99959186e-04
2.820513e+00 4.478947e+00 5.105263e-01 1.31456527e-05
2.820513e+00 4.478947e+00 7.157895e-01 7.74658292e-06
2.820513e+00 4.478947e+00 9.210526e-01 5.99804480e-06
2.820513e+00 4.478947e+00 1.126316e+00 4.54874726e-06
2.820513e+00 4.478947e+00 1.331579e+00 3.39260737e-06
2.820513e+00 4.478947e+00 1.536842e+00 2.50216590e-06
2.820513e+00 4.478947e+00 1.742105e+00 1.83268776e-06
2.820513e+00 4.478947e+00 1.947368e+00 1.33744209e-06
2.820513e+00 4.478947e+00 2.152632e+00 9.74918976e-07
2.820513e+00 4.478947e+00 2.357895e+00 7.11227187e-07
2.820513e+00 4.478947e+00 2.563158e+00 5.20038270e-07
2.820513e+00 4.478947e+00 2.768421e+00 3.81533624e-07
2.820513e+00 4.478947e+00 2.973684e+00 2.81101535e-07
2.820513e+00 4.478947e+00 3.178947e+00 2.08109427e-07
2.820513e+00 4.478947e+00 3.384211e+00 1.54884802e-07
2.820513e+00 4.478947e+00 3.589474e+00 1.15916997e-07
2.820513e+00 4.478947e+00 3.794737e+00 8.72545769e-08
2.820513e+00 4.478947e+00 4.000000e+00 6.60664412e-08
2.820513e+00 4.739474e+00 1.000000e-01 4.18383509e-01
2.820513e+00 4.739474e+00 3.052632e-01 3.00834654e-04
2.820513e+00 4.739474e+00 5.105263e-01 3.87247019e-06
2.820513e+00 4.739474e+00 7.157895e-01 2.26422253e-06
2.820513e+00 4.739474e+00 9.210526e-01 1.75303569e-06
2.820513e+00 4.739474e+00 1.126316e+00 1.32947230e-06
2.820513e+00 4.739474e+00 1.331579e+00 9.91567617e-07
2.820513e+00 4.739474e+00 1.536842e+00 7.31314515e-07
2.820513e+00 4.739474e+00 1.742105e+00 5.35639003e-07
2.820513e+00 4.739474e+00 1.947368e+00 3.90887010e-07
2.820513e+00 4.739474e+00 2.152632e+00 2.84929285e-07
2.820513e+00 4.739474e+00 2.357895e+00 2.07858548e-07
2.820513e+00 4.739474e+00 2.563158e+00 1.51979549e-07
2.820513e+00 4.739474e+00 2.768421e+00 1.11499254e-07
2.820513e+00 4.739474e+00 2.973684e+00 8.21469257e-08
2.820513e+00 4.739474e+00 3.178947e+00 6.08148483e-08
2.820513e+00 4.739474e+00 3.384211e+00 4.52602720e-08
2.820513e+00 4.739474e+00 3.589474e+00 3.38722721e-08
2.820513e+00 4.739474e+00 3.794737e+00 2.54962469e-08
2.820513e+00 4.739474e+00 4.000000e+00 1.93045508e-08
2.820513e+00 5.000000e+00 1.000000e-01 1.17648840e-01
2.820513e+00 5.000000e+00 3.052632e-01 8.45743125e-05
2.820513e+00 5.000000e+00 5.105263e-01 1.07217738e-06
2.820513e+00 5.000000e+00 7.157895e-01 6.23260632e-07
2.820513e+00 5.000000e+00 9.210526e-01 4.82524229e-07
2.820513e+00 5.000000e+00 1.126316e+00 3.65941645e-07
2.820513e+00 5.000000e+00 1.331579e+00 2.72933846e-07
2.820513e+00 5.000000e+00 1.536842e+00 2.01296828e-07
2.820513e+00 5.000000e+00 1.742105e+00 1.47435514e-07
2.820513e+00 5.000000e+00 1.947368e+00 1.07591184e-07
2.820513e+00 5.000000e+00 2.152632e+00 7.84253089e-08
2.820513e+00 5.000000e+00 2.357895e+00 5.72110643e-08
2.820513e+00 5.000000e+00 2.563158e+00 4.18302406e-08
2.820513e+00 5.000000e+00 2.768421e+00 3.06880743e-08
2.820513e+00 5.000000e+00 2.973684e+00 2.26089547e-08
2.820513e+00 5.000000e+00 3.178947e+00 1.67375145e-08
2.820513e+00 5.000000e+00 3.384211e+00 1.24563702e-08
2.820513e+00 5.000000e+00 3.589474e+00 9.32204092e-09
2.820513e+00 5.000000e+00 3.794737e+00 7.01674363e-09
2.820513e+00 5.000000e+00 4.000000e+00 5.31265920e-09
3.076923e+00 5.000000e-02 1.000000e-01 3.12904629e+04
3.076923e+00 5.000000e-02 3.052632e-01 3.43303032e+01
3.076923e+00 5.000000e-02 5.105263e-01 4.99283552e+00
3.076923e+00 5.000000e-02 7.157895e-01 4.06981277e+00
3.076923e+00 5.000000e-02 9.210526e-01 3.30133271e+00
3.076923e+00 5.000000e-02 1.126316e+00 2.61538863e+00
3.076923e+00 5.000000e-02 1.331579e+00 2.03528762e+00
3.076923e+00 5.000000e-02 1.536842e+00 1.56341207e+00
3.076923e+00 5.000000e-02 1.742105e+00 1.19008136e+00
3.076923e+00 5.000000e-02 1.947368e+00 9.00494635e-01
3.076923e+00 5.000000e-02 2.152632e+00 6.78989470e-01
3.076923e+00 5.000000e-02 2.357895e+00 5.11182904e-01
3.076923e+00 5.000000e-02 2.563158e+00 3.84856373e-01
3.076923e+00 5.000000e-02 2.768421e+00 2.90105104e-01
3.076923e+00 5.000000e-02 2.973684e+00 2.19164968e-01
3.076923e+00 5.000000e-02 3.178947e+00 1.66059524e-01
3.076923e+00 5.000000e-02 3.384211e+00 1.26265869e-01
3.076923e+00 5.000000e-02 3.589474e+00 9.63877067e-02
3.076923e+00 5.000000e-02 3.794737e+00 7.38946423e-02
3.076923e+00 5.000000e-02 4.000000e+00 5.69060817e-02
3.076923e+00 3.105263e-01 1.000000e-01 2.98517773e+04
3.076923e+00 3.105263e-01 3.052632e-01 2.98944893e+01
3.076923e+00 3.105263e-01 5.105263e-01 2.28005552e+00
3.076923e+00 3.105263e-01 7.157895e-01 1.80918300e+00
3.076923e+00 3.105263e-01 9.210526e-01 1.47028744e+00
3.076923e+00 3.105263e-01 1.126316e+00 1.16657817e+00
3.076923e+00 3.105263e-01 1.331579e+00 9.08785462e-01
3.076923e+00 3.105263e-01 1.536842e+00 6.98569119e-01
3.076923e+00 3.105263e-01 1.742105e+00 5.31969130e-01
3.076923e+00 3.105263e-01 1.947368e+00 4.02601838e-01
3.076923e+00 3.105263e-01 2.152632e+00 3.03579450e-01
3.076923e+00 3.105263e-01 2.357895e+00 2.28532568e-01
3.076923e+00 3.105263e-01 2.563158e+00 1.72025517e-01
3.076923e+00 3.105263e-01 2.768421e+00 1.29643157e-01
3.076923e+00 3.105263e-01 2.973684e+00 9.79134813e-02
3.076923e+00 3.105263e-01 3.178947e+00 7.41655603e-02
3.076923e+00 3.105263e-01 3.384211e+00 5.63745610e-02
3.076923e+00 3.105263e-01 3.589474e+00 4.30204794e-02
3.076923e+00 3.105263e-01 3.794737e+00 3.29699479e-02
3.076923e+00 3.105263e-01 4.000000e+00 2.53813807e-02
3.076923e+00 5.710526e-01 1.000000e-01 2.66122949e+04
3.076923e+00 5.710526e-01 3.052632e-01 2.58288326e+01
3.076923e+00 5.710526e-01 5.105263e-01 1.31644392e+00
3.076923e+00 5.710526e-01 7.157895e-01 1.01350689e+00
3.076923e+00 5.710526e-01 9.210526e-01 8.24599564e-01
3.076923e+00 5.710526e-01 1.126316e+00 6.54956579e-01
3.076923e+00 5.710526e-01 1.331579e+00 5.10596514e-01
3.076923e+00 5.710526e-01 1.536842e+00 3.92672211e-01
3.076923e+00 5.710526e-01 1.742105e+00 2.99107909e-01
3.076923e+00 5.710526e-01 1.947368e+00 2.26397008e-01
3.076923e+00 5.710526e-01 2.152632e+00 1.70715898e-01
3.076923e+00 5.710526e-01 2.357895e+00 1.28504708e-01
3.076923e+00 5.710526e-01 2.563158e+00 9.67182070e-02
3.076923e+00 5.710526e-01 2.768421e+00 7.28766546e-02
3.076923e+00 5.710526e-01 2.973684e+00 5.50291277e-02
3.076923e+00 5.710526e-01 3.178947e+00 4.16730158e-02
3.076923e+00 5.710526e-01 3.384211e+00 3.16687450e-02
3.076923e+00 5.710526e-01 3.589474e+00 2.41610166e-02
3.076923e+00 5.710526e-01 3.794737e+00 1.85119100e-02
3.076923e+00 5.710526e-01 4.000000e+00 1.42475860e-02
3.076923e+00 8.315790e-01 1.000000e-01 2.21678887e+04
3.076923e+00 8.315790e-01 3.052632e-01 2.11639729e+01
3.076923e+00 8.315790e-01 5.105263e-01 7.89461792e-01
3.076923e+00 8.315790e-01 7.157895e-01 5.86693943e-01
3.076923e+00 8.315790e-01 9.210526e-01 4.77672011e-01
3.076923e+00 8.315790e-01 1.126316e+00 3.79700840e-01
3.076923e+00 8.315790e-01 1.331579e+00 2.96170384e-01
3.076923e+00 8.315790e-01 1.536842e+00 2.27849379e-01
3.076923e+00 8.315790e-01 1.742105e+00 1.73593849e-01
3.076923e+00 8.315790e-01 1.947368e+00 1.31406263e-01
3.076923e+00 8.315790e-01 2.152632e+00 9.90877897e-02
3.076923e+00 8.315790e-01 2.357895e+00 7.45829791e-02
3.076923e+00 8.315790e-01 2.563158e+00 5.61283603e-02
3.076923e+00 8.315790e-01 2.768421e+00 4.22863029e-02
3.076923e+00 8.315790e-01 2.973684e+00 3.19251567e-02
3.076923e+00 8.315790e-01 3.178947e+00 2.41721664e-02
3.076923e+00 8.315790e-01 3.384211e+00 1.83657929e-02
3.076923e+00 8.315790e-01 3.589474e+00 1.40090687e-02
3.076923e+00 8.315790e-01 3.794737e+00 1.07314615e-02
3.076923e+00 8.315790e-01 4.000000e+00 8.25777743e-03
3.076923e+00 1.092105e+00 1.000000e-01 1.72540859e+04
3.076923e+00 1.092105e+00 3.052632e-01 1.63084621e+01
3.076923e+00 1.092105e+00 5.105263e-01 4.70527887e-01
3.076923e+00 1.092105e+00 7.157895e-01 3.35729361e-01
3.076923e+00 1.092105e+00 9.210526e-01 2.73442000e-01
3.076923e+00 1.092105e+00 1.126316e+00 2.17490554e-01
3.076923e+00 1.092105e+00 1.331579e+00 1.69716731e-01
3.076923e+00 1.092105e+00 1.536842e+00 1.30601406e-01
3.076923e+00 1.092105e+00 1.742105e+00 9.95178893e-02
3.076923e+00 1.092105e+00 1.947368e+00 7.53374696e-02
3.076923e+00 1.092105e+00 2.152632e+00 5.68087548e-02
3.076923e+00 1.092105e+00 2.357895e+00 4.27574255e-02
3.076923e+00 1.092105e+00 2.563158e+00 3.21745947e-02
3.076923e+00 1.092105e+00 2.768421e+00 2.42371019e-02
3.076923e+00 1.092105e+00 2.973684e+00 1.82958785e-02
3.076923e+00 1.092105e+00 3.178947e+00 1.38506964e-02
3.076923e+00 1.092105e+00 3.384211e+00 1.05219632e-02
3.076923e+00 1.092105e+00 3.589474e+00 8.02466087e-03
3.076923e+00 1.092105e+00 3.794737e+00 6.14618417e-03
3.076923e+00 1.092105e+00 4.000000e+00 4.72866697e-03
3.076923e+00 1.352632e+00 1.000000e-01 1.25482744e+04
3.076923e+00 1.352632e+00 3.052632e-01 1.17827492e+01
3.076923e+00 1.352632e+00 5.105263e-01 2.73879439e-01
3.076923e+00 1.352632e+00 7.157895e-01 1.86688274e-01
3.076923e+00 1.352632e+00 9.210526e-01 1.52067035e-01
3.076923e+00 1.352632e+00 1.126316e+00 1.21009059e-01
3.076923e+00 1.352632e+00 1.331579e+00 9.44598839e-02
3.076923e+00 1.352632e+00 1.536842e+00 7.27049410e-02
3.076923e+00 1.352632e+00 1.742105e+00 5.54074086e-02
3.076923e+00 1.352632e+00 1.947368e+00 4.19467911e-02
3.076923e+00 1.352632e+00 2.152632e+00 3.16299684e-02
3.076923e+00 1.352632e+00 2.357895e+00 2.38053631e-02
3.076923e+00 1.352632e+00 2.563158e+00 1.79119110e-02
3.076923e+00 1.352632e+00 2.768421e+00 1.34916957e-02
3.076923e+00 1.352632e+00 2.973684e+00 1.01833092e-02
3.076923e+00 1.352632e+00 3.178947e+00 7.70818582e-03
3.076923e+00 1.352632e+00 3.384211e+00 5.85490419e-03
3.076923e+00 1.352632e+00 3.589474e+00 4.46468312e-03
3.076923e+00 1.352632e+00 3.794737e+00 3.41908634e-03
3.076923e+00 1.352632e+00 4.000000e+00 2.63018208e-03
3.076923e+00 1.613158e+00 1.000000e-01 8.52706738e+03
3.076923e+00 1.613158e+00 3.052632e-01 7.97060347e+00
3.076923e+00 1.613158e+00 5.105263e-01 1.54227957e-01
3.076923e+00 1.613158e+00 7.157895e-01 1.00007705e-01
3.076923e+00 1.613158e+00 9.210526e-01 8.14520419e-02
3.076923e+00 1.613158e+00 1.126316e+00 6.48404285e-02
3.076923e+00 1.613158e+00 1.331579e+00 5.06280698e-02
3.076923e+00 1.613158e+00 1.536842e+00 3.89745496e-02
3.076923e+00 1.613158e+00 1.742105e+00 2.97047887e-02
3.076923e+00 1.613158e+00 1.947368e+00 2.24891379e-02
3.076923e+00 1.613158e+00 2.152632e+00 1.69578064e-02
3.076923e+00 1.613158e+00 2.357895e+00 1.27622169e-02
3.076923e+00 1.613158e+00 2.563158e+00 9.60204285e-03
3.076923e+00 1.613158e+00 2.768421e+00 7.23186322e-03
3.076923e+00 1.613158e+00 2.973684e+00 5.45793446e-03
3.076923e+00 1.613158e+00 3.178947e+00 4.13090223e-03
3.076923e+00 1.613158e+00 3.384211e+00 3.13735683e-03
3.076923e+00 1.613158e+00 3.589474e+00 2.39212671e-03
3.076923e+00 1.613158e+00 3.794737e+00 1.83169974e-03
3.076923e+00 1.613158e+00 4.000000e+00 1.40889524e-03
3.076923e+00 1.873684e+00 1.000000e-01 5.41425488e+03
3.076923e+00 1.873684e+00 3.052632e-01 5.04456615e+00
3.076923e+00 1.873684e+00 5.105263e-01 8.35215375e-02
3.076923e+00 1.873684e+00 7.157895e-01 5.13553582e-02
3.076923e+00 1.873684e+00 9.210526e-01 4.18144055e-02
3.076923e+00 1.873684e+00 1.126316e+00 3.32967378e-02
3.076923e+00 1.873684e+00 1.331579e+00 2.60040127e-02
3.076923e+00 1.873684e+00 1.536842e+00 2.00212114e-02
3.076923e+00 1.873684e+00 1.742105e+00 1.52605008e-02
3.076923e+00 1.873684e+00 1.947368e+00 1.15538277e-02
3.076923e+00 1.873684e+00 2.152632e+00 8.71199276e-03
3.076923e+00 1.873684e+00 2.357895e+00 6.55626133e-03
3.076923e+00 1.873684e+00 2.563158e+00 4.93250415e-03
3.076923e+00 1.873684e+00 2.768421e+00 3.71467369e-03
3.076923e+00 1.873684e+00 2.973684e+00 2.80325394e-03
3.076923e+00 1.873684e+00 3.178947e+00 2.12147390e-03
3.076923e+00 1.873684e+00 3.384211e+00 1.61107082e-03
3.076923e+00 1.873684e+00 3.589474e+00 1.22826512e-03
3.076923e+00 1.873684e+00 3.794737e+00 9.40410944e-04
3.076923e+00 1.873684e+00 4.000000e+00 7.23269070e-04
3.076923e+00 2.134211e+00 1.000000e-01 3.21218506e+03
3.076923e+00 2.134211e+00 3.052632e-01 2.98577476e+00
3.076923e+00 2.134211e+00 5.105263e-01 4.33125682e-02
3.076923e+00 2.134211e+00 7.157895e-01 2.52041984e-02
3.076923e+00 2.134211e+00 9.210526e-01 2.05126517e-02
3.076923e+00 2.134211e+00 1.126316e+00 1.63382571e-02
3.076923e+00 2.134211e+00 1.331579e+00 1.27620623e-02
3.076923e+00 2.134211e+00 1.536842e+00 9.82695911e-03
3.076923e+00 2.134211e+00 1.742105e+00 7.49073224e-03
3.076923e+00 2.134211e+00 1.947368e+00 5.67139778e-03
3.076923e+00 2.134211e+00 2.152632e+00 4.27637435e-03
3.076923e+00 2.134211e+00 2.357895e+00 3.21809738e-03
3.076923e+00 2.134211e+00 2.563158e+00 2.42095045e-03
3.076923e+00 2.134211e+00 2.768421e+00 1.82310026e-03
3.076923e+00 2.134211e+00 2.973684e+00 1.37568510e-03
3.076923e+00 2.134211e+00 3.178947e+00 1.04101945e-03
3.076923e+00 2.134211e+00 3.384211e+00 7.90494028e-04
3.076923e+00 2.134211e+00 3.589474e+00 6.02611981e-04
3.076923e+00 2.134211e+00 3.794737e+00 4.61345044e-04
3.076923e+00 2.134211e+00 4.000000e+00 3.54789488e-04
3.076923e+00 2.394737e+00 1.000000e-01 1.78067920e+03
3.076923e+00 2.394737e+00 3.052632e-01 1.65225148e+00
3.076923e+00 2.394737e+00 5.105263e-01 2.14378890e-02
3.076923e+00 2.394737e+00 7.157895e-01 1.18003590e-02
3.076923e+00 2.394737e+00 9.210526e-01 9.59847961e-03
3.076923e+00 2.394737e+00 1.126316e+00 7.64669571e-03
3.076923e+00 2.394737e+00 1.331579e+00 5.97384572e-03
3.076923e+00 2.394737e+00 1.536842e+00 4.60037310e-03
3.076923e+00 2.394737e+00 1.742105e+00 3.50686512e-03
3.076923e+00 2.394737e+00 1.947368e+00 2.65516876e-03
3.076923e+00 2.394737e+00 2.152632e+00 2.00203410e-03
3.076923e+00 2.394737e+00 2.357895e+00 1.50653999e-03
3.076923e+00 2.394737e+00 2.563158e+00 1.13330665e-03
3.076923e+00 2.394737e+00 2.768421e+00 8.53387173e-04
3.076923e+00 2.394737e+00 2.973684e+00 6.43909152e-04
3.076923e+00 2.394737e+00 3.178947e+00 4.87229874e-04
3.076923e+00 2.394737e+00 3.384211e+00 3.69947200e-04
3.076923e+00 2.394737e+00 3.589474e+00 2.81997229e-04
3.076923e+00 2.394737e+00 3.794737e+00 2.15873835e-04
3.076923e+00 2.394737e+00 4.000000e+00 1.66001206e-04
3.076923e+00 2.655263e+00 1.000000e-01 9.22345093e+02
3.076923e+00 2.655263e+00 3.052632e-01 8.54684889e-01
3.076923e+00 2.655263e+00 5.105263e-01 1.01002604e-02
3.076923e+00 2.655263e+00 7.157895e-01 5.26430970e-03
3.076923e+00 2.655263e+00 9.210526e-01 4.27931827e-03
3.076923e+00 2.655263e+00 1.126316e+00 3.40970885e-03
3.076923e+00 2.655263e+00 1.331579e+00 2.66411295e-03
3.076923e+00 2.655263e+00 1.536842e+00 2.05175951e-03
3.076923e+00 2.655263e+00 1.742105e+00 1.56411820e-03
3.076923e+00 2.655263e+00 1.947368e+00 1.18425989e-03
3.076923e+00 2.655263e+00 2.152632e+00 8.92937474e-04
3.076923e+00 2.655263e+00 2.357895e+00 6.71918620e-04
3.076923e+00 2.655263e+00 2.563158e+00 5.05434000e-04
3.076923e+00 2.655263e+00 2.768421e+00 3.80573998e-04
3.076923e+00 2.655263e+00 2.973684e+00 2.87138537e-04
3.076923e+00 2.655263e+00 3.178947e+00 2.17256442e-04
3.076923e+00 2.655263e+00 3.384211e+00 1.64949000e-04
3.076923e+00 2.655263e+00 3.589474e+00 1.25726234e-04
3.076923e+00 2.655263e+00 3.794737e+00 9.62388585e-05
3.076923e+00 2.655263e+00 4.000000e+00 7.40001997e-05
3.076923e+00 2.915789e+00 1.000000e-01 4.46400391e+02
3.076923e+00 2.915789e+00 3.052632e-01 4.13235605e-01
3.076923e+00 2.915789e+00 5.105263e-01 4.51919669e-03
3.076923e+00 2.915789e+00 7.157895e-01 2.23593134e-03
3.076923e+00 2.915789e+00 9.210526e-01 1.81634666e-03
3.076923e+00 2.915789e+00 1.126316e+00 1.44744641e-03
3.076923e+00 2.915789e+00 1.331579e+00 1.13105471e-03
3.076923e+00 2.915789e+00 1.536842e+00 8.71135504e-04
3.076923e+00 2.915789e+00 1.742105e+00 6.64115767e-04
3.076923e+00 2.915789e+00 1.947368e+00 5.02833165e-04
3.076923e+00 2.915789e+00 2.152632e+00 3.79134726e-04
3.076923e+00 2.915789e+00 2.357895e+00 2.85283662e-04
3.076923e+00 2.915789e+00 2.563158e+00 2.14588887e-04
3.076923e+00 2.915789e+00 2.768421e+00 1.61570453e-04
3.076923e+00 2.915789e+00 2.973684e+00 1.21896504e-04
3.076923e+00 2.915789e+00 3.178947e+00 9.22247127e-05
3.076923e+00 2.915789e+00 3.384211e+00 7.00161618e-05
3.076923e+00 2.915789e+00 3.589474e+00 5.33638849e-05
3.076923e+00 2.915789e+00 3.794737e+00 4.08456908e-05
3.076923e+00 2.915789e+00 4.000000e+00 3.14052486e-05
3.076923e+00 3.176316e+00 1.000000e-01 2.01872879e+02
3.076923e+00 3.176316e+00 3.052632e-01 1.86730772e-01
3.076923e+00 3.176316e+00 5.105263e-01 1.91635371e-03
3.076923e+00 3.176316e+00 7.157895e-01 9.03526554e-04
3.076923e+00 3.176316e+00 9.210526e-01 7.33473862e-04
3.076923e+00 3.176316e+00 1.126316e+00 5.84572379e-04
3.076923e+00 3.176316e+00 1.331579e+00 4.56833834e-04
3.076923e+00 3.176316e+00 1.536842e+00 3.51872033e-04
3.076923e+00 3.176316e+00 1.742105e+00 2.68259668e-04
3.076923e+00 3.176316e+00 1.947368e+00 2.03113377e-04
3.076923e+00 3.176316e+00 2.152632e+00 1.53144952e-04
3.076923e+00 3.176316e+00 2.357895e+00 1.15232368e-04
3.076923e+00 3.176316e+00 2.563158e+00 8.66741757e-05
3.076923e+00 3.176316e+00 2.768421e+00 6.52567760e-05
3.076923e+00 3.176316e+00 2.973684e+00 4.92305626e-05
3.076923e+00 3.176316e+00 3.178947e+00 3.72449904e-05
3.076923e+00 3.176316e+00 3.384211e+00 2.82746132e-05
3.076923e+00 3.176316e+00 3.589474e+00 2.15487780e-05
3.076923e+00 3.176316e+00 3.794737e+00 1.64929716e-05
3.076923e+00 3.176316e+00 4.000000e+00 1.26803570e-05
3.076923e+00 3.436842e+00 1.000000e-01 8.53010254e+01
3.076923e+00 3.436842e+00 3.052632e-01 7.88562819e-02
3.076923e+00 3.436842e+00 5.105263e-01 7.68714701e-04
3.076923e+00 3.436842e+00 7.157895e-01 3.47093592e-04
3.076923e+00 3.436842e+00 9.210526e-01 2.81580433e-04
3.076923e+00 3.436842e+00 1.126316e+00 2.24439442e-04
3.076923e+00 3.436842e+00 1.331579e+00 1.75409048e-04
3.076923e+00 3.436842e+00 1.536842e+00 1.35113587e-04
3.076923e+00 3.436842e+00 1.742105e+00 1.03009967e-04
3.076923e+00 3.436842e+00 1.947368e+00 7.79944821e-05
3.076923e+00 3.436842e+00 2.152632e+00 5.88062794e-05
3.076923e+00 3.436842e+00 2.357895e+00 4.42472592e-05
3.076923e+00 3.436842e+00 2.563158e+00 3.32803502e-05
3.076923e+00 3.436842e+00 2.768421e+00 2.50557769e-05
3.076923e+00 3.436842e+00 2.973684e+00 1.89016064e-05
3.076923e+00 3.436842e+00 3.178947e+00 1.42992476e-05
3.076923e+00 3.436842e+00 3.384211e+00 1.08548020e-05
3.076923e+00 3.436842e+00 3.589474e+00 8.27231725e-06
3.076923e+00 3.436842e+00 3.794737e+00 6.33115587e-06
3.076923e+00 3.436842e+00 4.000000e+00 4.86738736e-06
3.076923e+00 3.697368e+00 1.000000e-01 3.36785545e+01
3.076923e+00 3.697368e+00 3.052632e-01 3.11201029e-02
3.076923e+00 3.697368e+00 5.105263e-01 2.91192526e-04
3.076923e+00 3.697368e+00 7.157895e-01 1.26630068e-04
3.076923e+00 3.697368e+00 9.210526e-01 1.02666461e-04
3.076923e+00 3.697368e+00 1.126316e+00 8.18390254e-05
3.076923e+00 3.697368e+00 1.331579e+00 6.39647333e-05
3.076923e+00 3.697368e+00 1.536842e+00 4.92725121e-05
3.076923e+00 3.697368e+00 1.742105e+00 3.75658929e-05
3.076923e+00 3.697368e+00 1.947368e+00 2.84432826e-05
3.076923e+00 3.697368e+00 2.152632e+00 2.14453958e-05
3.076923e+00 3.697368e+00 2.357895e+00 1.61357457e-05
3.076923e+00 3.697368e+00 2.563158e+00 1.21360863e-05
3.076923e+00 3.697368e+00 2.768421e+00 9.13660824e-06
3.076923e+00 3.697368e+00 2.973684e+00 6.89225044e-06
3.076923e+00 3.697368e+00 3.178947e+00 5.21385664e-06
3.076923e+00 3.697368e+00 3.384211e+00 3.95776578e-06
3.076923e+00 3.697368e+00 3.589474e+00 3.01605382e-06
3.076923e+00 3.697368e+00 3.794737e+00 2.30821979e-06
3.076923e+00 3.697368e+00 4.000000e+00 1.77448828e-06
3.076923e+00 3.957895e+00 1.000000e-01 1.24243946e+01
3.076923e+00 3.957895e+00 3.052632e-01 1.14766750e-02
3.076923e+00 3.957895e+00 5.105263e-01 1.03997707e-04
3.076923e+00 3.957895e+00 7.157895e-01 4.38179704e-05
3.076923e+00 3.957895e+00 9.210526e-01 3.55067714e-05
3.076923e+00 3.957895e+00 1.126316e+00 2.83054451e-05
3.076923e+00 3.957895e+00 1.331579e+00 2.21244627e-05
3.076923e+00 3.957895e+00 1.536842e+00 1.70432195e-05
3.076923e+00 3.957895e+00 1.742105e+00 1.29941163e-05
3.076923e+00 3.957895e+00 1.947368e+00 9.83862174e-06
3.076923e+00 3.957895e+00 2.152632e+00 7.41797521e-06
3.076923e+00 3.957895e+00 2.357895e+00 5.58126976e-06
3.076923e+00 3.957895e+00 2.563158e+00 4.19772232e-06
3.076923e+00 3.957895e+00 2.768421e+00 3.16015075e-06
3.076923e+00 3.957895e+00 2.973684e+00 2.38380085e-06
3.076923e+00 3.957895e+00 3.178947e+00 1.80324639e-06
3.076923e+00 3.957895e+00 3.384211e+00 1.36877452e-06
3.076923e+00 3.957895e+00 3.589474e+00 1.04305218e-06
3.076923e+00 3.957895e+00 3.794737e+00 7.98233600e-07
3.076923e+00 3.957895e+00 4.000000e+00 6.13637326e-07
3.076923e+00 4.218421e+00 1.000000e-01 4.28272343e+00
3.076923e+00 4.218421e+00 3.052632e-01 3.95504292e-03
3.076923e+00 4.218421e+00 5.105263e-01 3.49665643e-05
3.076923e+00 4.218421e+00 7.157895e-01 1.43585085e-05
3.076923e+00 4.218421e+00 9.210526e-01 1.16297633e-05
3.076923e+00 4.218421e+00 1.126316e+00 9.27157635e-06
3.076923e+00 4.218421e+00 1.331579e+00 7.24727124e-06
3.076923e+00 4.218421e+00 1.536842e+00 5.58294778e-06
3.076923e+00 4.218421e+00 1.742105e+00 4.25661347e-06
3.076923e+00 4.218421e+00 1.947368e+00 3.22294136e-06
3.076923e+00 4.218421e+00 2.152632e+00 2.42996612e-06
3.076923e+00 4.218421e+00 2.357895e+00 1.82827830e-06
3.076923e+00 4.218421e+00 2.563158e+00 1.37503832e-06
3.076923e+00 4.218421e+00 2.768421e+00 1.03514117e-06
3.076923e+00 4.218421e+00 2.973684e+00 7.80821551e-07
3.076923e+00 4.218421e+00 3.178947e+00 5.90643481e-07
3.076923e+00 4.218421e+00 3.384211e+00 4.48322822e-07
3.076923e+00 4.218421e+00 3.589474e+00 3.41627981e-07
3.076923e+00 4.218421e+00 3.794737e+00 2.61435645e-07
3.076923e+00 4.218421e+00 4.000000e+00 2.00971726e-07
3.076923e+00 4.478947e+00 1.000000e-01 1.37939191e+00
3.076923e+00 4.478947e+00 3.052632e-01 1.27361517e-03
3.076923e+00 4.478947e+00 5.105263e-01 1.10529209e-05
3.076923e+00 4.478947e+00 7.157895e-01 4.44770558e-06
3.076923e+00 4.478947e+00 9.210526e-01 3.60111994e-06
3.076923e+00 4.478947e+00 1.126316e+00 2.87102966e-06
3.076923e+00 4.478947e+00 1.331579e+00 2.24425639e-06
3.076923e+00 4.478947e+00 1.536842e+00 1.72890202e-06
3.076923e+00 4.478947e+00 1.742105e+00 1.31818331e-06
3.076923e+00 4.478947e+00 1.947368e+00 9.98077667e-07
3.076923e+00 4.478947e+00 2.152632e+00 7.52506367e-07
3.076923e+00 4.478947e+00 2.357895e+00 5.66170684e-07
3.076923e+00 4.478947e+00 2.563158e+00 4.25808054e-07
3.076923e+00 4.478947e+00 2.768421e+00 3.20546633e-07
3.076923e+00 4.478947e+00 2.973684e+00 2.41788200e-07
3.076923e+00 4.478947e+00 3.178947e+00 1.82894127e-07
3.076923e+00 4.478947e+00 3.384211e+00 1.38821079e-07
3.076923e+00 4.478947e+00 3.589474e+00 1.05781311e-07
3.076923e+00 4.478947e+00 3.794737e+00 8.09490217e-08
3.076923e+00 4.478947e+00 4.000000e+00 6.22260359e-08
3.076923e+00 4.739474e+00 1.000000e-01 4.15123552e-01
3.076923e+00 4.739474e+00 3.052632e-01 3.83238541e-04
3.076923e+00 4.739474e+00 5.105263e-01 3.28069063e-06
3.076923e+00 4.739474e+00 7.157895e-01 1.29991361e-06
3.076923e+00 4.739474e+00 9.210526e-01 1.05218510e-06
3.076923e+00 4.739474e+00 1.126316e+00 8.38891083e-07
3.076923e+00 4.739474e+00 1.331579e+00 6.55769270e-07
3.076923e+00 4.739474e+00 1.536842e+00 5.05191736e-07
3.076923e+00 4.739474e+00 1.742105e+00 3.85180243e-07
3.076923e+00 4.739474e+00 1.947368e+00 2.91644312e-07
3.076923e+00 4.739474e+00 2.152632e+00 2.19885933e-07
3.076923e+00 4.739474e+00 2.357895e+00 1.65436276e-07
3.076923e+00 4.739474e+00 2.563158e+00 1.24420566e-07
3.076923e+00 4.739474e+00 2.768421e+00 9.36621944e-08
3.076923e+00 4.739474e+00 2.973684e+00 7.06482197e-08
3.076923e+00 4.739474e+00 3.178947e+00 5.34390878e-08
3.076923e+00 4.739474e+00 3.384211e+00 4.05609484e-08
3.076923e+00 4.739474e+00 3.589474e+00 3.09068611e-08
3.076923e+00 4.739474e+00 3.794737e+00 2.36510171e-08
3.076923e+00 4.739474e+00 4.000000e+00 1.81803959e-08
3.076923e+00 5.000000e+00 1.000000e-01 1.16732143e-01
3.076923e+00 5.000000e+00 3.052632e-01 1.07755819e-04
3.076923e+00 5.000000e+00 5.105263e-01 9.13383587e-07
3.076923e+00 5.000000e+00 7.157895e-01 3.57802321e-07
3.076923e+00 5.000000e+00 9.210526e-01 2.89552190e-07
3.076923e+00 5.000000e+00 1.126316e+00 2.30860664e-07
3.076923e+00 5.000000e+00 1.331579e+00 1.80469414e-07
3.076923e+00 5.000000e+00 1.536842e+00 1.39031656e-07
3.076923e+00 5.000000e+00 1.742105e+00 1.06004521e-07
3.076923e+00 5.000000e+00 1.947368e+00 8.02626232e-08
3.076923e+00 5.000000e+00 2.152632e+00 6.05138837e-08
3.076923e+00 5.000000e+00 2.357895e+00 4.55287754e-08
3.076923e+00 5.000000e+00 2.563158e+00 3.42408484e-08
3.076923e+00 5.000000e+00 2.768421e+00 2.57757851e-08
3.076923e+00 5.000000e+00 2.973684e+00 1.94421723e-08
3.076923e+00 5.000000e+00 3.178947e+00 1.47061021e-08
3.076923e+00 5.000000e+00 3.384211e+00 1.11619922e-08
3.076923e+00 5.000000e+00 3.589474e+00 8.50515658e-09
3.076923e+00 5.000000e+00 3.794737e+00 6.50836585e-09
3.076923e+00 5.000000e+00 4.000000e+00 5.00288877e-09
3.333333e+00 5.000000e-02 1.000000e-01 3.11733066e+04
3.333333e+00 5.000000e-02 3.052632e-01 3.83278236e+01
3.333333e+00 5.000000e-02 5.105263e-01 3.05125141e+00
3.333333e+00 5.000000e-02 7.157895e-01 2.47764516e+00
3.333333e+00 5.000000e-02 9.210526e-01 2.08979130e+00
3.333333e+00 5.000000e-02 1.126316e+00 1.72151351e+00
3.333333e+00 5.000000e-02 1.331579e+00 1.39111423e+00
3.333333e+00 5.000000e-02 1.536842e+00 1.10754848e+00
3.333333e+00 5.000000e-02 1.742105e+00 8.71959865e-01
3.333333e+00 5.000000e-02 1.947368e+00 6.80892587e-01
3.333333e+00 5.000000e-02 2.152632e+00 5.28668582e-01
3.333333e+00 5.000000e-02 2.357895e+00 4.08976108e-01
3.333333e+00 5.000000e-02 2.563158e+00 3.15740496e-01
3.333333e+00 5.000000e-02 2.768421e+00 2.43601575e-01
3.333333e+00 5.000000e-02 2.973684e+00 1.88021764e-01
3.333333e+00 5.000000e-02 3.178947e+00 1.45309553e-01
3.333333e+00 5.000000e-02 3.384211e+00 1.12524688e-01
3.333333e+00 5.000000e-02 3.589474e+00 8.73587355e-02
3.333333e+00 5.000000e-02 3.794737e+00 6.80225343e-02
3.333333e+00 5.000000e-02 4.000000e+00 5.31420857e-02
3.333333e+00 3.105263e-01 1.000000e-01 2.97414297e+04
3.333333e+00 3.105263e-01 3.052632e-01 3.49530106e+01
3.333333e+00 3.105263e-01 5.105263e-01 1.45431376e+00
3.333333e+00 3.105263e-01 7.157895e-01 1.09833097e+00
3.333333e+00 3.105263e-01 9.210526e-01 9.27153707e-01
3.333333e+00 3.105263e-01 1.126316e+00 7.64835596e-01
3.333333e+00 3.105263e-01 1.331579e+00 6.18718088e-01
3.333333e+00 3.105263e-01 1.536842e+00 4.92991626e-01
3.333333e+00 3.105263e-01 1.742105e+00 3.88344765e-01
3.333333e+00 3.105263e-01 1.947368e+00 3.03360194e-01
3.333333e+00 3.105263e-01 2.152632e+00 2.35591337e-01
3.333333e+00 3.105263e-01 2.357895e+00 1.82267740e-01
3.333333e+00 3.105263e-01 2.563158e+00 1.40716851e-01
3.333333e+00 3.105263e-01 2.768421e+00 1.08557627e-01
3.333333e+00 3.105263e-01 2.973684e+00 8.37777704e-02
3.333333e+00 3.105263e-01 3.178947e+00 6.47354648e-02
3.333333e+00 3.105263e-01 3.384211e+00 5.01194037e-02
3.333333e+00 3.105263e-01 3.589474e+00 3.89014706e-02
3.333333e+00 3.105263e-01 3.794737e+00 3.02837566e-02
3.333333e+00 3.105263e-01 4.000000e+00 2.36531124e-02
3.333333e+00 5.710526e-01 1.000000e-01 2.65143223e+04
3.333333e+00 5.710526e-01 3.052632e-01 3.06965141e+01
3.333333e+00 5.710526e-01 5.105263e-01 8.77055824e-01
3.333333e+00 5.710526e-01 7.157895e-01 6.14188135e-01
3.333333e+00 5.710526e-01 9.210526e-01 5.18537819e-01
3.333333e+00 5.710526e-01 1.126316e+00 4.28171635e-01
3.333333e+00 5.710526e-01 1.331579e+00 3.46632570e-01
3.333333e+00 5.710526e-01 1.536842e+00 2.76348591e-01
3.333333e+00 5.710526e-01 1.742105e+00 2.17772767e-01
3.333333e+00 5.710526e-01 1.947368e+00 1.70158833e-01
3.333333e+00 5.710526e-01 2.152632e+00 1.32165477e-01
3.333333e+00 5.710526e-01 2.357895e+00 1.02257818e-01
3.333333e+00 5.710526e-01 2.563158e+00 7.89461359e-02
3.333333e+00 5.710526e-01 2.768421e+00 6.09001964e-02
3.333333e+00 5.710526e-01 2.973684e+00 4.69943769e-02
3.333333e+00 5.710526e-01 3.178947e+00 3.63082066e-02
3.333333e+00 5.710526e-01 3.384211e+00 2.81063002e-02
3.333333e+00 5.710526e-01 3.589474e+00 2.18118224e-02
3.333333e+00 5.710526e-01 3.794737e+00 1.69769358e-02
3.333333e+00 5.710526e-01 4.000000e+00 1.32573824e-02
3.333333e+00 8.315790e-01 1.000000e-01 2.20864492e+04
3.333333e+00 8.315790e-01 3.052632e-01 2.53719425e+01
3.333333e+00 8.315790e-01 5.105263e-01 5.51012874e-01
3.333333e+00 8.315790e-01 7.157895e-01 3.55134338e-01
3.333333e+00 8.315790e-01 9.210526e-01 2.99711943e-01
3.333333e+00 8.315790e-01 1.126316e+00 2.47658357e-01
3.333333e+00 8.315790e-01 1.331579e+00 2.00609431e-01
3.333333e+00 8.315790e-01 1.536842e+00 1.60000861e-01
3.333333e+00 8.315790e-01 1.742105e+00 1.26123622e-01
3.333333e+00 8.315790e-01 1.947368e+00 9.85672399e-02
3.333333e+00 8.315790e-01 2.152632e+00 7.65673369e-02
3.333333e+00 8.315790e-01 2.357895e+00 5.92432953e-02
3.333333e+00 8.315790e-01 2.563158e+00 4.57371175e-02
3.333333e+00 8.315790e-01 2.768421e+00 3.52806561e-02
3.333333e+00 8.315790e-01 2.973684e+00 2.72225775e-02
3.333333e+00 8.315790e-01 3.178947e+00 2.10301951e-02
3.333333e+00 8.315790e-01 3.384211e+00 1.62775684e-02
3.333333e+00 8.315790e-01 3.589474e+00 1.26304971e-02
3.333333e+00 8.315790e-01 3.794737e+00 9.82941501e-03
3.333333e+00 8.315790e-01 4.000000e+00 7.67475413e-03
3.333333e+00 1.092105e+00 1.000000e-01 1.71907793e+04
3.333333e+00 1.092105e+00 3.052632e-01 1.96553574e+01
3.333333e+00 1.092105e+00 5.105263e-01 3.44842792e-01
3.333333e+00 1.092105e+00 7.157895e-01 2.03095317e-01
3.333333e+00 1.092105e+00 9.210526e-01 1.71258166e-01
3.333333e+00 1.092105e+00 1.126316e+00 1.41591772e-01
3.333333e+00 1.092105e+00 1.331579e+00 1.14743479e-01
3.333333e+00 1.092105e+00 1.536842e+00 9.15465727e-02
3.333333e+00 1.092105e+00 1.742105e+00 7.21801072e-02
3.333333e+00 1.092105e+00 1.947368e+00 5.64180575e-02
3.333333e+00 1.092105e+00 2.152632e+00 4.38292176e-02
3.333333e+00 1.092105e+00 2.357895e+00 3.39137577e-02
3.333333e+00 1.092105e+00 2.563158e+00 2.61818431e-02
3.333333e+00 1.092105e+00 2.768421e+00 2.01952662e-02
3.333333e+00 1.092105e+00 2.973684e+00 1.55816879e-02
3.333333e+00 1.092105e+00 3.178947e+00 1.20362090e-02
3.333333e+00 1.092105e+00 3.384211e+00 9.31524299e-03
3.333333e+00 1.092105e+00 3.589474e+00 7.22731650e-03
3.333333e+00 1.092105e+00 3.794737e+00 5.62387984e-03
3.333333e+00 1.092105e+00 4.000000e+00 4.39056847e-03
3.333333e+00 1.352632e+00 1.000000e-01 1.25022686e+04
3.333333e+00 1.352632e+00 3.052632e-01 1.42507954e+01
3.333333e+00 1.352632e+00 5.105263e-01 2.10960209e-01
3.333333e+00 1.352632e+00 7.157895e-01 1.12913579e-01
3.333333e+00 1.352632e+00 9.210526e-01 9.50963348e-02
3.333333e+00 1.352632e+00 1.126316e+00 7.86564946e-02
3.333333e+00 1.352632e+00 1.331579e+00 6.37644753e-02
3.333333e+00 1.352632e+00 1.536842e+00 5.08869775e-02
3.333333e+00 1.352632e+00 1.742105e+00 4.01292369e-02
3.333333e+00 1.352632e+00 1.947368e+00 3.13699394e-02
3.333333e+00 1.352632e+00 2.152632e+00 2.43718550e-02
3.333333e+00 1.352632e+00 2.357895e+00 1.88585930e-02
3.333333e+00 1.352632e+00 2.563158e+00 1.45589598e-02
3.333333e+00 1.352632e+00 2.768421e+00 1.12295542e-02
3.333333e+00 1.352632e+00 2.973684e+00 8.66366364e-03
3.333333e+00 1.352632e+00 3.178947e+00 6.69185957e-03
3.333333e+00 1.352632e+00 3.384211e+00 5.17863454e-03
3.333333e+00 1.352632e+00 3.589474e+00 4.01752116e-03
3.333333e+00 1.352632e+00 3.794737e+00 3.12590483e-03
3.333333e+00 1.352632e+00 4.000000e+00 2.44015921e-03
3.333333e+00 1.613158e+00 1.000000e-01 8.49582129e+03
3.333333e+00 1.613158e+00 3.052632e-01 9.66357994e+00
3.333333e+00 1.613158e+00 5.105263e-01 1.24788545e-01
3.333333e+00 1.613158e+00 7.157895e-01 6.04986437e-02
3.333333e+00 1.613158e+00 9.210526e-01 5.08707799e-02
3.333333e+00 1.613158e+00 1.126316e+00 4.20905128e-02
3.333333e+00 1.613158e+00 1.331579e+00 3.41312550e-02
3.333333e+00 1.613158e+00 1.536842e+00 2.72440296e-02
3.333333e+00 1.613158e+00 1.742105e+00 2.14879476e-02
3.333333e+00 1.613158e+00 1.947368e+00 1.67991109e-02
3.333333e+00 1.613158e+00 2.152632e+00 1.30522307e-02
3.333333e+00 1.613158e+00 2.357895e+00 1.00998087e-02
3.333333e+00 1.613158e+00 2.563158e+00 7.79701350e-03
3.333333e+00 1.613158e+00 2.768421e+00 6.01377385e-03
3.333333e+00 1.613158e+00 2.973684e+00 4.63943696e-03
3.333333e+00 1.613158e+00 3.178947e+00 3.58330202e-03
3.333333e+00 1.613158e+00 3.384211e+00 2.77281250e-03
3.333333e+00 1.613158e+00 3.589474e+00 2.15095235e-03
3.333333e+00 1.613158e+00 3.794737e+00 1.67344592e-03
3.333333e+00 1.613158e+00 4.000000e+00 1.30622380e-03
3.333333e+00 1.873684e+00 1.000000e-01 5.39442139e+03
3.333333e+00 1.873684e+00 3.052632e-01 6.12666464e+00
3.333333e+00 1.873684e+00 5.105263e-01 7.08540007e-02
3.333333e+00 1.873684e+00 7.157895e-01 3.10828742e-02
3.333333e+00 1.873684e+00 9.210526e-01 2.60861982e-02
3.333333e+00 1.873684e+00 1.126316e+00 2.15893090e-02
3.333333e+00 1.873684e+00 1.331579e+00 1.75109487e-02
3.333333e+00 1.873684e+00 1.536842e+00 1.39799733e-02
3.333333e+00 1.873684e+00 1.742105e+00 1.10276043e-02
3.333333e+00 1.873684e+00 1.947368e+00 8.62201955e-03
3.333333e+00 1.873684e+00 2.152632e+00 6.69921329e-03
3.333333e+00 1.873684e+00 2.357895e+00 5.18392026e-03
3.333333e+00 1.873684e+00 2.563158e+00 4.00193362e-03
3.333333e+00 1.873684e+00 2.768421e+00 3.08656436e-03
3.333333e+00 1.873684e+00 2.973684e+00 2.38107820e-03
3.333333e+00 1.873684e+00 3.178947e+00 1.83894520e-03
3.333333e+00 1.873684e+00 3.384211e+00 1.42291677e-03
3.333333e+00 1.873684e+00 3.589474e+00 1.10372703e-03
3.333333e+00 1.873684e+00 3.794737e+00 8.58639367e-04
3.333333e+00 1.873684e+00 4.000000e+00 6.70172041e-04
3.333333e+00 2.134211e+00 1.000000e-01 3.20042139e+03
3.333333e+00 2.134211e+00 3.052632e-01 3.63085985e+00
3.333333e+00 2.134211e+00 5.105263e-01 3.84098366e-02
3.333333e+00 2.134211e+00 7.157895e-01 1.52668972e-02
3.333333e+00 2.134211e+00 9.210526e-01 1.27845947e-02
3.333333e+00 2.134211e+00 1.126316e+00 1.05829174e-02
3.333333e+00 2.134211e+00 1.331579e+00 8.58542882e-03
3.333333e+00 2.134211e+00 1.536842e+00 6.85522752e-03
3.333333e+00 2.134211e+00 1.742105e+00 5.40806120e-03
3.333333e+00 2.134211e+00 1.947368e+00 4.22861241e-03
3.333333e+00 2.134211e+00 2.152632e+00 3.28570465e-03
3.333333e+00 2.134211e+00 2.357895e+00 2.54253065e-03
3.333333e+00 2.134211e+00 2.563158e+00 1.96278747e-03
3.333333e+00 2.134211e+00 2.768421e+00 1.51379686e-03
3.333333e+00 2.134211e+00 2.973684e+00 1.16774975e-03
3.333333e+00 2.134211e+00 3.178947e+00 9.01828811e-04
3.333333e+00 2.134211e+00 3.384211e+00 6.97769574e-04
3.333333e+00 2.134211e+00 3.589474e+00 5.41211979e-04
3.333333e+00 2.134211e+00 3.794737e+00 4.21008648e-04
3.333333e+00 2.134211e+00 4.000000e+00 3.28577938e-04
3.333333e+00 2.394737e+00 1.000000e-01 1.77415930e+03
3.333333e+00 2.394737e+00 3.052632e-01 2.01113081e+00
3.333333e+00 2.394737e+00 5.105263e-01 1.97983552e-02
3.333333e+00 2.394737e+00 7.157895e-01 7.15495041e-03
3.333333e+00 2.394737e+00 9.210526e-01 5.97720873e-03
3.333333e+00 2.394737e+00 1.126316e+00 4.94868448e-03
3.333333e+00 2.394737e+00 1.331579e+00 4.01529344e-03
3.333333e+00 2.394737e+00 1.536842e+00 3.20650730e-03
3.333333e+00 2.394737e+00 1.742105e+00 2.52982252e-03
3.333333e+00 2.394737e+00 1.947368e+00 1.97819853e-03
3.333333e+00 2.394737e+00 2.152632e+00 1.53713929e-03
3.333333e+00 2.394737e+00 2.357895e+00 1.18947180e-03
3.333333e+00 2.394737e+00 2.563158e+00 9.18241451e-04
3.333333e+00 2.394737e+00 2.768421e+00 7.08174135e-04
3.333333e+00 2.394737e+00 2.973684e+00 5.46272146e-04
3.333333e+00 2.394737e+00 3.178947e+00 4.21855715e-04
3.333333e+00 2.394737e+00 3.384211e+00 3.26385518e-04
3.333333e+00 2.394737e+00 3.589474e+00 2.53142032e-04
3.333333e+00 2.394737e+00 3.794737e+00 1.96908470e-04
3.333333e+00 2.394737e+00 4.000000e+00 1.53669389e-04
3.333333e+00 2.655263e+00 1.000000e-01 9.18968567e+02
3.333333e+00 2.655263e+00 3.052632e-01 1.04107201e+00
3.333333e+00 2.655263e+00 5.105263e-01 9.67222732e-03
3.333333e+00 2.655263e+00 7.157895e-01 3.19561595e-03
3.333333e+00 2.655263e+00 9.210526e-01 2.66282842e-03
3.333333e+00 2.655263e+00 1.126316e+00 2.20491295e-03
3.333333e+00 2.655263e+00 1.331579e+00 1.78929360e-03
3.333333e+00 2.655263e+00 1.536842e+00 1.42903381e-03
3.333333e+00 2.655263e+00 1.742105e+00 1.12754281e-03
3.333333e+00 2.655263e+00 1.947368e+00 8.81726563e-04
3.333333e+00 2.655263e+00 2.152632e+00 6.85152889e-04
3.333333e+00 2.655263e+00 2.357895e+00 5.30187215e-04
3.333333e+00 2.655263e+00 2.563158e+00 4.09287022e-04
3.333333e+00 2.655263e+00 2.768421e+00 3.15648009e-04
3.333333e+00 2.655263e+00 2.973684e+00 2.43476723e-04
3.333333e+00 2.655263e+00 3.178947e+00 1.88017293e-04
3.333333e+00 2.655263e+00 3.384211e+00 1.45460785e-04
3.333333e+00 2.655263e+00 3.589474e+00 1.12813083e-04
3.333333e+00 2.655263e+00 3.794737e+00 8.77484126e-05
3.333333e+00 2.655263e+00 4.000000e+00 6.84763509e-05
3.333333e+00 2.915789e+00 1.000000e-01 4.44766296e+02
3.333333e+00 2.915789e+00 3.052632e-01 5.03626883e-01
3.333333e+00 2.915789e+00 5.105263e-01 4.46701515e-03
3.333333e+00 2.915789e+00 7.157895e-01 1.35897927e-03
3.333333e+00 2.915789e+00 9.210526e-01 1.12948089e-03
3.333333e+00 2.915789e+00 1.126316e+00 9.35348216e-04
3.333333e+00 2.915789e+00 1.331579e+00 7.59128830e-04
3.333333e+00 2.915789e+00 1.536842e+00 6.06341579e-04
3.333333e+00 2.915789e+00 1.742105e+00 4.78447851e-04
3.333333e+00 2.915789e+00 1.947368e+00 3.74156603e-04
3.333333e+00 2.915789e+00 2.152632e+00 2.90747499e-04
3.333333e+00 2.915789e+00 2.357895e+00 2.24988718e-04
3.333333e+00 2.915789e+00 2.563158e+00 1.73681954e-04
3.333333e+00 2.915789e+00 2.768421e+00 1.33943351e-04
3.333333e+00 2.915789e+00 2.973684e+00 1.03315149e-04
3.333333e+00 2.915789e+00 3.178947e+00 7.97790854e-05
3.333333e+00 2.915789e+00 3.384211e+00 6.17193436e-05
3.333333e+00 2.915789e+00 3.589474e+00 4.78648872e-05
3.333333e+00 2.915789e+00 3.794737e+00 3.72287031e-05
3.333333e+00 2.915789e+00 4.000000e+00 2.90509688e-05
3.333333e+00 3.176316e+00 1.000000e-01 2.01133957e+02
3.333333e+00 3.176316e+00 3.052632e-01 2.27670833e-01
3.333333e+00 3.176316e+00 5.105263e-01 1.94624485e-03
3.333333e+00 3.176316e+00 7.157895e-01 5.49852732e-04
3.333333e+00 3.176316e+00 9.210526e-01 4.55837668e-04
3.333333e+00 3.176316e+00 1.126316e+00 3.77521355e-04
3.333333e+00 3.176316e+00 1.331579e+00 3.06428759e-04
3.333333e+00 3.176316e+00 1.536842e+00 2.44773779e-04
3.333333e+00 3.176316e+00 1.742105e+00 1.93155473e-04
3.333333e+00 3.176316e+00 1.947368e+00 1.51056840e-04
3.333333e+00 3.176316e+00 2.152632e+00 1.17384450e-04
3.333333e+00 3.176316e+00 2.357895e+00 9.08357251e-05
3.333333e+00 3.176316e+00 2.563158e+00 7.01209428e-05
3.333333e+00 3.176316e+00 2.768421e+00 5.40761648e-05
3.333333e+00 3.176316e+00 2.973684e+00 4.17098163e-05
3.333333e+00 3.176316e+00 3.178947e+00 3.22070409e-05
3.333333e+00 3.176316e+00 3.384211e+00 2.49154145e-05
3.333333e+00 3.176316e+00 3.589474e+00 1.93218548e-05
3.333333e+00 3.176316e+00 3.794737e+00 1.50277137e-05
3.333333e+00 3.176316e+00 4.000000e+00 1.17262562e-05
3.333333e+00 3.436842e+00 1.000000e-01 8.49888000e+01
3.333333e+00 3.436842e+00 3.052632e-01 9.61756855e-02
3.333333e+00 3.436842e+00 5.105263e-01 7.98588619e-04
3.333333e+00 3.436842e+00 7.157895e-01 2.11487015e-04
3.333333e+00 3.436842e+00 9.210526e-01 1.74907793e-04
3.333333e+00 3.436842e+00 1.126316e+00 1.44866892e-04
3.333333e+00 3.436842e+00 1.331579e+00 1.17596777e-04
3.333333e+00 3.436842e+00 1.536842e+00 9.39420497e-05
3.333333e+00 3.436842e+00 1.742105e+00 7.41348267e-05
3.333333e+00 3.436842e+00 1.947368e+00 5.79787484e-05
3.333333e+00 3.436842e+00 2.152632e+00 4.50552543e-05
3.333333e+00 3.436842e+00 2.357895e+00 3.48652356e-05
3.333333e+00 3.436842e+00 2.563158e+00 2.69141092e-05
3.333333e+00 3.436842e+00 2.768421e+00 2.07554458e-05
3.333333e+00 3.436842e+00 2.973684e+00 1.60086547e-05
3.333333e+00 3.436842e+00 3.178947e+00 1.23610644e-05
3.333333e+00 3.436842e+00 3.384211e+00 9.56228359e-06
3.333333e+00 3.436842e+00 3.589474e+00 7.41528447e-06
3.333333e+00 3.436842e+00 3.794737e+00 5.76711636e-06
3.333333e+00 3.436842e+00 4.000000e+00 4.49997424e-06
3.333333e+00 3.697368e+00 1.000000e-01 3.35552940e+01
3.333333e+00 3.697368e+00 3.052632e-01 3.79642434e-02
3.333333e+00 3.697368e+00 5.105263e-01 3.08162824e-04
3.333333e+00 3.697368e+00 7.157895e-01 7.72443454e-05
3.333333e+00 3.697368e+00 9.210526e-01 6.37451521e-05
3.333333e+00 3.697368e+00 1.126316e+00 5.27995908e-05
3.333333e+00 3.697368e+00 1.331579e+00 4.28637140e-05
3.333333e+00 3.697368e+00 1.536842e+00 3.42435378e-05
3.333333e+00 3.697368e+00 1.742105e+00 2.70245691e-05
3.333333e+00 3.697368e+00 1.947368e+00 2.11356692e-05
3.333333e+00 3.697368e+00 2.152632e+00 1.64247158e-05
3.333333e+00 3.697368e+00 2.357895e+00 1.27100020e-05
3.333333e+00 3.697368e+00 2.563158e+00 9.81137418e-06
3.333333e+00 3.697368e+00 2.768421e+00 7.56617101e-06
3.333333e+00 3.697368e+00 2.973684e+00 5.83567771e-06
3.333333e+00 3.697368e+00 3.178947e+00 4.50591278e-06
3.333333e+00 3.697368e+00 3.384211e+00 3.48559752e-06
3.333333e+00 3.697368e+00 3.589474e+00 2.70291366e-06
3.333333e+00 3.697368e+00 3.794737e+00 2.10209146e-06
3.333333e+00 3.697368e+00 4.000000e+00 1.64017433e-06
3.333333e+00 3.957895e+00 1.000000e-01 1.23789225e+01
3.333333e+00 3.957895e+00 3.052632e-01 1.40032554e-02
3.333333e+00 3.957895e+00 5.105263e-01 1.11698944e-04
3.333333e+00 3.957895e+00 7.157895e-01 2.67556516e-05
3.333333e+00 3.957895e+00 9.210526e-01 2.20379206e-05
3.333333e+00 3.957895e+00 1.126316e+00 1.82546719e-05
3.333333e+00 3.957895e+00 1.331579e+00 1.48204072e-05
3.333333e+00 3.957895e+00 1.536842e+00 1.18404942e-05
3.333333e+00 3.957895e+00 1.742105e+00 9.34465425e-06
3.333333e+00 3.957895e+00 1.947368e+00 7.30851571e-06
3.333333e+00 3.957895e+00 2.152632e+00 5.67956795e-06
3.333333e+00 3.957895e+00 2.357895e+00 4.39505675e-06
3.333333e+00 3.957895e+00 2.563158e+00 3.39270309e-06
3.333333e+00 3.957895e+00 2.768421e+00 2.61629566e-06
3.333333e+00 3.957895e+00 2.973684e+00 2.01787998e-06
3.333333e+00 3.957895e+00 3.178947e+00 1.55804253e-06
3.333333e+00 3.957895e+00 3.384211e+00 1.20521679e-06
3.333333e+00 3.957895e+00 3.589474e+00 9.34566117e-07
3.333333e+00 3.957895e+00 3.794737e+00 7.26806604e-07
3.333333e+00 3.957895e+00 4.000000e+00 5.67083816e-07
3.333333e+00 4.218421e+00 1.000000e-01 4.26704979e+00
3.333333e+00 4.218421e+00 3.052632e-01 4.82639577e-03
3.333333e+00 4.218421e+00 5.105263e-01 3.79920311e-05
3.333333e+00 4.218421e+00 7.157895e-01 8.77486127e-06
3.333333e+00 4.218421e+00 9.210526e-01 7.21612469e-06
3.333333e+00 4.218421e+00 1.126316e+00 5.97752296e-06
3.333333e+00 4.218421e+00 1.331579e+00 4.85320470e-06
3.333333e+00 4.218421e+00 1.536842e+00 3.87752198e-06
3.333333e+00 4.218421e+00 1.742105e+00 3.06027232e-06
3.333333e+00 4.218421e+00 1.947368e+00 2.39349902e-06
3.333333e+00 4.218421e+00 2.152632e+00 1.86004058e-06
3.333333e+00 4.218421e+00 2.357895e+00 1.43936586e-06
3.333333e+00 4.218421e+00 2.563158e+00 1.11109728e-06
3.333333e+00 4.218421e+00 2.768421e+00 8.56818644e-07
3.333333e+00 4.218421e+00 2.973684e+00 6.60833507e-07
3.333333e+00 4.218421e+00 3.178947e+00 5.10233860e-07
3.333333e+00 4.218421e+00 3.384211e+00 3.94681848e-07
3.333333e+00 4.218421e+00 3.589474e+00 3.06044655e-07
3.333333e+00 4.218421e+00 3.794737e+00 2.38004134e-07
3.333333e+00 4.218421e+00 4.000000e+00 1.85697118e-07
3.333333e+00 4.478947e+00 1.000000e-01 1.37434375e+00
3.333333e+00 4.478947e+00 3.052632e-01 1.55436678e-03
3.333333e+00 4.478947e+00 5.105263e-01 1.21153671e-05
3.333333e+00 4.478947e+00 7.157895e-01 2.71996873e-06
3.333333e+00 4.478947e+00 9.210526e-01 2.23392908e-06
3.333333e+00 4.478947e+00 1.126316e+00 1.85053977e-06
3.333333e+00 4.478947e+00 1.331579e+00 1.50252822e-06
3.333333e+00 4.478947e+00 1.536842e+00 1.20049879e-06
3.333333e+00 4.478947e+00 1.742105e+00 9.47493675e-07
3.333333e+00 4.478947e+00 1.947368e+00 7.41062706e-07
3.333333e+00 4.478947e+00 2.152632e+00 5.75900003e-07
3.333333e+00 4.478947e+00 2.357895e+00 4.45652034e-07
3.333333e+00 4.478947e+00 2.563158e+00 3.44012960e-07
3.333333e+00 4.478947e+00 2.768421e+00 2.65282580e-07
3.333333e+00 4.478947e+00 2.973684e+00 2.04601108e-07
3.333333e+00 4.478947e+00 3.178947e+00 1.57971883e-07
3.333333e+00 4.478947e+00 3.384211e+00 1.22194479e-07
3.333333e+00 4.478947e+00 3.589474e+00 9.47508454e-08
3.333333e+00 4.478947e+00 3.794737e+00 7.36846388e-08
3.333333e+00 4.478947e+00 4.000000e+00 5.74897570e-08
3.333333e+00 4.739474e+00 1.000000e-01 4.13604289e-01
3.333333e+00 4.739474e+00 3.052632e-01 4.67752514e-04
3.333333e+00 4.739474e+00 5.105263e-01 3.61962998e-06
3.333333e+00 4.739474e+00 7.157895e-01 7.95378241e-07
3.333333e+00 4.739474e+00 9.210526e-01 6.52598487e-07
3.333333e+00 4.739474e+00 1.126316e+00 5.40609278e-07
3.333333e+00 4.739474e+00 1.331579e+00 4.38956079e-07
3.333333e+00 4.739474e+00 1.536842e+00 3.50727589e-07
3.333333e+00 4.739474e+00 1.742105e+00 2.76816024e-07
3.333333e+00 4.739474e+00 1.947368e+00 2.16508113e-07
3.333333e+00 4.739474e+00 2.152632e+00 1.68255113e-07
3.333333e+00 4.739474e+00 2.357895e+00 1.30202238e-07
3.333333e+00 4.739474e+00 2.563158e+00 1.00506583e-07
3.333333e+00 4.739474e+00 2.768421e+00 7.75044171e-08
3.333333e+00 4.739474e+00 2.973684e+00 5.97753527e-08
3.333333e+00 4.739474e+00 3.178947e+00 4.61520173e-08
3.333333e+00 4.739474e+00 3.384211e+00 3.56991912e-08
3.333333e+00 4.739474e+00 3.589474e+00 2.76811853e-08
3.333333e+00 4.739474e+00 3.794737e+00 2.15265157e-08
3.333333e+00 4.739474e+00 4.000000e+00 1.67950489e-08
3.333333e+00 5.000000e+00 1.000000e-01 1.16304934e-01
3.333333e+00 5.000000e+00 3.052632e-01 1.31525521e-04
3.333333e+00 5.000000e+00 5.105263e-01 1.01253852e-06
3.333333e+00 5.000000e+00 7.157895e-01 2.19016172e-07
3.333333e+00 5.000000e+00 9.210526e-01 1.79565944e-07
3.333333e+00 5.000000e+00 1.126316e+00 1.48753486e-07
3.333333e+00 5.000000e+00 1.331579e+00 1.20785387e-07
3.333333e+00 5.000000e+00 1.536842e+00 9.65094245e-08
3.333333e+00 5.000000e+00 1.742105e+00 7.61722632e-08
3.333333e+00 5.000000e+00 1.947368e+00 5.95775091e-08
3.333333e+00 5.000000e+00 2.152632e+00 4.62997534e-08
3.333333e+00 5.000000e+00 2.357895e+00 3.58284886e-08
3.333333e+00 5.000000e+00 2.563158e+00 2.76569132e-08
3.333333e+00 5.000000e+00 2.768421e+00 2.13272173e-08
3.333333e+00 5.000000e+00 2.973684e+00 1.64485403e-08
3.333333e+00 5.000000e+00 3.178947e+00 1.26996706e-08
3.333333e+00 5.000000e+00 3.384211e+00 9.82329507e-09
3.333333e+00 5.000000e+00 3.589474e+00 7.61693109e-09
3.333333e+00 5.000000e+00 3.794737e+00 5.92332272e-09
3.333333e+00 5.000000e+00 4.000000e+00 4.62135397e-09
3.589744e+00 5.000000e-02 1.000000e-01 3.14123516e+04
3.589744e+00 5.000000e-02 3.052632e-01 4.32889290e+01
3.589744e+00 5.000000e-02 5.105263e-01 2.04601622e+00
3.589744e+00 5.000000e-02 7.157895e-01 1.56225371e+00
3.589744e+00 5.000000e-02 9.210526e-01 1.35559750e+00
3.589744e+00 5.000000e-02 1.126316e+00 1.15175295e+00
3.589744e+00 5.000000e-02 1.331579e+00 9.59946156e-01
3.589744e+00 5.000000e-02 1.536842e+00 7.87753224e-01
3.589744e+00 5.000000e-02 1.742105e+00 6.38540745e-01
3.589744e+00 5.000000e-02 1.947368e+00 5.12673020e-01
3.589744e+00 5.000000e-02 2.152632e+00 4.08661783e-01
3.589744e+00 5.000000e-02 2.357895e+00 3.24055433e-01
3.589744e+00 5.000000e-02 2.563158e+00 2.56049007e-01
3.589744e+00 5.000000e-02 2.768421e+00 2.01870352e-01
3.589744e+00 5.000000e-02 2.973684e+00 1.58988148e-01
3.589744e+00 5.000000e-02 3.178947e+00 1.25203565e-01
3.589744e+00 5.000000e-02 3.384211e+00 9.86639410e-02
3.589744e+00 5.000000e-02 3.589474e+00 7.78526962e-02
3.589744e+00 5.000000e-02 3.794737e+00 6.15431815e-02
3.589744e+00 5.000000e-02 4.000000e+00 4.87589203e-02
3.589744e+00 3.105263e-01 1.000000e-01 2.99702148e+04
3.589744e+00 3.105263e-01 3.052632e-01 4.03349762e+01
3.589744e+00 3.105263e-01 5.105263e-01 1.05866385e+00
3.589744e+00 3.105263e-01 7.157895e-01 6.92361116e-01
3.589744e+00 3.105263e-01 9.210526e-01 5.99918664e-01
3.589744e+00 3.105263e-01 1.126316e+00 5.10287702e-01
3.589744e+00 3.105263e-01 1.331579e+00 4.25724715e-01
3.589744e+00 3.105263e-01 1.536842e+00 3.49632323e-01
3.589744e+00 3.105263e-01 1.742105e+00 2.83576757e-01
3.589744e+00 3.105263e-01 1.947368e+00 2.27781624e-01
3.589744e+00 3.105263e-01 2.152632e+00 1.81626648e-01
3.589744e+00 3.105263e-01 2.357895e+00 1.44052416e-01
3.589744e+00 3.105263e-01 2.563158e+00 1.13833673e-01
3.589744e+00 3.105263e-01 2.768421e+00 8.97506401e-02
3.589744e+00 3.105263e-01 2.973684e+00 7.06841573e-02
3.589744e+00 3.105263e-01 3.178947e+00 5.56599163e-02
3.589744e+00 3.105263e-01 3.384211e+00 4.38571386e-02
3.589744e+00 3.105263e-01 3.589474e+00 3.46015319e-02
3.589744e+00 3.105263e-01 3.794737e+00 2.73484774e-02
3.589744e+00 3.105263e-01 4.000000e+00 2.16639098e-02
3.589744e+00 5.710526e-01 1.000000e-01 2.67184902e+04
3.589744e+00 5.710526e-01 3.052632e-01 3.56808968e+01
3.589744e+00 5.710526e-01 5.105263e-01 6.86763048e-01
3.589744e+00 5.710526e-01 7.157895e-01 3.87360722e-01
3.589744e+00 5.710526e-01 9.210526e-01 3.34915996e-01
3.589744e+00 5.710526e-01 1.126316e+00 2.85091668e-01
3.589744e+00 5.710526e-01 1.331579e+00 2.38010064e-01
3.589744e+00 5.710526e-01 1.536842e+00 1.95576370e-01
3.589744e+00 5.710526e-01 1.742105e+00 1.58693910e-01
3.589744e+00 5.710526e-01 1.947368e+00 1.27509579e-01
3.589744e+00 5.710526e-01 2.152632e+00 1.01694837e-01
3.589744e+00 5.710526e-01 2.357895e+00 8.06678161e-02
3.589744e+00 5.710526e-01 2.563158e+00 6.37509003e-02
3.589744e+00 5.710526e-01 2.768421e+00 5.02645187e-02
3.589744e+00 5.710526e-01 2.973684e+00 3.95857207e-02
3.589744e+00 5.710526e-01 3.178947e+00 3.11699845e-02
3.589744e+00 5.710526e-01 3.384211e+00 2.45584436e-02
3.589744e+00 5.710526e-01 3.589474e+00 1.93736572e-02
3.589744e+00 5.710526e-01 3.794737e+00 1.53108714e-02
3.589744e+00 5.710526e-01 4.000000e+00 1.21269291e-02
3.589744e+00 8.315790e-01 1.000000e-01 2.22566016e+04
3.589744e+00 8.315790e-01 3.052632e-01 2.96035767e+01
3.589744e+00 8.315790e-01 5.105263e-01 4.62129951e-01
3.589744e+00 8.315790e-01 7.157895e-01 2.24239290e-01
3.589744e+00 8.315790e-01 9.210526e-01 1.93303406e-01
3.589744e+00 8.315790e-01 1.126316e+00 1.64635584e-01
3.589744e+00 8.315790e-01 1.331579e+00 1.37518212e-01
3.589744e+00 8.315790e-01 1.536842e+00 1.13047346e-01
3.589744e+00 8.315790e-01 1.742105e+00 9.17582959e-02
3.589744e+00 8.315790e-01 1.947368e+00 7.37447962e-02
3.589744e+00 8.315790e-01 2.152632e+00 5.88245764e-02
3.589744e+00 8.315790e-01 2.357895e+00 4.66669202e-02
3.589744e+00 8.315790e-01 2.563158e+00 3.68822776e-02
3.589744e+00 8.315790e-01 2.768421e+00 2.90804803e-02
3.589744e+00 8.315790e-01 2.973684e+00 2.29018684e-02
3.589744e+00 8.315790e-01 3.178947e+00 1.80322565e-02
3.589744e+00 8.315790e-01 3.384211e+00 1.42064430e-02
3.589744e+00 8.315790e-01 3.589474e+00 1.12063009e-02
3.589744e+00 8.315790e-01 3.794737e+00 8.85547325e-03
3.589744e+00 8.315790e-01 4.000000e+00 7.01324176e-03
3.589744e+00 1.092105e+00 1.000000e-01 1.73232539e+04
3.589744e+00 1.092105e+00 3.052632e-01 2.29862041e+01
3.589744e+00 1.092105e+00 5.105263e-01 3.08286518e-01
3.589744e+00 1.092105e+00 7.157895e-01 1.28470361e-01
3.589744e+00 1.092105e+00 9.210526e-01 1.10327236e-01
3.589744e+00 1.092105e+00 1.126316e+00 9.40026343e-02
3.589744e+00 1.092105e+00 1.331579e+00 7.85505846e-02
3.589744e+00 1.092105e+00 1.536842e+00 6.45943284e-02
3.589744e+00 1.092105e+00 1.742105e+00 5.24430014e-02
3.589744e+00 1.092105e+00 1.947368e+00 4.21556607e-02
3.589744e+00 1.092105e+00 2.152632e+00 3.36310528e-02
3.589744e+00 1.092105e+00 2.357895e+00 2.66824551e-02
3.589744e+00 1.092105e+00 2.563158e+00 2.10889746e-02
3.589744e+00 1.092105e+00 2.768421e+00 1.66280717e-02
3.589744e+00 1.092105e+00 2.973684e+00 1.30949970e-02
3.589744e+00 1.092105e+00 3.178947e+00 1.03102112e-02
3.589744e+00 1.092105e+00 3.384211e+00 8.12234171e-03
3.589744e+00 1.092105e+00 3.589474e+00 6.40662294e-03
3.589744e+00 1.092105e+00 3.794737e+00 5.06226905e-03
3.589744e+00 1.092105e+00 4.000000e+00 4.00883052e-03
3.589744e+00 1.352632e+00 1.000000e-01 1.25986318e+04
3.589744e+00 1.352632e+00 3.052632e-01 1.66908092e+01
3.589744e+00 1.352632e+00 5.105263e-01 1.99855670e-01
3.589744e+00 1.352632e+00 7.157895e-01 7.15980679e-02
3.589744e+00 1.352632e+00 9.210526e-01 6.12040311e-02
3.589744e+00 1.352632e+00 1.126316e+00 5.21623865e-02
3.589744e+00 1.352632e+00 1.331579e+00 4.36020344e-02
3.589744e+00 1.352632e+00 1.536842e+00 3.58645841e-02
3.589744e+00 1.352632e+00 1.742105e+00 2.91238874e-02
3.589744e+00 1.352632e+00 1.947368e+00 2.34144125e-02
3.589744e+00 1.352632e+00 2.152632e+00 1.86815765e-02
3.589744e+00 1.352632e+00 2.357895e+00 1.48227531e-02
3.589744e+00 1.352632e+00 2.563158e+00 1.17157763e-02
3.589744e+00 1.352632e+00 2.768421e+00 9.23766010e-03
3.589744e+00 1.352632e+00 2.973684e+00 7.27477437e-03
3.589744e+00 1.352632e+00 3.178947e+00 5.72756119e-03
3.589744e+00 1.352632e+00 3.384211e+00 4.51192958e-03
3.589744e+00 1.352632e+00 3.589474e+00 3.55866738e-03
3.589744e+00 1.352632e+00 3.794737e+00 2.81174760e-03
3.589744e+00 1.352632e+00 4.000000e+00 2.22647865e-03
3.589744e+00 1.613158e+00 1.000000e-01 8.56130762e+03
3.589744e+00 1.613158e+00 3.052632e-01 1.13298578e+01
3.589744e+00 1.613158e+00 5.105263e-01 1.24466650e-01
3.589744e+00 1.613158e+00 7.157895e-01 3.84768620e-02
3.589744e+00 1.613158e+00 9.210526e-01 3.27145718e-02
3.589744e+00 1.613158e+00 1.126316e+00 2.78870054e-02
3.589744e+00 1.613158e+00 1.331579e+00 2.33165715e-02
3.589744e+00 1.613158e+00 1.536842e+00 1.91830005e-02
3.589744e+00 1.613158e+00 1.742105e+00 1.55801689e-02
3.589744e+00 1.613158e+00 1.947368e+00 1.25273718e-02
3.589744e+00 1.613158e+00 2.152632e+00 9.99606494e-03
3.589744e+00 1.613158e+00 2.357895e+00 7.93169066e-03
3.589744e+00 1.613158e+00 2.563158e+00 6.26933761e-03
3.589744e+00 1.613158e+00 2.768421e+00 4.94326698e-03
3.589744e+00 1.613158e+00 2.973684e+00 3.89283826e-03
3.589744e+00 1.613158e+00 3.178947e+00 3.06481309e-03
3.589744e+00 1.613158e+00 3.384211e+00 2.41424167e-03
3.589744e+00 1.613158e+00 3.589474e+00 1.90408132e-03
3.589744e+00 1.613158e+00 3.794737e+00 1.50435907e-03
3.589744e+00 1.613158e+00 4.000000e+00 1.19115226e-03
3.589744e+00 1.873684e+00 1.000000e-01 5.43600488e+03
3.589744e+00 1.873684e+00 3.052632e-01 7.18835640e+00
3.589744e+00 1.873684e+00 5.105263e-01 7.39128292e-02
3.589744e+00 1.873684e+00 7.157895e-01 1.98380630e-02
3.589744e+00 1.873684e+00 9.210526e-01 1.67645663e-02
3.589744e+00 1.873684e+00 1.126316e+00 1.42924897e-02
3.589744e+00 1.873684e+00 1.331579e+00 1.19526563e-02
3.589744e+00 1.873684e+00 1.536842e+00 9.83543880e-03
3.589744e+00 1.873684e+00 1.742105e+00 7.98931345e-03
3.589744e+00 1.873684e+00 1.947368e+00 6.42453413e-03
3.589744e+00 1.873684e+00 2.152632e+00 5.12674591e-03
3.589744e+00 1.873684e+00 2.357895e+00 4.06817161e-03
3.589744e+00 1.873684e+00 2.563158e+00 3.21560865e-03
3.589744e+00 1.873684e+00 2.768421e+00 2.53547053e-03
3.589744e+00 1.873684e+00 2.973684e+00 1.99665735e-03
3.589744e+00 1.873684e+00 3.178947e+00 1.57192757e-03
3.589744e+00 1.873684e+00 3.384211e+00 1.23820989e-03
3.589744e+00 1.873684e+00 3.589474e+00 9.76520241e-04
3.589744e+00 1.873684e+00 3.794737e+00 7.71482533e-04
3.589744e+00 1.873684e+00 4.000000e+00 6.10832009e-04
3.589744e+00 2.134211e+00 1.000000e-01 3.22509351e+03
3.589744e+00 2.134211e+00 3.052632e-01 4.26233530e+00
3.589744e+00 2.134211e+00 5.105263e-01 4.16377299e-02
3.589744e+00 2.134211e+00 7.157895e-01 9.78233106e-03
3.589744e+00 2.134211e+00 9.210526e-01 8.21151864e-03
3.589744e+00 2.134211e+00 1.126316e+00 7.00117880e-03
3.589744e+00 2.134211e+00 1.331579e+00 5.85605111e-03
3.589744e+00 2.134211e+00 1.536842e+00 4.81945742e-03
3.589744e+00 2.134211e+00 1.742105e+00 3.91530199e-03
3.589744e+00 2.134211e+00 1.947368e+00 3.14872805e-03
3.589744e+00 2.134211e+00 2.152632e+00 2.51282426e-03
3.589744e+00 2.134211e+00 2.357895e+00 1.99404755e-03
3.589744e+00 2.134211e+00 2.563158e+00 1.57618569e-03
3.589744e+00 2.134211e+00 2.768421e+00 1.24280655e-03
3.589744e+00 2.134211e+00 2.973684e+00 9.78688360e-04
3.589744e+00 2.134211e+00 3.178947e+00 7.70484039e-04
3.589744e+00 2.134211e+00 3.384211e+00 6.06894144e-04
3.589744e+00 2.134211e+00 3.589474e+00 4.78613365e-04
3.589744e+00 2.134211e+00 3.794737e+00 3.78105382e-04
3.589744e+00 2.134211e+00 4.000000e+00 2.99356296e-04
3.589744e+00 2.394737e+00 1.000000e-01 1.78783667e+03
3.589744e+00 2.394737e+00 3.052632e-01 2.36184502e+00
3.589744e+00 2.394737e+00 5.105263e-01 2.21703406e-02
3.589744e+00 2.394737e+00 7.157895e-01 4.60421527e-03
3.589744e+00 2.394737e+00 9.210526e-01 3.83730698e-03
3.589744e+00 2.394737e+00 1.126316e+00 3.27179069e-03
3.589744e+00 2.394737e+00 1.331579e+00 2.73706787e-03
3.589744e+00 2.394737e+00 1.536842e+00 2.25286395e-03
3.589744e+00 2.394737e+00 1.742105e+00 1.83039834e-03
3.589744e+00 2.394737e+00 1.947368e+00 1.47213519e-03
3.589744e+00 2.394737e+00 2.152632e+00 1.17488974e-03
3.589744e+00 2.394737e+00 2.357895e+00 9.32362978e-04
3.589744e+00 2.394737e+00 2.563158e+00 7.36992748e-04
3.589744e+00 2.394737e+00 2.768421e+00 5.81111759e-04
3.589744e+00 2.394737e+00 2.973684e+00 4.57611575e-04
3.589744e+00 2.394737e+00 3.178947e+00 3.60253063e-04
3.589744e+00 2.394737e+00 3.384211e+00 2.83756293e-04
3.589744e+00 2.394737e+00 3.589474e+00 2.23770665e-04
3.589744e+00 2.394737e+00 3.794737e+00 1.76773145e-04
3.589744e+00 2.394737e+00 4.000000e+00 1.39950571e-04
3.589744e+00 2.655263e+00 1.000000e-01 9.26052917e+02
3.589744e+00 2.655263e+00 3.052632e-01 1.22298729e+00
3.589744e+00 2.655263e+00 5.105263e-01 1.11282058e-02
3.589744e+00 2.655263e+00 7.157895e-01 2.06559361e-03
3.589744e+00 2.655263e+00 9.210526e-01 1.70879997e-03
3.589744e+00 2.655263e+00 1.126316e+00 1.45696860e-03
3.589744e+00 2.655263e+00 1.331579e+00 1.21900870e-03
3.589744e+00 2.655263e+00 1.536842e+00 1.00346911e-03
3.589744e+00 2.655263e+00 1.742105e+00 8.15363659e-04
3.589744e+00 2.655263e+00 1.947368e+00 6.55815995e-04
3.589744e+00 2.655263e+00 2.152632e+00 5.23420109e-04
3.589744e+00 2.655263e+00 2.357895e+00 4.15383751e-04
3.589744e+00 2.655263e+00 2.563158e+00 3.28347785e-04
3.589744e+00 2.655263e+00 2.768421e+00 2.58899177e-04
3.589744e+00 2.655263e+00 2.973684e+00 2.03875097e-04
3.589744e+00 2.655263e+00 3.178947e+00 1.60497031e-04
3.589744e+00 2.655263e+00 3.384211e+00 1.26414045e-04
3.589744e+00 2.655263e+00 3.589474e+00 9.96876115e-05
3.589744e+00 2.655263e+00 3.794737e+00 7.87482277e-05
3.589744e+00 2.655263e+00 4.000000e+00 6.23424421e-05
3.589744e+00 2.915789e+00 1.000000e-01 4.48194885e+02
3.589744e+00 2.915789e+00 3.052632e-01 5.91764450e-01
3.589744e+00 2.915789e+00 5.105263e-01 5.25527075e-03
3.589744e+00 2.915789e+00 7.157895e-01 8.82394903e-04
3.589744e+00 2.915789e+00 9.210526e-01 7.24558253e-04
3.589744e+00 2.915789e+00 1.126316e+00 6.17760699e-04
3.589744e+00 2.915789e+00 1.331579e+00 5.16923144e-04
3.589744e+00 2.915789e+00 1.536842e+00 4.25563572e-04
3.589744e+00 2.915789e+00 1.742105e+00 3.45815817e-04
3.589744e+00 2.915789e+00 1.947368e+00 2.78163003e-04
3.589744e+00 2.915789e+00 2.152632e+00 2.22015849e-04
3.589744e+00 2.915789e+00 2.357895e+00 1.76195288e-04
3.589744e+00 2.915789e+00 2.563158e+00 1.39278010e-04
3.589744e+00 2.915789e+00 2.768421e+00 1.09819550e-04
3.589744e+00 2.915789e+00 2.973684e+00 8.64787871e-05
3.589744e+00 2.915789e+00 3.178947e+00 6.80779049e-05
3.589744e+00 2.915789e+00 3.384211e+00 5.36197476e-05
3.589744e+00 2.915789e+00 3.589474e+00 4.22824523e-05
3.589744e+00 2.915789e+00 3.794737e+00 3.34000651e-05
3.589744e+00 2.915789e+00 4.000000e+00 2.64410010e-05
3.589744e+00 3.176316e+00 1.000000e-01 2.02684479e+02
3.589744e+00 3.176316e+00 3.052632e-01 2.67560959e-01
3.589744e+00 3.176316e+00 5.105263e-01 2.33154069e-03
3.589744e+00 3.176316e+00 7.157895e-01 3.58595164e-04
3.589744e+00 3.176316e+00 9.210526e-01 2.92329642e-04
3.589744e+00 3.176316e+00 1.126316e+00 2.49231613e-04
3.589744e+00 3.176316e+00 1.331579e+00 2.08569065e-04
3.589744e+00 3.176316e+00 1.536842e+00 1.71721433e-04
3.589744e+00 3.176316e+00 1.742105e+00 1.39550932e-04
3.589744e+00 3.176316e+00 1.947368e+00 1.12255708e-04
3.589744e+00 3.176316e+00 2.152632e+00 8.95999328e-05
3.589744e+00 3.176316e+00 2.357895e+00 7.11092944e-05
3.589744e+00 3.176316e+00 2.563158e+00 5.62107307e-05
3.589744e+00 3.176316e+00 2.768421e+00 4.43216486e-05
3.589744e+00 3.176316e+00 2.973684e+00 3.49013862e-05
3.589744e+00 3.176316e+00 3.178947e+00 2.74746908e-05
3.589744e+00 3.176316e+00 3.384211e+00 2.16393491e-05
3.589744e+00 3.176316e+00 3.589474e+00 1.70635649e-05
3.589744e+00 3.176316e+00 3.794737e+00 1.34786324e-05
3.589744e+00 3.176316e+00 4.000000e+00 1.06700218e-05
3.589744e+00 3.436842e+00 1.000000e-01 8.56439667e+01
3.589744e+00 3.436842e+00 3.052632e-01 1.13041565e-01
3.589744e+00 3.436842e+00 5.105263e-01 9.70685738e-04
3.589744e+00 3.436842e+00 7.157895e-01 1.38493982e-04
3.589744e+00 3.436842e+00 9.210526e-01 1.12139605e-04
3.589744e+00 3.436842e+00 1.126316e+00 9.56022850e-05
3.589744e+00 3.436842e+00 1.331579e+00 8.00112102e-05
3.589744e+00 3.436842e+00 1.536842e+00 6.58803110e-05
3.589744e+00 3.436842e+00 1.742105e+00 5.35412510e-05
3.589744e+00 3.436842e+00 1.947368e+00 4.30707187e-05
3.589744e+00 3.436842e+00 2.152632e+00 3.43790489e-05
3.589744e+00 3.436842e+00 2.357895e+00 2.72847337e-05
3.589744e+00 3.436842e+00 2.563158e+00 2.15682921e-05
3.589744e+00 3.436842e+00 2.768421e+00 1.70063886e-05
3.589744e+00 3.436842e+00 2.973684e+00 1.33917092e-05
3.589744e+00 3.436842e+00 3.178947e+00 1.05419449e-05
3.589744e+00 3.436842e+00 3.384211e+00 8.30282988e-06
3.589744e+00 3.436842e+00 3.589474e+00 6.54700762e-06
3.589744e+00 3.436842e+00 3.794737e+00 5.17142280e-06
3.589744e+00 3.436842e+00 4.000000e+00 4.09373024e-06
3.589744e+00 3.697368e+00 1.000000e-01 3.38139610e+01
3.589744e+00 3.697368e+00 3.052632e-01 4.46263254e-02
3.589744e+00 3.697368e+00 5.105263e-01 3.78897093e-04
3.589744e+00 3.697368e+00 7.157895e-01 5.07724326e-05
3.589744e+00 3.697368e+00 9.210526e-01 4.08605592e-05
3.589744e+00 3.697368e+00 1.126316e+00 3.48330577e-05
3.589744e+00 3.697368e+00 1.331579e+00 2.91543602e-05
3.589744e+00 3.697368e+00 1.536842e+00 2.40068293e-05
3.589744e+00 3.697368e+00 1.742105e+00 1.95113480e-05
3.589744e+00 3.697368e+00 1.947368e+00 1.56962633e-05
3.589744e+00 3.697368e+00 2.152632e+00 1.25290680e-05
3.589744e+00 3.697368e+00 2.357895e+00 9.94376023e-06
3.589744e+00 3.697368e+00 2.563158e+00 7.86049804e-06
3.589744e+00 3.697368e+00 2.768421e+00 6.19792991e-06
3.589744e+00 3.697368e+00 2.973684e+00 4.88054275e-06
3.589744e+00 3.697368e+00 3.178947e+00 3.84191571e-06
3.589744e+00 3.697368e+00 3.384211e+00 3.02584681e-06
3.589744e+00 3.697368e+00 3.589474e+00 2.38592452e-06
3.589744e+00 3.697368e+00 3.794737e+00 1.88458671e-06
3.589744e+00 3.697368e+00 4.000000e+00 1.49182165e-06
3.589744e+00 3.957895e+00 1.000000e-01 1.24743490e+01
3.589744e+00 3.957895e+00 3.052632e-01 1.64618287e-02
3.589744e+00 3.957895e+00 5.105263e-01 1.38569259e-04
3.589744e+00 3.957895e+00 7.157895e-01 1.76431840e-05
3.589744e+00 3.957895e+00 9.210526e-01 1.41238215e-05
3.589744e+00 3.957895e+00 1.126316e+00 1.20398054e-05
3.589744e+00 3.957895e+00 1.331579e+00 1.00775842e-05
3.589744e+00 3.957895e+00 1.536842e+00 8.29866622e-06
3.589744e+00 3.957895e+00 1.742105e+00 6.74493958e-06
3.589744e+00 3.957895e+00 1.947368e+00 5.42624684e-06
3.589744e+00 3.957895e+00 2.152632e+00 4.33142259e-06
3.589744e+00 3.957895e+00 2.357895e+00 3.43770125e-06
3.589744e+00 3.957895e+00 2.563158e+00 2.71749650e-06
3.589744e+00 3.957895e+00 2.768421e+00 2.14271904e-06
3.589744e+00 3.957895e+00 2.973684e+00 1.68727013e-06
3.589744e+00 3.957895e+00 3.178947e+00 1.32819525e-06
3.589744e+00 3.957895e+00 3.384211e+00 1.04605704e-06
3.589744e+00 3.957895e+00 3.589474e+00 8.24819949e-07
3.589744e+00 3.957895e+00 3.794737e+00 6.51495668e-07
3.589744e+00 3.957895e+00 4.000000e+00 5.15709701e-07
3.589744e+00 4.218421e+00 1.000000e-01 4.29994345e+00
3.589744e+00 4.218421e+00 3.052632e-01 5.67409676e-03
3.589744e+00 4.218421e+00 5.105263e-01 4.74538683e-05
3.589744e+00 4.218421e+00 7.157895e-01 5.80190181e-06
3.589744e+00 4.218421e+00 9.210526e-01 4.62405387e-06
3.589744e+00 4.218421e+00 1.126316e+00 3.94159406e-06
3.589744e+00 4.218421e+00 1.331579e+00 3.29934801e-06
3.589744e+00 4.218421e+00 1.536842e+00 2.71705335e-06
3.589744e+00 4.218421e+00 1.742105e+00 2.20841912e-06
3.589744e+00 4.218421e+00 1.947368e+00 1.77669813e-06
3.589744e+00 4.218421e+00 2.152632e+00 1.41824410e-06
3.589744e+00 4.218421e+00 2.357895e+00 1.12562191e-06
3.589744e+00 4.218421e+00 2.563158e+00 8.89806586e-07
3.589744e+00 4.218421e+00 2.768421e+00 7.01604108e-07
3.589744e+00 4.218421e+00 2.973684e+00 5.52470738e-07
3.589744e+00 4.218421e+00 3.178947e+00 4.34894048e-07
3.589744e+00 4.218421e+00 3.384211e+00 3.42510162e-07
3.589744e+00 4.218421e+00 3.589474e+00 2.70067574e-07
3.589744e+00 4.218421e+00 3.794737e+00 2.13314138e-07
3.589744e+00 4.218421e+00 4.000000e+00 1.68852296e-07
3.589744e+00 4.478947e+00 1.000000e-01 1.38493812e+00
3.589744e+00 4.478947e+00 3.052632e-01 1.82744919e-03
3.589744e+00 4.478947e+00 5.105263e-01 1.52102130e-05
3.589744e+00 4.478947e+00 7.157895e-01 1.80232485e-06
3.589744e+00 4.478947e+00 9.210526e-01 1.43133377e-06
3.589744e+00 4.478947e+00 1.126316e+00 1.22004042e-06
3.589744e+00 4.478947e+00 1.331579e+00 1.02128536e-06
3.589744e+00 4.478947e+00 1.536842e+00 8.41064661e-07
3.589744e+00 4.478947e+00 1.742105e+00 6.83635051e-07
3.589744e+00 4.478947e+00 1.947368e+00 5.50001175e-07
3.589744e+00 4.478947e+00 2.152632e+00 4.39042481e-07
3.589744e+00 4.478947e+00 2.357895e+00 3.48459650e-07
3.589744e+00 4.478947e+00 2.563158e+00 2.75458774e-07
3.589744e+00 4.478947e+00 2.768421e+00 2.17196316e-07
3.589744e+00 4.478947e+00 2.973684e+00 1.71028731e-07
3.589744e+00 4.478947e+00 3.178947e+00 1.34629616e-07
3.589744e+00 4.478947e+00 3.384211e+00 1.06029532e-07
3.589744e+00 4.478947e+00 3.589474e+00 8.36030267e-08
3.589744e+00 4.478947e+00 3.794737e+00 6.60336852e-08
3.589744e+00 4.478947e+00 4.000000e+00 5.22694990e-08
3.589744e+00 4.739474e+00 1.000000e-01 4.16792661e-01
3.589744e+00 4.739474e+00 3.052632e-01 5.49947086e-04
3.589744e+00 4.739474e+00 5.105263e-01 4.56134831e-06
3.589744e+00 4.739474e+00 7.157895e-01 5.27922907e-07
3.589744e+00 4.739474e+00 9.210526e-01 4.18100370e-07
3.589744e+00 4.739474e+00 1.126316e+00 3.56371032e-07
3.589744e+00 4.739474e+00 1.331579e+00 2.98323187e-07
3.589744e+00 4.739474e+00 1.536842e+00 2.45686238e-07
3.589744e+00 4.739474e+00 1.742105e+00 1.99702413e-07
3.589744e+00 4.739474e+00 1.947368e+00 1.60667753e-07
3.589744e+00 4.739474e+00 2.152632e+00 1.28255564e-07
3.589744e+00 4.739474e+00 2.357895e+00 1.01794448e-07
3.589744e+00 4.739474e+00 2.563158e+00 8.04690927e-08
3.589744e+00 4.739474e+00 2.768421e+00 6.34490860e-08
3.589744e+00 4.739474e+00 2.973684e+00 4.99621180e-08
3.589744e+00 4.739474e+00 3.178947e+00 3.93287714e-08
3.589744e+00 4.739474e+00 3.384211e+00 3.09737693e-08
3.589744e+00 4.739474e+00 3.589474e+00 2.44223042e-08
3.589744e+00 4.739474e+00 3.794737e+00 1.92897573e-08
3.589744e+00 4.739474e+00 4.000000e+00 1.52688351e-08
3.589744e+00 5.000000e+00 1.000000e-01 1.17201507e-01
3.589744e+00 5.000000e+00 3.052632e-01 1.54640802e-04
3.589744e+00 5.000000e+00 5.105263e-01 1.27941837e-06
3.589744e+00 5.000000e+00 7.157895e-01 1.45551823e-07
3.589744e+00 5.000000e+00 9.210526e-01 1.15035164e-07
3.589744e+00 5.000000e+00 1.126316e+00 9.80490711e-08
3.589744e+00 5.000000e+00 1.331579e+00 8.20798505e-08
3.589744e+00 5.000000e+00 1.536842e+00 6.75986271e-08
3.589744e+00 5.000000e+00 1.742105e+00 5.49472894e-08
3.589744e+00 5.000000e+00 1.947368e+00 4.42075887e-08
3.589744e+00 5.000000e+00 2.152632e+00 3.52896556e-08
3.589744e+00 5.000000e+00 2.357895e+00 2.80089534e-08
3.589744e+00 5.000000e+00 2.563158e+00 2.21413110e-08
3.589744e+00 5.000000e+00 2.768421e+00 1.74582109e-08
3.589744e+00 5.000000e+00 2.973684e+00 1.37471670e-08
3.589744e+00 5.000000e+00 3.178947e+00 1.08213527e-08
3.589744e+00 5.000000e+00 3.384211e+00 8.52244142e-09
3.589744e+00 5.000000e+00 3.589474e+00 6.71976697e-09
3.589744e+00 5.000000e+00 3.794737e+00 5.30751842e-09
3.589744e+00 5.000000e+00 4.000000e+00 4.20115231e-09
3.846154e+00 5.000000e-02 1.000000e-01 3.18346328e+04
3.846154e+00 5.000000e-02 3.052632e-01 4.83872566e+01
3.846154e+00 5.000000e-02 5.105263e-01 1.53385818e+00
3.846154e+00 5.000000e-02 7.157895e-01 1.01919746e+00
3.846154e+00 5.000000e-02 9.210526e-01 9.01289642e-01
3.846154e+00 5.000000e-02 1.126316e+00 7.84647822e-01
3.846154e+00 5.000000e-02 1.331579e+00 6.70710504e-01
3.846154e+00 5.000000e-02 1.536842e+00 5.64540744e-01
3.846154e+00 5.000000e-02 1.742105e+00 4.69185203e-01
3.846154e+00 5.000000e-02 1.947368e+00 3.85959774e-01
3.846154e+00 5.000000e-02 2.152632e+00 3.14923286e-01
3.846154e+00 5.000000e-02 2.357895e+00 2.55348712e-01
3.846154e+00 5.000000e-02 2.563158e+00 2.06070945e-01
3.846154e+00 5.000000e-02 2.768421e+00 1.65744752e-01
3.846154e+00 5.000000e-02 2.973684e+00 1.33014381e-01
3.846154e+00 5.000000e-02 3.178947e+00 1.06615387e-01
3.846154e+00 5.000000e-02 3.384211e+00 8.54200199e-02
3.846154e+00 5.000000e-02 3.589474e+00 6.84551075e-02
3.846154e+00 5.000000e-02 3.794737e+00 5.49050383e-02
3.846154e+00 5.000000e-02 4.000000e+00 4.40940708e-02
3.846154e+00 3.105263e-01 1.000000e-01 3.03735059e+04
3.846154e+00 3.105263e-01 3.052632e-01 4.55596809e+01
3.846154e+00 3.105263e-01 5.105263e-01 8.93743992e-01
3.846154e+00 3.105263e-01 7.157895e-01 4.53097671e-01
3.846154e+00 3.105263e-01 9.210526e-01 3.98231059e-01
3.846154e+00 3.105263e-01 1.126316e+00 3.46960396e-01
3.846154e+00 3.105263e-01 1.331579e+00 2.96822041e-01
3.846154e+00 3.105263e-01 1.536842e+00 2.50014901e-01
3.846154e+00 3.105263e-01 1.742105e+00 2.07907468e-01
3.846154e+00 3.105263e-01 1.947368e+00 1.71108052e-01
3.846154e+00 3.105263e-01 2.152632e+00 1.39664739e-01
3.846154e+00 3.105263e-01 2.357895e+00 1.13273837e-01
3.846154e+00 3.105263e-01 2.563158e+00 9.14306045e-02
3.846154e+00 3.105263e-01 2.768421e+00 7.35461563e-02
3.846154e+00 3.105263e-01 2.973684e+00 5.90261854e-02
3.846154e+00 3.105263e-01 3.178947e+00 4.73116711e-02
3.846154e+00 3.105263e-01 3.384211e+00 3.79045680e-02
3.846154e+00 3.105263e-01 3.589474e+00 3.03746387e-02
3.846154e+00 3.105263e-01 3.794737e+00 2.43601482e-02
3.846154e+00 3.105263e-01 4.000000e+00 1.95614919e-02
3.846154e+00 5.710526e-01 1.000000e-01 2.70781211e+04
3.846154e+00 5.710526e-01 3.052632e-01 4.04422188e+01
3.846154e+00 5.710526e-01 5.105263e-01 6.32944942e-01
3.846154e+00 5.710526e-01 7.157895e-01 2.54491150e-01
3.846154e+00 5.710526e-01 9.210526e-01 2.22066745e-01
3.846154e+00 5.710526e-01 1.126316e+00 1.93567500e-01
3.846154e+00 5.710526e-01 1.331579e+00 1.65690705e-01
3.846154e+00 5.710526e-01 1.536842e+00 1.39630407e-01
3.846154e+00 5.710526e-01 1.742105e+00 1.16162017e-01
3.846154e+00 5.710526e-01 1.947368e+00 9.56317484e-02
3.846154e+00 5.710526e-01 2.152632e+00 7.80783370e-02
3.846154e+00 5.710526e-01 2.357895e+00 6.33362830e-02
3.846154e+00 5.710526e-01 2.563158e+00 5.11291847e-02
3.846154e+00 5.710526e-01 2.768421e+00 4.11312617e-02
3.846154e+00 5.710526e-01 2.973684e+00 3.30121964e-02
3.846154e+00 5.710526e-01 3.178947e+00 2.64606252e-02
3.846154e+00 5.710526e-01 3.384211e+00 2.11987216e-02
3.846154e+00 5.710526e-01 3.589474e+00 1.69867259e-02
3.846154e+00 5.710526e-01 3.794737e+00 1.36222187e-02
3.846154e+00 5.710526e-01 4.000000e+00 1.09379841e-02
3.846154e+00 8.315790e-01 1.000000e-01 2.25562188e+04
3.846154e+00 8.315790e-01 3.052632e-01 3.36139107e+01
3.846154e+00 8.315790e-01 5.105263e-01 4.57199365e-01
3.846154e+00 8.315790e-01 7.157895e-01 1.48052648e-01
3.846154e+00 8.315790e-01 9.210526e-01 1.28060594e-01
3.846154e+00 8.315790e-01 1.126316e+00 1.11655764e-01
3.846154e+00 8.315790e-01 1.331579e+00 9.56166759e-02
3.846154e+00 8.315790e-01 1.536842e+00 8.06084946e-02
3.846154e+00 8.315790e-01 1.742105e+00 6.70810789e-02
3.846154e+00 8.315790e-01 1.947368e+00 5.52391969e-02
3.846154e+00 8.315790e-01 2.152632e+00 4.51083928e-02
3.846154e+00 8.315790e-01 2.357895e+00 3.65967155e-02
3.846154e+00 8.315790e-01 2.563158e+00 2.95459721e-02
3.846154e+00 8.315790e-01 2.768421e+00 2.37699952e-02
3.846154e+00 8.315790e-01 2.973684e+00 1.90783869e-02
3.846154e+00 8.315790e-01 3.178947e+00 1.52921146e-02
3.846154e+00 8.315790e-01 3.384211e+00 1.22509301e-02
3.846154e+00 8.315790e-01 3.589474e+00 9.81639326e-03
3.846154e+00 8.315790e-01 3.794737e+00 7.87171070e-03
3.846154e+00 8.315790e-01 4.000000e+00 6.32017292e-03
3.846154e+00 1.092105e+00 1.000000e-01 1.75564727e+04
3.846154e+00 1.092105e+00 3.052632e-01 2.61281967e+01
3.846154e+00 1.092105e+00 5.105263e-01 3.23119402e-01
3.846154e+00 1.092105e+00 7.157895e-01 8.53369907e-02
3.846154e+00 1.092105e+00 9.210526e-01 7.30416700e-02
3.846154e+00 1.092105e+00 1.126316e+00 6.36932179e-02
3.846154e+00 1.092105e+00 1.331579e+00 5.45622930e-02
3.846154e+00 1.092105e+00 1.536842e+00 4.60116081e-02
3.846154e+00 1.092105e+00 1.742105e+00 3.82995047e-02
3.846154e+00 1.092105e+00 1.947368e+00 3.15447301e-02
3.846154e+00 1.092105e+00 2.152632e+00 2.57633701e-02
3.846154e+00 1.092105e+00 2.357895e+00 2.09042765e-02
3.846154e+00 1.092105e+00 2.563158e+00 1.68782175e-02
3.846154e+00 1.092105e+00 2.768421e+00 1.35792904e-02
3.846154e+00 1.092105e+00 2.973684e+00 1.08992895e-02
3.846154e+00 1.092105e+00 3.178947e+00 8.73621460e-03
3.846154e+00 1.092105e+00 3.384211e+00 6.99871825e-03
3.846154e+00 1.092105e+00 3.589474e+00 5.60772233e-03
3.846154e+00 1.092105e+00 3.794737e+00 4.49659396e-03
3.846154e+00 1.092105e+00 4.000000e+00 3.61013063e-03
3.846154e+00 1.352632e+00 1.000000e-01 1.27682451e+04
3.846154e+00 1.352632e+00 3.052632e-01 1.89855671e+01
3.846154e+00 1.352632e+00 5.105263e-01 2.19493076e-01
3.846154e+00 1.352632e+00 7.157895e-01 4.79006469e-02
3.846154e+00 1.352632e+00 9.210526e-01 4.04995866e-02
3.846154e+00 1.352632e+00 1.126316e+00 3.53162140e-02
3.846154e+00 1.352632e+00 1.331579e+00 3.02614905e-02
3.846154e+00 1.352632e+00 1.536842e+00 2.55251843e-02
3.846154e+00 1.352632e+00 1.742105e+00 2.12510414e-02
3.846154e+00 1.352632e+00 1.947368e+00 1.75058953e-02
3.846154e+00 1.352632e+00 2.152632e+00 1.42992977e-02
3.846154e+00 1.352632e+00 2.357895e+00 1.16034225e-02
3.846154e+00 1.352632e+00 2.563158e+00 9.36923362e-03
3.846154e+00 1.352632e+00 2.768421e+00 7.53825158e-03
3.846154e+00 1.352632e+00 2.973684e+00 6.05060160e-03
3.846154e+00 1.352632e+00 3.178947e+00 4.84980596e-03
3.846154e+00 1.352632e+00 3.384211e+00 3.88517953e-03
3.846154e+00 1.352632e+00 3.589474e+00 3.11291358e-03
3.846154e+00 1.352632e+00 3.794737e+00 2.49602878e-03
3.846154e+00 1.352632e+00 4.000000e+00 2.00386927e-03
3.846154e+00 1.613158e+00 1.000000e-01 8.67656934e+03
3.846154e+00 1.613158e+00 3.052632e-01 1.28937359e+01
3.846154e+00 1.613158e+00 5.105263e-01 1.41936228e-01
3.846154e+00 1.613158e+00 7.157895e-01 2.59534698e-02
3.846154e+00 1.613158e+00 9.210526e-01 2.16395464e-02
3.846154e+00 1.613158e+00 1.126316e+00 1.88682806e-02
3.846154e+00 1.613158e+00 1.331579e+00 1.61711723e-02
3.846154e+00 1.613158e+00 1.536842e+00 1.36428569e-02
3.846154e+00 1.613158e+00 1.742105e+00 1.13602662e-02
3.846154e+00 1.613158e+00 1.947368e+00 9.35941562e-03
3.846154e+00 1.613158e+00 2.152632e+00 7.64580164e-03
3.846154e+00 1.613158e+00 2.357895e+00 6.20478531e-03
3.846154e+00 1.613158e+00 2.563158e+00 5.01033198e-03
3.846154e+00 1.613158e+00 2.768421e+00 4.03129961e-03
3.846154e+00 1.613158e+00 2.973684e+00 3.23578762e-03
3.846154e+00 1.613158e+00 3.178947e+00 2.59360019e-03
3.846154e+00 1.613158e+00 3.384211e+00 2.07771314e-03
3.846154e+00 1.613158e+00 3.589474e+00 1.66468660e-03
3.846154e+00 1.613158e+00 3.794737e+00 1.33475289e-03
3.846154e+00 1.613158e+00 4.000000e+00 1.07152923e-03
3.846154e+00 1.873684e+00 1.000000e-01 5.50918896e+03
3.846154e+00 1.873684e+00 3.052632e-01 8.18335438e+00
3.846154e+00 1.873684e+00 5.105263e-01 8.68668705e-02
3.846154e+00 1.873684e+00 7.157895e-01 1.35034751e-02
3.846154e+00 1.873684e+00 9.210526e-01 1.10862395e-02
3.846154e+00 1.873684e+00 1.126316e+00 9.66480933e-03
3.846154e+00 1.873684e+00 1.331579e+00 8.28475319e-03
3.846154e+00 1.873684e+00 1.536842e+00 6.99059153e-03
3.846154e+00 1.873684e+00 1.742105e+00 5.82177471e-03
3.846154e+00 1.873684e+00 1.947368e+00 4.79692267e-03
3.846154e+00 1.873684e+00 2.152632e+00 3.91899189e-03
3.846154e+00 1.873684e+00 2.357895e+00 3.18056461e-03
3.846154e+00 1.873684e+00 2.563158e+00 2.56840233e-03
3.846154e+00 1.873684e+00 2.768421e+00 2.06658966e-03
3.846154e+00 1.873684e+00 2.973684e+00 1.65878923e-03
3.846154e+00 1.873684e+00 3.178947e+00 1.32958009e-03
3.846154e+00 1.873684e+00 3.384211e+00 1.06510380e-03
3.846154e+00 1.873684e+00 3.589474e+00 8.53353180e-04
3.846154e+00 1.873684e+00 3.794737e+00 6.84203987e-04
3.846154e+00 1.873684e+00 4.000000e+00 5.49256860e-04
3.846154e+00 2.134211e+00 1.000000e-01 3.26851074e+03
3.846154e+00 2.134211e+00 3.052632e-01 4.85351515e+00
3.846154e+00 2.134211e+00 5.105263e-01 5.01288287e-02
3.846154e+00 2.134211e+00 7.157895e-01 6.72444887e-03
3.846154e+00 2.134211e+00 9.210526e-01 5.42922411e-03
3.846154e+00 2.134211e+00 1.126316e+00 4.73195734e-03
3.846154e+00 2.134211e+00 1.331579e+00 4.05685604e-03
3.846154e+00 2.134211e+00 1.536842e+00 3.42360651e-03
3.846154e+00 2.134211e+00 1.742105e+00 2.85151647e-03
3.846154e+00 2.134211e+00 1.947368e+00 2.34975992e-03
3.846154e+00 2.134211e+00 2.152632e+00 1.91984745e-03
3.846154e+00 2.134211e+00 2.357895e+00 1.55818835e-03
3.846154e+00 2.134211e+00 2.563158e+00 1.25832926e-03
3.846154e+00 2.134211e+00 2.768421e+00 1.01249630e-03
3.846154e+00 2.134211e+00 2.973684e+00 8.12710088e-04
3.846154e+00 2.134211e+00 3.178947e+00 6.51414681e-04
3.846154e+00 2.134211e+00 3.384211e+00 5.21830050e-04
3.846154e+00 2.134211e+00 3.589474e+00 4.18079784e-04
3.846154e+00 2.134211e+00 3.794737e+00 3.35201737e-04
3.846154e+00 2.134211e+00 4.000000e+00 2.69081094e-04
3.846154e+00 2.394737e+00 1.000000e-01 1.81190466e+03
3.846154e+00 2.394737e+00 3.052632e-01 2.68991828e+00
3.846154e+00 2.394737e+00 5.105263e-01 2.72092596e-02
3.846154e+00 2.394737e+00 7.157895e-01 3.19775962e-03
3.846154e+00 2.394737e+00 9.210526e-01 2.53685308e-03
3.846154e+00 2.394737e+00 1.126316e+00 2.21038423e-03
3.846154e+00 2.394737e+00 1.331579e+00 1.89526449e-03
3.846154e+00 2.394737e+00 1.536842e+00 1.59961346e-03
3.846154e+00 2.394737e+00 1.742105e+00 1.33244798e-03
3.846154e+00 2.394737e+00 1.947368e+00 1.09807623e-03
3.846154e+00 2.394737e+00 2.152632e+00 8.97226157e-04
3.846154e+00 2.394737e+00 2.357895e+00 7.28242449e-04
3.846154e+00 2.394737e+00 2.563158e+00 5.88115421e-04
3.846154e+00 2.394737e+00 2.768421e+00 4.73226770e-04
3.846154e+00 2.394737e+00 2.973684e+00 3.79851961e-04
3.846154e+00 2.394737e+00 3.178947e+00 3.04463465e-04
3.846154e+00 2.394737e+00 3.384211e+00 2.43894989e-04
3.846154e+00 2.394737e+00 3.589474e+00 1.95400702e-04
3.846154e+00 2.394737e+00 3.794737e+00 1.56662005e-04
3.846154e+00 2.394737e+00 4.000000e+00 1.25756240e-04
3.846154e+00 2.655263e+00 1.000000e-01 9.38519104e+02
3.846154e+00 2.655263e+00 3.052632e-01 1.39305770e+00
3.846154e+00 2.655263e+00 5.105263e-01 1.38676586e-02
3.846154e+00 2.655263e+00 7.157895e-01 1.44973386e-03
3.846154e+00 2.655263e+00 9.210526e-01 1.12963538e-03
3.846154e+00 2.655263e+00 1.126316e+00 9.83934267e-04
3.846154e+00 2.655263e+00 1.331579e+00 8.43746297e-04
3.846154e+00 2.655263e+00 1.536842e+00 7.12199835e-04
3.846154e+00 2.655263e+00 1.742105e+00 5.93299395e-04
3.846154e+00 2.655263e+00 1.947368e+00 4.88975376e-04
3.846154e+00 2.655263e+00 2.152632e+00 3.99558019e-04
3.846154e+00 2.655263e+00 2.357895e+00 3.24317312e-04
3.846154e+00 2.655263e+00 2.563158e+00 2.61919718e-04
3.846154e+00 2.655263e+00 2.768421e+00 2.10757164e-04
3.846154e+00 2.655263e+00 2.973684e+00 1.69172403e-04
3.846154e+00 2.655263e+00 3.178947e+00 1.35596856e-04
3.846154e+00 2.655263e+00 3.384211e+00 1.08620865e-04
3.846154e+00 2.655263e+00 3.589474e+00 8.70223230e-05
3.846154e+00 2.655263e+00 3.794737e+00 6.97685682e-05
3.846154e+00 2.655263e+00 4.000000e+00 5.60036679e-05
3.846154e+00 2.915789e+00 1.000000e-01 4.54228271e+02
3.846154e+00 2.915789e+00 3.052632e-01 6.74125314e-01
3.846154e+00 2.915789e+00 5.105263e-01 6.62868237e-03
3.846154e+00 2.915789e+00 7.157895e-01 6.25744113e-04
3.846154e+00 2.915789e+00 9.210526e-01 4.78980946e-04
3.846154e+00 2.915789e+00 1.126316e+00 4.17051255e-04
3.846154e+00 2.915789e+00 1.331579e+00 3.57663026e-04
3.846154e+00 2.915789e+00 1.536842e+00 3.01926484e-04
3.846154e+00 2.915789e+00 1.742105e+00 2.51539197e-04
3.846154e+00 2.915789e+00 1.947368e+00 2.07322024e-04
3.846154e+00 2.915789e+00 2.152632e+00 1.69417472e-04
3.846154e+00 2.915789e+00 2.357895e+00 1.37519266e-04
3.846154e+00 2.915789e+00 2.563158e+00 1.11063549e-04
3.846154e+00 2.915789e+00 2.768421e+00 8.93697870e-05
3.846154e+00 2.915789e+00 2.973684e+00 7.17364965e-05
3.846154e+00 2.915789e+00 3.178947e+00 5.74988735e-05
3.846154e+00 2.915789e+00 3.384211e+00 4.60595293e-05
3.846154e+00 2.915789e+00 3.589474e+00 3.69004010e-05
3.846154e+00 2.915789e+00 3.794737e+00 2.95837799e-05
3.846154e+00 2.915789e+00 4.000000e+00 2.37465938e-05
3.846154e+00 3.176316e+00 1.000000e-01 2.05412781e+02
3.846154e+00 3.176316e+00 3.052632e-01 3.04823309e-01
3.846154e+00 3.176316e+00 5.105263e-01 2.96902470e-03
3.846154e+00 3.176316e+00 7.157895e-01 2.56813946e-04
3.846154e+00 3.176316e+00 9.210526e-01 1.93253669e-04
3.846154e+00 3.176316e+00 1.126316e+00 1.68206054e-04
3.846154e+00 3.176316e+00 1.331579e+00 1.44264428e-04
3.846154e+00 3.176316e+00 1.536842e+00 1.21792218e-04
3.846154e+00 3.176316e+00 1.742105e+00 1.01473415e-04
3.846154e+00 3.176316e+00 1.947368e+00 8.36399122e-05
3.846154e+00 3.176316e+00 2.152632e+00 6.83509497e-05
3.846154e+00 3.176316e+00 2.357895e+00 5.54833168e-05
3.846154e+00 3.176316e+00 2.563158e+00 4.48104438e-05
3.846154e+00 3.176316e+00 2.768421e+00 3.60581580e-05
3.846154e+00 3.176316e+00 2.973684e+00 2.89437339e-05
3.846154e+00 3.176316e+00 3.178947e+00 2.31991598e-05
3.846154e+00 3.176316e+00 3.384211e+00 1.85836179e-05
3.846154e+00 3.176316e+00 3.589474e+00 1.48880144e-05
3.846154e+00 3.176316e+00 3.794737e+00 1.19358456e-05
3.846154e+00 3.176316e+00 4.000000e+00 9.58061992e-06
3.846154e+00 3.436842e+00 1.000000e-01 8.67967987e+01
3.846154e+00 3.436842e+00 3.052632e-01 1.28792197e-01
3.846154e+00 3.436842e+00 5.105263e-01 1.24533568e-03
3.846154e+00 3.436842e+00 7.157895e-01 1.00089266e-04
3.846154e+00 3.436842e+00 9.210526e-01 7.41364202e-05
3.846154e+00 3.436842e+00 1.126316e+00 6.45051114e-05
3.846154e+00 3.436842e+00 1.331579e+00 5.53271711e-05
3.846154e+00 3.436842e+00 1.536842e+00 4.67119535e-05
3.846154e+00 3.436842e+00 1.742105e+00 3.89209636e-05
3.846154e+00 3.436842e+00 1.947368e+00 3.20823128e-05
3.846154e+00 3.436842e+00 2.152632e+00 2.62186950e-05
3.846154e+00 3.436842e+00 2.357895e+00 2.12833711e-05
3.846154e+00 3.436842e+00 2.563158e+00 1.71895626e-05
3.846154e+00 3.436842e+00 2.768421e+00 1.38322621e-05
3.846154e+00 3.436842e+00 2.973684e+00 1.11031313e-05
3.846154e+00 3.436842e+00 3.178947e+00 8.89944931e-06
3.846154e+00 3.436842e+00 3.384211e+00 7.12882320e-06
3.846154e+00 3.436842e+00 3.589474e+00 5.71110195e-06
3.846154e+00 3.436842e+00 3.794737e+00 4.57857868e-06
3.846154e+00 3.436842e+00 4.000000e+00 3.67506300e-06
3.846154e+00 3.697368e+00 1.000000e-01 3.42691116e+01
3.846154e+00 3.697368e+00 3.052632e-01 5.08466102e-02
3.846154e+00 3.697368e+00 5.105263e-01 4.88918449e-04
3.846154e+00 3.697368e+00 7.157895e-01 3.69902264e-05
3.846154e+00 3.697368e+00 9.210526e-01 2.70145702e-05
3.846154e+00 3.697368e+00 1.126316e+00 2.34974959e-05
3.846154e+00 3.697368e+00 1.331579e+00 2.01552848e-05
3.846154e+00 3.697368e+00 1.536842e+00 1.70177245e-05
3.846154e+00 3.697368e+00 1.742105e+00 1.41800710e-05
3.846154e+00 3.697368e+00 1.947368e+00 1.16889751e-05
3.846154e+00 3.697368e+00 2.152632e+00 9.55287578e-06
3.846154e+00 3.697368e+00 2.357895e+00 7.75485842e-06
3.846154e+00 3.697368e+00 2.563158e+00 6.26330984e-06
3.846154e+00 3.697368e+00 2.768421e+00 5.04005720e-06
3.846154e+00 3.697368e+00 2.973684e+00 4.04565981e-06
3.846154e+00 3.697368e+00 3.178947e+00 3.24269354e-06
3.846154e+00 3.697368e+00 3.384211e+00 2.59751414e-06
3.846154e+00 3.697368e+00 3.589474e+00 2.08092797e-06
3.846154e+00 3.697368e+00 3.794737e+00 1.66825748e-06
3.846154e+00 3.697368e+00 4.000000e+00 1.33903438e-06
3.846154e+00 3.957895e+00 1.000000e-01 1.26422558e+01
3.846154e+00 3.957895e+00 3.052632e-01 1.87570043e-02
3.846154e+00 3.957895e+00 5.105263e-01 1.79598050e-04
3.846154e+00 3.957895e+00 7.157895e-01 1.29430373e-05
3.846154e+00 3.957895e+00 9.210526e-01 9.33829597e-06
3.846154e+00 3.957895e+00 1.126316e+00 8.12021881e-06
3.846154e+00 3.957895e+00 1.331579e+00 6.96552206e-06
3.846154e+00 3.957895e+00 1.536842e+00 5.88148396e-06
3.846154e+00 3.957895e+00 1.742105e+00 4.90095908e-06
3.846154e+00 3.957895e+00 1.947368e+00 4.04010098e-06
3.846154e+00 3.957895e+00 2.152632e+00 3.30187936e-06
3.846154e+00 3.957895e+00 2.357895e+00 2.68045028e-06
3.846154e+00 3.957895e+00 2.563158e+00 2.16492890e-06
3.846154e+00 3.957895e+00 2.768421e+00 1.74211925e-06
3.846154e+00 3.957895e+00 2.973684e+00 1.39840472e-06
3.846154e+00 3.957895e+00 3.178947e+00 1.12085377e-06
3.846154e+00 3.957895e+00 3.384211e+00 8.97839982e-07
3.846154e+00 3.957895e+00 3.589474e+00 7.19275477e-07
3.846154e+00 3.957895e+00 3.794737e+00 5.76629361e-07
3.846154e+00 3.957895e+00 4.000000e+00 4.62829746e-07
3.846154e+00 4.218421e+00 1.000000e-01 4.35782003e+00
3.846154e+00 4.218421e+00 3.052632e-01 6.46536658e-03
3.846154e+00 4.218421e+00 5.105263e-01 6.17100304e-05
3.846154e+00 4.218421e+00 7.157895e-01 4.28062185e-06
3.846154e+00 4.218421e+00 9.210526e-01 3.05744516e-06
3.846154e+00 4.218421e+00 1.126316e+00 2.65800600e-06
3.846154e+00 4.218421e+00 1.331579e+00 2.28011231e-06
3.846154e+00 4.218421e+00 1.536842e+00 1.92532980e-06
3.846154e+00 4.218421e+00 1.742105e+00 1.60439890e-06
3.846154e+00 4.218421e+00 1.947368e+00 1.32262198e-06
3.846154e+00 4.218421e+00 2.152632e+00 1.08096776e-06
3.846154e+00 4.218421e+00 2.357895e+00 8.77538071e-07
3.846154e+00 4.218421e+00 2.563158e+00 7.08770187e-07
3.846154e+00 4.218421e+00 2.768421e+00 5.70351460e-07
3.846154e+00 4.218421e+00 2.973684e+00 4.57823461e-07
3.846154e+00 4.218421e+00 3.178947e+00 3.66956471e-07
3.846154e+00 4.218421e+00 3.384211e+00 2.93942804e-07
3.846154e+00 4.218421e+00 3.589474e+00 2.35480968e-07
3.846154e+00 4.218421e+00 3.794737e+00 1.88779524e-07
3.846154e+00 4.218421e+00 4.000000e+00 1.51521860e-07
3.846154e+00 4.478947e+00 1.000000e-01 1.40357947e+00
3.846154e+00 4.478947e+00 3.052632e-01 2.08233041e-03
3.846154e+00 4.478947e+00 5.105263e-01 1.98287780e-05
3.846154e+00 4.478947e+00 7.157895e-01 1.33580374e-06
3.846154e+00 4.478947e+00 9.210526e-01 9.46440480e-07
3.846154e+00 4.478947e+00 1.126316e+00 8.22633353e-07
3.846154e+00 4.478947e+00 1.331579e+00 7.05697460e-07
3.846154e+00 4.478947e+00 1.536842e+00 5.95910706e-07
3.846154e+00 4.478947e+00 1.742105e+00 4.96590587e-07
3.846154e+00 4.478947e+00 1.947368e+00 4.09383290e-07
3.846154e+00 4.478947e+00 2.152632e+00 3.34590993e-07
3.846154e+00 4.478947e+00 2.357895e+00 2.71626533e-07
3.846154e+00 4.478947e+00 2.563158e+00 2.19389236e-07
3.846154e+00 4.478947e+00 2.768421e+00 1.76544603e-07
3.846154e+00 4.478947e+00 2.973684e+00 1.41713144e-07
3.846154e+00 4.478947e+00 3.178947e+00 1.13586225e-07
3.846154e+00 4.478947e+00 3.384211e+00 9.09856226e-08
3.846154e+00 4.478947e+00 3.589474e+00 7.28893994e-08
3.846154e+00 4.478947e+00 3.794737e+00 5.84333080e-08
3.846154e+00 4.478947e+00 4.000000e+00 4.69005528e-08
3.846154e+00 4.739474e+00 1.000000e-01 4.22402650e-01
3.846154e+00 4.739474e+00 3.052632e-01 6.26658730e-04
3.846154e+00 4.739474e+00 5.105263e-01 5.95715983e-06
3.846154e+00 4.739474e+00 7.157895e-01 3.92644239e-07
3.846154e+00 4.739474e+00 9.210526e-01 2.76469791e-07
3.846154e+00 4.739474e+00 1.126316e+00 2.40267042e-07
3.846154e+00 4.739474e+00 1.331579e+00 2.06118074e-07
3.846154e+00 4.739474e+00 1.536842e+00 1.74055515e-07
3.846154e+00 4.739474e+00 1.742105e+00 1.45048688e-07
3.846154e+00 4.739474e+00 1.947368e+00 1.19578132e-07
3.846154e+00 4.739474e+00 2.152632e+00 9.77332419e-08
3.846154e+00 4.739474e+00 2.357895e+00 7.93421506e-08
3.846154e+00 4.739474e+00 2.563158e+00 6.40838991e-08
3.846154e+00 4.739474e+00 2.768421e+00 5.15690779e-08
3.846154e+00 4.739474e+00 2.973684e+00 4.13948165e-08
3.846154e+00 4.739474e+00 3.178947e+00 3.31788357e-08
3.846154e+00 4.739474e+00 3.384211e+00 2.65770712e-08
3.846154e+00 4.739474e+00 3.589474e+00 2.12910454e-08
3.846154e+00 4.739474e+00 3.794737e+00 1.70683307e-08
3.846154e+00 4.739474e+00 4.000000e+00 1.36995695e-08
3.846154e+00 5.000000e+00 1.000000e-01 1.18779026e-01
3.846154e+00 5.000000e+00 3.052632e-01 1.76213245e-04
3.846154e+00 5.000000e+00 5.105263e-01 1.67309338e-06
3.846154e+00 5.000000e+00 7.157895e-01 1.08536383e-07
3.846154e+00 5.000000e+00 9.210526e-01 7.60692416e-08
3.846154e+00 5.000000e+00 1.126316e+00 6.61006823e-08
3.846154e+00 5.000000e+00 1.331579e+00 5.67065861e-08
3.846154e+00 5.000000e+00 1.536842e+00 4.78864450e-08
3.846154e+00 5.000000e+00 1.742105e+00 3.99066593e-08
3.846154e+00 5.000000e+00 1.947368e+00 3.28993863e-08
3.846154e+00 5.000000e+00 2.152632e+00 2.68894080e-08
3.846154e+00 5.000000e+00 2.357895e+00 2.18296368e-08
3.846154e+00 5.000000e+00 2.563158e+00 1.76316863e-08
3.846154e+00 5.000000e+00 2.768421e+00 1.41884531e-08
3.846154e+00 5.000000e+00 2.973684e+00 1.13891661e-08
3.846154e+00 5.000000e+00 3.178947e+00 9.12864984e-09
3.846154e+00 5.000000e+00 3.384211e+00 7.31228189e-09
3.846154e+00 5.000000e+00 3.589474e+00 5.85789062e-09
3.846154e+00 5.000000e+00 3.794737e+00 4.69606887e-09
3.846154e+00 5.000000e+00 4.000000e+00 3.76919074e-09
4.102564e+00 5.000000e-02 1.000000e-01 3.21484727e+04
4.102564e+00 5.000000e-02 3.052632e-01 5.32140083e+01
4.102564e+00 5.000000e-02 5.105263e-01 1.29690218e+00
4.102564e+00 5.000000e-02 7.157895e-01 6.87439680e-01
4.102564e+00 5.000000e-02 9.210526e-01 6.13532662e-01
4.102564e+00 5.000000e-02 1.126316e+00 5.44489980e-01
4.102564e+00 5.000000e-02 1.331579e+00 4.75126237e-01
4.102564e+00 5.000000e-02 1.536842e+00 4.08492774e-01
4.102564e+00 5.000000e-02 1.742105e+00 3.46813798e-01
4.102564e+00 5.000000e-02 1.947368e+00 2.91370720e-01
4.102564e+00 5.000000e-02 2.152632e+00 2.42688179e-01
4.102564e+00 5.000000e-02 2.357895e+00 2.00733930e-01
4.102564e+00 5.000000e-02 2.563158e+00 1.65123001e-01
4.102564e+00 5.000000e-02 2.768421e+00 1.35257483e-01
4.102564e+00 5.000000e-02 2.973684e+00 1.10449784e-01
4.102564e+00 5.000000e-02 3.178947e+00 8.99979323e-02
4.102564e+00 5.000000e-02 3.384211e+00 7.32365176e-02
4.102564e+00 5.000000e-02 3.589474e+00 5.95592596e-02
4.102564e+00 5.000000e-02 3.794737e+00 4.84347455e-02
4.102564e+00 5.000000e-02 4.000000e+00 3.94070596e-02
4.102564e+00 3.105263e-01 1.000000e-01 3.06731582e+04
4.102564e+00 3.105263e-01 3.052632e-01 5.03763008e+01
4.102564e+00 3.105263e-01 5.105263e-01 8.61748219e-01
4.102564e+00 3.105263e-01 7.157895e-01 3.08314711e-01
4.102564e+00 3.105263e-01 9.210526e-01 2.70840853e-01
4.102564e+00 3.105263e-01 1.126316e+00 2.40430996e-01
4.102564e+00 3.105263e-01 1.331579e+00 2.09939152e-01
4.102564e+00 3.105263e-01 1.536842e+00 1.80606246e-01
4.102564e+00 3.105263e-01 1.742105e+00 1.53417796e-01
4.102564e+00 3.105263e-01 1.947368e+00 1.28949165e-01
4.102564e+00 3.105263e-01 2.152632e+00 1.07442543e-01
4.102564e+00 3.105263e-01 2.357895e+00 8.88948292e-02
4.102564e+00 3.105263e-01 2.563158e+00 7.31407255e-02
4.102564e+00 3.105263e-01 2.768421e+00 5.99209033e-02
4.102564e+00 3.105263e-01 2.973684e+00 4.89357822e-02
4.102564e+00 3.105263e-01 3.178947e+00 3.98769081e-02
4.102564e+00 3.105263e-01 3.384211e+00 3.24508175e-02
4.102564e+00 3.105263e-01 3.589474e+00 2.63900999e-02
4.102564e+00 3.105263e-01 3.794737e+00 2.14602649e-02
4.102564e+00 3.105263e-01 4.000000e+00 1.74592417e-02
4.102564e+00 5.710526e-01 1.000000e-01 2.73453223e+04
4.102564e+00 5.710526e-01 3.052632e-01 4.47968102e+01
4.102564e+00 5.710526e-01 5.105263e-01 6.60255194e-01
4.102564e+00 5.710526e-01 7.157895e-01 1.74897671e-01
4.102564e+00 5.710526e-01 9.210526e-01 1.50945067e-01
4.102564e+00 5.710526e-01 1.126316e+00 1.33997634e-01
4.102564e+00 5.710526e-01 1.331579e+00 1.17058359e-01
4.102564e+00 5.710526e-01 1.536842e+00 1.00745186e-01
4.102564e+00 5.710526e-01 1.742105e+00 8.56104493e-02
4.102564e+00 5.710526e-01 1.947368e+00 7.19790012e-02
4.102564e+00 5.710526e-01 2.152632e+00 5.99898472e-02
4.102564e+00 5.710526e-01 2.357895e+00 4.96437401e-02
4.102564e+00 5.710526e-01 2.563158e+00 4.08517793e-02
4.102564e+00 5.710526e-01 2.768421e+00 3.34718339e-02
4.102564e+00 5.710526e-01 2.973684e+00 2.73376498e-02
4.102564e+00 5.710526e-01 3.178947e+00 2.22778115e-02
4.102564e+00 5.710526e-01 3.384211e+00 1.81292873e-02
4.102564e+00 5.710526e-01 3.589474e+00 1.47433421e-02
4.102564e+00 5.710526e-01 3.794737e+00 1.19888522e-02
4.102564e+00 5.710526e-01 4.000000e+00 9.75329429e-03
4.102564e+00 8.315790e-01 1.000000e-01 2.27788066e+04
4.102564e+00 8.315790e-01 3.052632e-01 3.72670097e+01
4.102564e+00 8.315790e-01 5.105263e-01 5.03827155e-01
4.102564e+00 8.315790e-01 7.157895e-01 1.02944292e-01
4.102564e+00 8.315790e-01 9.210526e-01 8.70173052e-02
4.102564e+00 8.315790e-01 1.126316e+00 7.72317350e-02
4.102564e+00 8.315790e-01 1.331579e+00 6.74912184e-02
4.102564e+00 8.315790e-01 1.536842e+00 5.81045002e-02
4.102564e+00 8.315790e-01 1.742105e+00 4.93898019e-02
4.102564e+00 8.315790e-01 1.947368e+00 4.15354110e-02
4.102564e+00 8.315790e-01 2.152632e+00 3.46237868e-02
4.102564e+00 8.315790e-01 2.357895e+00 2.86568906e-02
4.102564e+00 8.315790e-01 2.563158e+00 2.35845279e-02
4.102564e+00 8.315790e-01 2.768421e+00 1.93256699e-02
4.102564e+00 8.315790e-01 2.973684e+00 1.57848187e-02
4.102564e+00 8.315790e-01 3.178947e+00 1.28637068e-02
4.102564e+00 8.315790e-01 3.384211e+00 1.04683684e-02
4.102564e+00 8.315790e-01 3.589474e+00 8.51312187e-03
4.102564e+00 8.315790e-01 3.794737e+00 6.92246575e-03
4.102564e+00 8.315790e-01 4.000000e+00 5.63143287e-03
4.102564e+00 1.092105e+00 1.000000e-01 1.77297168e+04
4.102564e+00 1.092105e+00 3.052632e-01 2.89834270e+01
4.102564e+00 1.092105e+00 5.105263e-01 3.70573819e-01
4.102564e+00 1.092105e+00 7.157895e-01 6.01476841e-02
4.102564e+00 1.092105e+00 9.210526e-01 4.96250242e-02
4.102564e+00 1.092105e+00 1.126316e+00 4.40272540e-02
4.102564e+00 1.092105e+00 1.331579e+00 3.84842791e-02
4.102564e+00 1.092105e+00 1.536842e+00 3.31404507e-02
4.102564e+00 1.092105e+00 1.742105e+00 2.81761698e-02
4.102564e+00 1.092105e+00 1.947368e+00 2.36999057e-02
4.102564e+00 1.092105e+00 2.152632e+00 1.97592657e-02
4.102564e+00 1.092105e+00 2.357895e+00 1.63561013e-02
4.102564e+00 1.092105e+00 2.563158e+00 1.34623032e-02
4.102564e+00 1.092105e+00 2.768421e+00 1.10320086e-02
4.102564e+00 1.092105e+00 2.973684e+00 9.01112147e-03
4.102564e+00 1.092105e+00 3.178947e+00 7.34371133e-03
4.102564e+00 1.092105e+00 3.384211e+00 5.97627694e-03
4.102564e+00 1.092105e+00 3.589474e+00 4.86003608e-03
4.102564e+00 1.092105e+00 3.794737e+00 3.95186152e-03
4.102564e+00 1.092105e+00 4.000000e+00 3.21475952e-03
4.102564e+00 1.352632e+00 1.000000e-01 1.28942334e+04
4.102564e+00 1.352632e+00 3.052632e-01 2.10676136e+01
4.102564e+00 1.352632e+00 5.105263e-01 2.59289533e-01
4.102564e+00 1.352632e+00 7.157895e-01 3.42843384e-02
4.102564e+00 1.352632e+00 9.210526e-01 2.75163576e-02
4.102564e+00 1.352632e+00 1.126316e+00 2.43985765e-02
4.102564e+00 1.352632e+00 1.331579e+00 2.13311166e-02
4.102564e+00 1.352632e+00 1.536842e+00 1.83729324e-02
4.102564e+00 1.352632e+00 1.742105e+00 1.56235844e-02
4.102564e+00 1.352632e+00 1.947368e+00 1.31435478e-02
4.102564e+00 1.352632e+00 2.152632e+00 1.09595004e-02
4.102564e+00 1.352632e+00 2.357895e+00 9.07283649e-03
4.102564e+00 1.352632e+00 2.563158e+00 7.46819982e-03
4.102564e+00 1.352632e+00 2.768421e+00 6.12034323e-03
4.102564e+00 1.352632e+00 2.973684e+00 4.99936054e-03
4.102564e+00 1.352632e+00 3.178947e+00 4.07437421e-03
4.102564e+00 1.352632e+00 3.384211e+00 3.31573305e-03
4.102564e+00 1.352632e+00 3.589474e+00 2.69639608e-03
4.102564e+00 1.352632e+00 3.794737e+00 2.19250168e-03
4.102564e+00 1.352632e+00 4.000000e+00 1.78351509e-03
4.102564e+00 1.613158e+00 1.000000e-01 8.76217383e+03
4.102564e+00 1.613158e+00 3.052632e-01 1.43110867e+01
4.102564e+00 1.613158e+00 5.105263e-01 1.71439737e-01
4.102564e+00 1.613158e+00 7.157895e-01 1.88931897e-02
4.102564e+00 1.613158e+00 9.210526e-01 1.47049092e-02
4.102564e+00 1.613158e+00 1.126316e+00 1.30293239e-02
4.102564e+00 1.613158e+00 1.331579e+00 1.13930115e-02
4.102564e+00 1.613158e+00 1.536842e+00 9.81471036e-03
4.102564e+00 1.613158e+00 1.742105e+00 8.34724493e-03
4.102564e+00 1.613158e+00 1.947368e+00 7.02310586e-03
4.102564e+00 1.613158e+00 2.152632e+00 5.85669838e-03
4.102564e+00 1.613158e+00 2.357895e+00 4.84888582e-03
4.102564e+00 1.613158e+00 2.563158e+00 3.99156613e-03
4.102564e+00 1.613158e+00 2.768421e+00 3.27131152e-03
4.102564e+00 1.613158e+00 2.973684e+00 2.67223129e-03
4.102564e+00 1.613158e+00 3.178947e+00 2.17784382e-03
4.102564e+00 1.613158e+00 3.384211e+00 1.77234132e-03
4.102564e+00 1.613158e+00 3.589474e+00 1.44127815e-03
4.102564e+00 1.613158e+00 3.794737e+00 1.17192208e-03
4.102564e+00 1.613158e+00 4.000000e+00 9.53292300e-04
4.102564e+00 1.873684e+00 1.000000e-01 5.56353955e+03
4.102564e+00 1.873684e+00 3.052632e-01 9.08440399e+00
4.102564e+00 1.873684e+00 5.105263e-01 1.06709003e-01
4.102564e+00 1.873684e+00 7.157895e-01 1.00101884e-02
4.102564e+00 1.873684e+00 9.210526e-01 7.53576308e-03
4.102564e+00 1.873684e+00 1.126316e+00 6.67131273e-03
4.102564e+00 1.873684e+00 1.331579e+00 5.83419064e-03
4.102564e+00 1.873684e+00 1.536842e+00 5.02664503e-03
4.102564e+00 1.873684e+00 1.742105e+00 4.27561905e-03
4.102564e+00 1.873684e+00 1.947368e+00 3.59776570e-03
4.102564e+00 1.873684e+00 2.152632e+00 3.00050294e-03
4.102564e+00 1.873684e+00 2.357895e+00 2.48435140e-03
4.102564e+00 1.873684e+00 2.563158e+00 2.04519974e-03
4.102564e+00 1.873684e+00 2.768421e+00 1.67622080e-03
4.102564e+00 1.873684e+00 2.973684e+00 1.36929122e-03
4.102564e+00 1.873684e+00 3.178947e+00 1.11597218e-03
4.102564e+00 1.873684e+00 3.384211e+00 9.08186194e-04
4.102564e+00 1.873684e+00 3.589474e+00 7.38540431e-04
4.102564e+00 1.873684e+00 3.794737e+00 6.00509520e-04
4.102564e+00 1.873684e+00 4.000000e+00 4.88471182e-04
4.102564e+00 2.134211e+00 1.000000e-01 3.30075171e+03
4.102564e+00 2.134211e+00 3.052632e-01 5.38855314e+00
4.102564e+00 2.134211e+00 5.105263e-01 6.23800196e-02
4.102564e+00 2.134211e+00 7.157895e-01 5.08014811e-03
4.102564e+00 2.134211e+00 9.210526e-01 3.69196315e-03
4.102564e+00 2.134211e+00 1.126316e+00 3.26521415e-03
4.102564e+00 2.134211e+00 1.331579e+00 2.85575679e-03
4.102564e+00 2.134211e+00 1.536842e+00 2.46076728e-03
4.102564e+00 2.134211e+00 1.742105e+00 2.09333259e-03
4.102564e+00 2.134211e+00 1.947368e+00 1.76161656e-03
4.102564e+00 2.134211e+00 2.152632e+00 1.46927871e-03
4.102564e+00 2.134211e+00 2.357895e+00 1.21660426e-03
4.102564e+00 2.134211e+00 2.563158e+00 1.00159494e-03
4.102564e+00 2.134211e+00 2.768421e+00 8.20922200e-04
4.102564e+00 2.134211e+00 2.973684e+00 6.70616399e-04
4.102564e+00 2.134211e+00 3.178947e+00 5.46558294e-04
4.102564e+00 2.134211e+00 3.384211e+00 4.44794219e-04
4.102564e+00 2.134211e+00 3.589474e+00 3.61706712e-04
4.102564e+00 2.134211e+00 3.794737e+00 2.94101861e-04
4.102564e+00 2.134211e+00 4.000000e+00 2.39226749e-04
4.102564e+00 2.394737e+00 1.000000e-01 1.82977539e+03
4.102564e+00 2.394737e+00 3.052632e-01 2.98670101e+00
4.102564e+00 2.394737e+00 5.105263e-01 3.41979265e-02
4.102564e+00 2.394737e+00 7.157895e-01 2.46265810e-03
4.102564e+00 2.394737e+00 9.210526e-01 1.72594085e-03
4.102564e+00 2.394737e+00 1.126316e+00 1.52479624e-03
4.102564e+00 2.394737e+00 1.331579e+00 1.33368175e-03
4.102564e+00 2.394737e+00 1.536842e+00 1.14933390e-03
4.102564e+00 2.394737e+00 1.742105e+00 9.77802905e-04
4.102564e+00 2.394737e+00 1.947368e+00 8.22921167e-04
4.102564e+00 2.394737e+00 2.152632e+00 6.86403364e-04
4.102564e+00 2.394737e+00 2.357895e+00 5.68390766e-04
4.102564e+00 2.394737e+00 2.563158e+00 4.67957550e-04
4.102564e+00 2.394737e+00 2.768421e+00 3.83555802e-04
4.102564e+00 2.394737e+00 2.973684e+00 3.13334109e-04
4.102564e+00 2.394737e+00 3.178947e+00 2.55372957e-04
4.102564e+00 2.394737e+00 3.384211e+00 2.07825331e-04
4.102564e+00 2.394737e+00 3.589474e+00 1.69002771e-04
4.102564e+00 2.394737e+00 3.794737e+00 1.37414041e-04
4.102564e+00 2.394737e+00 4.000000e+00 1.11773283e-04
4.102564e+00 2.655263e+00 1.000000e-01 9.47775024e+02
4.102564e+00 2.655263e+00 3.052632e-01 1.54685152e+00
4.102564e+00 2.655263e+00 5.105263e-01 1.75644141e-02
4.102564e+00 2.655263e+00 7.157895e-01 1.13778270e-03
4.102564e+00 2.655263e+00 9.210526e-01 7.68970291e-04
4.102564e+00 2.655263e+00 1.126316e+00 6.78573619e-04
4.102564e+00 2.655263e+00 1.331579e+00 5.93557837e-04
4.102564e+00 2.655263e+00 1.536842e+00 5.11557213e-04
4.102564e+00 2.655263e+00 1.742105e+00 4.35246242e-04
4.102564e+00 2.655263e+00 1.947368e+00 3.66328197e-04
4.102564e+00 2.655263e+00 2.152632e+00 3.05573834e-04
4.102564e+00 2.655263e+00 2.357895e+00 2.53047823e-04
4.102564e+00 2.655263e+00 2.563158e+00 2.08342142e-04
4.102564e+00 2.655263e+00 2.768421e+00 1.70769083e-04
4.102564e+00 2.655263e+00 2.973684e+00 1.39506854e-04
4.102564e+00 2.655263e+00 3.178947e+00 1.13701499e-04
4.102564e+00 2.655263e+00 3.384211e+00 9.25316126e-05
4.102564e+00 2.655263e+00 3.589474e+00 7.52460182e-05
4.102564e+00 2.655263e+00 3.794737e+00 6.11810756e-05
4.102564e+00 2.655263e+00 4.000000e+00 4.97643887e-05
4.102564e+00 2.915789e+00 1.000000e-01 4.58707581e+02
4.102564e+00 2.915789e+00 3.052632e-01 7.48583496e-01
4.102564e+00 2.915789e+00 5.105263e-01 8.44605081e-03
4.102564e+00 2.915789e+00 7.157895e-01 5.00049500e-04
4.102564e+00 2.915789e+00 9.210526e-01 3.26243462e-04
4.102564e+00 2.915789e+00 1.126316e+00 2.87556468e-04
4.102564e+00 2.915789e+00 1.331579e+00 2.51540449e-04
4.102564e+00 2.915789e+00 1.536842e+00 2.16806322e-04
4.102564e+00 2.915789e+00 1.742105e+00 1.84476710e-04
4.102564e+00 2.915789e+00 1.947368e+00 1.55275484e-04
4.102564e+00 2.915789e+00 2.152632e+00 1.29529901e-04
4.102564e+00 2.915789e+00 2.357895e+00 1.07268643e-04
4.102564e+00 2.915789e+00 2.563158e+00 8.83200628e-05
4.102564e+00 2.915789e+00 2.768421e+00 7.23938501e-05
4.102564e+00 2.915789e+00 2.973684e+00 5.91417374e-05
4.102564e+00 2.915789e+00 3.178947e+00 4.82022515e-05
4.102564e+00 2.915789e+00 3.384211e+00 3.92276306e-05
4.102564e+00 2.915789e+00 3.589474e+00 3.18995299e-05
4.102564e+00 2.915789e+00 3.794737e+00 2.59366461e-05
4.102564e+00 2.915789e+00 4.000000e+00 2.10965209e-05
4.102564e+00 3.176316e+00 1.000000e-01 2.07438309e+02
4.102564e+00 3.176316e+00 3.052632e-01 3.38503182e-01
4.102564e+00 3.176316e+00 5.105263e-01 3.80059215e-03
4.102564e+00 3.176316e+00 7.157895e-01 2.08688711e-04
4.102564e+00 3.176316e+00 9.210526e-01 1.31706605e-04
4.102564e+00 3.176316e+00 1.126316e+00 1.15955663e-04
4.102564e+00 3.176316e+00 1.331579e+00 1.01435449e-04
4.102564e+00 3.176316e+00 1.536842e+00 8.74342950e-05
4.102564e+00 3.176316e+00 1.742105e+00 7.44008503e-05
4.102564e+00 3.176316e+00 1.947368e+00 6.26269393e-05
4.102564e+00 3.176316e+00 2.152632e+00 5.22453338e-05
4.102564e+00 3.176316e+00 2.357895e+00 4.32677662e-05
4.102564e+00 3.176316e+00 2.563158e+00 3.56256423e-05
4.102564e+00 3.176316e+00 2.768421e+00 2.92019886e-05
4.102564e+00 3.176316e+00 2.973684e+00 2.38566809e-05
4.102564e+00 3.176316e+00 3.178947e+00 1.94439835e-05
4.102564e+00 3.176316e+00 3.384211e+00 1.58237654e-05
4.102564e+00 3.176316e+00 3.589474e+00 1.28677120e-05
4.102564e+00 3.176316e+00 3.794737e+00 1.04623350e-05
4.102564e+00 3.176316e+00 4.000000e+00 8.50982451e-06
4.102564e+00 3.436842e+00 1.000000e-01 8.76525955e+01
4.102564e+00 3.436842e+00 3.052632e-01 1.43026039e-01
4.102564e+00 3.436842e+00 5.105263e-01 1.59983872e-03
4.102564e+00 3.436842e+00 7.157895e-01 8.25624229e-05
4.102564e+00 3.436842e+00 9.210526e-01 5.05542448e-05
4.102564e+00 3.436842e+00 1.126316e+00 4.44601937e-05
4.102564e+00 3.436842e+00 1.331579e+00 3.88937660e-05
4.102564e+00 3.436842e+00 1.536842e+00 3.35271870e-05
4.102564e+00 3.436842e+00 1.742105e+00 2.85308179e-05
4.102564e+00 3.436842e+00 1.947368e+00 2.40169484e-05
4.102564e+00 3.436842e+00 2.152632e+00 2.00363520e-05
4.102564e+00 3.436842e+00 2.357895e+00 1.65939109e-05
4.102564e+00 3.436842e+00 2.563158e+00 1.36633407e-05
4.102564e+00 3.436842e+00 2.768421e+00 1.11998852e-05
4.102564e+00 3.436842e+00 2.973684e+00 9.14986686e-06
4.102564e+00 3.436842e+00 3.178947e+00 7.45749549e-06
4.102564e+00 3.436842e+00 3.384211e+00 6.06900539e-06
4.102564e+00 3.436842e+00 3.589474e+00 4.93522839e-06
4.102564e+00 3.436842e+00 3.794737e+00 4.01265652e-06
4.102564e+00 3.436842e+00 4.000000e+00 3.26377858e-06
4.102564e+00 3.697368e+00 1.000000e-01 3.46069908e+01
4.102564e+00 3.697368e+00 3.052632e-01 5.64671420e-02
4.102564e+00 3.697368e+00 5.105263e-01 6.29820395e-04
4.102564e+00 3.697368e+00 7.157895e-01 3.09125862e-05
4.102564e+00 3.697368e+00 9.210526e-01 1.84310775e-05
4.102564e+00 3.697368e+00 1.126316e+00 1.61933203e-05
4.102564e+00 3.697368e+00 1.331579e+00 1.41661903e-05
4.102564e+00 3.697368e+00 1.536842e+00 1.22120809e-05
4.102564e+00 3.697368e+00 1.742105e+00 1.03926686e-05
4.102564e+00 3.697368e+00 1.947368e+00 8.74875877e-06
4.102564e+00 3.697368e+00 2.152632e+00 7.29894873e-06
4.102564e+00 3.697368e+00 2.357895e+00 6.04506658e-06
4.102564e+00 3.697368e+00 2.563158e+00 4.97756855e-06
4.102564e+00 3.697368e+00 2.768421e+00 4.08018695e-06
4.102564e+00 3.697368e+00 2.973684e+00 3.33338153e-06
4.102564e+00 3.697368e+00 3.178947e+00 2.71684485e-06
4.102564e+00 3.697368e+00 3.384211e+00 2.21100663e-06
4.102564e+00 3.697368e+00 3.589474e+00 1.79795393e-06
4.102564e+00 3.697368e+00 3.794737e+00 1.46184470e-06
4.102564e+00 3.697368e+00 4.000000e+00 1.18901255e-06
4.102564e+00 3.957895e+00 1.000000e-01 1.27668972e+01
4.102564e+00 3.957895e+00 3.052632e-01 2.08306797e-02
4.102564e+00 3.957895e+00 5.105263e-01 2.31838872e-04
4.102564e+00 3.957895e+00 7.157895e-01 1.09352759e-05
4.102564e+00 3.957895e+00 9.210526e-01 6.37413041e-06
4.102564e+00 3.957895e+00 1.126316e+00 5.59539876e-06
4.102564e+00 3.957895e+00 1.331579e+00 4.89501281e-06
4.102564e+00 3.957895e+00 1.536842e+00 4.21996265e-06
4.102564e+00 3.957895e+00 1.742105e+00 3.59137334e-06
4.102564e+00 3.957895e+00 1.947368e+00 3.02338321e-06
4.102564e+00 3.957895e+00 2.152632e+00 2.52243035e-06
4.102564e+00 3.957895e+00 2.357895e+00 2.08914526e-06
4.102564e+00 3.957895e+00 2.563158e+00 1.72025170e-06
4.102564e+00 3.957895e+00 2.768421e+00 1.41012845e-06
4.102564e+00 3.957895e+00 2.973684e+00 1.15204023e-06
4.102564e+00 3.957895e+00 3.178947e+00 9.38964149e-07
4.102564e+00 3.957895e+00 3.384211e+00 7.64142044e-07
4.102564e+00 3.957895e+00 3.589474e+00 6.21386732e-07
4.102564e+00 3.957895e+00 3.794737e+00 5.05222090e-07
4.102564e+00 3.957895e+00 4.000000e+00 4.10927669e-07
4.102564e+00 4.218421e+00 1.000000e-01 4.40078259e+00
4.102564e+00 4.218421e+00 3.052632e-01 7.18021952e-03
4.102564e+00 4.218421e+00 5.105263e-01 7.97846078e-05
4.102564e+00 4.218421e+00 7.157895e-01 3.64884227e-06
4.102564e+00 4.218421e+00 9.210526e-01 2.08776328e-06
4.102564e+00 4.218421e+00 1.126316e+00 1.83137229e-06
4.102564e+00 4.218421e+00 1.331579e+00 1.60215484e-06
4.102564e+00 4.218421e+00 1.536842e+00 1.38125120e-06
4.102564e+00 4.218421e+00 1.742105e+00 1.17554339e-06
4.102564e+00 4.218421e+00 1.947368e+00 9.89647219e-07
4.102564e+00 4.218421e+00 2.152632e+00 8.25687778e-07
4.102564e+00 4.218421e+00 2.357895e+00 6.83868564e-07
4.102564e+00 4.218421e+00 2.563158e+00 5.63119784e-07
4.102564e+00 4.218421e+00 2.768421e+00 4.61606732e-07
4.102564e+00 4.218421e+00 2.973684e+00 3.77122745e-07
4.102564e+00 4.218421e+00 3.178947e+00 3.07372886e-07
4.102564e+00 4.218421e+00 3.384211e+00 2.50144353e-07
4.102564e+00 4.218421e+00 3.589474e+00 2.03412554e-07
4.102564e+00 4.218421e+00 3.794737e+00 1.65385430e-07
4.102564e+00 4.218421e+00 4.000000e+00 1.34517251e-07
4.102564e+00 4.478947e+00 1.000000e-01 1.41741645e+00
4.102564e+00 4.478947e+00 3.052632e-01 2.31258385e-03
4.102564e+00 4.478947e+00 5.105263e-01 2.56661842e-05
4.102564e+00 4.478947e+00 7.157895e-01 1.14662669e-06
4.102564e+00 4.478947e+00 9.210526e-01 6.46477474e-07
4.102564e+00 4.478947e+00 1.126316e+00 5.66753158e-07
4.102564e+00 4.478947e+00 1.331579e+00 4.95821894e-07
4.102564e+00 4.478947e+00 1.536842e+00 4.27469047e-07
4.102564e+00 4.478947e+00 1.742105e+00 3.63814223e-07
4.102564e+00 4.478947e+00 1.947368e+00 3.06289195e-07
4.102564e+00 4.478947e+00 2.152632e+00 2.55549054e-07
4.102564e+00 4.478947e+00 2.357895e+00 2.11658843e-07
4.102564e+00 4.478947e+00 2.563158e+00 1.74288559e-07
4.102564e+00 4.478947e+00 2.768421e+00 1.42870476e-07
4.102564e+00 4.478947e+00 2.973684e+00 1.16722639e-07
4.102564e+00 4.478947e+00 3.178947e+00 9.51347232e-08
4.102564e+00 4.478947e+00 3.384211e+00 7.74220439e-08
4.102564e+00 4.478947e+00 3.589474e+00 6.29580796e-08
4.102564e+00 4.478947e+00 3.794737e+00 5.11881311e-08
4.102564e+00 4.478947e+00 4.000000e+00 4.16340278e-08
4.102564e+00 4.739474e+00 1.000000e-01 4.26566780e-01
4.102564e+00 4.739474e+00 3.052632e-01 6.95955358e-04
4.102564e+00 4.739474e+00 5.105263e-01 7.71737450e-06
4.102564e+00 4.739474e+00 7.157895e-01 3.38832564e-07
4.102564e+00 4.739474e+00 9.210526e-01 1.88892230e-07
4.102564e+00 4.739474e+00 1.126316e+00 1.65522593e-07
4.102564e+00 4.739474e+00 1.331579e+00 1.44808027e-07
4.102564e+00 4.739474e+00 1.536842e+00 1.24847162e-07
4.102564e+00 4.739474e+00 1.742105e+00 1.06258049e-07
4.102564e+00 4.739474e+00 1.947368e+00 8.94582612e-08
4.102564e+00 4.739474e+00 2.152632e+00 7.46391677e-08
4.102564e+00 4.739474e+00 2.357895e+00 6.18207281e-08
4.102564e+00 4.739474e+00 2.563158e+00 5.09061309e-08
4.102564e+00 4.739474e+00 2.768421e+00 4.17298125e-08
4.102564e+00 4.739474e+00 2.973684e+00 3.40926576e-08
4.102564e+00 4.739474e+00 3.178947e+00 2.77872410e-08
4.102564e+00 4.739474e+00 3.384211e+00 2.26136709e-08
4.102564e+00 4.739474e+00 3.589474e+00 1.83889597e-08
4.102564e+00 4.739474e+00 3.794737e+00 1.49511354e-08
4.102564e+00 4.739474e+00 4.000000e+00 1.21605144e-08
4.102564e+00 5.000000e+00 1.000000e-01 1.19949944e-01
4.102564e+00 5.000000e+00 3.052632e-01 1.95699933e-04
4.102564e+00 5.000000e+00 5.105263e-01 2.16875810e-06
4.102564e+00 5.000000e+00 7.157895e-01 9.40296090e-08
4.102564e+00 5.000000e+00 9.210526e-01 5.19821839e-08
4.102564e+00 5.000000e+00 1.126316e+00 4.55355149e-08
4.102564e+00 5.000000e+00 1.331579e+00 3.98370013e-08
4.102564e+00 5.000000e+00 1.536842e+00 3.43462965e-08
4.102564e+00 5.000000e+00 1.742105e+00 2.92326590e-08
4.102564e+00 5.000000e+00 1.947368e+00 2.46111096e-08
4.102564e+00 5.000000e+00 2.152632e+00 2.05344293e-08
4.102564e+00 5.000000e+00 2.357895e+00 1.70079772e-08
4.102564e+00 5.000000e+00 2.563158e+00 1.40052654e-08
4.102564e+00 5.000000e+00 2.768421e+00 1.14807168e-08
4.102564e+00 5.000000e+00 2.973684e+00 9.37961175e-09
4.102564e+00 5.000000e+00 3.178947e+00 7.64485275e-09
4.102564e+00 5.000000e+00 3.384211e+00 6.22150775e-09
4.102564e+00 5.000000e+00 3.589474e+00 5.05919617e-09
4.102564e+00 5.000000e+00 3.794737e+00 4.11336565e-09
4.102564e+00 5.000000e+00 4.000000e+00 3.34560135e-09
4.358974e+00 5.000000e-02 1.000000e-01 3.21667070e+04
4.358974e+00 5.000000e-02 3.052632e-01 5.75567780e+01
4.358974e+00 5.000000e-02 5.105263e-01 1.22148311e+00
4.358974e+00 5.000000e-02 7.157895e-01 4.79849845e-01
4.358974e+00 5.000000e-02 9.210526e-01 4.26955879e-01
4.358974e+00 5.000000e-02 1.126316e+00 3.84662181e-01
4.358974e+00 5.000000e-02 1.331579e+00 3.41384947e-01
4.358974e+00 5.000000e-02 1.536842e+00 2.98768669e-01
4.358974e+00 5.000000e-02 1.742105e+00 2.58306652e-01
4.358974e+00 5.000000e-02 1.947368e+00 2.21009955e-01
4.358974e+00 5.000000e-02 2.152632e+00 1.87438861e-01
4.358974e+00 5.000000e-02 2.357895e+00 1.57805800e-01
4.358974e+00 5.000000e-02 2.563158e+00 1.32061392e-01
4.358974e+00 5.000000e-02 2.768421e+00 1.09986253e-01
4.358974e+00 5.000000e-02 2.973684e+00 9.12554562e-02
4.358974e+00 5.000000e-02 3.178947e+00 7.54999444e-02
4.358974e+00 5.000000e-02 3.384211e+00 6.23358637e-02
4.358974e+00 5.000000e-02 3.589474e+00 5.13983332e-02
4.358974e+00 5.000000e-02 3.794737e+00 4.23483141e-02
4.358974e+00 5.000000e-02 4.000000e+00 3.48843113e-02
4.358974e+00 3.105263e-01 1.000000e-01 3.06906875e+04
4.358974e+00 3.105263e-01 3.052632e-01 5.46493683e+01
4.358974e+00 3.105263e-01 5.105263e-01 9.10521150e-01
4.358974e+00 3.105263e-01 7.157895e-01 2.19246686e-01
4.358974e+00 3.105263e-01 9.210526e-01 1.88436940e-01
4.358974e+00 3.105263e-01 1.126316e+00 1.69681668e-01
4.358974e+00 3.105263e-01 1.331579e+00 1.50668561e-01
4.358974e+00 3.105263e-01 1.536842e+00 1.31925941e-01
4.358974e+00 3.105263e-01 1.742105e+00 1.14112310e-01
4.358974e+00 3.105263e-01 1.947368e+00 9.76749957e-02
4.358974e+00 3.105263e-01 2.152632e+00 8.28673020e-02
4.358974e+00 3.105263e-01 2.357895e+00 6.97864518e-02
4.358974e+00 3.105263e-01 2.563158e+00 5.84154502e-02
4.358974e+00 3.105263e-01 2.768421e+00 4.86593693e-02
4.358974e+00 3.105263e-01 2.973684e+00 4.03784849e-02
4.358974e+00 3.105263e-01 3.178947e+00 3.34098414e-02
4.358974e+00 3.105263e-01 3.384211e+00 2.75864061e-02
4.358974e+00 3.105263e-01 3.589474e+00 2.27466151e-02
4.358974e+00 3.105263e-01 3.794737e+00 1.87415015e-02
4.358974e+00 3.105263e-01 4.000000e+00 1.54379606e-02
4.358974e+00 5.710526e-01 1.000000e-01 2.73609629e+04
4.358974e+00 5.710526e-01 3.052632e-01 4.86431999e+01
4.358974e+00 5.710526e-01 5.105263e-01 7.38460362e-01
4.358974e+00 5.710526e-01 7.157895e-01 1.26868978e-01
4.358974e+00 5.710526e-01 9.210526e-01 1.05029203e-01
4.358974e+00 5.710526e-01 1.126316e+00 9.44972485e-02
4.358974e+00 5.710526e-01 1.331579e+00 8.39372650e-02
4.358974e+00 5.710526e-01 1.536842e+00 7.35223219e-02
4.358974e+00 5.710526e-01 1.742105e+00 6.36155754e-02
4.358974e+00 5.710526e-01 1.947368e+00 5.44676036e-02
4.358974e+00 5.710526e-01 2.152632e+00 4.62214872e-02
4.358974e+00 5.710526e-01 2.357895e+00 3.89332771e-02
4.358974e+00 5.710526e-01 2.563158e+00 3.25947106e-02
4.358974e+00 5.710526e-01 2.768421e+00 2.71545574e-02
4.358974e+00 5.710526e-01 2.973684e+00 2.25354265e-02
4.358974e+00 5.710526e-01 3.178947e+00 1.86474212e-02
4.358974e+00 5.710526e-01 3.384211e+00 1.53978458e-02
4.358974e+00 5.710526e-01 3.589474e+00 1.26967002e-02
4.358974e+00 5.710526e-01 3.794737e+00 1.04611823e-02
4.358974e+00 5.710526e-01 4.000000e+00 8.61704070e-03
4.358974e+00 8.315790e-01 1.000000e-01 2.27918203e+04
4.358974e+00 8.315790e-01 3.052632e-01 4.04865227e+01
4.358974e+00 8.315790e-01 5.105263e-01 5.83815396e-01
4.358974e+00 8.315790e-01 7.157895e-01 7.63668343e-02
4.358974e+00 8.315790e-01 9.210526e-01 6.05698675e-02
4.358974e+00 8.315790e-01 1.126316e+00 5.44333234e-02
4.358974e+00 8.315790e-01 1.331579e+00 4.83619049e-02
4.358974e+00 8.315790e-01 1.536842e+00 4.23726067e-02
4.358974e+00 8.315790e-01 1.742105e+00 3.66723984e-02
4.358974e+00 8.315790e-01 1.947368e+00 3.14057469e-02
4.358974e+00 8.315790e-01 2.152632e+00 2.66560446e-02
4.358974e+00 8.315790e-01 2.357895e+00 2.24564187e-02
4.358974e+00 8.315790e-01 2.563158e+00 1.88028011e-02
4.358974e+00 8.315790e-01 2.768421e+00 1.56661142e-02
4.358974e+00 8.315790e-01 2.973684e+00 1.30021973e-02
4.358974e+00 8.315790e-01 3.178947e+00 1.07595259e-02
4.358974e+00 8.315790e-01 3.384211e+00 8.88475962e-03
4.358974e+00 8.315790e-01 3.589474e+00 7.32630771e-03
4.358974e+00 8.315790e-01 3.794737e+00 6.03634911e-03
4.358974e+00 8.315790e-01 4.000000e+00 4.97219199e-03
4.358974e+00 1.092105e+00 1.000000e-01 1.77398242e+04
4.358974e+00 1.092105e+00 3.052632e-01 3.14962482e+01
4.358974e+00 1.092105e+00 5.105263e-01 4.39761966e-01
4.358974e+00 1.092105e+00 7.157895e-01 4.57434952e-02
4.358974e+00 1.092105e+00 9.210526e-01 3.45636532e-02
4.358974e+00 1.092105e+00 1.126316e+00 3.10161356e-02
4.358974e+00 1.092105e+00 1.331579e+00 2.75610872e-02
4.358974e+00 1.092105e+00 1.536842e+00 2.41531581e-02
4.358974e+00 1.092105e+00 1.742105e+00 2.09079497e-02
4.358974e+00 1.092105e+00 1.947368e+00 1.79084130e-02
4.358974e+00 1.092105e+00 2.152632e+00 1.52023174e-02
4.358974e+00 1.092105e+00 2.357895e+00 1.28088091e-02
4.358974e+00 1.092105e+00 2.563158e+00 1.07259201e-02
4.358974e+00 1.092105e+00 2.768421e+00 8.93734023e-03
4.358974e+00 1.092105e+00 2.973684e+00 7.41803134e-03
4.358974e+00 1.092105e+00 3.178947e+00 6.13879273e-03
4.358974e+00 1.092105e+00 3.384211e+00 5.06929262e-03
4.358974e+00 1.092105e+00 3.589474e+00 4.18013567e-03
4.358974e+00 1.092105e+00 3.794737e+00 3.44413100e-03
4.358974e+00 1.092105e+00 4.000000e+00 2.83693266e-03
4.358974e+00 1.352632e+00 1.000000e-01 1.29015635e+04
4.358974e+00 1.352632e+00 3.052632e-01 2.28981876e+01
4.358974e+00 1.352632e+00 5.105263e-01 3.12882930e-01
4.358974e+00 1.352632e+00 7.157895e-01 2.67852210e-02
4.358974e+00 1.352632e+00 9.210526e-01 1.91817284e-02
4.358974e+00 1.352632e+00 1.126316e+00 1.71817727e-02
4.358974e+00 1.352632e+00 1.331579e+00 1.52695077e-02
4.358974e+00 1.352632e+00 1.536842e+00 1.33837089e-02
4.358974e+00 1.352632e+00 1.742105e+00 1.15873329e-02
4.358974e+00 1.352632e+00 1.947368e+00 9.92638431e-03
4.358974e+00 1.352632e+00 2.152632e+00 8.42745695e-03
4.358974e+00 1.352632e+00 2.357895e+00 7.10131228e-03
4.358974e+00 1.352632e+00 2.563158e+00 5.94704598e-03
4.358974e+00 1.352632e+00 2.768421e+00 4.95566847e-03
4.358974e+00 1.352632e+00 2.973684e+00 4.11342038e-03
4.358974e+00 1.352632e+00 3.178947e+00 3.40417959e-03
4.358974e+00 1.352632e+00 3.384211e+00 2.81116064e-03
4.358974e+00 1.352632e+00 3.589474e+00 2.31809518e-03
4.358974e+00 1.352632e+00 3.794737e+00 1.90995040e-03
4.358974e+00 1.352632e+00 4.000000e+00 1.57321338e-03
4.358974e+00 1.613158e+00 1.000000e-01 8.76714062e+03
4.358974e+00 1.613158e+00 3.052632e-01 1.55563602e+01
4.358974e+00 1.613158e+00 5.105263e-01 2.09380150e-01
4.358974e+00 1.613158e+00 7.157895e-01 1.51839321e-02
4.358974e+00 1.613158e+00 9.210526e-01 1.02620833e-02
4.358974e+00 1.613158e+00 1.126316e+00 9.17259790e-03
4.358974e+00 1.613158e+00 1.331579e+00 8.15227162e-03
4.358974e+00 1.613158e+00 1.536842e+00 7.14645162e-03
4.358974e+00 1.613158e+00 1.742105e+00 6.18805736e-03
4.358974e+00 1.613158e+00 1.947368e+00 5.30166272e-03
4.358974e+00 1.613158e+00 2.152632e+00 4.50153369e-03
4.358974e+00 1.613158e+00 2.357895e+00 3.79350549e-03
4.358974e+00 1.613158e+00 2.563158e+00 3.17711453e-03
4.358974e+00 1.613158e+00 2.768421e+00 2.64762691e-03
4.358974e+00 1.613158e+00 2.973684e+00 2.19773804e-03
4.358974e+00 1.613158e+00 3.178947e+00 1.81884912e-03
4.358974e+00 1.613158e+00 3.384211e+00 1.50202634e-03
4.358974e+00 1.613158e+00 3.589474e+00 1.23858720e-03
4.358974e+00 1.613158e+00 3.794737e+00 1.02050835e-03
4.358974e+00 1.613158e+00 4.000000e+00 8.40580324e-04
4.358974e+00 1.873684e+00 1.000000e-01 5.56667920e+03
4.358974e+00 1.873684e+00 3.052632e-01 9.87561703e+00
4.358974e+00 1.873684e+00 5.105263e-01 1.31483227e-01
4.358974e+00 1.873684e+00 7.157895e-01 8.28052778e-03
4.358974e+00 1.873684e+00 9.210526e-01 5.26584173e-03
4.358974e+00 1.873684e+00 1.126316e+00 4.69540386e-03
4.358974e+00 1.873684e+00 1.331579e+00 4.17324062e-03
4.358974e+00 1.873684e+00 1.536842e+00 3.65876220e-03
4.358974e+00 1.873684e+00 1.742105e+00 3.16845160e-03
4.358974e+00 1.873684e+00 1.947368e+00 2.71486351e-03
4.358974e+00 1.873684e+00 2.152632e+00 2.30532815e-03
4.358974e+00 1.873684e+00 2.357895e+00 1.94286543e-03
4.358974e+00 1.873684e+00 2.563158e+00 1.62726978e-03
4.358974e+00 1.873684e+00 2.768421e+00 1.35613582e-03
4.358974e+00 1.873684e+00 2.973684e+00 1.12573686e-03
4.358974e+00 1.873684e+00 3.178947e+00 9.31682414e-04
4.358974e+00 1.873684e+00 3.384211e+00 7.69404112e-04
4.358974e+00 1.873684e+00 3.589474e+00 6.34463853e-04
4.358974e+00 1.873684e+00 3.794737e+00 5.22751303e-04
4.358974e+00 1.873684e+00 4.000000e+00 4.30581335e-04
4.358974e+00 2.134211e+00 1.000000e-01 3.30260938e+03
4.358974e+00 2.134211e+00 3.052632e-01 5.85816526e+00
4.358974e+00 2.134211e+00 5.105263e-01 7.73728490e-02
4.358974e+00 2.134211e+00 7.157895e-01 4.32452979e-03
4.358974e+00 2.134211e+00 9.210526e-01 2.58370233e-03
4.358974e+00 2.134211e+00 1.126316e+00 2.29766429e-03
4.358974e+00 2.134211e+00 1.331579e+00 2.04213941e-03
4.358974e+00 2.134211e+00 1.536842e+00 1.79056649e-03
4.358974e+00 2.134211e+00 1.742105e+00 1.55075069e-03
4.358974e+00 2.134211e+00 1.947368e+00 1.32885878e-03
4.358974e+00 2.134211e+00 2.152632e+00 1.12848438e-03
4.358974e+00 2.134211e+00 2.357895e+00 9.51113587e-04
4.358974e+00 2.134211e+00 2.563158e+00 7.96657230e-04
4.358974e+00 2.134211e+00 2.768421e+00 6.63943996e-04
4.358974e+00 2.134211e+00 2.973684e+00 5.51159435e-04
4.358974e+00 2.134211e+00 3.178947e+00 4.56158479e-04
4.358974e+00 2.134211e+00 3.384211e+00 3.76711017e-04
4.358974e+00 2.134211e+00 3.589474e+00 3.10643460e-04
4.358974e+00 2.134211e+00 3.794737e+00 2.55947933e-04
4.358974e+00 2.134211e+00 4.000000e+00 2.10818325e-04
4.358974e+00 2.394737e+00 1.000000e-01 1.83080090e+03
4.358974e+00 2.394737e+00 3.052632e-01 3.24709773e+00
4.358974e+00 2.394737e+00 5.105263e-01 4.26300764e-02
4.358974e+00 2.394737e+00 7.157895e-01 2.15518405e-03
4.358974e+00 2.394737e+00 9.210526e-01 1.20980910e-03
4.358974e+00 2.394737e+00 1.126316e+00 1.07278558e-03
4.358974e+00 2.394737e+00 1.331579e+00 9.53463779e-04
4.358974e+00 2.394737e+00 1.536842e+00 8.36073072e-04
4.358974e+00 2.394737e+00 1.742105e+00 7.24155921e-04
4.358974e+00 2.394737e+00 1.947368e+00 6.20581850e-04
4.358974e+00 2.394737e+00 2.152632e+00 5.27038239e-04
4.358974e+00 2.394737e+00 2.357895e+00 4.44224221e-04
4.358974e+00 2.394737e+00 2.563158e+00 3.72099690e-04
4.358974e+00 2.394737e+00 2.768421e+00 3.10122734e-04
4.358974e+00 2.394737e+00 2.973684e+00 2.57448206e-04
4.358974e+00 2.394737e+00 3.178947e+00 2.13076943e-04
4.358974e+00 2.394737e+00 3.384211e+00 1.75967318e-04
4.358974e+00 2.394737e+00 3.589474e+00 1.45107217e-04
4.358974e+00 2.394737e+00 3.794737e+00 1.19557641e-04
4.358974e+00 2.394737e+00 4.000000e+00 9.84763246e-05
4.358974e+00 2.655263e+00 1.000000e-01 9.48304565e+02
4.358974e+00 2.655263e+00 3.052632e-01 1.68175113e+00
4.358974e+00 2.655263e+00 5.105263e-01 2.19789930e-02
4.358974e+00 2.655263e+00 7.157895e-01 1.02195132e-03
4.358974e+00 2.655263e+00 9.210526e-01 5.39940200e-04
4.358974e+00 2.655263e+00 1.126316e+00 4.77352820e-04
4.358974e+00 2.655263e+00 1.331579e+00 4.24244237e-04
4.358974e+00 2.655263e+00 1.536842e+00 3.72036971e-04
4.358974e+00 2.655263e+00 1.742105e+00 3.22258566e-04
4.358974e+00 2.655263e+00 1.947368e+00 2.76184815e-04
4.358974e+00 2.655263e+00 2.152632e+00 2.34566323e-04
4.358974e+00 2.655263e+00 2.357895e+00 1.97717658e-04
4.358974e+00 2.655263e+00 2.563158e+00 1.65621561e-04
4.358974e+00 2.655263e+00 2.768421e+00 1.38040035e-04
4.358974e+00 2.655263e+00 2.973684e+00 1.14596362e-04
4.358974e+00 2.655263e+00 3.178947e+00 9.48470115e-05
4.358974e+00 2.655263e+00 3.384211e+00 7.83290670e-05
4.358974e+00 2.655263e+00 3.589474e+00 6.45923355e-05
4.358974e+00 2.655263e+00 3.794737e+00 5.32193189e-05
4.358974e+00 2.655263e+00 4.000000e+00 4.38350689e-05
4.358974e+00 2.915789e+00 1.000000e-01 4.58963104e+02
4.358974e+00 2.915789e+00 3.052632e-01 8.13878119e-01
4.358974e+00 2.915789e+00 5.105263e-01 1.05998106e-02
4.358974e+00 2.915789e+00 7.157895e-01 4.59942035e-04
4.358974e+00 2.915789e+00 9.210526e-01 2.29474157e-04
4.358974e+00 2.915789e+00 1.126316e+00 2.02263283e-04
4.358974e+00 2.915789e+00 1.331579e+00 1.79751500e-04
4.358974e+00 2.915789e+00 1.536842e+00 1.57641029e-04
4.358974e+00 2.915789e+00 1.742105e+00 1.36556890e-04
4.358974e+00 2.915789e+00 1.947368e+00 1.17039395e-04
4.358974e+00 2.915789e+00 2.152632e+00 9.94075890e-05
4.358974e+00 2.915789e+00 2.357895e+00 8.37945190e-05
4.358974e+00 2.915789e+00 2.563158e+00 7.01942918e-05
4.358974e+00 2.915789e+00 2.768421e+00 5.85060188e-05
4.358974e+00 2.915789e+00 2.973684e+00 4.85707133e-05
4.358974e+00 2.915789e+00 3.178947e+00 4.02006044e-05
4.358974e+00 2.915789e+00 3.384211e+00 3.31998308e-05
4.358974e+00 2.915789e+00 3.589474e+00 2.73776077e-05
4.358974e+00 2.915789e+00 3.794737e+00 2.25570620e-05
4.358974e+00 2.915789e+00 4.000000e+00 1.85794524e-05
4.358974e+00 3.176316e+00 1.000000e-01 2.07553574e+02
4.358974e+00 3.176316e+00 3.052632e-01 3.68032396e-01
4.358974e+00 3.176316e+00 5.105263e-01 4.78047412e-03
4.358974e+00 3.176316e+00 7.157895e-01 1.96049790e-04
4.358974e+00 3.176316e+00 9.210526e-01 9.27984947e-05
4.358974e+00 3.176316e+00 1.126316e+00 8.15540989e-05
4.358974e+00 3.176316e+00 1.331579e+00 7.24732236e-05
4.358974e+00 3.176316e+00 1.536842e+00 6.35618053e-05
4.358974e+00 3.176316e+00 1.742105e+00 5.50635632e-05
4.358974e+00 3.176316e+00 1.947368e+00 4.71957392e-05
4.358974e+00 3.176316e+00 2.152632e+00 4.00874596e-05
4.358974e+00 3.176316e+00 2.357895e+00 3.37924394e-05
4.358974e+00 3.176316e+00 2.563158e+00 2.83086229e-05
4.358974e+00 3.176316e+00 2.768421e+00 2.35953303e-05
4.358974e+00 3.176316e+00 2.973684e+00 1.95887296e-05
4.358974e+00 3.176316e+00 3.178947e+00 1.62132601e-05
4.358974e+00 3.176316e+00 3.384211e+00 1.33898420e-05
4.358974e+00 3.176316e+00 3.589474e+00 1.10417031e-05
4.358974e+00 3.176316e+00 3.794737e+00 9.09752362e-06
4.358974e+00 3.176316e+00 4.000000e+00 7.49328910e-06
4.358974e+00 3.436842e+00 1.000000e-01 8.77012253e+01
4.358974e+00 3.436842e+00 3.052632e-01 1.55503750e-01
4.358974e+00 3.436842e+00 5.105263e-01 2.01578089e-03
4.358974e+00 3.436842e+00 7.157895e-01 7.89927144e-05
4.358974e+00 3.436842e+00 9.210526e-01 3.56773235e-05
4.358974e+00 3.436842e+00 1.126316e+00 3.12675147e-05
4.358974e+00 3.436842e+00 1.331579e+00 2.77843737e-05
4.358974e+00 3.436842e+00 1.536842e+00 2.43690629e-05
4.358974e+00 3.436842e+00 1.742105e+00 2.11118440e-05
4.358974e+00 3.436842e+00 1.947368e+00 1.80960305e-05
4.358974e+00 3.436842e+00 2.152632e+00 1.53710553e-05
4.358974e+00 3.436842e+00 2.357895e+00 1.29576883e-05
4.358974e+00 3.436842e+00 2.563158e+00 1.08551885e-05
4.358974e+00 3.436842e+00 2.768421e+00 9.04800618e-06
4.358974e+00 3.436842e+00 2.973684e+00 7.51172911e-06
4.358974e+00 3.436842e+00 3.178947e+00 6.21737945e-06
4.358974e+00 3.436842e+00 3.384211e+00 5.13469604e-06
4.358974e+00 3.436842e+00 3.589474e+00 4.23425445e-06
4.358974e+00 3.436842e+00 3.794737e+00 3.48869958e-06
4.358974e+00 3.436842e+00 4.000000e+00 2.87349872e-06
4.358974e+00 3.697368e+00 1.000000e-01 3.46261406e+01
4.358974e+00 3.697368e+00 3.052632e-01 6.13936596e-02
4.358974e+00 3.697368e+00 5.105263e-01 7.94609776e-04
4.358974e+00 3.697368e+00 7.157895e-01 3.00341362e-05
4.358974e+00 3.697368e+00 9.210526e-01 1.30262906e-05
4.358974e+00 3.697368e+00 1.126316e+00 1.13875813e-05
4.358974e+00 3.697368e+00 1.331579e+00 1.01185015e-05
4.358974e+00 3.697368e+00 1.536842e+00 8.87505485e-06
4.358974e+00 3.697368e+00 1.742105e+00 7.68908740e-06
4.358974e+00 3.697368e+00 1.947368e+00 6.59093303e-06
4.358974e+00 3.697368e+00 2.152632e+00 5.59861246e-06
4.358974e+00 3.697368e+00 2.357895e+00 4.71970952e-06
4.358974e+00 3.697368e+00 2.563158e+00 3.95397319e-06
4.358974e+00 3.697368e+00 2.768421e+00 3.29576415e-06
4.358974e+00 3.697368e+00 2.973684e+00 2.73619980e-06
4.358974e+00 3.697368e+00 3.178947e+00 2.26474549e-06
4.358974e+00 3.697368e+00 3.384211e+00 1.87037801e-06
4.358974e+00 3.697368e+00 3.589474e+00 1.54238182e-06
4.358974e+00 3.697368e+00 3.794737e+00 1.27080295e-06
4.358974e+00 3.697368e+00 4.000000e+00 1.04670687e-06
4.358974e+00 3.957895e+00 1.000000e-01 1.27739534e+01
4.358974e+00 3.957895e+00 3.052632e-01 2.26481371e-02
4.358974e+00 3.957895e+00 5.105263e-01 2.92788842e-04
4.358974e+00 3.957895e+00 7.157895e-01 1.07589494e-05
4.358974e+00 3.957895e+00 9.210526e-01 4.51070082e-06
4.358974e+00 3.957895e+00 1.126316e+00 3.93464506e-06
4.358974e+00 3.957895e+00 1.331579e+00 3.49599009e-06
4.358974e+00 3.957895e+00 1.536842e+00 3.06646189e-06
4.358974e+00 3.957895e+00 1.742105e+00 2.65677932e-06
4.358974e+00 3.957895e+00 1.947368e+00 2.27740043e-06
4.358974e+00 3.957895e+00 2.152632e+00 1.93456913e-06
4.358974e+00 3.957895e+00 2.357895e+00 1.63090533e-06
4.358974e+00 3.957895e+00 2.563158e+00 1.36632548e-06
4.358974e+00 3.957895e+00 2.768421e+00 1.13889348e-06
4.358974e+00 3.957895e+00 2.973684e+00 9.45538375e-07
4.358974e+00 3.957895e+00 3.178947e+00 7.82624397e-07
4.358974e+00 3.957895e+00 3.384211e+00 6.46345597e-07
4.358974e+00 3.957895e+00 3.589474e+00 5.33000559e-07
4.358974e+00 3.957895e+00 3.794737e+00 4.39151677e-07
4.358974e+00 3.957895e+00 4.000000e+00 3.61709027e-07
4.358974e+00 4.218421e+00 1.000000e-01 4.40321255e+00
4.358974e+00 4.218421e+00 3.052632e-01 7.80669367e-03
4.358974e+00 4.218421e+00 5.105263e-01 1.00834695e-04
4.358974e+00 4.218421e+00 7.157895e-01 3.62606306e-06
4.358974e+00 4.218421e+00 9.210526e-01 1.47901198e-06
4.358974e+00 4.218421e+00 1.126316e+00 1.28776401e-06
4.358974e+00 4.218421e+00 1.331579e+00 1.14414547e-06
4.358974e+00 4.218421e+00 1.536842e+00 1.00359796e-06
4.358974e+00 4.218421e+00 1.742105e+00 8.69536791e-07
4.358974e+00 4.218421e+00 1.947368e+00 7.45389741e-07
4.358974e+00 4.218421e+00 2.152632e+00 6.33192997e-07
4.358974e+00 4.218421e+00 2.357895e+00 5.33811829e-07
4.358974e+00 4.218421e+00 2.563158e+00 4.47218383e-07
4.358974e+00 4.218421e+00 2.768421e+00 3.72780761e-07
4.358974e+00 4.218421e+00 2.973684e+00 3.09494851e-07
4.358974e+00 4.218421e+00 3.178947e+00 2.56170978e-07
4.358974e+00 4.218421e+00 3.384211e+00 2.11564469e-07
4.358974e+00 4.218421e+00 3.589474e+00 1.74464063e-07
4.358974e+00 4.218421e+00 3.794737e+00 1.43744771e-07
4.358974e+00 4.218421e+00 4.000000e+00 1.18395810e-07
4.358974e+00 4.478947e+00 1.000000e-01 1.41819859e+00
4.358974e+00 4.478947e+00 3.052632e-01 2.51436117e-03
4.358974e+00 4.478947e+00 5.105263e-01 3.24556568e-05
4.358974e+00 4.478947e+00 7.157895e-01 1.14830300e-06
4.358974e+00 4.478947e+00 9.210526e-01 4.58372455e-07
4.358974e+00 4.478947e+00 1.126316e+00 3.98512242e-07
4.358974e+00 4.478947e+00 1.331579e+00 3.54055061e-07
4.358974e+00 4.478947e+00 1.536842e+00 3.10569305e-07
4.358974e+00 4.478947e+00 1.742105e+00 2.69089384e-07
4.358974e+00 4.478947e+00 1.947368e+00 2.30674132e-07
4.358974e+00 4.478947e+00 2.152632e+00 1.95956318e-07
4.358974e+00 4.478947e+00 2.357895e+00 1.65202451e-07
4.358974e+00 4.478947e+00 2.563158e+00 1.38405539e-07
4.358974e+00 4.478947e+00 2.768421e+00 1.15369417e-07
4.358974e+00 4.478947e+00 2.973684e+00 9.57839319e-08
4.358974e+00 4.478947e+00 3.178947e+00 7.92813140e-08
4.358974e+00 4.478947e+00 3.384211e+00 6.54764634e-08
4.358974e+00 4.478947e+00 3.589474e+00 5.39944622e-08
4.358974e+00 4.478947e+00 3.794737e+00 4.44872086e-08
4.358974e+00 4.478947e+00 4.000000e+00 3.66419819e-08
4.358974e+00 4.739474e+00 1.000000e-01 4.26801980e-01
4.358974e+00 4.739474e+00 3.052632e-01 7.56679568e-04
4.358974e+00 4.739474e+00 5.105263e-01 9.76272986e-06
4.358974e+00 4.739474e+00 7.157895e-01 3.41303888e-07
4.358974e+00 4.739474e+00 9.210526e-01 1.34020311e-07
4.358974e+00 4.739474e+00 1.126316e+00 1.16384470e-07
4.358974e+00 4.739474e+00 1.331579e+00 1.03398563e-07
4.358974e+00 4.739474e+00 1.536842e+00 9.06999844e-08
4.358974e+00 4.739474e+00 1.742105e+00 7.85872203e-08
4.358974e+00 4.739474e+00 1.947368e+00 6.73691360e-08
4.358974e+00 4.739474e+00 2.152632e+00 5.72303591e-08
4.358974e+00 4.739474e+00 2.357895e+00 4.82489888e-08
4.358974e+00 4.739474e+00 2.563158e+00 4.04229787e-08
4.358974e+00 4.739474e+00 2.768421e+00 3.36952368e-08
4.358974e+00 4.739474e+00 2.973684e+00 2.79751635e-08
4.358974e+00 4.739474e+00 3.178947e+00 2.31554189e-08
4.358974e+00 4.739474e+00 3.384211e+00 1.91234832e-08
4.358974e+00 4.739474e+00 3.589474e+00 1.57700235e-08
4.358974e+00 4.739474e+00 3.794737e+00 1.29932536e-08
4.358974e+00 4.739474e+00 4.000000e+00 1.07018989e-08
4.358974e+00 5.000000e+00 1.000000e-01 1.20016053e-01
4.358974e+00 5.000000e+00 3.052632e-01 2.12775369e-04
4.358974e+00 5.000000e+00 5.105263e-01 2.74432637e-06
4.358974e+00 5.000000e+00 7.157895e-01 9.51184376e-08
4.358974e+00 5.000000e+00 9.210526e-01 3.69002677e-08
4.358974e+00 5.000000e+00 1.126316e+00 3.20170237e-08
4.358974e+00 5.000000e+00 1.331579e+00 2.84439796e-08
4.358974e+00 5.000000e+00 1.536842e+00 2.49510528e-08
4.358974e+00 5.000000e+00 1.742105e+00 2.16191633e-08
4.358974e+00 5.000000e+00 1.947368e+00 1.85332851e-08
4.358974e+00 5.000000e+00 2.152632e+00 1.57442575e-08
4.358974e+00 5.000000e+00 2.357895e+00 1.32735556e-08
4.358974e+00 5.000000e+00 2.563158e+00 1.11206422e-08
4.358974e+00 5.000000e+00 2.768421e+00 9.26982935e-09
4.358974e+00 5.000000e+00 2.973684e+00 7.69623121e-09
4.358974e+00 5.000000e+00 3.178947e+00 6.37028474e-09
4.358974e+00 5.000000e+00 3.384211e+00 5.26107424e-09
4.358974e+00 5.000000e+00 3.589474e+00 4.33849046e-09
4.358974e+00 5.000000e+00 3.794737e+00 3.57457486e-09
4.358974e+00 5.000000e+00 4.000000e+00 2.94419955e-09
4.615385e+00 5.000000e-02 1.000000e-01 3.18709609e+04
4.615385e+00 5.000000e-02 3.052632e-01 6.13145027e+01
4.615385e+00 5.000000e-02 5.105263e-01 1.24446845e+00
4.615385e+00 5.000000e-02 7.157895e-01 3.47876728e-01
4.615385e+00 5.000000e-02 9.210526e-01 3.03275466e-01
4.615385e+00 5.000000e-02 1.126316e+00 2.76389629e-01
4.615385e+00 5.000000e-02 1.331579e+00 2.48744294e-01
4.615385e+00 5.000000e-02 1.536842e+00 2.20966116e-01
4.615385e+00 5.000000e-02 1.742105e+00 1.94026381e-01
4.615385e+00 5.000000e-02 1.947368e+00 1.68651998e-01
4.615385e+00 5.000000e-02 2.152632e+00 1.45317569e-01
4.615385e+00 5.000000e-02 2.357895e+00 1.24279201e-01
4.615385e+00 5.000000e-02 2.563158e+00 1.05619811e-01
4.615385e+00 5.000000e-02 2.768421e+00 8.92950147e-02
4.615385e+00 5.000000e-02 2.973684e+00 7.51744434e-02
4.615385e+00 5.000000e-02 3.178947e+00 6.30731881e-02
4.615385e+00 5.000000e-02 3.384211e+00 5.27823456e-02
4.615385e+00 5.000000e-02 3.589474e+00 4.40851599e-02
4.615385e+00 5.000000e-02 3.794737e+00 3.67724411e-02
4.615385e+00 5.000000e-02 4.000000e+00 3.06478087e-02
4.615385e+00 3.105263e-01 1.000000e-01 3.04085625e+04
4.615385e+00 3.105263e-01 3.052632e-01 5.83164406e+01
4.615385e+00 3.105263e-01 5.105263e-01 1.00991011e+00
4.615385e+00 3.105263e-01 7.157895e-01 1.64401263e-01
4.615385e+00 3.105263e-01 9.210526e-01 1.33953884e-01
4.615385e+00 3.105263e-01 1.126316e+00 1.21831819e-01
4.615385e+00 3.105263e-01 1.331579e+00 1.09682858e-01
4.615385e+00 3.105263e-01 1.536842e+00 9.74755883e-02
4.615385e+00 3.105263e-01 1.742105e+00 8.56255963e-02
4.615385e+00 3.105263e-01 1.947368e+00 7.44540542e-02
4.615385e+00 3.105263e-01 2.152632e+00 6.41731396e-02
4.615385e+00 3.105263e-01 2.357895e+00 5.48973940e-02
4.615385e+00 3.105263e-01 2.563158e+00 4.66661006e-02
4.615385e+00 3.105263e-01 2.768421e+00 3.94608863e-02
4.615385e+00 3.105263e-01 2.973684e+00 3.32257152e-02
4.615385e+00 3.105263e-01 3.178947e+00 2.78802440e-02
4.615385e+00 3.105263e-01 3.384211e+00 2.33333372e-02
4.615385e+00 3.105263e-01 3.589474e+00 1.94898006e-02
4.615385e+00 3.105263e-01 3.794737e+00 1.62573233e-02
4.615385e+00 3.105263e-01 4.000000e+00 1.35498717e-02
4.615385e+00 5.710526e-01 1.000000e-01 2.71094375e+04
4.615385e+00 5.710526e-01 3.052632e-01 5.19353752e+01
4.615385e+00 5.710526e-01 5.105263e-01 8.49331558e-01
4.615385e+00 5.710526e-01 7.157895e-01 9.84224528e-02
4.615385e+00 5.710526e-01 9.210526e-01 7.47446567e-02
4.615385e+00 5.710526e-01 1.126316e+00 6.78137019e-02
4.615385e+00 5.710526e-01 1.331579e+00 6.10643737e-02
4.615385e+00 5.710526e-01 1.536842e+00 5.42836934e-02
4.615385e+00 5.710526e-01 1.742105e+00 4.76977974e-02
4.615385e+00 5.710526e-01 1.947368e+00 4.14854214e-02
4.615385e+00 5.710526e-01 2.152632e+00 3.57650220e-02
4.615385e+00 5.710526e-01 2.357895e+00 3.06014456e-02
4.615385e+00 5.710526e-01 2.563158e+00 2.60173604e-02
4.615385e+00 5.710526e-01 2.768421e+00 2.20032707e-02
4.615385e+00 5.710526e-01 2.973684e+00 1.85284838e-02
4.615385e+00 5.710526e-01 3.178947e+00 1.55489258e-02
4.615385e+00 5.710526e-01 3.384211e+00 1.30138351e-02
4.615385e+00 5.710526e-01 3.589474e+00 1.08706094e-02
4.615385e+00 5.710526e-01 3.794737e+00 9.06788837e-03
4.615385e+00 5.710526e-01 4.000000e+00 7.55778095e-03
4.615385e+00 8.315790e-01 1.000000e-01 2.25822656e+04
4.615385e+00 8.315790e-01 3.052632e-01 4.32381516e+01
4.615385e+00 8.315790e-01 5.105263e-01 6.85678720e-01
4.615385e+00 8.315790e-01 7.157895e-01 6.14176542e-02
4.615385e+00 8.315790e-01 9.210526e-01 4.31693755e-02
4.615385e+00 8.315790e-01 1.126316e+00 3.90473828e-02
4.615385e+00 8.315790e-01 1.331579e+00 3.51649821e-02
4.615385e+00 8.315790e-01 1.536842e+00 3.12673040e-02
4.615385e+00 8.315790e-01 1.742105e+00 2.74797138e-02
4.615385e+00 8.315790e-01 1.947368e+00 2.39052977e-02
4.615385e+00 8.315790e-01 2.152632e+00 2.06124503e-02
4.615385e+00 8.315790e-01 2.357895e+00 1.76392030e-02
4.615385e+00 8.315790e-01 2.563158e+00 1.49987321e-02
4.615385e+00 8.315790e-01 2.768421e+00 1.26860393e-02
4.615385e+00 8.315790e-01 2.973684e+00 1.06835188e-02
4.615385e+00 8.315790e-01 3.178947e+00 8.96608736e-03
4.615385e+00 8.315790e-01 3.384211e+00 7.50458427e-03
4.615385e+00 8.315790e-01 3.589474e+00 6.26885984e-03
4.615385e+00 8.315790e-01 3.794737e+00 5.22936648e-03
4.615385e+00 8.315790e-01 4.000000e+00 4.35852073e-03
4.615385e+00 1.092105e+00 1.000000e-01 1.75766719e+04
4.615385e+00 1.092105e+00 3.052632e-01 3.36418037e+01
4.615385e+00 1.092105e+00 5.105263e-01 5.23478389e-01
4.615385e+00 1.092105e+00 7.157895e-01 3.81976776e-02
4.615385e+00 1.092105e+00 9.210526e-01 2.46813595e-02
4.615385e+00 1.092105e+00 1.126316e+00 2.22425312e-02
4.615385e+00 1.092105e+00 1.331579e+00 2.00317055e-02
4.615385e+00 1.092105e+00 1.536842e+00 1.78144891e-02
4.615385e+00 1.092105e+00 1.742105e+00 1.56592559e-02
4.615385e+00 1.092105e+00 1.947368e+00 1.36244725e-02
4.615385e+00 1.092105e+00 2.152632e+00 1.17493970e-02
4.615385e+00 1.092105e+00 2.357895e+00 1.00558093e-02
4.615385e+00 1.092105e+00 2.563158e+00 8.55139829e-03
4.615385e+00 1.092105e+00 2.768421e+00 7.23341107e-03
4.615385e+00 1.092105e+00 2.973684e+00 6.09202171e-03
4.615385e+00 1.092105e+00 3.178947e+00 5.11295581e-03
4.615385e+00 1.092105e+00 3.384211e+00 4.27968754e-03
4.615385e+00 1.092105e+00 3.589474e+00 3.57507356e-03
4.615385e+00 1.092105e+00 3.794737e+00 2.98228953e-03
4.615385e+00 1.092105e+00 4.000000e+00 2.48566922e-03
4.615385e+00 1.352632e+00 1.000000e-01 1.27828691e+04
4.615385e+00 1.352632e+00 3.052632e-01 2.44600811e+01
4.615385e+00 1.352632e+00 5.105263e-01 3.75857174e-01
4.615385e+00 1.352632e+00 7.157895e-01 2.32346337e-02
4.615385e+00 1.352632e+00 9.210526e-01 1.37293814e-02
4.615385e+00 1.352632e+00 1.126316e+00 1.23187695e-02
4.615385e+00 1.352632e+00 1.331579e+00 1.10940430e-02
4.615385e+00 1.352632e+00 1.536842e+00 9.86749679e-03
4.615385e+00 1.352632e+00 1.742105e+00 8.67490564e-03
4.615385e+00 1.352632e+00 1.947368e+00 7.54862605e-03
4.615385e+00 1.352632e+00 2.152632e+00 6.51049521e-03
4.615385e+00 1.352632e+00 2.357895e+00 5.57258865e-03
4.615385e+00 1.352632e+00 2.563158e+00 4.73925890e-03
4.615385e+00 1.352632e+00 2.768421e+00 4.00910992e-03
4.615385e+00 1.352632e+00 2.973684e+00 3.37667949e-03
4.615385e+00 1.352632e+00 3.178947e+00 2.83411262e-03
4.615385e+00 1.352632e+00 3.384211e+00 2.37231539e-03
4.615385e+00 1.352632e+00 3.589474e+00 1.98176829e-03
4.615385e+00 1.352632e+00 3.794737e+00 1.65319175e-03
4.615385e+00 1.352632e+00 4.000000e+00 1.37789710e-03
4.615385e+00 1.613158e+00 1.000000e-01 8.68645312e+03
4.615385e+00 1.613158e+00 3.052632e-01 1.66182156e+01
4.615385e+00 1.613158e+00 5.105263e-01 2.53140837e-01
4.615385e+00 1.613158e+00 7.157895e-01 1.36734219e-02
4.615385e+00 1.613158e+00 9.210526e-01 7.36529892e-03
4.615385e+00 1.613158e+00 1.126316e+00 6.57542096e-03
4.615385e+00 1.613158e+00 1.331579e+00 5.92121342e-03
4.615385e+00 1.613158e+00 1.536842e+00 5.26719308e-03
4.615385e+00 1.613158e+00 1.742105e+00 4.63110209e-03
4.615385e+00 1.613158e+00 1.947368e+00 4.03026119e-03
4.615385e+00 1.613158e+00 2.152632e+00 3.47631634e-03
4.615385e+00 1.613158e+00 2.357895e+00 2.97575397e-03
4.615385e+00 1.613158e+00 2.563158e+00 2.53093778e-03
4.615385e+00 1.613158e+00 2.768421e+00 2.14113016e-03
4.615385e+00 1.613158e+00 2.973684e+00 1.80345308e-03
4.615385e+00 1.613158e+00 3.178947e+00 1.51373050e-03
4.615385e+00 1.613158e+00 3.384211e+00 1.26710755e-03
4.615385e+00 1.613158e+00 3.589474e+00 1.05852401e-03
4.615385e+00 1.613158e+00 3.794737e+00 8.83028843e-04
4.615385e+00 1.613158e+00 4.000000e+00 7.35986163e-04
4.615385e+00 1.873684e+00 1.000000e-01 5.51542871e+03
4.615385e+00 1.873684e+00 3.052632e-01 1.05499477e+01
4.615385e+00 1.873684e+00 5.105263e-01 1.59701809e-01
4.615385e+00 1.873684e+00 7.157895e-01 7.72836246e-03
4.615385e+00 1.873684e+00 9.210526e-01 3.79119790e-03
4.615385e+00 1.873684e+00 1.126316e+00 3.36558116e-03
4.615385e+00 1.873684e+00 1.331579e+00 3.03035532e-03
4.615385e+00 1.873684e+00 1.536842e+00 2.69588199e-03
4.615385e+00 1.873684e+00 1.742105e+00 2.37054122e-03
4.615385e+00 1.873684e+00 1.947368e+00 2.06316588e-03
4.615385e+00 1.873684e+00 2.152632e+00 1.77973229e-03
4.615385e+00 1.873684e+00 2.357895e+00 1.52356876e-03
4.615385e+00 1.873684e+00 2.563158e+00 1.29589834e-03
4.615385e+00 1.873684e+00 2.768421e+00 1.09636015e-03
4.615385e+00 1.873684e+00 2.973684e+00 9.23489104e-04
4.615385e+00 1.873684e+00 3.178947e+00 7.75152934e-04
4.615385e+00 1.873684e+00 3.384211e+00 6.48875430e-04
4.615385e+00 1.873684e+00 3.589474e+00 5.42069320e-04
4.615385e+00 1.873684e+00 3.794737e+00 4.52201872e-04
4.615385e+00 1.873684e+00 4.000000e+00 3.76901618e-04
4.615385e+00 2.134211e+00 1.000000e-01 3.27219092e+03
4.615385e+00 2.134211e+00 3.052632e-01 6.25821972e+00
4.615385e+00 2.134211e+00 5.105263e-01 9.42997709e-02
4.615385e+00 2.134211e+00 7.157895e-01 4.17288346e-03
4.615385e+00 2.134211e+00 9.210526e-01 1.86657649e-03
4.615385e+00 2.134211e+00 1.126316e+00 1.64681976e-03
4.615385e+00 2.134211e+00 1.331579e+00 1.48254237e-03
4.615385e+00 2.134211e+00 1.536842e+00 1.31900946e-03
4.615385e+00 2.134211e+00 1.742105e+00 1.15992757e-03
4.615385e+00 2.134211e+00 1.947368e+00 1.00960187e-03
4.615385e+00 2.134211e+00 2.152632e+00 8.70961521e-04
4.615385e+00 2.134211e+00 2.357895e+00 7.45644327e-04
4.615385e+00 2.134211e+00 2.563158e+00 6.34252792e-04
4.615385e+00 2.134211e+00 2.768421e+00 5.36614971e-04
4.615385e+00 2.134211e+00 2.973684e+00 4.52017062e-04
4.615385e+00 2.134211e+00 3.178947e+00 3.79421283e-04
4.615385e+00 2.134211e+00 3.384211e+00 3.17617261e-04
4.615385e+00 2.134211e+00 3.589474e+00 2.65339506e-04
4.615385e+00 2.134211e+00 3.794737e+00 2.21351744e-04
4.615385e+00 2.134211e+00 4.000000e+00 1.84492164e-04
4.615385e+00 2.394737e+00 1.000000e-01 1.81393286e+03
4.615385e+00 2.394737e+00 3.052632e-01 3.46883869e+00
4.615385e+00 2.394737e+00 5.105263e-01 5.20890616e-02
4.615385e+00 2.394737e+00 7.157895e-01 2.14355509e-03
4.615385e+00 2.394737e+00 9.210526e-01 8.77242361e-04
4.615385e+00 2.394737e+00 1.126316e+00 7.68888334e-04
4.615385e+00 2.394737e+00 1.331579e+00 6.92052301e-04
4.615385e+00 2.394737e+00 1.536842e+00 6.15753757e-04
4.615385e+00 2.394737e+00 1.742105e+00 5.41527523e-04
4.615385e+00 2.394737e+00 1.947368e+00 4.71377163e-04
4.615385e+00 2.394737e+00 2.152632e+00 4.06670064e-04
4.615385e+00 2.394737e+00 2.357895e+00 3.48173984e-04
4.615385e+00 2.394737e+00 2.563158e+00 2.96173850e-04
4.615385e+00 2.394737e+00 2.768421e+00 2.50588433e-04
4.615385e+00 2.394737e+00 2.973684e+00 2.11088773e-04
4.615385e+00 2.394737e+00 3.178947e+00 1.77191207e-04
4.615385e+00 2.394737e+00 3.384211e+00 1.48330728e-04
4.615385e+00 2.394737e+00 3.589474e+00 1.23917780e-04
4.615385e+00 2.394737e+00 3.794737e+00 1.03375292e-04
4.615385e+00 2.394737e+00 4.000000e+00 8.61612061e-05
4.615385e+00 2.655263e+00 1.000000e-01 9.39564331e+02
4.615385e+00 2.655263e+00 3.052632e-01 1.79658473e+00
4.615385e+00 2.655263e+00 5.105263e-01 2.69076154e-02
4.615385e+00 2.655263e+00 7.157895e-01 1.04415813e-03
4.615385e+00 2.655263e+00 9.210526e-01 3.93011665e-04
4.615385e+00 2.655263e+00 1.126316e+00 3.42130807e-04
4.615385e+00 2.655263e+00 1.331579e+00 3.07875656e-04
4.615385e+00 2.655263e+00 1.536842e+00 2.73946294e-04
4.615385e+00 2.655263e+00 1.742105e+00 2.40938025e-04
4.615385e+00 2.655263e+00 1.947368e+00 2.09738384e-04
4.615385e+00 2.655263e+00 2.152632e+00 1.80956165e-04
4.615385e+00 2.655263e+00 2.357895e+00 1.54934183e-04
4.615385e+00 2.655263e+00 2.563158e+00 1.31799505e-04
4.615385e+00 2.655263e+00 2.768421e+00 1.11517016e-04
4.615385e+00 2.655263e+00 2.973684e+00 9.39411839e-05
4.615385e+00 2.655263e+00 3.178947e+00 7.88570906e-05
4.615385e+00 2.655263e+00 3.384211e+00 6.60139558e-05
4.615385e+00 2.655263e+00 3.589474e+00 5.51495359e-05
4.615385e+00 2.655263e+00 3.794737e+00 4.60072661e-05
4.615385e+00 2.655263e+00 4.000000e+00 3.83461957e-05
4.615385e+00 2.915789e+00 1.000000e-01 4.54731781e+02
4.615385e+00 2.915789e+00 3.052632e-01 8.69444728e-01
4.615385e+00 2.915789e+00 5.105263e-01 1.29957804e-02
4.615385e+00 2.915789e+00 7.157895e-01 4.81058989e-04
4.615385e+00 2.915789e+00 9.210526e-01 1.67671707e-04
4.615385e+00 2.915789e+00 1.126316e+00 1.44971185e-04
4.615385e+00 2.915789e+00 1.331579e+00 1.30426284e-04
4.615385e+00 2.915789e+00 1.536842e+00 1.16058138e-04
4.615385e+00 2.915789e+00 1.742105e+00 1.02079459e-04
4.615385e+00 2.915789e+00 1.947368e+00 8.88650538e-05
4.615385e+00 2.915789e+00 2.152632e+00 7.66736484e-05
4.615385e+00 2.915789e+00 2.357895e+00 6.56501870e-05
4.615385e+00 2.915789e+00 2.563158e+00 5.58491047e-05
4.615385e+00 2.915789e+00 2.768421e+00 4.72559550e-05
4.615385e+00 2.915789e+00 2.973684e+00 3.98088450e-05
4.615385e+00 2.915789e+00 3.178947e+00 3.34174183e-05
4.615385e+00 2.915789e+00 3.384211e+00 2.79751221e-05
4.615385e+00 2.915789e+00 3.589474e+00 2.33712344e-05
4.615385e+00 2.915789e+00 3.794737e+00 1.94969944e-05
4.615385e+00 2.915789e+00 4.000000e+00 1.62504093e-05
4.615385e+00 3.176316e+00 1.000000e-01 2.05639587e+02
4.615385e+00 3.176316e+00 3.052632e-01 3.93155783e-01
4.615385e+00 3.176316e+00 5.105263e-01 5.86760510e-03
4.615385e+00 3.176316e+00 7.157895e-01 2.09172635e-04
4.615385e+00 3.176316e+00 9.210526e-01 6.80586454e-05
4.615385e+00 3.176316e+00 1.126316e+00 5.84557311e-05
4.615385e+00 3.176316e+00 1.331579e+00 5.25788928e-05
4.615385e+00 3.176316e+00 1.536842e+00 4.67883656e-05
4.615385e+00 3.176316e+00 1.742105e+00 4.11547881e-05
4.615385e+00 3.176316e+00 1.947368e+00 3.58287834e-05
4.615385e+00 3.176316e+00 2.152632e+00 3.09146308e-05
4.615385e+00 3.176316e+00 2.357895e+00 2.64708851e-05
4.615385e+00 3.176316e+00 2.563158e+00 2.25196509e-05
4.615385e+00 3.176316e+00 2.768421e+00 1.90550472e-05
4.615385e+00 3.176316e+00 2.973684e+00 1.60525360e-05
4.615385e+00 3.176316e+00 3.178947e+00 1.34753700e-05
4.615385e+00 3.176316e+00 3.384211e+00 1.12809394e-05
4.615385e+00 3.176316e+00 3.589474e+00 9.42449878e-06
4.615385e+00 3.176316e+00 3.794737e+00 7.86222699e-06
4.615385e+00 3.176316e+00 4.000000e+00 6.55303938e-06
4.615385e+00 3.436842e+00 1.000000e-01 8.68923035e+01
4.615385e+00 3.436842e+00 3.052632e-01 1.66117713e-01
4.615385e+00 3.436842e+00 5.105263e-01 2.47630058e-03
4.615385e+00 3.436842e+00 7.157895e-01 8.56881379e-05
4.615385e+00 3.436842e+00 9.210526e-01 2.62569974e-05
4.615385e+00 3.436842e+00 1.126316e+00 2.24127998e-05
4.615385e+00 3.436842e+00 1.331579e+00 2.01550083e-05
4.615385e+00 3.436842e+00 1.536842e+00 1.79359249e-05
4.615385e+00 3.436842e+00 1.742105e+00 1.57769500e-05
4.615385e+00 3.436842e+00 1.947368e+00 1.37357410e-05
4.615385e+00 3.436842e+00 2.152632e+00 1.18521712e-05
4.615385e+00 3.436842e+00 2.357895e+00 1.01487931e-05
4.615385e+00 3.436842e+00 2.563158e+00 8.63410332e-06
4.615385e+00 3.436842e+00 2.768421e+00 7.30594229e-06
4.615385e+00 3.436842e+00 2.973684e+00 6.15482577e-06
4.615385e+00 3.436842e+00 3.178947e+00 5.16676846e-06
4.615385e+00 3.436842e+00 3.384211e+00 4.32540492e-06
4.615385e+00 3.436842e+00 3.589474e+00 3.61361913e-06
4.615385e+00 3.436842e+00 3.794737e+00 3.01460955e-06
4.615385e+00 3.436842e+00 4.000000e+00 2.51262509e-06
4.615385e+00 3.697368e+00 1.000000e-01 3.43067131e+01
4.615385e+00 3.697368e+00 3.052632e-01 6.55836165e-02
4.615385e+00 3.697368e+00 5.105263e-01 9.76775540e-04
4.615385e+00 3.697368e+00 7.157895e-01 3.30225703e-05
4.615385e+00 3.697368e+00 9.210526e-01 9.61694877e-06
4.615385e+00 3.697368e+00 1.126316e+00 8.16312877e-06
4.615385e+00 3.697368e+00 1.331579e+00 7.33930210e-06
4.615385e+00 3.697368e+00 1.536842e+00 6.53140751e-06
4.615385e+00 3.697368e+00 1.742105e+00 5.74542082e-06
4.615385e+00 3.697368e+00 1.947368e+00 5.00222495e-06
4.615385e+00 3.697368e+00 2.152632e+00 4.31638910e-06
4.615385e+00 3.697368e+00 2.357895e+00 3.69614531e-06
4.615385e+00 3.697368e+00 2.563158e+00 3.14456975e-06
4.615385e+00 3.697368e+00 2.768421e+00 2.66089228e-06
4.615385e+00 3.697368e+00 2.973684e+00 2.24167343e-06
4.615385e+00 3.697368e+00 3.178947e+00 1.88183060e-06
4.615385e+00 3.697368e+00 3.384211e+00 1.57540285e-06
4.615385e+00 3.697368e+00 3.589474e+00 1.31615968e-06
4.615385e+00 3.697368e+00 3.794737e+00 1.09799180e-06
4.615385e+00 3.697368e+00 4.000000e+00 9.15157955e-07
4.615385e+00 3.957895e+00 1.000000e-01 1.26560984e+01
4.615385e+00 3.957895e+00 3.052632e-01 2.41936576e-02
4.615385e+00 3.957895e+00 5.105263e-01 3.60087201e-04
4.615385e+00 3.957895e+00 7.157895e-01 1.19573633e-05
4.615385e+00 3.957895e+00 9.210526e-01 3.33920184e-06
4.615385e+00 3.957895e+00 1.126316e+00 2.82065776e-06
4.615385e+00 3.957895e+00 1.331579e+00 2.53555208e-06
4.615385e+00 3.957895e+00 1.536842e+00 2.25649001e-06
4.615385e+00 3.957895e+00 1.742105e+00 1.98499583e-06
4.615385e+00 3.957895e+00 1.947368e+00 1.72827765e-06
4.615385e+00 3.957895e+00 2.152632e+00 1.49135599e-06
4.615385e+00 3.957895e+00 2.357895e+00 1.27707835e-06
4.615385e+00 3.957895e+00 2.563158e+00 1.08652102e-06
4.615385e+00 3.957895e+00 2.768421e+00 9.19410979e-07
4.615385e+00 3.957895e+00 2.973684e+00 7.74570026e-07
4.615385e+00 3.957895e+00 3.178947e+00 6.50237894e-07
4.615385e+00 3.957895e+00 3.384211e+00 5.44359636e-07
4.615385e+00 3.957895e+00 3.589474e+00 4.54784043e-07
4.615385e+00 3.957895e+00 3.794737e+00 3.79398841e-07
4.615385e+00 3.957895e+00 4.000000e+00 3.16222781e-07
4.615385e+00 4.218421e+00 1.000000e-01 4.36258268e+00
4.615385e+00 4.218421e+00 3.052632e-01 8.33939109e-03
4.615385e+00 4.218421e+00 5.105263e-01 1.24056896e-04
4.615385e+00 4.218421e+00 7.157895e-01 4.06384379e-06
4.615385e+00 4.218421e+00 9.210526e-01 1.09737368e-06
4.615385e+00 4.218421e+00 1.126316e+00 9.23205448e-07
4.615385e+00 4.218421e+00 1.331579e+00 8.29762996e-07
4.615385e+00 4.218421e+00 1.536842e+00 7.38451149e-07
4.615385e+00 4.218421e+00 1.742105e+00 6.49618698e-07
4.615385e+00 4.218421e+00 1.947368e+00 5.65614698e-07
4.615385e+00 4.218421e+00 2.152632e+00 4.88087267e-07
4.615385e+00 4.218421e+00 2.357895e+00 4.17966447e-07
4.615385e+00 4.218421e+00 2.563158e+00 3.55604556e-07
4.615385e+00 4.218421e+00 2.768421e+00 3.00915502e-07
4.615385e+00 4.218421e+00 2.973684e+00 2.53512241e-07
4.615385e+00 4.218421e+00 3.178947e+00 2.12820737e-07
4.615385e+00 4.218421e+00 3.384211e+00 1.78168207e-07
4.615385e+00 4.218421e+00 3.589474e+00 1.48850532e-07
4.615385e+00 4.218421e+00 3.794737e+00 1.24177049e-07
4.615385e+00 4.218421e+00 4.000000e+00 1.03499815e-07
4.615385e+00 4.478947e+00 1.000000e-01 1.40511119e+00
4.615385e+00 4.478947e+00 3.052632e-01 2.68592010e-03
4.615385e+00 4.478947e+00 5.105263e-01 3.99409109e-05
4.615385e+00 4.478947e+00 7.157895e-01 1.29515865e-06
4.615385e+00 4.478947e+00 9.210526e-01 3.40716639e-07
4.615385e+00 4.478947e+00 1.126316e+00 2.85705880e-07
4.615385e+00 4.478947e+00 1.331579e+00 2.56756664e-07
4.615385e+00 4.478947e+00 1.536842e+00 2.28504987e-07
4.615385e+00 4.478947e+00 1.742105e+00 2.01020327e-07
4.615385e+00 4.478947e+00 1.947368e+00 1.75028646e-07
4.615385e+00 4.478947e+00 2.152632e+00 1.51039956e-07
4.615385e+00 4.478947e+00 2.357895e+00 1.29342610e-07
4.615385e+00 4.478947e+00 2.563158e+00 1.10045654e-07
4.615385e+00 4.478947e+00 2.768421e+00 9.31223312e-08
4.615385e+00 4.478947e+00 2.973684e+00 7.84532688e-08
4.615385e+00 4.478947e+00 3.178947e+00 6.58609736e-08
4.615385e+00 4.478947e+00 3.384211e+00 5.51373702e-08
4.615385e+00 4.478947e+00 3.589474e+00 4.60646703e-08
4.615385e+00 4.478947e+00 3.794737e+00 3.84290750e-08
4.615385e+00 4.478947e+00 4.000000e+00 3.20300408e-08
4.615385e+00 4.739474e+00 1.000000e-01 4.22863096e-01
4.615385e+00 4.739474e+00 3.052632e-01 8.08306388e-04
4.615385e+00 4.739474e+00 5.105263e-01 1.20166460e-05
4.615385e+00 4.739474e+00 7.157895e-01 3.86777373e-07
4.615385e+00 4.739474e+00 9.210526e-01 9.97607756e-08
4.615385e+00 4.739474e+00 1.126316e+00 8.34421101e-08
4.615385e+00 4.739474e+00 1.331579e+00 7.49800790e-08
4.615385e+00 4.739474e+00 1.536842e+00 6.67303937e-08
4.615385e+00 4.739474e+00 1.742105e+00 5.87049769e-08
4.615385e+00 4.739474e+00 1.947368e+00 5.11151796e-08
4.615385e+00 4.739474e+00 2.152632e+00 4.41100347e-08
4.615385e+00 4.739474e+00 2.357895e+00 3.77738409e-08
4.615385e+00 4.739474e+00 2.563158e+00 3.21384519e-08
4.615385e+00 4.739474e+00 2.768421e+00 2.71963039e-08
4.615385e+00 4.739474e+00 2.973684e+00 2.29123671e-08
4.615385e+00 4.739474e+00 3.178947e+00 1.92348342e-08
4.615385e+00 4.739474e+00 3.384211e+00 1.61030567e-08
4.615385e+00 4.739474e+00 3.589474e+00 1.34533629e-08
4.615385e+00 4.739474e+00 3.794737e+00 1.12233653e-08
4.615385e+00 4.739474e+00 4.000000e+00 9.35450650e-09
4.615385e+00 5.000000e+00 1.000000e-01 1.18908420e-01
4.615385e+00 5.000000e+00 3.052632e-01 2.27292097e-04
4.615385e+00 5.000000e+00 5.105263e-01 3.37837673e-06
4.615385e+00 5.000000e+00 7.157895e-01 1.08161196e-07
4.615385e+00 5.000000e+00 9.210526e-01 2.74965561e-08
4.615385e+00 5.000000e+00 1.126316e+00 2.29551489e-08
4.615385e+00 5.000000e+00 1.331579e+00 2.06257607e-08
4.615385e+00 5.000000e+00 1.536842e+00 1.83565643e-08
4.615385e+00 5.000000e+00 1.742105e+00 1.61490288e-08
4.615385e+00 5.000000e+00 1.947368e+00 1.40612739e-08
4.615385e+00 5.000000e+00 2.152632e+00 1.21343442e-08
4.615385e+00 5.000000e+00 2.357895e+00 1.03913766e-08
4.615385e+00 5.000000e+00 2.563158e+00 8.84119000e-09
4.615385e+00 5.000000e+00 2.768421e+00 7.48164375e-09
4.615385e+00 5.000000e+00 2.973684e+00 6.30317132e-09
4.615385e+00 5.000000e+00 3.178947e+00 5.29150812e-09
4.615385e+00 5.000000e+00 3.384211e+00 4.42995951e-09
4.615385e+00 5.000000e+00 3.589474e+00 3.70103126e-09
4.615385e+00 5.000000e+00 3.794737e+00 3.08756487e-09
4.615385e+00 5.000000e+00 4.000000e+00 2.57343569e-09
4.871795e+00 5.000000e-02 1.000000e-01 3.14999062e+04
4.871795e+00 5.000000e-02 3.052632e-01 6.45449448e+01
4.871795e+00 5.000000e-02 5.105263e-01 1.33028007e+00
4.871795e+00 5.000000e-02 7.157895e-01 2.63619989e-01
4.871795e+00 5.000000e-02 9.210526e-01 2.19632819e-01
4.871795e+00 5.000000e-02 1.126316e+00 2.01764166e-01
4.871795e+00 5.000000e-02 1.331579e+00 1.83696985e-01
4.871795e+00 5.000000e-02 1.536842e+00 1.65255755e-01
4.871795e+00 5.000000e-02 1.742105e+00 1.47048488e-01
4.871795e+00 5.000000e-02 1.947368e+00 1.29578382e-01
4.871795e+00 5.000000e-02 2.152632e+00 1.13209568e-01
4.871795e+00 5.000000e-02 2.357895e+00 9.81741548e-02
4.871795e+00 5.000000e-02 2.563158e+00 8.45925137e-02
4.871795e+00 5.000000e-02 2.768421e+00 7.24934042e-02
4.871795e+00 5.000000e-02 2.973684e+00 6.18427806e-02
4.871795e+00 5.000000e-02 3.178947e+00 5.25590442e-02
4.871795e+00 5.000000e-02 3.384211e+00 4.45341095e-02
4.871795e+00 5.000000e-02 3.589474e+00 3.76447700e-02
4.871795e+00 5.000000e-02 3.794737e+00 3.17637734e-02
4.871795e+00 5.000000e-02 4.000000e+00 2.67671384e-02
4.871795e+00 3.105263e-01 1.000000e-01 3.00545625e+04
4.871795e+00 3.105263e-01 3.052632e-01 6.14514046e+01
4.871795e+00 3.105263e-01 5.105263e-01 1.14290583e+00
4.871795e+00 3.105263e-01 7.157895e-01 1.31539404e-01
4.871795e+00 3.105263e-01 9.210526e-01 9.72565189e-02
4.871795e+00 3.105263e-01 1.126316e+00 8.88970271e-02
4.871795e+00 3.105263e-01 1.331579e+00 8.09454918e-02
4.871795e+00 3.105263e-01 1.536842e+00 7.28434622e-02
4.871795e+00 3.105263e-01 1.742105e+00 6.48393631e-02
4.871795e+00 3.105263e-01 1.947368e+00 5.71539290e-02
4.871795e+00 3.105263e-01 2.152632e+00 4.99485135e-02
4.871795e+00 3.105263e-01 2.357895e+00 4.33257706e-02
4.871795e+00 3.105263e-01 2.563158e+00 3.73400599e-02
4.871795e+00 3.105263e-01 2.768421e+00 3.20056453e-02
4.871795e+00 3.105263e-01 2.973684e+00 2.73076817e-02
4.871795e+00 3.105263e-01 3.178947e+00 2.32112966e-02
4.871795e+00 3.105263e-01 3.384211e+00 1.96691118e-02
4.871795e+00 3.105263e-01 3.589474e+00 1.66275706e-02
4.871795e+00 3.105263e-01 3.794737e+00 1.40307480e-02
4.871795e+00 3.105263e-01 4.000000e+00 1.18239718e-02
4.871795e+00 5.710526e-01 1.000000e-01 2.67937988e+04
4.871795e+00 5.710526e-01 3.052632e-01 5.47442818e+01
4.871795e+00 5.710526e-01 5.105263e-01 9.82534468e-01
4.871795e+00 5.710526e-01 7.157895e-01 8.27850848e-02
4.871795e+00 5.710526e-01 9.210526e-01 5.44287711e-02
4.871795e+00 5.710526e-01 1.126316e+00 4.94684316e-02
4.871795e+00 5.710526e-01 1.331579e+00 4.50425148e-02
4.871795e+00 5.710526e-01 1.536842e+00 4.05434892e-02
4.871795e+00 5.710526e-01 1.742105e+00 3.60968150e-02
4.871795e+00 5.710526e-01 1.947368e+00 3.18254270e-02
4.871795e+00 5.710526e-01 2.152632e+00 2.78187133e-02
4.871795e+00 5.710526e-01 2.357895e+00 2.41346564e-02
4.871795e+00 5.710526e-01 2.563158e+00 2.08036173e-02
4.871795e+00 5.710526e-01 2.768421e+00 1.78339817e-02
4.871795e+00 5.710526e-01 2.973684e+00 1.52178947e-02
4.871795e+00 5.710526e-01 3.178947e+00 1.29362186e-02
4.871795e+00 5.710526e-01 3.384211e+00 1.09629286e-02
4.871795e+00 5.710526e-01 3.589474e+00 9.26816743e-03
4.871795e+00 5.710526e-01 3.794737e+00 7.82096293e-03
4.871795e+00 5.710526e-01 4.000000e+00 6.59104902e-03
4.871795e+00 8.315790e-01 1.000000e-01 2.23192598e+04
4.871795e+00 8.315790e-01 3.052632e-01 4.55830078e+01
4.871795e+00 8.315790e-01 5.105263e-01 8.02851379e-01
4.871795e+00 8.315790e-01 7.157895e-01 5.42272590e-02
4.871795e+00 8.315790e-01 9.210526e-01 3.15492116e-02
4.871795e+00 8.315790e-01 1.126316e+00 2.84796469e-02
4.871795e+00 8.315790e-01 1.331579e+00 2.59283613e-02
4.871795e+00 8.315790e-01 1.536842e+00 2.33424436e-02
4.871795e+00 8.315790e-01 1.742105e+00 2.07860917e-02
4.871795e+00 8.315790e-01 1.947368e+00 1.83295384e-02
4.871795e+00 8.315790e-01 2.152632e+00 1.60244089e-02
4.871795e+00 8.315790e-01 2.357895e+00 1.39042046e-02
4.871795e+00 8.315790e-01 2.563158e+00 1.19866449e-02
4.871795e+00 8.315790e-01 2.768421e+00 1.02766706e-02
4.871795e+00 8.315790e-01 2.973684e+00 8.76992289e-03
4.871795e+00 8.315790e-01 3.178947e+00 7.45556317e-03
4.871795e+00 8.315790e-01 3.384211e+00 6.31863112e-03
4.871795e+00 8.315790e-01 3.589474e+00 5.34203555e-03
4.871795e+00 8.315790e-01 3.794737e+00 4.50802641e-03
4.871795e+00 8.315790e-01 4.000000e+00 3.79917212e-03
4.871795e+00 1.092105e+00 1.000000e-01 1.73719043e+04
4.871795e+00 1.092105e+00 3.052632e-01 3.54684334e+01
4.871795e+00 1.092105e+00 5.105263e-01 6.17552102e-01
4.871795e+00 1.092105e+00 7.157895e-01 3.53259593e-02
4.871795e+00 1.092105e+00 9.210526e-01 1.81157980e-02
4.871795e+00 1.092105e+00 1.126316e+00 1.62217338e-02
4.871795e+00 1.092105e+00 1.331579e+00 1.47653800e-02
4.871795e+00 1.092105e+00 1.536842e+00 1.32945227e-02
4.871795e+00 1.092105e+00 1.742105e+00 1.18402820e-02
4.871795e+00 1.092105e+00 1.947368e+00 1.04423342e-02
4.871795e+00 1.092105e+00 2.152632e+00 9.13024321e-03
4.871795e+00 1.092105e+00 2.357895e+00 7.92311132e-03
4.871795e+00 1.092105e+00 2.563158e+00 6.83106342e-03
4.871795e+00 1.092105e+00 2.768421e+00 5.85704204e-03
4.871795e+00 1.092105e+00 2.973684e+00 4.99866251e-03
4.871795e+00 1.092105e+00 3.178947e+00 4.24974132e-03
4.871795e+00 1.092105e+00 3.384211e+00 3.60184256e-03
4.871795e+00 1.092105e+00 3.589474e+00 3.04524438e-03
4.871795e+00 1.092105e+00 3.794737e+00 2.56987498e-03
4.871795e+00 1.092105e+00 4.000000e+00 2.16580881e-03
4.871795e+00 1.352632e+00 1.000000e-01 1.26338857e+04
4.871795e+00 1.352632e+00 3.052632e-01 2.57886848e+01
4.871795e+00 1.352632e+00 5.105263e-01 4.45613861e-01
4.871795e+00 1.352632e+00 7.157895e-01 2.24348586e-02
4.871795e+00 1.352632e+00 9.210526e-01 1.01279719e-02
4.871795e+00 1.352632e+00 1.126316e+00 8.98436084e-03
4.871795e+00 1.352632e+00 1.331579e+00 8.17527249e-03
4.871795e+00 1.352632e+00 1.536842e+00 7.36161182e-03
4.871795e+00 1.352632e+00 1.742105e+00 6.55710464e-03
4.871795e+00 1.352632e+00 1.947368e+00 5.78358211e-03
4.871795e+00 1.352632e+00 2.152632e+00 5.05738659e-03
4.871795e+00 1.352632e+00 2.357895e+00 4.38912306e-03
4.871795e+00 1.352632e+00 2.563158e+00 3.78446258e-03
4.871795e+00 1.352632e+00 2.768421e+00 3.24507616e-03
4.871795e+00 1.352632e+00 2.973684e+00 2.76964717e-03
4.871795e+00 1.352632e+00 3.178947e+00 2.35479395e-03
4.871795e+00 1.352632e+00 3.384211e+00 1.99586083e-03
4.871795e+00 1.352632e+00 3.589474e+00 1.68748805e-03
4.871795e+00 1.352632e+00 3.794737e+00 1.42409350e-03
4.871795e+00 1.352632e+00 4.000000e+00 1.20019284e-03
4.871795e+00 1.613158e+00 1.000000e-01 8.58516797e+03
4.871795e+00 1.613158e+00 3.052632e-01 1.75207844e+01
4.871795e+00 1.613158e+00 5.105263e-01 3.01155269e-01
4.871795e+00 1.613158e+00 7.157895e-01 1.37293898e-02
4.871795e+00 1.613158e+00 9.210526e-01 5.46444766e-03
4.871795e+00 1.613158e+00 1.126316e+00 4.79599833e-03
4.871795e+00 1.613158e+00 1.331579e+00 4.36243927e-03
4.871795e+00 1.613158e+00 1.536842e+00 3.92855750e-03
4.871795e+00 1.613158e+00 1.742105e+00 3.49954516e-03
4.871795e+00 1.613158e+00 1.947368e+00 3.08700046e-03
4.871795e+00 1.613158e+00 2.152632e+00 2.69961241e-03
4.871795e+00 1.613158e+00 2.357895e+00 2.34307232e-03
4.871795e+00 1.613158e+00 2.563158e+00 2.02042027e-03
4.871795e+00 1.613158e+00 2.768421e+00 1.73255382e-03
4.871795e+00 1.613158e+00 2.973684e+00 1.47878809e-03
4.871795e+00 1.613158e+00 3.178947e+00 1.25733763e-03
4.871795e+00 1.613158e+00 3.384211e+00 1.06571871e-03
4.871795e+00 1.613158e+00 3.589474e+00 9.01076419e-04
4.871795e+00 1.613158e+00 3.794737e+00 7.60443218e-04
4.871795e+00 1.613158e+00 4.000000e+00 6.40891492e-04
4.871795e+00 1.873684e+00 1.000000e-01 5.45108887e+03
4.871795e+00 1.873684e+00 3.052632e-01 1.11227226e+01
4.871795e+00 1.873684e+00 5.105263e-01 1.90457672e-01
4.871795e+00 1.873684e+00 7.157895e-01 8.03389866e-03
4.871795e+00 1.873684e+00 9.210526e-01 2.83066230e-03
4.871795e+00 1.873684e+00 1.126316e+00 2.45514489e-03
4.871795e+00 1.873684e+00 1.331579e+00 2.23217718e-03
4.871795e+00 1.873684e+00 1.536842e+00 2.01028795e-03
4.871795e+00 1.873684e+00 1.742105e+00 1.79090223e-03
4.871795e+00 1.873684e+00 1.947368e+00 1.57990248e-03
4.871795e+00 1.873684e+00 2.152632e+00 1.38173345e-03
4.871795e+00 1.873684e+00 2.357895e+00 1.19932543e-03
4.871795e+00 1.873684e+00 2.563158e+00 1.03423069e-03
4.871795e+00 1.873684e+00 2.768421e+00 8.86917114e-04
4.871795e+00 1.873684e+00 2.973684e+00 7.57041562e-04
4.871795e+00 1.873684e+00 3.178947e+00 6.43696054e-04
4.871795e+00 1.873684e+00 3.384211e+00 5.45608287e-04
4.871795e+00 1.873684e+00 3.589474e+00 4.61326417e-04
4.871795e+00 1.873684e+00 3.794737e+00 3.89330758e-04
4.871795e+00 1.873684e+00 4.000000e+00 3.28125083e-04
4.871795e+00 2.134211e+00 1.000000e-01 3.23400269e+03
4.871795e+00 2.134211e+00 3.052632e-01 6.59781122e+00
4.871795e+00 2.134211e+00 5.105263e-01 1.12659909e-01
4.871795e+00 2.134211e+00 7.157895e-01 4.47076187e-03
4.871795e+00 2.134211e+00 9.210526e-01 1.40323921e-03
4.871795e+00 2.134211e+00 1.126316e+00 1.20156922e-03
4.871795e+00 2.134211e+00 1.331579e+00 1.09187781e-03
4.871795e+00 2.134211e+00 1.536842e+00 9.83382692e-04
4.871795e+00 2.134211e+00 1.742105e+00 8.76125006e-04
4.871795e+00 2.134211e+00 1.947368e+00 7.72949483e-04
4.871795e+00 2.134211e+00 2.152632e+00 6.76041469e-04
4.871795e+00 2.134211e+00 2.357895e+00 5.86826820e-04
4.871795e+00 2.134211e+00 2.563158e+00 5.06069802e-04
4.871795e+00 2.134211e+00 2.768421e+00 4.34003188e-04
4.871795e+00 2.134211e+00 2.973684e+00 3.70463327e-04
4.871795e+00 2.134211e+00 3.178947e+00 3.15004698e-04
4.871795e+00 2.134211e+00 3.384211e+00 2.67009804e-04
4.871795e+00 2.134211e+00 3.589474e+00 2.25768119e-04
4.871795e+00 2.134211e+00 3.794737e+00 1.90536637e-04
4.871795e+00 2.134211e+00 4.000000e+00 1.60583368e-04
4.871795e+00 2.394737e+00 1.000000e-01 1.79275378e+03
4.871795e+00 2.394737e+00 3.052632e-01 3.65695477e+00
4.871795e+00 2.394737e+00 5.105263e-01 6.23122305e-02
4.871795e+00 2.394737e+00 7.157895e-01 2.35663471e-03
4.871795e+00 2.394737e+00 9.210526e-01 6.64248364e-04
4.871795e+00 2.394737e+00 1.126316e+00 5.61139372e-04
4.871795e+00 2.394737e+00 1.331579e+00 5.09620062e-04
4.871795e+00 2.394737e+00 1.536842e+00 4.58995870e-04
4.871795e+00 2.394737e+00 1.742105e+00 4.08957509e-04
4.871795e+00 2.394737e+00 1.947368e+00 3.60817357e-04
4.871795e+00 2.394737e+00 2.152632e+00 3.15596000e-04
4.871795e+00 2.394737e+00 2.357895e+00 2.73960788e-04
4.871795e+00 2.394737e+00 2.563158e+00 2.36268897e-04
4.871795e+00 2.394737e+00 2.768421e+00 2.02630777e-04
4.871795e+00 2.394737e+00 2.973684e+00 1.72969507e-04
4.871795e+00 2.394737e+00 3.178947e+00 1.47079772e-04
4.871795e+00 2.394737e+00 3.384211e+00 1.24672457e-04
4.871795e+00 2.394737e+00 3.589474e+00 1.05417537e-04
4.871795e+00 2.394737e+00 3.794737e+00 8.89676085e-05
4.871795e+00 2.394737e+00 4.000000e+00 7.49821047e-05
4.871795e+00 2.655263e+00 1.000000e-01 9.28589905e+02
4.871795e+00 2.655263e+00 3.052632e-01 1.89395618e+00
4.871795e+00 2.655263e+00 5.105263e-01 3.22199948e-02
4.871795e+00 2.655263e+00 7.157895e-01 1.17319962e-03
4.871795e+00 2.655263e+00 9.210526e-01 2.99781503e-04
4.871795e+00 2.655263e+00 1.126316e+00 2.49756267e-04
4.871795e+00 2.655263e+00 1.331579e+00 2.26689110e-04
4.871795e+00 2.655263e+00 1.536842e+00 2.04175492e-04
4.871795e+00 2.655263e+00 1.742105e+00 1.81925396e-04
4.871795e+00 2.655263e+00 1.947368e+00 1.60518452e-04
4.871795e+00 2.655263e+00 2.152632e+00 1.40407312e-04
4.871795e+00 2.655263e+00 2.357895e+00 1.21888734e-04
4.871795e+00 2.655263e+00 2.563158e+00 1.05122926e-04
4.871795e+00 2.655263e+00 2.768421e+00 9.01589956e-05
4.871795e+00 2.655263e+00 2.973684e+00 7.69633843e-05
4.871795e+00 2.655263e+00 3.178947e+00 6.54450923e-05
4.871795e+00 2.655263e+00 3.384211e+00 5.54755898e-05
4.871795e+00 2.655263e+00 3.589474e+00 4.69082079e-05
4.871795e+00 2.655263e+00 3.794737e+00 3.95887728e-05
4.871795e+00 2.655263e+00 4.000000e+00 3.33656462e-05
4.871795e+00 2.915789e+00 1.000000e-01 4.49418518e+02
4.871795e+00 2.915789e+00 3.052632e-01 9.16539490e-01
4.871795e+00 2.915789e+00 5.105263e-01 1.55729465e-02
4.871795e+00 2.915789e+00 7.157895e-01 5.50362689e-04
4.871795e+00 2.915789e+00 9.210526e-01 1.28829386e-04
4.871795e+00 2.915789e+00 1.126316e+00 1.05859479e-04
4.871795e+00 2.915789e+00 1.331579e+00 9.60230027e-05
4.871795e+00 2.915789e+00 1.536842e+00 8.64878821e-05
4.871795e+00 2.915789e+00 1.742105e+00 7.70664628e-05
4.871795e+00 2.915789e+00 1.947368e+00 6.80009252e-05
4.871795e+00 2.915789e+00 2.152632e+00 5.94833837e-05
4.871795e+00 2.915789e+00 2.357895e+00 5.16398832e-05
4.871795e+00 2.915789e+00 2.563158e+00 4.45382211e-05
4.871795e+00 2.915789e+00 2.768421e+00 3.81994287e-05
4.871795e+00 2.915789e+00 2.973684e+00 3.26093468e-05
4.871795e+00 2.915789e+00 3.178947e+00 2.77294585e-05
4.871795e+00 2.915789e+00 3.384211e+00 2.35057323e-05
4.871795e+00 2.915789e+00 3.589474e+00 1.98758407e-05
4.871795e+00 2.915789e+00 3.794737e+00 1.67745657e-05
4.871795e+00 2.915789e+00 4.000000e+00 1.41377723e-05
4.871795e+00 3.176316e+00 1.000000e-01 2.03236038e+02
4.871795e+00 3.176316e+00 3.052632e-01 4.14441079e-01
4.871795e+00 3.176316e+00 5.105263e-01 7.03509012e-03
4.871795e+00 3.176316e+00 7.157895e-01 2.42871567e-04
4.871795e+00 3.176316e+00 9.210526e-01 5.26572476e-05
4.871795e+00 3.176316e+00 1.126316e+00 4.26974220e-05
4.871795e+00 3.176316e+00 1.331579e+00 3.87064647e-05
4.871795e+00 3.176316e+00 1.536842e+00 3.48632529e-05
4.871795e+00 3.176316e+00 1.742105e+00 3.10666292e-05
4.871795e+00 3.176316e+00 1.947368e+00 2.74131689e-05
4.871795e+00 3.176316e+00 2.152632e+00 2.39803721e-05
4.871795e+00 3.176316e+00 2.357895e+00 2.08189340e-05
4.871795e+00 3.176316e+00 2.563158e+00 1.79563394e-05
4.871795e+00 3.176316e+00 2.768421e+00 1.54011341e-05
4.871795e+00 3.176316e+00 2.973684e+00 1.31475999e-05
4.871795e+00 3.176316e+00 3.178947e+00 1.11802992e-05
4.871795e+00 3.176316e+00 3.384211e+00 9.47743411e-06
4.871795e+00 3.176316e+00 3.589474e+00 8.01393799e-06
4.871795e+00 3.176316e+00 3.794737e+00 6.76354375e-06
4.871795e+00 3.176316e+00 4.000000e+00 5.70040356e-06
4.871795e+00 3.436842e+00 1.000000e-01 8.58764420e+01
4.871795e+00 3.436842e+00 3.052632e-01 1.75107166e-01
4.871795e+00 3.436842e+00 5.105263e-01 2.97025451e-03
4.871795e+00 3.436842e+00 7.157895e-01 1.00686513e-04
4.871795e+00 3.436842e+00 9.210526e-01 2.04461703e-05
4.871795e+00 3.436842e+00 1.126316e+00 1.63753393e-05
4.871795e+00 3.436842e+00 1.331579e+00 1.48361660e-05
4.871795e+00 3.436842e+00 1.536842e+00 1.33631793e-05
4.871795e+00 3.436842e+00 1.742105e+00 1.19082815e-05
4.871795e+00 3.436842e+00 1.947368e+00 1.05082254e-05
4.871795e+00 3.436842e+00 2.152632e+00 9.19261947e-06
4.871795e+00 3.436842e+00 2.357895e+00 7.98094061e-06
4.871795e+00 3.436842e+00 2.563158e+00 6.88372847e-06
4.871795e+00 3.436842e+00 2.768421e+00 5.90427362e-06
4.871795e+00 3.436842e+00 2.973684e+00 5.04043146e-06
4.871795e+00 3.436842e+00 3.178947e+00 4.28627845e-06
4.871795e+00 3.436842e+00 3.384211e+00 3.63348136e-06
4.871795e+00 3.436842e+00 3.589474e+00 3.07242817e-06
4.871795e+00 3.436842e+00 3.794737e+00 2.59305989e-06
4.871795e+00 3.436842e+00 4.000000e+00 2.18547029e-06
4.871795e+00 3.697368e+00 1.000000e-01 3.39055481e+01
4.871795e+00 3.697368e+00 3.052632e-01 6.91313744e-02
4.871795e+00 3.697368e+00 5.105263e-01 1.17198576e-03
4.871795e+00 3.697368e+00 7.157895e-01 3.91716385e-05
4.871795e+00 3.697368e+00 9.210526e-01 7.53168479e-06
4.871795e+00 3.697368e+00 1.126316e+00 5.96570953e-06
4.871795e+00 3.697368e+00 1.331579e+00 5.40213114e-06
4.871795e+00 3.697368e+00 1.536842e+00 4.86581484e-06
4.871795e+00 3.697368e+00 1.742105e+00 4.33618243e-06
4.871795e+00 3.697368e+00 1.947368e+00 3.82647477e-06
4.871795e+00 3.697368e+00 2.152632e+00 3.34749529e-06
4.871795e+00 3.697368e+00 2.357895e+00 2.90632715e-06
4.871795e+00 3.697368e+00 2.563158e+00 2.50681978e-06
4.871795e+00 3.697368e+00 2.768421e+00 2.15017189e-06
4.871795e+00 3.697368e+00 2.973684e+00 1.83561417e-06
4.871795e+00 3.697368e+00 3.178947e+00 1.56098679e-06
4.871795e+00 3.697368e+00 3.384211e+00 1.32326090e-06
4.871795e+00 3.697368e+00 3.589474e+00 1.11893951e-06
4.871795e+00 3.697368e+00 3.794737e+00 9.44365524e-07
4.871795e+00 3.697368e+00 4.000000e+00 7.95928486e-07
4.871795e+00 3.957895e+00 1.000000e-01 1.25080805e+01
4.871795e+00 3.957895e+00 3.052632e-01 2.55020242e-02
4.871795e+00 3.957895e+00 5.105263e-01 4.32153261e-04
4.871795e+00 3.957895e+00 7.157895e-01 1.42890549e-05
4.871795e+00 3.957895e+00 9.210526e-01 2.62806702e-06
4.871795e+00 3.957895e+00 1.126316e+00 2.06184086e-06
4.871795e+00 3.957895e+00 1.331579e+00 1.86620252e-06
4.871795e+00 3.957895e+00 1.536842e+00 1.68093413e-06
4.871795e+00 3.957895e+00 1.742105e+00 1.49800508e-06
4.871795e+00 3.957895e+00 1.947368e+00 1.32194839e-06
4.871795e+00 3.957895e+00 2.152632e+00 1.15649630e-06
4.871795e+00 3.957895e+00 2.357895e+00 1.00410182e-06
4.871795e+00 3.957895e+00 2.563158e+00 8.66090318e-07
4.871795e+00 3.957895e+00 2.768421e+00 7.42880957e-07
4.871795e+00 3.957895e+00 2.973684e+00 6.34209641e-07
4.871795e+00 3.957895e+00 3.178947e+00 5.39330244e-07
4.871795e+00 3.957895e+00 3.384211e+00 4.57198553e-07
4.871795e+00 3.957895e+00 3.589474e+00 3.86605649e-07
4.871795e+00 3.957895e+00 3.794737e+00 3.26289722e-07
4.871795e+00 3.957895e+00 4.000000e+00 2.75003174e-07
4.871795e+00 4.218421e+00 1.000000e-01 4.31155348e+00
4.871795e+00 4.218421e+00 3.052632e-01 8.79027136e-03
4.871795e+00 4.218421e+00 5.105263e-01 1.48911218e-04
4.871795e+00 4.218421e+00 7.157895e-01 4.88384194e-06
4.871795e+00 4.218421e+00 9.210526e-01 8.67199049e-07
4.871795e+00 4.218421e+00 1.126316e+00 6.74973194e-07
4.871795e+00 4.218421e+00 1.331579e+00 6.10692041e-07
4.871795e+00 4.218421e+00 1.536842e+00 5.50065579e-07
4.871795e+00 4.218421e+00 1.742105e+00 4.90212926e-07
4.871795e+00 4.218421e+00 1.947368e+00 4.32607806e-07
4.871795e+00 4.218421e+00 2.152632e+00 3.78470332e-07
4.871795e+00 4.218421e+00 2.357895e+00 3.28602539e-07
4.871795e+00 4.218421e+00 2.563158e+00 2.83440812e-07
4.871795e+00 4.218421e+00 2.768421e+00 2.43122145e-07
4.871795e+00 4.218421e+00 2.973684e+00 2.07559168e-07
4.871795e+00 4.218421e+00 3.178947e+00 1.76509189e-07
4.871795e+00 4.218421e+00 3.384211e+00 1.49630281e-07
4.871795e+00 4.218421e+00 3.589474e+00 1.26527723e-07
4.871795e+00 4.218421e+00 3.794737e+00 1.06788036e-07
4.871795e+00 4.218421e+00 4.000000e+00 9.00031196e-08
4.871795e+00 4.478947e+00 1.000000e-01 1.38867426e+00
4.871795e+00 4.478947e+00 3.052632e-01 2.83111120e-03
4.871795e+00 4.478947e+00 5.105263e-01 4.79490845e-05
4.871795e+00 4.478947e+00 7.157895e-01 1.56312342e-06
4.871795e+00 4.478947e+00 9.210526e-01 2.70129561e-07
4.871795e+00 4.478947e+00 1.126316e+00 2.08917086e-07
4.871795e+00 4.478947e+00 1.331579e+00 1.88961891e-07
4.871795e+00 4.478947e+00 1.536842e+00 1.70202824e-07
4.871795e+00 4.478947e+00 1.742105e+00 1.51685683e-07
4.871795e+00 4.478947e+00 1.947368e+00 1.33862656e-07
4.871795e+00 4.478947e+00 2.152632e+00 1.17112265e-07
4.871795e+00 4.478947e+00 2.357895e+00 1.01682836e-07
4.871795e+00 4.478947e+00 2.563158e+00 8.77089477e-08
4.871795e+00 4.478947e+00 2.768421e+00 7.52331744e-08
4.871795e+00 4.478947e+00 2.973684e+00 6.42288356e-08
4.871795e+00 4.478947e+00 3.178947e+00 5.46208945e-08
4.871795e+00 4.478947e+00 3.384211e+00 4.63034482e-08
4.871795e+00 4.478947e+00 3.589474e+00 3.91543864e-08
4.871795e+00 4.478947e+00 3.794737e+00 3.30459677e-08
4.871795e+00 4.478947e+00 4.000000e+00 2.78518897e-08
4.871795e+00 4.739474e+00 1.000000e-01 4.17916179e-01
4.871795e+00 4.739474e+00 3.052632e-01 8.51994613e-04
4.871795e+00 4.739474e+00 5.105263e-01 1.44273426e-05
4.871795e+00 4.739474e+00 7.157895e-01 4.68261248e-07
4.871795e+00 4.739474e+00 9.210526e-01 7.92917945e-08
4.871795e+00 4.739474e+00 1.126316e+00 6.10227815e-08
4.871795e+00 4.739474e+00 1.331579e+00 5.51806885e-08
4.871795e+00 4.739474e+00 1.536842e+00 4.97026988e-08
4.871795e+00 4.739474e+00 1.742105e+00 4.42958097e-08
4.871795e+00 4.739474e+00 1.947368e+00 3.90915176e-08
4.871795e+00 4.739474e+00 2.152632e+00 3.42003617e-08
4.871795e+00 4.739474e+00 2.357895e+00 2.96947320e-08
4.871795e+00 4.739474e+00 2.563158e+00 2.56141170e-08
4.871795e+00 4.739474e+00 2.768421e+00 2.19709033e-08
4.871795e+00 4.739474e+00 2.973684e+00 1.87573654e-08
4.871795e+00 4.739474e+00 3.178947e+00 1.59515050e-08
4.871795e+00 4.739474e+00 3.384211e+00 1.35225342e-08
4.871795e+00 4.739474e+00 3.589474e+00 1.14347563e-08
4.871795e+00 4.739474e+00 3.794737e+00 9.65084102e-09
4.871795e+00 4.739474e+00 4.000000e+00 8.13395751e-09
4.871795e+00 5.000000e+00 1.000000e-01 1.17517263e-01
4.871795e+00 5.000000e+00 3.052632e-01 2.39575980e-04
4.871795e+00 5.000000e+00 5.105263e-01 4.05639321e-06
4.871795e+00 5.000000e+00 7.157895e-01 1.31242857e-07
4.871795e+00 5.000000e+00 9.210526e-01 2.18956693e-08
4.871795e+00 5.000000e+00 1.126316e+00 1.67890608e-08
4.871795e+00 5.000000e+00 1.331579e+00 1.51789816e-08
4.871795e+00 5.000000e+00 1.536842e+00 1.36721034e-08
4.871795e+00 5.000000e+00 1.742105e+00 1.21848744e-08
4.871795e+00 5.000000e+00 1.947368e+00 1.07533991e-08
4.871795e+00 5.000000e+00 2.152632e+00 9.40798817e-09
4.871795e+00 5.000000e+00 2.357895e+00 8.16861334e-09
4.871795e+00 5.000000e+00 2.563158e+00 7.04612946e-09
4.871795e+00 5.000000e+00 2.768421e+00 6.04396888e-09
4.871795e+00 5.000000e+00 2.973684e+00 5.15997378e-09
4.871795e+00 5.000000e+00 3.178947e+00 4.38812453e-09
4.871795e+00 5.000000e+00 3.384211e+00 3.71994058e-09
4.871795e+00 5.000000e+00 3.589474e+00 3.14561754e-09
4.871795e+00 5.000000e+00 3.794737e+00 2.65488098e-09
4.871795e+00 5.000000e+00 4.000000e+00 2.23760011e-09
5.128205e+00 5.000000e-02 1.000000e-01 3.13973828e+04
5.128205e+00 5.000000e-02 3.052632e-01 6.73350449e+01
5.128205e+00 5.000000e-02 5.105263e-01 1.45617747e+00
5.128205e+00 5.000000e-02 7.157895e-01 2.10431233e-01
5.128205e+00 5.000000e-02 9.210526e-01 1.62059829e-01
5.128205e+00 5.000000e-02 1.126316e+00 1.49470583e-01
5.128205e+00 5.000000e-02 1.331579e+00 1.37401074e-01
5.128205e+00 5.000000e-02 1.536842e+00 1.24943398e-01
5.128205e+00 5.000000e-02 1.742105e+00 1.12454481e-01
5.128205e+00 5.000000e-02 1.947368e+00 1.00279033e-01
5.128205e+00 5.000000e-02 2.152632e+00 8.86848345e-02
5.128205e+00 5.000000e-02 2.357895e+00 7.78583512e-02
5.128205e+00 5.000000e-02 2.563158e+00 6.79182485e-02
5.128205e+00 5.000000e-02 2.768421e+00 5.89195415e-02
5.128205e+00 5.000000e-02 2.973684e+00 5.08704111e-02
5.128205e+00 5.000000e-02 3.178947e+00 4.37456630e-02
5.128205e+00 5.000000e-02 3.384211e+00 3.74930575e-02
5.128205e+00 5.000000e-02 3.589474e+00 3.20469178e-02
5.128205e+00 5.000000e-02 3.794737e+00 2.73324605e-02
5.128205e+00 5.000000e-02 4.000000e+00 2.32724193e-02
5.128205e+00 3.105263e-01 1.000000e-01 2.99567402e+04
5.128205e+00 3.105263e-01 3.052632e-01 6.41490173e+01
5.128205e+00 3.105263e-01 5.105263e-01 1.29784524e+00
5.128205e+00 3.105263e-01 7.157895e-01 1.13352776e-01
5.128205e+00 3.105263e-01 9.210526e-01 7.21638426e-02
5.128205e+00 3.105263e-01 1.126316e+00 6.58480823e-02
5.128205e+00 3.105263e-01 1.331579e+00 6.05126321e-02
5.128205e+00 3.105263e-01 1.536842e+00 5.50397113e-02
5.128205e+00 3.105263e-01 1.742105e+00 4.95519862e-02
5.128205e+00 3.105263e-01 1.947368e+00 4.41989191e-02
5.128205e+00 3.105263e-01 2.152632e+00 3.90986651e-02
5.128205e+00 3.105263e-01 2.357895e+00 3.43338735e-02
5.128205e+00 3.105263e-01 2.563158e+00 2.99563482e-02
5.128205e+00 3.105263e-01 2.768421e+00 2.59920247e-02
5.128205e+00 3.105263e-01 2.973684e+00 2.24448889e-02
5.128205e+00 3.105263e-01 3.178947e+00 1.93037540e-02
5.128205e+00 3.105263e-01 3.384211e+00 1.65464804e-02
5.128205e+00 3.105263e-01 3.589474e+00 1.41441664e-02
5.128205e+00 3.105263e-01 3.794737e+00 1.20641012e-02
5.128205e+00 3.105263e-01 4.000000e+00 1.02726370e-02
5.128205e+00 5.710526e-01 1.000000e-01 2.67065156e+04
5.128205e+00 5.710526e-01 3.052632e-01 5.71575661e+01
5.128205e+00 5.710526e-01 5.105263e-01 1.13056493e+00
5.128205e+00 5.710526e-01 7.157895e-01 7.59235993e-02
5.128205e+00 5.710526e-01 9.210526e-01 4.06398550e-02
5.128205e+00 5.710526e-01 1.126316e+00 3.66441570e-02
5.128205e+00 5.710526e-01 1.331579e+00 3.36600281e-02
5.128205e+00 5.710526e-01 1.536842e+00 3.06202285e-02
5.128205e+00 5.710526e-01 1.742105e+00 2.75726523e-02
5.128205e+00 5.710526e-01 1.947368e+00 2.45988593e-02
5.128205e+00 5.710526e-01 2.152632e+00 2.17640847e-02
5.128205e+00 5.710526e-01 2.357895e+00 1.91149786e-02
5.128205e+00 5.710526e-01 2.563158e+00 1.66803245e-02
5.128205e+00 5.710526e-01 2.768421e+00 1.44747533e-02
5.128205e+00 5.710526e-01 2.973684e+00 1.25007425e-02
5.128205e+00 5.710526e-01 3.178947e+00 1.07522961e-02
5.128205e+00 5.710526e-01 3.384211e+00 9.21721105e-03
5.128205e+00 5.710526e-01 3.589474e+00 7.87951238e-03
5.128205e+00 5.710526e-01 3.794737e+00 6.72107888e-03
5.128205e+00 5.710526e-01 4.000000e+00 5.72316255e-03
5.128205e+00 8.315790e-01 1.000000e-01 2.22464609e+04
5.128205e+00 8.315790e-01 3.052632e-01 4.75951118e+01
5.128205e+00 8.315790e-01 5.105263e-01 9.30298328e-01
5.128205e+00 8.315790e-01 7.157895e-01 5.24998009e-02
5.128205e+00 8.315790e-01 9.210526e-01 2.37308145e-02
5.128205e+00 8.315790e-01 1.126316e+00 2.11007614e-02
5.128205e+00 8.315790e-01 1.331579e+00 1.93704702e-02
5.128205e+00 8.315790e-01 1.536842e+00 1.76229458e-02
5.128205e+00 8.315790e-01 1.742105e+00 1.58713013e-02
5.128205e+00 8.315790e-01 1.947368e+00 1.41616091e-02
5.128205e+00 8.315790e-01 2.152632e+00 1.25313606e-02
5.128205e+00 8.315790e-01 2.357895e+00 1.10074645e-02
5.128205e+00 8.315790e-01 2.563158e+00 9.60656349e-03
5.128205e+00 8.315790e-01 2.768421e+00 8.33713822e-03
5.128205e+00 8.315790e-01 2.973684e+00 7.20078312e-03
5.128205e+00 8.315790e-01 3.178947e+00 6.19409373e-03
5.128205e+00 8.315790e-01 3.384211e+00 5.31010237e-03
5.128205e+00 8.315790e-01 3.589474e+00 4.53963503e-03
5.128205e+00 8.315790e-01 3.794737e+00 3.87237198e-03
5.128205e+00 8.315790e-01 4.000000e+00 3.29751358e-03
5.128205e+00 1.092105e+00 1.000000e-01 1.73151367e+04
5.128205e+00 1.092105e+00 3.052632e-01 3.70340500e+01
5.128205e+00 1.092105e+00 5.105263e-01 7.18614995e-01
5.128205e+00 1.092105e+00 7.157895e-01 3.58384214e-02
5.128205e+00 1.092105e+00 9.210526e-01 1.37435831e-02
5.128205e+00 1.092105e+00 1.126316e+00 1.20227784e-02
5.128205e+00 1.092105e+00 1.331579e+00 1.10284137e-02
5.128205e+00 1.092105e+00 1.536842e+00 1.00341039e-02
5.128205e+00 1.092105e+00 1.742105e+00 9.03779361e-03
5.128205e+00 1.092105e+00 1.947368e+00 8.06516875e-03
5.128205e+00 1.092105e+00 2.152632e+00 7.13752583e-03
5.128205e+00 1.092105e+00 2.357895e+00 6.27017114e-03
5.128205e+00 1.092105e+00 2.563158e+00 5.47268614e-03
5.128205e+00 1.092105e+00 2.768421e+00 4.74989368e-03
5.128205e+00 1.092105e+00 2.973684e+00 4.10278188e-03
5.128205e+00 1.092105e+00 3.178947e+00 3.52938566e-03
5.128205e+00 1.092105e+00 3.384211e+00 3.02583282e-03
5.128205e+00 1.092105e+00 3.589474e+00 2.58690841e-03
5.128205e+00 1.092105e+00 3.794737e+00 2.20673834e-03
5.128205e+00 1.092105e+00 4.000000e+00 1.87917915e-03
5.128205e+00 1.352632e+00 1.000000e-01 1.25925176e+04
5.128205e+00 1.352632e+00 3.052632e-01 2.69261475e+01
5.128205e+00 1.352632e+00 5.105263e-01 5.19951820e-01
5.128205e+00 1.352632e+00 7.157895e-01 2.36828029e-02
5.128205e+00 1.352632e+00 9.210526e-01 7.75872217e-03
5.128205e+00 1.352632e+00 1.126316e+00 6.66179135e-03
5.128205e+00 1.352632e+00 1.331579e+00 6.10518130e-03
5.128205e+00 1.352632e+00 1.536842e+00 5.55488328e-03
5.128205e+00 1.352632e+00 1.742105e+00 5.00377547e-03
5.128205e+00 1.352632e+00 1.947368e+00 4.46570944e-03
5.128205e+00 1.352632e+00 2.152632e+00 3.95243196e-03
5.128205e+00 1.352632e+00 2.357895e+00 3.47242132e-03
5.128205e+00 1.352632e+00 2.563158e+00 3.03099980e-03
5.128205e+00 1.352632e+00 2.768421e+00 2.63085775e-03
5.128205e+00 1.352632e+00 2.973684e+00 2.27255747e-03
5.128205e+00 1.352632e+00 3.178947e+00 1.95505260e-03
5.128205e+00 1.352632e+00 3.384211e+00 1.67618319e-03
5.128205e+00 1.352632e+00 3.589474e+00 1.43308006e-03
5.128205e+00 1.352632e+00 3.794737e+00 1.22249767e-03
5.128205e+00 1.352632e+00 4.000000e+00 1.04105938e-03
5.128205e+00 1.613158e+00 1.000000e-01 8.55699512e+03
5.128205e+00 1.613158e+00 3.052632e-01 1.82926559e+01
5.128205e+00 1.613158e+00 5.105263e-01 3.52035493e-01
5.128205e+00 1.613158e+00 7.157895e-01 1.49828298e-02
5.128205e+00 1.613158e+00 9.210526e-01 4.23153909e-03
5.128205e+00 1.613158e+00 1.126316e+00 3.55817936e-03
5.128205e+00 1.613158e+00 1.331579e+00 3.25736450e-03
5.128205e+00 1.613158e+00 1.536842e+00 2.96377973e-03
5.128205e+00 1.613158e+00 1.742105e+00 2.66993488e-03
5.128205e+00 1.613158e+00 1.947368e+00 2.38301815e-03
5.128205e+00 1.613158e+00 2.152632e+00 2.10927567e-03
5.128205e+00 1.613158e+00 2.357895e+00 1.85323495e-03
5.128205e+00 1.613158e+00 2.563158e+00 1.61775132e-03
5.128205e+00 1.613158e+00 2.768421e+00 1.40425900e-03
5.128205e+00 1.613158e+00 2.973684e+00 1.21306779e-03
5.128205e+00 1.613158e+00 3.178947e+00 1.04362809e-03
5.128205e+00 1.613158e+00 3.384211e+00 8.94793542e-04
5.128205e+00 1.613158e+00 3.589474e+00 7.65038130e-04
5.128205e+00 1.613158e+00 3.794737e+00 6.52635412e-04
5.128205e+00 1.613158e+00 4.000000e+00 5.55780309e-04
5.128205e+00 1.873684e+00 1.000000e-01 5.43316016e+03
5.128205e+00 1.873684e+00 3.052632e-01 1.16120129e+01
5.128205e+00 1.873684e+00 5.105263e-01 2.22914562e-01
5.128205e+00 1.873684e+00 7.157895e-01 9.01149213e-03
5.128205e+00 1.873684e+00 9.210526e-01 2.21768674e-03
5.128205e+00 1.873684e+00 1.126316e+00 1.82269933e-03
5.128205e+00 1.873684e+00 1.331579e+00 1.66657241e-03
5.128205e+00 1.873684e+00 1.536842e+00 1.51634042e-03
5.128205e+00 1.873684e+00 1.742105e+00 1.36608654e-03
5.128205e+00 1.873684e+00 1.947368e+00 1.21936004e-03
5.128205e+00 1.873684e+00 2.152632e+00 1.07935874e-03
5.128205e+00 1.873684e+00 2.357895e+00 9.48392320e-04
5.128205e+00 1.873684e+00 2.563158e+00 8.27926677e-04
5.128205e+00 1.873684e+00 2.768421e+00 7.18698895e-04
5.128205e+00 1.873684e+00 2.973684e+00 6.20873470e-04
5.128205e+00 1.873684e+00 3.178947e+00 5.34168503e-04
5.128205e+00 1.873684e+00 3.384211e+00 4.58001770e-04
5.128205e+00 1.873684e+00 3.589474e+00 3.91595851e-04
5.128205e+00 1.873684e+00 3.794737e+00 3.34066164e-04
5.128205e+00 1.873684e+00 4.000000e+00 2.84492329e-04
5.128205e+00 2.134211e+00 1.000000e-01 3.22334155e+03
5.128205e+00 2.134211e+00 3.052632e-01 6.88760090e+00
5.128205e+00 2.134211e+00 5.105263e-01 1.31974488e-01
5.128205e+00 2.134211e+00 7.157895e-01 5.12883626e-03
5.128205e+00 2.134211e+00 9.210526e-01 1.11294759e-03
5.128205e+00 2.134211e+00 1.126316e+00 8.92713084e-04
5.128205e+00 2.134211e+00 1.331579e+00 8.15151201e-04
5.128205e+00 2.134211e+00 1.536842e+00 7.41647265e-04
5.128205e+00 2.134211e+00 1.742105e+00 6.68191933e-04
5.128205e+00 2.134211e+00 1.947368e+00 5.96456171e-04
5.128205e+00 2.134211e+00 2.152632e+00 5.28001867e-04
5.128205e+00 2.134211e+00 2.357895e+00 4.63958335e-04
5.128205e+00 2.134211e+00 2.563158e+00 4.05044033e-04
5.128205e+00 2.134211e+00 2.768421e+00 3.51621245e-04
5.128205e+00 2.134211e+00 2.973684e+00 3.03770037e-04
5.128205e+00 2.134211e+00 3.178947e+00 2.61356676e-04
5.128205e+00 2.134211e+00 3.384211e+00 2.24095129e-04
5.128205e+00 2.134211e+00 3.589474e+00 1.91606683e-04
5.128205e+00 2.134211e+00 3.794737e+00 1.63460369e-04
5.128205e+00 2.134211e+00 4.000000e+00 1.39205018e-04
5.128205e+00 2.394737e+00 1.000000e-01 1.78683179e+03
5.128205e+00 2.394737e+00 3.052632e-01 3.81733179e+00
5.128205e+00 2.394737e+00 5.105263e-01 7.30404556e-02
5.128205e+00 2.394737e+00 7.157895e-01 2.75338697e-03
5.128205e+00 2.394737e+00 9.210526e-01 5.33504703e-04
5.128205e+00 2.394737e+00 1.126316e+00 4.17238887e-04
5.128205e+00 2.394737e+00 1.331579e+00 3.80441605e-04
5.128205e+00 2.394737e+00 1.536842e+00 3.46121553e-04
5.128205e+00 2.394737e+00 1.742105e+00 3.11852549e-04
5.128205e+00 2.394737e+00 1.947368e+00 2.78386520e-04
5.128205e+00 2.394737e+00 2.152632e+00 2.46448210e-04
5.128205e+00 2.394737e+00 2.357895e+00 2.16564411e-04
5.128205e+00 2.394737e+00 2.563158e+00 1.89072016e-04
5.128205e+00 2.394737e+00 2.768421e+00 1.64140554e-04
5.128205e+00 2.394737e+00 2.973684e+00 1.41807031e-04
5.128205e+00 2.394737e+00 3.178947e+00 1.22010300e-04
5.128205e+00 2.394737e+00 3.384211e+00 1.04617407e-04
5.128205e+00 2.394737e+00 3.589474e+00 8.94520854e-05
5.128205e+00 2.394737e+00 3.794737e+00 7.63126591e-05
5.128205e+00 2.394737e+00 4.000000e+00 6.49894864e-05
5.128205e+00 2.655263e+00 1.000000e-01 9.25516602e+02
5.128205e+00 2.655263e+00 3.052632e-01 1.97689581e+00
5.128205e+00 2.655263e+00 5.105263e-01 3.77840735e-02
5.128205e+00 2.655263e+00 7.157895e-01 1.39108580e-03
5.128205e+00 2.655263e+00 9.210526e-01 2.43815011e-04
5.128205e+00 2.655263e+00 1.126316e+00 1.85865734e-04
5.128205e+00 2.655263e+00 1.331579e+00 1.69221414e-04
5.128205e+00 2.655263e+00 1.536842e+00 1.53947898e-04
5.128205e+00 2.655263e+00 1.742105e+00 1.38710500e-04
5.128205e+00 2.655263e+00 1.947368e+00 1.23830163e-04
5.128205e+00 2.655263e+00 2.152632e+00 1.09627843e-04
5.128205e+00 2.655263e+00 2.357895e+00 9.63384155e-05
5.128205e+00 2.655263e+00 2.563158e+00 8.41110959e-05
5.128205e+00 2.655263e+00 2.768421e+00 7.30221145e-05
5.128205e+00 2.655263e+00 2.973684e+00 6.30882423e-05
5.128205e+00 2.655263e+00 3.178947e+00 5.42821217e-05
5.128205e+00 2.655263e+00 3.384211e+00 4.65449557e-05
5.128205e+00 2.655263e+00 3.589474e+00 3.97983022e-05
5.128205e+00 2.655263e+00 3.794737e+00 3.39528378e-05
5.128205e+00 2.655263e+00 4.000000e+00 2.89151321e-05
5.128205e+00 2.915789e+00 1.000000e-01 4.47928497e+02
5.128205e+00 2.915789e+00 3.052632e-01 9.56624150e-01
5.128205e+00 2.915789e+00 5.105263e-01 1.82681195e-02
5.128205e+00 2.915789e+00 7.157895e-01 6.60338497e-04
5.128205e+00 2.915789e+00 9.210526e-01 1.06056810e-04
5.128205e+00 2.915789e+00 1.126316e+00 7.88473917e-05
5.128205e+00 2.915789e+00 1.331579e+00 7.16785653e-05
5.128205e+00 2.915789e+00 1.536842e+00 6.52052986e-05
5.128205e+00 2.915789e+00 1.742105e+00 5.87531104e-05
5.128205e+00 2.915789e+00 1.947368e+00 5.24522802e-05
5.128205e+00 2.915789e+00 2.152632e+00 4.64379264e-05
5.128205e+00 2.915789e+00 2.357895e+00 4.08099295e-05
5.128205e+00 2.915789e+00 2.563158e+00 3.56314849e-05
5.128205e+00 2.915789e+00 2.768421e+00 3.09347161e-05
5.128205e+00 2.915789e+00 2.973684e+00 2.67269697e-05
5.128205e+00 2.915789e+00 3.178947e+00 2.29967318e-05
5.128205e+00 2.915789e+00 3.384211e+00 1.97191857e-05
5.128205e+00 2.915789e+00 3.589474e+00 1.68611368e-05
5.128205e+00 2.915789e+00 3.794737e+00 1.43847483e-05
5.128205e+00 2.915789e+00 4.000000e+00 1.22505162e-05
5.128205e+00 3.176316e+00 1.000000e-01 2.02561249e+02
5.128205e+00 3.176316e+00 3.052632e-01 4.32545781e-01
5.128205e+00 3.176316e+00 5.105263e-01 8.25456344e-03
5.128205e+00 3.176316e+00 7.157895e-01 2.94155936e-04
5.128205e+00 3.176316e+00 9.210526e-01 4.38448260e-05
5.128205e+00 3.176316e+00 1.126316e+00 3.18291713e-05
5.128205e+00 3.176316e+00 1.331579e+00 2.88928841e-05
5.128205e+00 3.176316e+00 1.536842e+00 2.62820013e-05
5.128205e+00 3.176316e+00 1.742105e+00 2.36819251e-05
5.128205e+00 3.176316e+00 1.947368e+00 2.11428051e-05
5.128205e+00 3.176316e+00 2.152632e+00 1.87191708e-05
5.128205e+00 3.176316e+00 2.357895e+00 1.64509638e-05
5.128205e+00 3.176316e+00 2.563158e+00 1.43638263e-05
5.128205e+00 3.176316e+00 2.768421e+00 1.24707358e-05
5.128205e+00 3.176316e+00 2.973684e+00 1.07746846e-05
5.128205e+00 3.176316e+00 3.178947e+00 9.27103065e-06
5.128205e+00 3.176316e+00 3.384211e+00 7.94981679e-06
5.128205e+00 3.176316e+00 3.589474e+00 6.79765390e-06
5.128205e+00 3.176316e+00 3.794737e+00 5.79933430e-06
5.128205e+00 3.176316e+00 4.000000e+00 4.93892958e-06
5.128205e+00 3.436842e+00 1.000000e-01 8.55909500e+01
5.128205e+00 3.436842e+00 3.052632e-01 1.82749271e-01
5.128205e+00 3.436842e+00 5.105263e-01 3.48572154e-03
5.128205e+00 3.436842e+00 7.157895e-01 1.22854181e-04
5.128205e+00 3.436842e+00 9.210526e-01 1.72008113e-05
5.128205e+00 3.436842e+00 1.126316e+00 1.22168913e-05
5.128205e+00 3.436842e+00 1.331579e+00 1.10745250e-05
5.128205e+00 3.436842e+00 1.536842e+00 1.00731986e-05
5.128205e+00 3.436842e+00 1.742105e+00 9.07687536e-06
5.128205e+00 3.436842e+00 1.947368e+00 8.10389247e-06
5.128205e+00 3.436842e+00 2.152632e+00 7.17509283e-06
5.128205e+00 3.436842e+00 2.357895e+00 6.30584873e-06
5.128205e+00 3.436842e+00 2.563158e+00 5.50594950e-06
5.128205e+00 3.436842e+00 2.768421e+00 4.78038828e-06
5.128205e+00 3.436842e+00 2.973684e+00 4.13030875e-06
5.128205e+00 3.436842e+00 3.178947e+00 3.55396037e-06
5.128205e+00 3.436842e+00 3.384211e+00 3.04752371e-06
5.128205e+00 3.436842e+00 3.589474e+00 2.60587490e-06
5.128205e+00 3.436842e+00 3.794737e+00 2.22318431e-06
5.128205e+00 3.436842e+00 4.000000e+00 1.89335685e-06
5.128205e+00 3.697368e+00 1.000000e-01 3.37927284e+01
5.128205e+00 3.697368e+00 3.052632e-01 7.21460283e-02
5.128205e+00 3.697368e+00 5.105263e-01 1.37554726e-03
5.128205e+00 3.697368e+00 7.157895e-01 4.80725175e-05
5.128205e+00 3.697368e+00 9.210526e-01 6.39370819e-06
5.128205e+00 3.697368e+00 1.126316e+00 4.45396563e-06
5.128205e+00 3.697368e+00 1.331579e+00 4.03242848e-06
5.128205e+00 3.697368e+00 1.536842e+00 3.66764152e-06
5.128205e+00 3.697368e+00 1.742105e+00 3.30493435e-06
5.128205e+00 3.697368e+00 1.947368e+00 2.95072459e-06
5.128205e+00 3.697368e+00 2.152632e+00 2.61260698e-06
5.128205e+00 3.697368e+00 2.357895e+00 2.29614102e-06
5.128205e+00 3.697368e+00 2.563158e+00 2.00490899e-06
5.128205e+00 3.697368e+00 2.768421e+00 1.74073807e-06
5.128205e+00 3.697368e+00 2.973684e+00 1.50404105e-06
5.128205e+00 3.697368e+00 3.178947e+00 1.29417856e-06
5.128205e+00 3.697368e+00 3.384211e+00 1.10977123e-06
5.128205e+00 3.697368e+00 3.589474e+00 9.48950060e-07
5.128205e+00 3.697368e+00 3.794737e+00 8.09594553e-07
5.128205e+00 3.697368e+00 4.000000e+00 6.89488274e-07
5.128205e+00 3.957895e+00 1.000000e-01 1.24664230e+01
5.128205e+00 3.957895e+00 3.052632e-01 2.66134143e-02
5.128205e+00 3.957895e+00 5.105263e-01 5.07260207e-04
5.128205e+00 3.957895e+00 7.157895e-01 1.76139256e-05
5.128205e+00 3.957895e+00 9.210526e-01 2.24812834e-06
5.128205e+00 3.957895e+00 1.126316e+00 1.54032989e-06
5.128205e+00 3.957895e+00 1.331579e+00 1.39302790e-06
5.128205e+00 3.957895e+00 1.536842e+00 1.26694727e-06
5.128205e+00 3.957895e+00 1.742105e+00 1.14167085e-06
5.128205e+00 3.957895e+00 1.947368e+00 1.01933301e-06
5.128205e+00 3.957895e+00 2.152632e+00 9.02545594e-07
5.128205e+00 3.957895e+00 2.357895e+00 7.93233482e-07
5.128205e+00 3.957895e+00 2.563158e+00 6.92634899e-07
5.128205e+00 3.957895e+00 2.768421e+00 6.01380009e-07
5.128205e+00 3.957895e+00 2.973684e+00 5.19612797e-07
5.128205e+00 3.957895e+00 3.178947e+00 4.47115639e-07
5.128205e+00 3.957895e+00 3.384211e+00 3.83409031e-07
5.128205e+00 3.957895e+00 3.589474e+00 3.27849961e-07
5.128205e+00 3.957895e+00 3.794737e+00 2.79706313e-07
5.128205e+00 3.957895e+00 4.000000e+00 2.38211584e-07
5.128205e+00 4.218421e+00 1.000000e-01 4.29718590e+00
5.128205e+00 4.218421e+00 3.052632e-01 9.17316135e-03
5.128205e+00 4.218421e+00 5.105263e-01 1.74803223e-04
5.128205e+00 4.218421e+00 7.157895e-01 6.04052184e-06
5.128205e+00 4.218421e+00 9.210526e-01 7.46486535e-07
5.128205e+00 4.218421e+00 1.126316e+00 5.04514219e-07
5.128205e+00 4.218421e+00 1.331579e+00 4.55850397e-07
5.128205e+00 4.218421e+00 1.536842e+00 4.14576419e-07
5.128205e+00 4.218421e+00 1.742105e+00 3.73585635e-07
5.128205e+00 4.218421e+00 1.947368e+00 3.33558660e-07
5.128205e+00 4.218421e+00 2.152632e+00 2.95346638e-07
5.128205e+00 4.218421e+00 2.357895e+00 2.59579338e-07
5.128205e+00 4.218421e+00 2.563158e+00 2.26662621e-07
5.128205e+00 4.218421e+00 2.768421e+00 1.96801821e-07
5.128205e+00 4.218421e+00 2.973684e+00 1.70045226e-07
5.128205e+00 4.218421e+00 3.178947e+00 1.46321185e-07
5.128205e+00 4.218421e+00 3.384211e+00 1.25473875e-07
5.128205e+00 4.218421e+00 3.589474e+00 1.07292230e-07
5.128205e+00 4.218421e+00 3.794737e+00 9.15370677e-08
5.128205e+00 4.218421e+00 4.000000e+00 7.79576794e-08
5.128205e+00 4.478947e+00 1.000000e-01 1.38404429e+00
5.128205e+00 4.478947e+00 3.052632e-01 2.95438548e-03
5.128205e+00 4.478947e+00 5.105263e-01 5.62889763e-05
5.128205e+00 4.478947e+00 7.157895e-01 1.93817982e-06
5.128205e+00 4.478947e+00 9.210526e-01 2.33682286e-07
5.128205e+00 4.478947e+00 1.126316e+00 1.56223862e-07
5.128205e+00 4.478947e+00 1.331579e+00 1.41050549e-07
5.128205e+00 4.478947e+00 1.536842e+00 1.28275005e-07
5.128205e+00 4.478947e+00 1.742105e+00 1.15593288e-07
5.128205e+00 4.478947e+00 1.947368e+00 1.03209722e-07
5.128205e+00 4.478947e+00 2.152632e+00 9.13869727e-08
5.128205e+00 4.478947e+00 2.357895e+00 8.03207314e-08
5.128205e+00 4.478947e+00 2.563158e+00 7.01360250e-08
5.128205e+00 4.478947e+00 2.768421e+00 6.08967525e-08
5.128205e+00 4.478947e+00 2.973684e+00 5.26178638e-08
5.128205e+00 4.478947e+00 3.178947e+00 4.52772078e-08
5.128205e+00 4.478947e+00 3.384211e+00 3.88263963e-08
5.128205e+00 4.478947e+00 3.589474e+00 3.32004930e-08
5.128205e+00 4.478947e+00 3.794737e+00 2.83253012e-08
5.128205e+00 4.478947e+00 4.000000e+00 2.41233380e-08
5.128205e+00 4.739474e+00 1.000000e-01 4.16522294e-01
5.128205e+00 4.739474e+00 3.052632e-01 8.89082206e-04
5.128205e+00 4.739474e+00 5.105263e-01 1.69373179e-05
5.128205e+00 4.739474e+00 7.157895e-01 5.81679330e-07
5.128205e+00 4.739474e+00 9.210526e-01 6.88535025e-08
5.128205e+00 4.739474e+00 1.126316e+00 4.56467042e-08
5.128205e+00 4.739474e+00 1.331579e+00 4.11896650e-08
5.128205e+00 4.739474e+00 1.536842e+00 3.74579940e-08
5.128205e+00 4.739474e+00 1.742105e+00 3.37549579e-08
5.128205e+00 4.739474e+00 1.947368e+00 3.01390308e-08
5.128205e+00 4.739474e+00 2.152632e+00 2.66868483e-08
5.128205e+00 4.739474e+00 2.357895e+00 2.34554847e-08
5.128205e+00 4.739474e+00 2.563158e+00 2.04814707e-08
5.128205e+00 4.739474e+00 2.768421e+00 1.77835044e-08
5.128205e+00 4.739474e+00 2.973684e+00 1.53659467e-08
5.128205e+00 4.739474e+00 3.178947e+00 1.32223139e-08
5.128205e+00 4.739474e+00 3.384211e+00 1.13385177e-08
5.128205e+00 4.739474e+00 3.589474e+00 9.69560698e-09
5.128205e+00 4.739474e+00 3.794737e+00 8.27192537e-09
5.128205e+00 4.739474e+00 4.000000e+00 7.04483449e-09
5.128205e+00 5.000000e+00 1.000000e-01 1.17125213e-01
5.128205e+00 5.000000e+00 3.052632e-01 2.50002777e-04
5.128205e+00 5.000000e+00 5.105263e-01 4.76221112e-06
5.128205e+00 5.000000e+00 7.157895e-01 1.63245261e-07
5.128205e+00 5.000000e+00 9.210526e-01 1.90667269e-08
5.128205e+00 5.000000e+00 1.126316e+00 1.25617952e-08
5.128205e+00 5.000000e+00 1.331579e+00 1.13303775e-08
5.128205e+00 5.000000e+00 1.536842e+00 1.03036717e-08
5.128205e+00 5.000000e+00 1.742105e+00 9.28510691e-09
5.128205e+00 5.000000e+00 1.947368e+00 8.29051494e-09
5.128205e+00 5.000000e+00 2.152632e+00 7.34095940e-09
5.128205e+00 5.000000e+00 2.357895e+00 6.45211706e-09
5.128205e+00 5.000000e+00 2.563158e+00 5.63406344e-09
5.128205e+00 5.000000e+00 2.768421e+00 4.89193486e-09
5.128205e+00 5.000000e+00 2.973684e+00 4.22691970e-09
5.128205e+00 5.000000e+00 3.178947e+00 3.63725561e-09
5.128205e+00 5.000000e+00 3.384211e+00 3.11906434e-09
5.128205e+00 5.000000e+00 3.589474e+00 2.66712896e-09
5.128205e+00 5.000000e+00 3.794737e+00 2.27549890e-09
5.128205e+00 5.000000e+00 4.000000e+00 1.93793892e-09
5.384615e+00 5.000000e-02 1.000000e-01 3.15857363e+04
5.384615e+00 5.000000e-02 3.052632e-01 6.95835266e+01
5.384615e+00 5.000000e-02 5.105263e-01 1.60198617e+00
5.384615e+00 5.000000e-02 7.157895e-01 1.77922308e-01
5.384615e+00 5.000000e-02 9.210526e-01 1.21839181e-01
5.384615e+00 5.000000e-02 1.126316e+00 1.12258703e-01
5.384615e+00 5.000000e-02 1.331579e+00 1.04016982e-01
5.384615e+00 5.000000e-02 1.536842e+00 9.54589471e-02
5.384615e+00 5.000000e-02 1.742105e+00 8.67694318e-02
5.384615e+00 5.000000e-02 1.947368e+00 7.81812668e-02
5.384615e+00 5.000000e-02 2.152632e+00 6.98854402e-02
5.384615e+00 5.000000e-02 2.357895e+00 6.20278046e-02
5.384615e+00 5.000000e-02 2.563158e+00 5.47067709e-02
5.384615e+00 5.000000e-02 2.768421e+00 4.79827560e-02
5.384615e+00 5.000000e-02 2.973684e+00 4.18821350e-02
5.384615e+00 5.000000e-02 3.178947e+00 3.64047438e-02
5.384615e+00 5.000000e-02 3.384211e+00 3.15317363e-02
5.384615e+00 5.000000e-02 3.589474e+00 2.72297002e-02
5.384615e+00 5.000000e-02 3.794737e+00 2.34568268e-02
5.384615e+00 5.000000e-02 4.000000e+00 2.01664921e-02
5.384615e+00 3.105263e-01 1.000000e-01 3.01364395e+04
5.384615e+00 3.105263e-01 3.052632e-01 6.63194122e+01
5.384615e+00 3.105263e-01 5.105263e-01 1.46127474e+00
5.384615e+00 3.105263e-01 7.157895e-01 1.05070651e-01
5.384615e+00 3.105263e-01 9.210526e-01 5.47933355e-02
5.384615e+00 3.105263e-01 1.126316e+00 4.94616926e-02
5.384615e+00 3.105263e-01 1.331579e+00 4.57887985e-02
5.384615e+00 3.105263e-01 1.536842e+00 4.20295186e-02
5.384615e+00 3.105263e-01 1.742105e+00 3.82129289e-02
5.384615e+00 3.105263e-01 1.947368e+00 3.44389789e-02
5.384615e+00 3.105263e-01 2.152632e+00 3.07915919e-02
5.384615e+00 3.105263e-01 2.357895e+00 2.73351166e-02
5.384615e+00 3.105263e-01 2.563158e+00 2.41134334e-02
5.384615e+00 3.105263e-01 2.768421e+00 2.11531892e-02
5.384615e+00 3.105263e-01 2.973684e+00 1.84664577e-02
5.384615e+00 3.105263e-01 3.178947e+00 1.60535984e-02
5.384615e+00 3.105263e-01 3.384211e+00 1.39062107e-02
5.384615e+00 3.105263e-01 3.589474e+00 1.20100491e-02
5.384615e+00 3.105263e-01 3.794737e+00 1.03467191e-02
5.384615e+00 3.105263e-01 4.000000e+00 8.89588334e-03
5.384615e+00 5.710526e-01 1.000000e-01 2.68666250e+04
5.384615e+00 5.710526e-01 3.052632e-01 5.90971718e+01
5.384615e+00 5.710526e-01 5.105263e-01 1.28315914e+00
5.384615e+00 5.710526e-01 7.157895e-01 7.50811696e-02
5.384615e+00 5.710526e-01 9.210526e-01 3.11974417e-02
5.384615e+00 5.710526e-01 1.126316e+00 2.75349431e-02
5.384615e+00 5.710526e-01 1.331579e+00 2.54613496e-02
5.384615e+00 5.710526e-01 1.536842e+00 2.33734157e-02
5.384615e+00 5.710526e-01 1.742105e+00 2.12546214e-02
5.384615e+00 5.710526e-01 1.947368e+00 1.91587284e-02
5.384615e+00 5.710526e-01 2.152632e+00 1.71323828e-02
5.384615e+00 5.710526e-01 2.357895e+00 1.52113847e-02
5.384615e+00 5.710526e-01 2.563158e+00 1.34204440e-02
5.384615e+00 5.710526e-01 2.768421e+00 1.17743257e-02
5.384615e+00 5.710526e-01 2.973684e+00 1.02799553e-02
5.384615e+00 5.710526e-01 3.178947e+00 8.93760007e-03
5.384615e+00 5.710526e-01 3.384211e+00 7.74268666e-03
5.384615e+00 5.710526e-01 3.589474e+00 6.68735476e-03
5.384615e+00 5.710526e-01 3.794737e+00 5.76150883e-03
5.384615e+00 5.710526e-01 4.000000e+00 4.95383050e-03
5.384615e+00 8.315790e-01 1.000000e-01 2.23797031e+04
5.384615e+00 8.315790e-01 3.052632e-01 4.92103386e+01
5.384615e+00 8.315790e-01 5.105263e-01 1.06024730e+00
5.384615e+00 8.315790e-01 7.157895e-01 5.45916334e-02
5.384615e+00 8.315790e-01 9.210526e-01 1.84501074e-02
5.384615e+00 8.315790e-01 1.126316e+00 1.58645026e-02
5.384615e+00 8.315790e-01 1.331579e+00 1.46488305e-02
5.384615e+00 8.315790e-01 1.536842e+00 1.34480903e-02
5.384615e+00 8.315790e-01 1.742105e+00 1.22306375e-02
5.384615e+00 8.315790e-01 1.947368e+00 1.10259540e-02
5.384615e+00 8.315790e-01 2.152632e+00 9.86104552e-03
5.384615e+00 8.315790e-01 2.357895e+00 8.75636935e-03
5.384615e+00 8.315790e-01 2.563158e+00 7.72619387e-03
5.384615e+00 8.315790e-01 2.768421e+00 6.77919714e-03
5.384615e+00 8.315790e-01 2.973684e+00 5.91927534e-03
5.384615e+00 8.315790e-01 3.178947e+00 5.14669996e-03
5.384615e+00 8.315790e-01 3.384211e+00 4.45888285e-03
5.384615e+00 8.315790e-01 3.589474e+00 3.85134714e-03
5.384615e+00 8.315790e-01 3.794737e+00 3.31826694e-03
5.384615e+00 8.315790e-01 4.000000e+00 2.85319355e-03
5.384615e+00 1.092105e+00 1.000000e-01 1.74187148e+04
5.384615e+00 1.092105e+00 3.052632e-01 3.82890701e+01
5.384615e+00 1.092105e+00 5.105263e-01 8.20991158e-01
5.384615e+00 1.092105e+00 7.157895e-01 3.87676097e-02
5.384615e+00 1.092105e+00 9.210526e-01 1.08415755e-02
5.384615e+00 1.092105e+00 1.126316e+00 9.04651731e-03
5.384615e+00 1.092105e+00 1.331579e+00 8.33868422e-03
5.384615e+00 1.092105e+00 1.536842e+00 7.65510928e-03
5.384615e+00 1.092105e+00 1.742105e+00 6.96279062e-03
5.384615e+00 1.092105e+00 1.947368e+00 6.27763011e-03
5.384615e+00 1.092105e+00 2.152632e+00 5.61495498e-03
5.384615e+00 1.092105e+00 2.357895e+00 4.98640537e-03
5.384615e+00 1.092105e+00 2.563158e+00 4.40012198e-03
5.384615e+00 1.092105e+00 2.768421e+00 3.86109040e-03
5.384615e+00 1.092105e+00 2.973684e+00 3.37154325e-03
5.384615e+00 1.092105e+00 3.178947e+00 2.93165981e-03
5.384615e+00 1.092105e+00 3.384211e+00 2.54000467e-03
5.384615e+00 1.092105e+00 3.589474e+00 2.19400460e-03
5.384615e+00 1.092105e+00 3.794737e+00 1.89039402e-03
5.384615e+00 1.092105e+00 4.000000e+00 1.62547780e-03
5.384615e+00 1.352632e+00 1.000000e-01 1.26677412e+04
5.384615e+00 1.352632e+00 3.052632e-01 2.78364735e+01
5.384615e+00 1.352632e+00 5.105263e-01 5.94923496e-01
5.384615e+00 1.352632e+00 7.157895e-01 2.64252219e-02
5.384615e+00 1.352632e+00 9.210526e-01 6.22003851e-03
5.384615e+00 1.352632e+00 1.126316e+00 5.01778582e-03
5.384615e+00 1.352632e+00 1.331579e+00 4.61559184e-03
5.384615e+00 1.352632e+00 1.536842e+00 4.23698686e-03
5.384615e+00 1.352632e+00 1.742105e+00 3.85409663e-03
5.384615e+00 1.352632e+00 1.947368e+00 3.47514963e-03
5.384615e+00 1.352632e+00 2.152632e+00 3.10855405e-03
5.384615e+00 1.352632e+00 2.357895e+00 2.76077585e-03
5.384615e+00 1.352632e+00 2.563158e+00 2.43635522e-03
5.384615e+00 1.352632e+00 2.768421e+00 2.13801605e-03
5.384615e+00 1.352632e+00 2.973684e+00 1.86704728e-03
5.384615e+00 1.352632e+00 3.178947e+00 1.62352901e-03
5.384615e+00 1.352632e+00 3.384211e+00 1.40668708e-03
5.384615e+00 1.352632e+00 3.589474e+00 1.21511088e-03
5.384615e+00 1.352632e+00 3.794737e+00 1.04698795e-03
5.384615e+00 1.352632e+00 4.000000e+00 9.00288403e-04
5.384615e+00 1.613158e+00 1.000000e-01 8.60803027e+03
5.384615e+00 1.613158e+00 3.052632e-01 1.89093075e+01
5.384615e+00 1.613158e+00 5.105263e-01 4.03182119e-01
5.384615e+00 1.613158e+00 7.157895e-01 1.71290040e-02
5.384615e+00 1.613158e+00 9.210526e-01 3.45206866e-03
5.384615e+00 1.613158e+00 1.126316e+00 2.68339622e-03
5.384615e+00 1.613158e+00 1.331579e+00 2.46242364e-03
5.384615e+00 1.613158e+00 1.536842e+00 2.26023048e-03
5.384615e+00 1.613158e+00 1.742105e+00 2.05609947e-03
5.384615e+00 1.613158e+00 1.947368e+00 1.85406581e-03
5.384615e+00 1.613158e+00 2.152632e+00 1.65858888e-03
5.384615e+00 1.613158e+00 2.357895e+00 1.47312786e-03
5.384615e+00 1.613158e+00 2.563158e+00 1.30009255e-03
5.384615e+00 1.613158e+00 2.768421e+00 1.14094885e-03
5.384615e+00 1.613158e+00 2.973684e+00 9.96391987e-04
5.384615e+00 1.613158e+00 3.178947e+00 8.66466726e-04
5.384615e+00 1.613158e+00 3.384211e+00 7.50764972e-04
5.384615e+00 1.613158e+00 3.589474e+00 6.48537884e-04
5.384615e+00 1.613158e+00 3.794737e+00 5.58817817e-04
5.384615e+00 1.613158e+00 4.000000e+00 4.80527320e-04
5.384615e+00 1.873684e+00 1.000000e-01 5.46551221e+03
5.384615e+00 1.873684e+00 3.052632e-01 1.20022173e+01
5.384615e+00 1.873684e+00 5.105263e-01 2.55458206e-01
5.384615e+00 1.873684e+00 7.157895e-01 1.05002364e-02
5.384615e+00 1.873684e+00 9.210526e-01 1.84267748e-03
5.384615e+00 1.873684e+00 1.126316e+00 1.37653726e-03
5.384615e+00 1.873684e+00 1.331579e+00 1.25979749e-03
5.384615e+00 1.873684e+00 1.536842e+00 1.15621591e-03
5.384615e+00 1.873684e+00 1.742105e+00 1.05184270e-03
5.384615e+00 1.873684e+00 1.947368e+00 9.48544126e-04
5.384615e+00 1.873684e+00 2.152632e+00 8.48585682e-04
5.384615e+00 1.873684e+00 2.357895e+00 7.53737870e-04
5.384615e+00 1.873684e+00 2.563158e+00 6.65233296e-04
5.384615e+00 1.873684e+00 2.768421e+00 5.83830115e-04
5.384615e+00 1.873684e+00 2.973684e+00 5.09877398e-04
5.384615e+00 1.873684e+00 3.178947e+00 4.43407858e-04
5.384615e+00 1.873684e+00 3.384211e+00 3.84209619e-04
5.384615e+00 1.873684e+00 3.589474e+00 3.31901101e-04
5.384615e+00 1.873684e+00 3.794737e+00 2.85990624e-04
5.384615e+00 1.873684e+00 4.000000e+00 2.45927658e-04
5.384615e+00 2.134211e+00 1.000000e-01 3.24250586e+03
5.384615e+00 2.134211e+00 3.052632e-01 7.11830473e+00
5.384615e+00 2.134211e+00 5.105263e-01 1.51300609e-01
5.384615e+00 2.134211e+00 7.157895e-01 6.06590789e-03
5.384615e+00 2.134211e+00 9.210526e-01 9.42255137e-04
5.384615e+00 2.134211e+00 1.126316e+00 6.75260089e-04
5.384615e+00 2.134211e+00 1.331579e+00 6.16186531e-04
5.384615e+00 2.134211e+00 1.536842e+00 5.65437425e-04
5.384615e+00 2.134211e+00 1.742105e+00 5.14413521e-04
5.384615e+00 2.134211e+00 1.947368e+00 4.63917182e-04
5.384615e+00 2.134211e+00 2.152632e+00 4.15049290e-04
5.384615e+00 2.134211e+00 2.357895e+00 3.68674868e-04
5.384615e+00 2.134211e+00 2.563158e+00 3.25399160e-04
5.384615e+00 2.134211e+00 2.768421e+00 2.85590650e-04
5.384615e+00 2.134211e+00 2.973684e+00 2.49424309e-04
5.384615e+00 2.134211e+00 3.178947e+00 2.16914385e-04
5.384615e+00 2.134211e+00 3.384211e+00 1.87959231e-04
5.384615e+00 2.134211e+00 3.589474e+00 1.62372409e-04
5.384615e+00 2.134211e+00 3.794737e+00 1.39914584e-04
5.384615e+00 2.134211e+00 4.000000e+00 1.20315912e-04
5.384615e+00 2.394737e+00 1.000000e-01 1.79743945e+03
5.384615e+00 2.394737e+00 3.052632e-01 3.94479489e+00
5.384615e+00 2.394737e+00 5.105263e-01 8.37569535e-02
5.384615e+00 2.394737e+00 7.157895e-01 3.29471659e-03
5.384615e+00 2.394737e+00 9.210526e-01 4.60183015e-04
5.384615e+00 2.394737e+00 1.126316e+00 3.16144229e-04
5.384615e+00 2.394737e+00 1.331579e+00 2.87586154e-04
5.384615e+00 2.394737e+00 1.536842e+00 2.63856578e-04
5.384615e+00 2.394737e+00 1.742105e+00 2.40053676e-04
5.384615e+00 2.394737e+00 1.947368e+00 2.16497996e-04
5.384615e+00 2.394737e+00 2.152632e+00 1.93701169e-04
5.384615e+00 2.394737e+00 2.357895e+00 1.72064712e-04
5.384615e+00 2.394737e+00 2.563158e+00 1.51873202e-04
5.384615e+00 2.394737e+00 2.768421e+00 1.33297726e-04
5.384615e+00 2.394737e+00 2.973684e+00 1.16420313e-04
5.384615e+00 2.394737e+00 3.178947e+00 1.01248799e-04
5.384615e+00 2.394737e+00 3.384211e+00 8.77354032e-05
5.384615e+00 2.394737e+00 3.589474e+00 7.57934904e-05
5.384615e+00 2.394737e+00 3.794737e+00 6.53114475e-05
5.384615e+00 2.394737e+00 4.000000e+00 5.61634261e-05
5.384615e+00 2.655263e+00 1.000000e-01 9.31003540e+02
5.384615e+00 2.655263e+00 3.052632e-01 2.04271460e+00
5.384615e+00 2.655263e+00 5.105263e-01 4.33342904e-02
5.384615e+00 2.655263e+00 7.157895e-01 1.67988974e-03
5.384615e+00 2.655263e+00 9.210526e-01 2.14129919e-04
5.384615e+00 2.655263e+00 1.126316e+00 1.41082739e-04
5.384615e+00 2.655263e+00 1.331579e+00 1.27923791e-04
5.384615e+00 2.655263e+00 1.536842e+00 1.17346877e-04
5.384615e+00 2.655263e+00 1.742105e+00 1.06763247e-04
5.384615e+00 2.655263e+00 1.947368e+00 9.62904887e-05
5.384615e+00 2.655263e+00 2.152632e+00 8.61543085e-05
5.384615e+00 2.655263e+00 2.357895e+00 7.65336590e-05
5.384615e+00 2.655263e+00 2.563158e+00 6.75544870e-05
5.384615e+00 2.655263e+00 2.768421e+00 5.92936376e-05
5.384615e+00 2.655263e+00 2.973684e+00 5.17876288e-05
5.384615e+00 2.655263e+00 3.178947e+00 4.50398475e-05
5.384615e+00 2.655263e+00 3.384211e+00 3.90291352e-05
5.384615e+00 2.655263e+00 3.589474e+00 3.37172823e-05
5.384615e+00 2.655263e+00 3.794737e+00 2.90546086e-05
5.384615e+00 2.655263e+00 4.000000e+00 2.49852837e-05
5.384615e+00 2.915789e+00 1.000000e-01 4.50580811e+02
5.384615e+00 2.915789e+00 3.052632e-01 9.88391340e-01
5.384615e+00 2.915789e+00 5.105263e-01 2.09534690e-02
5.384615e+00 2.915789e+00 7.157895e-01 8.03163159e-04
5.384615e+00 2.915789e+00 9.210526e-01 9.47331209e-05
5.384615e+00 2.915789e+00 1.126316e+00 5.99572850e-05
5.384615e+00 2.915789e+00 1.331579e+00 5.41884547e-05
5.384615e+00 2.915789e+00 1.536842e+00 4.96987013e-05
5.384615e+00 2.915789e+00 1.742105e+00 4.52169843e-05
5.384615e+00 2.915789e+00 1.947368e+00 4.07828265e-05
5.384615e+00 2.915789e+00 2.152632e+00 3.64909247e-05
5.384615e+00 2.915789e+00 2.357895e+00 3.24170396e-05
5.384615e+00 2.915789e+00 2.563158e+00 2.86145369e-05
5.384615e+00 2.915789e+00 2.768421e+00 2.51161455e-05
5.384615e+00 2.915789e+00 2.973684e+00 2.19371050e-05
5.384615e+00 2.915789e+00 3.178947e+00 1.90790979e-05
5.384615e+00 2.915789e+00 3.384211e+00 1.65332513e-05
5.384615e+00 2.915789e+00 3.589474e+00 1.42832469e-05
5.384615e+00 2.915789e+00 3.794737e+00 1.23081936e-05
5.384615e+00 2.915789e+00 4.000000e+00 1.05844256e-05
5.384615e+00 3.176316e+00 1.000000e-01 2.03759430e+02
5.384615e+00 3.176316e+00 3.052632e-01 4.46876943e-01
5.384615e+00 3.176316e+00 5.105263e-01 9.46844090e-03
5.384615e+00 3.176316e+00 7.157895e-01 3.59782804e-04
5.384615e+00 3.176316e+00 9.210526e-01 3.97718613e-05
5.384615e+00 3.176316e+00 1.126316e+00 2.42460737e-05
5.384615e+00 3.176316e+00 1.331579e+00 2.18439709e-05
5.384615e+00 3.176316e+00 1.536842e+00 2.00303875e-05
5.384615e+00 3.176316e+00 1.742105e+00 1.82243275e-05
5.384615e+00 3.176316e+00 1.947368e+00 1.64376197e-05
5.384615e+00 3.176316e+00 2.152632e+00 1.47081610e-05
5.384615e+00 3.176316e+00 2.357895e+00 1.30664548e-05
5.384615e+00 3.176316e+00 2.563158e+00 1.15340763e-05
5.384615e+00 3.176316e+00 2.768421e+00 1.01241067e-05
5.384615e+00 3.176316e+00 2.973684e+00 8.84283418e-06
5.384615e+00 3.176316e+00 3.178947e+00 7.69090639e-06
5.384615e+00 3.176316e+00 3.384211e+00 6.66474170e-06
5.384615e+00 3.176316e+00 3.589474e+00 5.75781860e-06
5.384615e+00 3.176316e+00 3.794737e+00 4.96168514e-06
5.384615e+00 3.176316e+00 4.000000e+00 4.26683664e-06
5.384615e+00 3.436842e+00 1.000000e-01 8.60967789e+01
5.384615e+00 3.436842e+00 3.052632e-01 1.88792810e-01
5.384615e+00 3.436842e+00 5.105263e-01 3.99842719e-03
5.384615e+00 3.436842e+00 7.157895e-01 1.50915628e-04
5.384615e+00 3.436842e+00 9.210526e-01 1.58169896e-05
5.384615e+00 3.436842e+00 1.126316e+00 9.32159492e-06
5.384615e+00 3.436842e+00 1.331579e+00 8.37321750e-06
5.384615e+00 3.436842e+00 1.536842e+00 7.67666097e-06
5.384615e+00 3.436842e+00 1.742105e+00 6.98455369e-06
5.384615e+00 3.436842e+00 1.947368e+00 6.29993110e-06
5.384615e+00 3.436842e+00 2.152632e+00 5.63723233e-06
5.384615e+00 3.436842e+00 2.357895e+00 5.00812803e-06
5.384615e+00 3.436842e+00 2.563158e+00 4.42087548e-06
5.384615e+00 3.436842e+00 2.768421e+00 3.88053741e-06
5.384615e+00 3.436842e+00 2.973684e+00 3.38949167e-06
5.384615e+00 3.436842e+00 3.178947e+00 2.94798724e-06
5.384615e+00 3.436842e+00 3.384211e+00 2.55468512e-06
5.384615e+00 3.436842e+00 3.589474e+00 2.20706988e-06
5.384615e+00 3.436842e+00 3.794737e+00 1.90191633e-06
5.384615e+00 3.436842e+00 4.000000e+00 1.63557615e-06
5.384615e+00 3.697368e+00 1.000000e-01 3.39922867e+01
5.384615e+00 3.697368e+00 3.052632e-01 7.45281950e-02
5.384615e+00 3.697368e+00 5.105263e-01 1.57789607e-03
5.384615e+00 3.697368e+00 7.157895e-01 5.92501710e-05
5.384615e+00 3.697368e+00 9.210526e-01 5.94838502e-06
5.384615e+00 3.697368e+00 1.126316e+00 3.40347628e-06
5.384615e+00 3.697368e+00 1.331579e+00 3.04900982e-06
5.384615e+00 3.697368e+00 1.536842e+00 2.79491178e-06
5.384615e+00 3.697368e+00 1.742105e+00 2.54294559e-06
5.384615e+00 3.697368e+00 1.947368e+00 2.29373700e-06
5.384615e+00 3.697368e+00 2.152632e+00 2.05249853e-06
5.384615e+00 3.697368e+00 2.357895e+00 1.82347912e-06
5.384615e+00 3.697368e+00 2.563158e+00 1.60968614e-06
5.384615e+00 3.697368e+00 2.768421e+00 1.41296368e-06
5.384615e+00 3.697368e+00 2.973684e+00 1.23418261e-06
5.384615e+00 3.697368e+00 3.178947e+00 1.07343783e-06
5.384615e+00 3.697368e+00 3.384211e+00 9.30235103e-07
5.384615e+00 3.697368e+00 3.589474e+00 8.03667149e-07
5.384615e+00 3.697368e+00 3.794737e+00 6.92554636e-07
5.384615e+00 3.697368e+00 4.000000e+00 5.95572885e-07
5.384615e+00 3.957895e+00 1.000000e-01 1.25400038e+01
5.384615e+00 3.957895e+00 3.052632e-01 2.74910424e-02
5.384615e+00 3.957895e+00 5.105263e-01 5.81884291e-04
5.384615e+00 3.957895e+00 7.157895e-01 2.17646793e-05
5.384615e+00 3.957895e+00 9.210526e-01 2.11193560e-06
5.384615e+00 3.957895e+00 1.126316e+00 1.17856939e-06
5.384615e+00 3.957895e+00 1.331579e+00 1.05335403e-06
5.384615e+00 3.957895e+00 1.536842e+00 9.65434424e-07
5.384615e+00 3.957895e+00 1.742105e+00 8.78402204e-07
5.384615e+00 3.957895e+00 1.947368e+00 7.92331605e-07
5.384615e+00 3.957895e+00 2.152632e+00 7.09012113e-07
5.384615e+00 3.957895e+00 2.357895e+00 6.29908868e-07
5.384615e+00 3.957895e+00 2.563158e+00 5.56064492e-07
5.384615e+00 3.957895e+00 2.768421e+00 4.88112221e-07
5.384615e+00 3.957895e+00 2.973684e+00 4.26358184e-07
5.384615e+00 3.957895e+00 3.178947e+00 3.70831032e-07
5.384615e+00 3.957895e+00 3.384211e+00 3.21362393e-07
5.384615e+00 3.957895e+00 3.589474e+00 2.77639913e-07
5.384615e+00 3.957895e+00 3.794737e+00 2.39255655e-07
5.384615e+00 3.957895e+00 4.000000e+00 2.05752869e-07
5.384615e+00 4.218421e+00 1.000000e-01 4.32253790e+00
5.384615e+00 4.218421e+00 3.052632e-01 9.47537553e-03
5.384615e+00 4.218421e+00 5.105263e-01 2.00519382e-04
5.384615e+00 4.218421e+00 7.157895e-01 7.47825834e-06
5.384615e+00 4.218421e+00 9.210526e-01 7.06766002e-07
5.384615e+00 4.218421e+00 1.126316e+00 3.86443645e-07
5.384615e+00 4.218421e+00 1.331579e+00 3.44712134e-07
5.384615e+00 4.218421e+00 1.536842e+00 3.15901531e-07
5.384615e+00 4.218421e+00 1.742105e+00 2.87425365e-07
5.384615e+00 4.218421e+00 1.947368e+00 2.59265363e-07
5.384615e+00 4.218421e+00 2.152632e+00 2.32004169e-07
5.384615e+00 4.218421e+00 2.357895e+00 2.06123445e-07
5.384615e+00 4.218421e+00 2.563158e+00 1.81961283e-07
5.384615e+00 4.218421e+00 2.768421e+00 1.59727520e-07
5.384615e+00 4.218421e+00 2.973684e+00 1.39520154e-07
5.384615e+00 4.218421e+00 3.178947e+00 1.21350780e-07
5.384615e+00 4.218421e+00 3.384211e+00 1.05163473e-07
5.384615e+00 4.218421e+00 3.589474e+00 9.08561404e-08
5.384615e+00 4.218421e+00 3.794737e+00 7.82955638e-08
5.384615e+00 4.218421e+00 4.000000e+00 6.73319960e-08
5.384615e+00 4.478947e+00 1.000000e-01 1.39220691e+00
5.384615e+00 4.478947e+00 3.052632e-01 3.05164699e-03
5.384615e+00 4.478947e+00 5.105263e-01 6.45700420e-05
5.384615e+00 4.478947e+00 7.157895e-01 2.40289455e-06
5.384615e+00 4.478947e+00 9.210526e-01 2.22602395e-07
5.384615e+00 4.478947e+00 1.126316e+00 1.19767421e-07
5.384615e+00 4.478947e+00 1.331579e+00 1.06665873e-07
5.384615e+00 4.478947e+00 1.536842e+00 9.77414061e-08
5.384615e+00 4.478947e+00 1.742105e+00 8.89308964e-08
5.384615e+00 4.478947e+00 1.947368e+00 8.02187827e-08
5.384615e+00 4.478947e+00 2.152632e+00 7.17849247e-08
5.384615e+00 4.478947e+00 2.357895e+00 6.37776765e-08
5.384615e+00 4.478947e+00 2.563158e+00 5.63021878e-08
5.384615e+00 4.478947e+00 2.768421e+00 4.94229226e-08
5.384615e+00 4.478947e+00 2.973684e+00 4.31707434e-08
5.384615e+00 4.478947e+00 3.178947e+00 3.75489826e-08
5.384615e+00 4.478947e+00 3.384211e+00 3.25404166e-08
5.384615e+00 4.478947e+00 3.589474e+00 2.81133996e-08
5.384615e+00 4.478947e+00 3.794737e+00 2.42269156e-08
5.384615e+00 4.478947e+00 4.000000e+00 2.08345785e-08
5.384615e+00 4.739474e+00 1.000000e-01 4.18978244e-01
5.384615e+00 4.739474e+00 3.052632e-01 9.18336445e-04
5.384615e+00 4.739474e+00 5.105263e-01 1.94290733e-05
5.384615e+00 4.739474e+00 7.157895e-01 7.21892604e-07
5.384615e+00 4.739474e+00 9.210526e-01 6.58928769e-08
5.384615e+00 4.739474e+00 1.126316e+00 3.50185090e-08
5.384615e+00 4.739474e+00 1.331579e+00 3.11495327e-08
5.384615e+00 4.739474e+00 1.536842e+00 2.85411552e-08
5.384615e+00 4.739474e+00 1.742105e+00 2.59684132e-08
5.384615e+00 4.739474e+00 1.947368e+00 2.34246986e-08
5.384615e+00 4.739474e+00 2.152632e+00 2.09620801e-08
5.384615e+00 4.739474e+00 2.357895e+00 1.86239539e-08
5.384615e+00 4.739474e+00 2.563158e+00 1.64411311e-08
5.384615e+00 4.739474e+00 2.768421e+00 1.44324073e-08
5.384615e+00 4.739474e+00 2.973684e+00 1.26067139e-08
5.384615e+00 4.739474e+00 3.178947e+00 1.09651053e-08
5.384615e+00 4.739474e+00 3.384211e+00 9.50253476e-09
5.384615e+00 4.739474e+00 3.589474e+00 8.20979906e-09
5.384615e+00 4.739474e+00 3.794737e+00 7.07486025e-09
5.384615e+00 4.739474e+00 4.000000e+00 6.08423356e-09
5.384615e+00 5.000000e+00 1.000000e-01 1.17815711e-01
5.384615e+00 5.000000e+00 3.052632e-01 2.58225453e-04
5.384615e+00 5.000000e+00 5.105263e-01 5.46280853e-06
5.384615e+00 5.000000e+00 7.157895e-01 2.02744502e-07
5.384615e+00 5.000000e+00 9.210526e-01 1.83089774e-08
5.384615e+00 5.000000e+00 1.126316e+00 9.64185620e-09
5.384615e+00 5.000000e+00 1.331579e+00 8.56872084e-09
5.384615e+00 5.000000e+00 1.536842e+00 7.85076892e-09
5.384615e+00 5.000000e+00 1.742105e+00 7.14310477e-09
5.384615e+00 5.000000e+00 1.947368e+00 6.44343334e-09
5.384615e+00 5.000000e+00 2.152632e+00 5.76607162e-09
5.384615e+00 5.000000e+00 2.357895e+00 5.12296827e-09
5.384615e+00 5.000000e+00 2.563158e+00 4.52254900e-09
5.384615e+00 5.000000e+00 2.768421e+00 3.97001321e-09
5.384615e+00 5.000000e+00 2.973684e+00 3.46782625e-09
5.384615e+00 5.000000e+00 3.178947e+00 3.01626657e-09
5.384615e+00 5.000000e+00 3.384211e+00 2.61395550e-09
5.384615e+00 5.000000e+00 3.589474e+00 2.25835173e-09
5.384615e+00 5.000000e+00 3.794737e+00 1.94616212e-09
5.384615e+00 5.000000e+00 4.000000e+00 1.67365688e-09
5.641026e+00 5.000000e-02 1.000000e-01 3.18043145e+04
5.641026e+00 5.000000e-02 3.052632e-01 7.13552094e+01
5.641026e+00 5.000000e-02 5.105263e-01 1.75702810e+00
5.641026e+00 5.000000e-02 7.157895e-01 1.59906298e-01
5.641026e+00 5.000000e-02 9.210526e-01 9.34883431e-02
5.641026e+00 5.000000e-02 1.126316e+00 8.54247957e-02
5.641026e+00 5.000000e-02 1.331579e+00 7.96427503e-02
5.641026e+00 5.000000e-02 1.536842e+00 7.36661106e-02
5.641026e+00 5.000000e-02 1.742105e+00 6.75349385e-02
5.641026e+00 5.000000e-02 1.947368e+00 6.14042878e-02
5.641026e+00 5.000000e-02 2.152632e+00 5.54095767e-02
5.641026e+00 5.000000e-02 2.357895e+00 4.96579260e-02
5.641026e+00 5.000000e-02 2.563158e+00 4.42302674e-02
5.641026e+00 5.000000e-02 2.768421e+00 3.91799137e-02
5.641026e+00 5.000000e-02 2.973684e+00 3.45377475e-02
5.641026e+00 5.000000e-02 3.178947e+00 3.03167012e-02
5.641026e+00 5.000000e-02 3.384211e+00 2.65133940e-02
5.641026e+00 5.000000e-02 3.589474e+00 2.31139362e-02
5.641026e+00 5.000000e-02 3.794737e+00 2.00965255e-02
5.641026e+00 5.000000e-02 4.000000e+00 1.74340587e-02
5.641026e+00 3.105263e-01 1.000000e-01 3.03449473e+04
5.641026e+00 3.105263e-01 3.052632e-01 6.80259705e+01
5.641026e+00 3.105263e-01 5.105263e-01 1.62598503e+00
5.641026e+00 3.105263e-01 7.157895e-01 1.03883743e-01
5.641026e+00 3.105263e-01 9.210526e-01 4.27317806e-02
5.641026e+00 3.105263e-01 1.126316e+00 3.76612581e-02
5.641026e+00 3.105263e-01 1.331579e+00 3.50470468e-02
5.641026e+00 3.105263e-01 1.536842e+00 3.24210376e-02
5.641026e+00 3.105263e-01 1.742105e+00 2.97290124e-02
5.641026e+00 3.105263e-01 1.947368e+00 2.70358473e-02
5.641026e+00 3.105263e-01 2.152632e+00 2.44010873e-02
5.641026e+00 3.105263e-01 2.357895e+00 2.18722951e-02
5.641026e+00 3.105263e-01 2.563158e+00 1.94848478e-02
5.641026e+00 3.105263e-01 2.768421e+00 1.72627084e-02
5.641026e+00 3.105263e-01 2.973684e+00 1.52196242e-02
5.641026e+00 3.105263e-01 3.178947e+00 1.33610712e-02
5.641026e+00 3.105263e-01 3.384211e+00 1.16861938e-02
5.641026e+00 3.105263e-01 3.589474e+00 1.01888478e-02
5.641026e+00 3.105263e-01 3.794737e+00 8.85944534e-03
5.641026e+00 3.105263e-01 4.000000e+00 7.68622337e-03
5.641026e+00 5.710526e-01 1.000000e-01 2.70523926e+04
5.641026e+00 5.710526e-01 3.052632e-01 6.06200027e+01
5.641026e+00 5.710526e-01 5.105263e-01 1.43472826e+00
5.641026e+00 5.710526e-01 7.157895e-01 7.86310062e-02
5.641026e+00 5.710526e-01 9.210526e-01 2.47550644e-02
5.641026e+00 5.710526e-01 1.126316e+00 2.09830366e-02
5.641026e+00 5.710526e-01 1.331579e+00 1.94834471e-02
5.641026e+00 5.710526e-01 1.536842e+00 1.80243328e-02
5.641026e+00 5.710526e-01 1.742105e+00 1.65303051e-02
5.641026e+00 5.710526e-01 1.947368e+00 1.50350081e-02
5.641026e+00 5.710526e-01 2.152632e+00 1.35715986e-02
5.641026e+00 5.710526e-01 2.357895e+00 1.21667786e-02
5.641026e+00 5.710526e-01 2.563158e+00 1.08399792e-02
5.641026e+00 5.710526e-01 2.768421e+00 9.60482471e-03
5.641026e+00 5.710526e-01 2.973684e+00 8.46893154e-03
5.641026e+00 5.710526e-01 3.178947e+00 7.43548153e-03
5.641026e+00 5.710526e-01 3.384211e+00 6.50391867e-03
5.641026e+00 5.710526e-01 3.589474e+00 5.67092793e-03
5.641026e+00 5.710526e-01 3.794737e+00 4.93129017e-03
5.641026e+00 5.710526e-01 4.000000e+00 4.27846238e-03
5.641026e+00 8.315790e-01 1.000000e-01 2.25342852e+04
5.641026e+00 8.315790e-01 3.052632e-01 5.04762459e+01
5.641026e+00 8.315790e-01 5.105263e-01 1.18840218e+00
5.641026e+00 8.315790e-01 7.157895e-01 5.95196597e-02
5.641026e+00 8.315790e-01 9.210526e-01 1.49276853e-02
5.641026e+00 8.315790e-01 1.126316e+00 1.21030593e-02
5.641026e+00 8.315790e-01 1.331579e+00 1.12073533e-02
5.641026e+00 8.315790e-01 1.536842e+00 1.03678741e-02
5.641026e+00 8.315790e-01 1.742105e+00 9.50963981e-03
5.641026e+00 8.315790e-01 1.947368e+00 8.65033455e-03
5.641026e+00 8.315790e-01 2.152632e+00 7.80924596e-03
5.641026e+00 8.315790e-01 2.357895e+00 7.00157881e-03
5.641026e+00 8.315790e-01 2.563158e+00 6.23870362e-03
5.641026e+00 8.315790e-01 2.768421e+00 5.52828750e-03
5.641026e+00 8.315790e-01 2.973684e+00 4.87486320e-03
5.641026e+00 8.315790e-01 3.178947e+00 4.28029429e-03
5.641026e+00 8.315790e-01 3.384211e+00 3.74425529e-03
5.641026e+00 8.315790e-01 3.589474e+00 3.26489448e-03
5.641026e+00 8.315790e-01 3.794737e+00 2.83919438e-03
5.641026e+00 8.315790e-01 4.000000e+00 2.46341294e-03
5.641026e+00 1.092105e+00 1.000000e-01 1.75388730e+04
5.641026e+00 1.092105e+00 3.052632e-01 3.92704773e+01
5.641026e+00 1.092105e+00 5.105263e-01 9.21513021e-01
5.641026e+00 1.092105e+00 7.157895e-01 4.35227640e-02
5.641026e+00 1.092105e+00 9.210526e-01 8.96242261e-03
5.641026e+00 1.092105e+00 1.126316e+00 6.91157626e-03
5.641026e+00 1.092105e+00 1.331579e+00 6.37879642e-03
5.641026e+00 1.092105e+00 1.536842e+00 5.90049382e-03
5.641026e+00 1.092105e+00 1.742105e+00 5.41257160e-03
5.641026e+00 1.092105e+00 1.947368e+00 4.92396206e-03
5.641026e+00 1.092105e+00 2.152632e+00 4.44557564e-03
5.641026e+00 1.092105e+00 2.357895e+00 3.98612441e-03
5.641026e+00 1.092105e+00 2.563158e+00 3.55205475e-03
5.641026e+00 1.092105e+00 2.768421e+00 3.14780581e-03
5.641026e+00 1.092105e+00 2.973684e+00 2.77592568e-03
5.641026e+00 1.092105e+00 3.178947e+00 2.43749050e-03
5.641026e+00 1.092105e+00 3.384211e+00 2.13233987e-03
5.641026e+00 1.092105e+00 3.589474e+00 1.85941823e-03
5.641026e+00 1.092105e+00 3.794737e+00 1.61703385e-03
5.641026e+00 1.092105e+00 4.000000e+00 1.40305504e-03
5.641026e+00 1.352632e+00 1.000000e-01 1.27549873e+04
5.641026e+00 1.352632e+00 3.052632e-01 2.85465717e+01
5.641026e+00 1.352632e+00 5.105263e-01 6.68312013e-01
5.641026e+00 1.352632e+00 7.157895e-01 3.03164050e-02
5.641026e+00 1.352632e+00 9.210526e-01 5.26209921e-03
5.641026e+00 1.352632e+00 1.126316e+00 3.84044182e-03
5.641026e+00 1.352632e+00 1.331579e+00 3.53044993e-03
5.641026e+00 1.352632e+00 1.536842e+00 3.26525816e-03
5.641026e+00 1.352632e+00 1.742105e+00 2.99546588e-03
5.641026e+00 1.352632e+00 1.947368e+00 2.72527104e-03
5.641026e+00 1.352632e+00 2.152632e+00 2.46067531e-03
5.641026e+00 1.352632e+00 2.357895e+00 2.20650528e-03
5.641026e+00 1.352632e+00 2.563158e+00 1.96635677e-03
5.641026e+00 1.352632e+00 2.768421e+00 1.74266752e-03
5.641026e+00 1.352632e+00 2.973684e+00 1.53687317e-03
5.641026e+00 1.352632e+00 3.178947e+00 1.34955673e-03
5.641026e+00 1.352632e+00 3.384211e+00 1.18065218e-03
5.641026e+00 1.352632e+00 3.589474e+00 1.02958025e-03
5.641026e+00 1.352632e+00 3.794737e+00 8.95390520e-04
5.641026e+00 1.352632e+00 4.000000e+00 7.76925241e-04
5.641026e+00 1.613158e+00 1.000000e-01 8.66722168e+03
5.641026e+00 1.613158e+00 3.052632e-01 1.93889713e+01
5.641026e+00 1.613158e+00 5.105263e-01 4.53130633e-01
5.641026e+00 1.613158e+00 7.157895e-01 1.99728385e-02
5.641026e+00 1.613158e+00 9.210526e-01 2.99155270e-03
5.641026e+00 1.613158e+00 1.126316e+00 2.05813791e-03
5.641026e+00 1.613158e+00 1.331579e+00 1.88340887e-03
5.641026e+00 1.613158e+00 1.536842e+00 1.74159301e-03
5.641026e+00 1.613158e+00 1.742105e+00 1.59779028e-03
5.641026e+00 1.613158e+00 1.947368e+00 1.45375961e-03
5.641026e+00 1.613158e+00 2.152632e+00 1.31269090e-03
5.641026e+00 1.613158e+00 2.357895e+00 1.17716833e-03
5.641026e+00 1.613158e+00 2.563158e+00 1.04910368e-03
5.641026e+00 1.613158e+00 2.768421e+00 9.29802423e-04
5.641026e+00 1.613158e+00 2.973684e+00 8.20033252e-04
5.641026e+00 1.613158e+00 3.178947e+00 7.20114564e-04
5.641026e+00 1.613158e+00 3.384211e+00 6.30012481e-04
5.641026e+00 1.613158e+00 3.589474e+00 5.49412100e-04
5.641026e+00 1.613158e+00 3.794737e+00 4.77817521e-04
5.641026e+00 1.613158e+00 4.000000e+00 4.14607261e-04
5.641026e+00 1.873684e+00 1.000000e-01 5.50302881e+03
5.641026e+00 1.873684e+00 3.052632e-01 1.23048773e+01
5.641026e+00 1.873684e+00 5.105263e-01 2.87178487e-01
5.641026e+00 1.873684e+00 7.157895e-01 1.23947076e-02
5.641026e+00 1.873684e+00 9.210526e-01 1.63618568e-03
5.641026e+00 1.873684e+00 1.126316e+00 1.05836370e-03
5.641026e+00 1.873684e+00 1.331579e+00 9.63571889e-04
5.641026e+00 1.873684e+00 1.536842e+00 8.90786701e-04
5.641026e+00 1.873684e+00 1.742105e+00 8.17273918e-04
5.641026e+00 1.873684e+00 1.947368e+00 7.43644487e-04
5.641026e+00 1.873684e+00 2.152632e+00 6.71519025e-04
5.641026e+00 1.873684e+00 2.357895e+00 6.02216751e-04
5.641026e+00 1.873684e+00 2.563158e+00 5.36724692e-04
5.641026e+00 1.873684e+00 2.768421e+00 4.75710112e-04
5.641026e+00 1.873684e+00 2.973684e+00 4.19565709e-04
5.641026e+00 1.873684e+00 3.178947e+00 3.68454814e-04
5.641026e+00 1.873684e+00 3.384211e+00 3.22361331e-04
5.641026e+00 1.873684e+00 3.589474e+00 2.81126966e-04
5.641026e+00 1.873684e+00 3.794737e+00 2.44498398e-04
5.641026e+00 1.873684e+00 4.000000e+00 2.12156810e-04
5.641026e+00 2.134211e+00 1.000000e-01 3.26472534e+03
5.641026e+00 2.134211e+00 3.052632e-01 7.29673243e+00
5.641026e+00 2.134211e+00 5.105263e-01 1.70107290e-01
5.641026e+00 2.134211e+00 7.157895e-01 7.22756609e-03
5.641026e+00 2.134211e+00 9.210526e-01 8.56902509e-04
5.641026e+00 2.134211e+00 1.126316e+00 5.20583824e-04
5.641026e+00 2.134211e+00 1.331579e+00 4.71311330e-04
5.641026e+00 2.134211e+00 1.536842e+00 4.35581693e-04
5.641026e+00 2.134211e+00 1.742105e+00 3.99648998e-04
5.641026e+00 2.134211e+00 1.947368e+00 3.63661151e-04
5.641026e+00 2.134211e+00 2.152632e+00 3.28403083e-04
5.641026e+00 2.134211e+00 2.357895e+00 2.94524041e-04
5.641026e+00 2.134211e+00 2.563158e+00 2.62503454e-04
5.641026e+00 2.134211e+00 2.768421e+00 2.32670325e-04
5.641026e+00 2.134211e+00 2.973684e+00 2.05216202e-04
5.641026e+00 2.134211e+00 3.178947e+00 1.80222385e-04
5.641026e+00 2.134211e+00 3.384211e+00 1.57679897e-04
5.641026e+00 2.134211e+00 3.589474e+00 1.37513998e-04
5.641026e+00 2.134211e+00 3.794737e+00 1.19598757e-04
5.641026e+00 2.134211e+00 4.000000e+00 1.03780309e-04
5.641026e+00 2.394737e+00 1.000000e-01 1.80973694e+03
5.641026e+00 2.394737e+00 3.052632e-01 4.04310608e+00
5.641026e+00 2.394737e+00 5.105263e-01 9.41708088e-02
5.641026e+00 2.394737e+00 7.157895e-01 3.95389786e-03
5.641026e+00 2.394737e+00 9.210526e-01 4.28165542e-04
5.641026e+00 2.394737e+00 1.126316e+00 2.44436786e-04
5.641026e+00 2.394737e+00 1.331579e+00 2.19984126e-04
5.641026e+00 2.394737e+00 1.536842e+00 2.03239440e-04
5.641026e+00 2.394737e+00 1.742105e+00 1.86478224e-04
5.641026e+00 2.394737e+00 1.947368e+00 1.69693114e-04
5.641026e+00 2.394737e+00 2.152632e+00 1.53247325e-04
5.641026e+00 2.394737e+00 2.357895e+00 1.37442388e-04
5.641026e+00 2.394737e+00 2.563158e+00 1.22504076e-04
5.641026e+00 2.394737e+00 2.768421e+00 1.08584594e-04
5.641026e+00 2.394737e+00 2.973684e+00 9.57746670e-05
5.641026e+00 2.394737e+00 3.178947e+00 8.41119763e-05
5.641026e+00 2.394737e+00 3.384211e+00 7.35929789e-05
5.641026e+00 2.394737e+00 3.589474e+00 6.41819643e-05
5.641026e+00 2.394737e+00 3.794737e+00 5.58213869e-05
5.641026e+00 2.394737e+00 4.000000e+00 4.84388656e-05
5.641026e+00 2.655263e+00 1.000000e-01 9.37363831e+02
5.641026e+00 2.655263e+00 3.052632e-01 2.09335208e+00
5.641026e+00 2.655263e+00 5.105263e-01 4.87213358e-02
5.641026e+00 2.655263e+00 7.157895e-01 2.02712929e-03
5.641026e+00 2.655263e+00 9.210526e-01 2.03507458e-04
5.641026e+00 2.655263e+00 1.126316e+00 1.09412998e-04
5.641026e+00 2.655263e+00 1.331579e+00 9.78616590e-05
5.641026e+00 2.655263e+00 1.536842e+00 9.03801410e-05
5.641026e+00 2.655263e+00 1.742105e+00 8.29279015e-05
5.641026e+00 2.655263e+00 1.947368e+00 7.54663924e-05
5.641026e+00 2.655263e+00 2.152632e+00 6.81546517e-05
5.641026e+00 2.655263e+00 2.357895e+00 6.11275827e-05
5.641026e+00 2.655263e+00 2.563158e+00 5.44852082e-05
5.641026e+00 2.655263e+00 2.768421e+00 4.82956602e-05
5.641026e+00 2.655263e+00 2.973684e+00 4.25991966e-05
5.641026e+00 2.655263e+00 3.178947e+00 3.74125375e-05
5.641026e+00 2.655263e+00 3.384211e+00 3.27343405e-05
5.641026e+00 2.655263e+00 3.589474e+00 2.85487822e-05
5.641026e+00 2.655263e+00 3.794737e+00 2.48302294e-05
5.641026e+00 2.655263e+00 4.000000e+00 2.15466225e-05
5.641026e+00 2.915789e+00 1.000000e-01 4.53655090e+02
5.641026e+00 2.915789e+00 3.052632e-01 1.01277518e+00
5.641026e+00 2.915789e+00 5.105263e-01 2.35571973e-02
5.641026e+00 2.915789e+00 7.157895e-01 9.73308517e-04
5.641026e+00 2.915789e+00 9.210526e-01 9.17809011e-05
5.641026e+00 2.915789e+00 1.126316e+00 4.66401179e-05
5.641026e+00 2.915789e+00 1.331579e+00 4.14583337e-05
5.641026e+00 2.915789e+00 1.536842e+00 3.82747239e-05
5.641026e+00 2.915789e+00 1.742105e+00 3.51192248e-05
5.641026e+00 2.915789e+00 1.947368e+00 3.19603496e-05
5.641026e+00 2.915789e+00 2.152632e+00 2.88646261e-05
5.641026e+00 2.915789e+00 2.357895e+00 2.58893233e-05
5.641026e+00 2.915789e+00 2.563158e+00 2.30766618e-05
5.641026e+00 2.915789e+00 2.768421e+00 2.04555927e-05
5.641026e+00 2.915789e+00 2.973684e+00 1.80432125e-05
5.641026e+00 2.915789e+00 3.178947e+00 1.58467010e-05
5.641026e+00 2.915789e+00 3.384211e+00 1.38653659e-05
5.641026e+00 2.915789e+00 3.589474e+00 1.20926379e-05
5.641026e+00 2.915789e+00 3.794737e+00 1.05176787e-05
5.641026e+00 2.915789e+00 4.000000e+00 9.12687210e-06
5.641026e+00 3.176316e+00 1.000000e-01 2.05148087e+02
5.641026e+00 3.176316e+00 3.052632e-01 4.57856089e-01
5.641026e+00 3.176316e+00 5.105263e-01 1.06444228e-02
5.641026e+00 3.176316e+00 7.157895e-01 4.37431096e-04
5.641026e+00 3.176316e+00 9.210526e-01 3.91908834e-05
5.641026e+00 3.176316e+00 1.126316e+00 1.89167658e-05
5.641026e+00 3.176316e+00 1.331579e+00 1.67141534e-05
5.641026e+00 3.176316e+00 1.536842e+00 1.54250101e-05
5.641026e+00 3.176316e+00 1.742105e+00 1.41534565e-05
5.641026e+00 3.176316e+00 1.947368e+00 1.28807378e-05
5.641026e+00 3.176316e+00 2.152632e+00 1.16334149e-05
5.641026e+00 3.176316e+00 2.357895e+00 1.04344745e-05
5.641026e+00 3.176316e+00 2.563158e+00 9.30107672e-06
5.641026e+00 3.176316e+00 2.768421e+00 8.24482959e-06
5.641026e+00 3.176316e+00 2.973684e+00 7.27261386e-06
5.641026e+00 3.176316e+00 3.178947e+00 6.38737174e-06
5.641026e+00 3.176316e+00 3.384211e+00 5.58883812e-06
5.641026e+00 3.176316e+00 3.589474e+00 4.87434454e-06
5.641026e+00 3.176316e+00 3.794737e+00 4.23955498e-06
5.641026e+00 3.176316e+00 4.000000e+00 3.67896723e-06
5.641026e+00 3.436842e+00 1.000000e-01 8.66830215e+01
5.641026e+00 3.436842e+00 3.052632e-01 1.93414912e-01
5.641026e+00 3.436842e+00 5.105263e-01 4.49477974e-03
5.641026e+00 3.436842e+00 7.157895e-01 1.83948607e-04
5.641026e+00 3.436842e+00 9.210526e-01 1.58142939e-05
5.641026e+00 3.436842e+00 1.126316e+00 7.29294470e-06
5.641026e+00 3.436842e+00 1.331579e+00 6.40757116e-06
5.641026e+00 3.436842e+00 1.536842e+00 5.91128082e-06
5.641026e+00 3.436842e+00 1.742105e+00 5.42402768e-06
5.641026e+00 3.436842e+00 1.947368e+00 4.93640891e-06
5.641026e+00 3.436842e+00 2.152632e+00 4.45847854e-06
5.641026e+00 3.436842e+00 2.357895e+00 3.99907321e-06
5.641026e+00 3.436842e+00 2.563158e+00 3.56475607e-06
5.641026e+00 3.436842e+00 2.768421e+00 3.15998432e-06
5.641026e+00 3.436842e+00 2.973684e+00 2.78741550e-06
5.641026e+00 3.436842e+00 3.178947e+00 2.44815601e-06
5.641026e+00 3.436842e+00 3.384211e+00 2.14211991e-06
5.641026e+00 3.436842e+00 3.589474e+00 1.86828879e-06
5.641026e+00 3.436842e+00 3.794737e+00 1.62498782e-06
5.641026e+00 3.436842e+00 4.000000e+00 1.41013129e-06
5.641026e+00 3.697368e+00 1.000000e-01 3.42235603e+01
5.641026e+00 3.697368e+00 3.052632e-01 7.63475522e-02
5.641026e+00 3.697368e+00 5.105263e-01 1.77368068e-03
5.641026e+00 3.697368e+00 7.157895e-01 7.23580815e-05
5.641026e+00 3.697368e+00 9.210526e-01 6.02010687e-06
5.641026e+00 3.697368e+00 1.126316e+00 2.66947268e-06
5.641026e+00 3.697368e+00 1.331579e+00 2.33349010e-06
5.641026e+00 3.697368e+00 1.536842e+00 2.15206205e-06
5.641026e+00 3.697368e+00 1.742105e+00 1.97467921e-06
5.641026e+00 3.697368e+00 1.947368e+00 1.79719427e-06
5.641026e+00 3.697368e+00 2.152632e+00 1.62322590e-06
5.641026e+00 3.697368e+00 2.357895e+00 1.45599336e-06
5.641026e+00 3.697368e+00 2.563158e+00 1.29788543e-06
5.641026e+00 3.697368e+00 2.768421e+00 1.15053160e-06
5.641026e+00 3.697368e+00 2.973684e+00 1.01489309e-06
5.641026e+00 3.697368e+00 3.178947e+00 8.91382228e-07
5.641026e+00 3.697368e+00 3.384211e+00 7.79960601e-07
5.641026e+00 3.697368e+00 3.589474e+00 6.80262929e-07
5.641026e+00 3.697368e+00 3.794737e+00 5.91679225e-07
5.641026e+00 3.697368e+00 4.000000e+00 5.13450630e-07
5.641026e+00 3.957895e+00 1.000000e-01 1.26252670e+01
5.641026e+00 3.957895e+00 3.052632e-01 2.81606261e-02
5.641026e+00 3.957895e+00 5.105263e-01 6.54055097e-04
5.641026e+00 3.957895e+00 7.157895e-01 2.66184361e-05
5.641026e+00 3.957895e+00 9.210526e-01 2.15862997e-06
5.641026e+00 3.957895e+00 1.126316e+00 9.26405676e-07
5.641026e+00 3.957895e+00 1.331579e+00 8.06236244e-07
5.641026e+00 3.957895e+00 1.536842e+00 7.43345538e-07
5.641026e+00 3.957895e+00 1.742105e+00 6.82076291e-07
5.641026e+00 3.957895e+00 1.947368e+00 6.20781805e-07
5.641026e+00 3.957895e+00 2.152632e+00 5.60698652e-07
5.641026e+00 3.957895e+00 2.357895e+00 5.02939656e-07
5.641026e+00 3.957895e+00 2.563158e+00 4.48331008e-07
5.641026e+00 3.957895e+00 2.768421e+00 3.97434974e-07
5.641026e+00 3.957895e+00 2.973684e+00 3.50584997e-07
5.641026e+00 3.957895e+00 3.178947e+00 3.07922193e-07
5.641026e+00 3.957895e+00 3.384211e+00 2.69434651e-07
5.641026e+00 3.957895e+00 3.589474e+00 2.34996065e-07
5.641026e+00 3.957895e+00 3.794737e+00 2.04396386e-07
5.641026e+00 3.957895e+00 4.000000e+00 1.77373082e-07
5.641026e+00 4.218421e+00 1.000000e-01 4.35191536e+00
5.641026e+00 4.218421e+00 3.052632e-01 9.70574934e-03
5.641026e+00 4.218421e+00 5.105263e-01 2.25381766e-04
5.641026e+00 4.218421e+00 7.157895e-01 9.15597411e-06
5.641026e+00 4.218421e+00 9.210526e-01 7.28066766e-07
5.641026e+00 4.218421e+00 1.126316e+00 3.04314113e-07
5.641026e+00 4.218421e+00 1.331579e+00 2.63864536e-07
5.641026e+00 4.218421e+00 1.536842e+00 2.43223241e-07
5.641026e+00 4.218421e+00 1.742105e+00 2.23175988e-07
5.641026e+00 4.218421e+00 1.947368e+00 2.03123179e-07
5.641026e+00 4.218421e+00 2.152632e+00 1.83466383e-07
5.641026e+00 4.218421e+00 2.357895e+00 1.64568874e-07
5.641026e+00 4.218421e+00 2.563158e+00 1.46701851e-07
5.641026e+00 4.218421e+00 2.768421e+00 1.30048988e-07
5.641026e+00 4.218421e+00 2.973684e+00 1.14719882e-07
5.641026e+00 4.218421e+00 3.178947e+00 1.00760225e-07
5.641026e+00 4.218421e+00 3.384211e+00 8.81667219e-08
5.641026e+00 4.218421e+00 3.589474e+00 7.68979262e-08
5.641026e+00 4.218421e+00 3.794737e+00 6.68849864e-08
5.641026e+00 4.218421e+00 4.000000e+00 5.80424953e-08
5.641026e+00 4.478947e+00 1.000000e-01 1.40166557e+00
5.641026e+00 4.478947e+00 3.052632e-01 3.12574068e-03
5.641026e+00 4.478947e+00 5.105263e-01 7.25739737e-05
5.641026e+00 4.478947e+00 7.157895e-01 2.94434403e-06
5.641026e+00 4.478947e+00 9.210526e-01 2.30697950e-07
5.641026e+00 4.478947e+00 1.126316e+00 9.44518348e-08
5.641026e+00 4.478947e+00 1.331579e+00 8.16541572e-08
5.641026e+00 4.478947e+00 1.536842e+00 7.52523377e-08
5.641026e+00 4.478947e+00 1.742105e+00 6.90498183e-08
5.641026e+00 4.478947e+00 1.947368e+00 6.28461692e-08
5.641026e+00 4.478947e+00 2.152632e+00 5.67649430e-08
5.641026e+00 4.478947e+00 2.357895e+00 5.09184943e-08
5.641026e+00 4.478947e+00 2.563158e+00 4.53907347e-08
5.641026e+00 4.478947e+00 2.768421e+00 4.02385361e-08
5.641026e+00 4.478947e+00 2.973684e+00 3.54958267e-08
5.641026e+00 4.478947e+00 3.178947e+00 3.11767039e-08
5.641026e+00 4.478947e+00 3.384211e+00 2.72802509e-08
5.641026e+00 4.478947e+00 3.589474e+00 2.37935716e-08
5.641026e+00 4.478947e+00 3.794737e+00 2.06955360e-08
5.641026e+00 4.478947e+00 4.000000e+00 1.79595077e-08
5.641026e+00 4.739474e+00 1.000000e-01 4.21823978e-01
5.641026e+00 4.739474e+00 3.052632e-01 9.40611528e-04
5.641026e+00 4.739474e+00 5.105263e-01 2.18369951e-05
5.641026e+00 4.739474e+00 7.157895e-01 8.85076417e-07
5.641026e+00 4.739474e+00 9.210526e-01 6.85984602e-08
5.641026e+00 4.739474e+00 1.126316e+00 2.76477223e-08
5.641026e+00 4.739474e+00 1.331579e+00 2.38465674e-08
5.641026e+00 4.739474e+00 1.536842e+00 2.19737348e-08
5.641026e+00 4.739474e+00 1.742105e+00 2.01625969e-08
5.641026e+00 4.739474e+00 1.947368e+00 1.83512938e-08
5.641026e+00 4.739474e+00 2.152632e+00 1.65756884e-08
5.641026e+00 4.739474e+00 2.357895e+00 1.48686068e-08
5.641026e+00 4.739474e+00 2.563158e+00 1.32545415e-08
5.641026e+00 4.739474e+00 2.768421e+00 1.17501093e-08
5.641026e+00 4.739474e+00 2.973684e+00 1.03652100e-08
5.641026e+00 4.739474e+00 3.178947e+00 9.10404463e-09
5.641026e+00 4.739474e+00 3.384211e+00 7.96624633e-09
5.641026e+00 4.739474e+00 3.589474e+00 6.94812341e-09
5.641026e+00 4.739474e+00 3.794737e+00 6.04345995e-09
5.641026e+00 4.739474e+00 4.000000e+00 5.24451060e-09
5.641026e+00 5.000000e+00 1.000000e-01 1.18615754e-01
5.641026e+00 5.000000e+00 3.052632e-01 2.64484435e-04
5.641026e+00 5.000000e+00 5.105263e-01 6.13974635e-06
5.641026e+00 5.000000e+00 7.157895e-01 2.48678703e-07
5.641026e+00 5.000000e+00 9.210526e-01 1.91237461e-08
5.641026e+00 5.000000e+00 1.126316e+00 7.61889485e-09
5.641026e+00 5.000000e+00 1.331579e+00 6.56007781e-09
5.641026e+00 5.000000e+00 1.536842e+00 6.04417583e-09
5.641026e+00 5.000000e+00 1.742105e+00 5.54599922e-09
5.641026e+00 5.000000e+00 1.947368e+00 5.04780839e-09
5.641026e+00 5.000000e+00 2.152632e+00 4.55941551e-09
5.641026e+00 5.000000e+00 2.357895e+00 4.08988443e-09
5.641026e+00 5.000000e+00 2.563158e+00 3.64592867e-09
5.641026e+00 5.000000e+00 2.768421e+00 3.23211657e-09
5.641026e+00 5.000000e+00 2.973684e+00 2.85118551e-09
5.641026e+00 5.000000e+00 3.178947e+00 2.50427989e-09
5.641026e+00 5.000000e+00 3.384211e+00 2.19131224e-09
5.641026e+00 5.000000e+00 3.589474e+00 1.91125915e-09
5.641026e+00 5.000000e+00 3.794737e+00 1.66241121e-09
5.641026e+00 5.000000e+00 4.000000e+00 1.44264034e-09
5.897436e+00 5.000000e-02 1.000000e-01 3.19408828e+04
5.897436e+00 5.000000e-02 3.052632e-01 7.31239548e+01
5.897436e+00 5.000000e-02 5.105263e-01 1.92713535e+00
5.897436e+00 5.000000e-02 7.157895e-01 1.53073162e-01
5.897436e+00 5.000000e-02 9.210526e-01 7.35205486e-02
5.897436e+00 5.000000e-02 1.126316e+00 6.58489242e-02
5.897436e+00 5.000000e-02 1.331579e+00 6.16361760e-02
5.897436e+00 5.000000e-02 1.536842e+00 5.73888049e-02
5.897436e+00 5.000000e-02 1.742105e+00 5.30057773e-02
5.897436e+00 5.000000e-02 1.947368e+00 4.85795997e-02
5.897436e+00 5.000000e-02 2.152632e+00 4.42041643e-02
5.897436e+00 5.000000e-02 2.357895e+00 3.99591178e-02
5.897436e+00 5.000000e-02 2.563158e+00 3.59063037e-02
5.897436e+00 5.000000e-02 2.768421e+00 3.20916995e-02
5.897436e+00 5.000000e-02 2.973684e+00 2.85437759e-02
5.897436e+00 5.000000e-02 3.178947e+00 2.52799019e-02
5.897436e+00 5.000000e-02 3.384211e+00 2.23051812e-02
5.897436e+00 5.000000e-02 3.589474e+00 1.96160842e-02
5.897436e+00 5.000000e-02 3.794737e+00 1.72022060e-02
5.897436e+00 5.000000e-02 4.000000e+00 1.50490077e-02
5.897436e+00 3.105263e-01 1.000000e-01 3.04751660e+04
5.897436e+00 3.105263e-01 3.052632e-01 6.97209396e+01
5.897436e+00 3.105263e-01 5.105263e-01 1.79953277e+00
5.897436e+00 3.105263e-01 7.157895e-01 1.08744174e-01
5.897436e+00 3.105263e-01 9.210526e-01 3.45430560e-02
5.897436e+00 3.105263e-01 1.126316e+00 2.90961638e-02
5.897436e+00 3.105263e-01 1.331579e+00 2.71238051e-02
5.897436e+00 3.105263e-01 1.536842e+00 2.52508800e-02
5.897436e+00 3.105263e-01 1.742105e+00 2.33251136e-02
5.897436e+00 3.105263e-01 1.947368e+00 2.13806182e-02
5.897436e+00 3.105263e-01 2.152632e+00 1.94580723e-02
5.897436e+00 3.105263e-01 2.357895e+00 1.75923575e-02
5.897436e+00 3.105263e-01 2.563158e+00 1.58105828e-02
5.897436e+00 3.105263e-01 2.768421e+00 1.41327698e-02
5.897436e+00 3.105263e-01 2.973684e+00 1.25720575e-02
5.897436e+00 3.105263e-01 3.178947e+00 1.11358417e-02
5.897436e+00 3.105263e-01 3.384211e+00 9.82649717e-03
5.897436e+00 3.105263e-01 3.589474e+00 8.64261109e-03
5.897436e+00 3.105263e-01 3.794737e+00 7.57970102e-03
5.897436e+00 3.105263e-01 4.000000e+00 6.63143070e-03
5.897436e+00 5.710526e-01 1.000000e-01 2.71683223e+04
5.897436e+00 5.710526e-01 3.052632e-01 6.21284370e+01
5.897436e+00 5.710526e-01 5.105263e-01 1.59239578e+00
5.897436e+00 5.710526e-01 7.157895e-01 8.61996114e-02
5.897436e+00 5.710526e-01 9.210526e-01 2.05669384e-02
5.897436e+00 5.710526e-01 1.126316e+00 1.62501782e-02
5.897436e+00 5.710526e-01 1.331579e+00 1.50799472e-02
5.897436e+00 5.710526e-01 1.536842e+00 1.40356766e-02
5.897436e+00 5.710526e-01 1.742105e+00 1.29662910e-02
5.897436e+00 5.710526e-01 1.947368e+00 1.18866432e-02
5.897436e+00 5.710526e-01 2.152632e+00 1.08190542e-02
5.897436e+00 5.710526e-01 2.357895e+00 9.78281163e-03
5.897436e+00 5.710526e-01 2.563158e+00 8.79296754e-03
5.897436e+00 5.710526e-01 2.768421e+00 7.86063634e-03
5.897436e+00 5.710526e-01 2.973684e+00 6.99327141e-03
5.897436e+00 5.710526e-01 3.178947e+00 6.19489932e-03
5.897436e+00 5.710526e-01 3.384211e+00 5.46691427e-03
5.897436e+00 5.710526e-01 3.589474e+00 4.80856793e-03
5.897436e+00 5.710526e-01 3.794737e+00 4.21743747e-03
5.897436e+00 5.710526e-01 4.000000e+00 3.68999154e-03
5.897436e+00 8.315790e-01 1.000000e-01 2.26306582e+04
5.897436e+00 8.315790e-01 3.052632e-01 5.17270927e+01
5.897436e+00 8.315790e-01 5.105263e-01 1.32075226e+00
5.897436e+00 8.315790e-01 7.157895e-01 6.71855733e-02
5.897436e+00 8.315790e-01 9.210526e-01 1.27639817e-02
5.897436e+00 8.315790e-01 1.126316e+00 9.39934049e-03
5.897436e+00 8.315790e-01 1.331579e+00 8.67545325e-03
5.897436e+00 8.315790e-01 1.536842e+00 8.07245169e-03
5.897436e+00 8.315790e-01 1.742105e+00 7.45782722e-03
5.897436e+00 8.315790e-01 1.947368e+00 6.83743553e-03
5.897436e+00 8.315790e-01 2.152632e+00 6.22391421e-03
5.897436e+00 8.315790e-01 2.357895e+00 5.62824402e-03
5.897436e+00 8.315790e-01 2.563158e+00 5.05921058e-03
5.897436e+00 8.315790e-01 2.768421e+00 4.52314224e-03
5.897436e+00 8.315790e-01 2.973684e+00 4.02432634e-03
5.897436e+00 8.315790e-01 3.178947e+00 3.56512703e-03
5.897436e+00 8.315790e-01 3.384211e+00 3.14636971e-03
5.897436e+00 8.315790e-01 3.589474e+00 2.76761735e-03
5.897436e+00 8.315790e-01 3.794737e+00 2.42749229e-03
5.897436e+00 8.315790e-01 4.000000e+00 2.12399312e-03
5.897436e+00 1.092105e+00 1.000000e-01 1.76136797e+04
5.897436e+00 1.092105e+00 3.052632e-01 4.02378654e+01
5.897436e+00 1.092105e+00 5.105263e-01 1.02480936e+00
5.897436e+00 1.092105e+00 7.157895e-01 5.01119420e-02
5.897436e+00 1.092105e+00 9.210526e-01 7.89501797e-03
5.897436e+00 1.092105e+00 1.126316e+00 5.38499467e-03
5.897436e+00 1.092105e+00 1.331579e+00 4.93857963e-03
5.897436e+00 1.092105e+00 1.536842e+00 4.59366431e-03
5.897436e+00 1.092105e+00 1.742105e+00 4.24410589e-03
5.897436e+00 1.092105e+00 1.947368e+00 3.89131671e-03
5.897436e+00 1.092105e+00 2.152632e+00 3.54238413e-03
5.897436e+00 1.092105e+00 2.357895e+00 3.20359715e-03
5.897436e+00 1.092105e+00 2.563158e+00 2.87988479e-03
5.897436e+00 1.092105e+00 2.768421e+00 2.57490855e-03
5.897436e+00 1.092105e+00 2.973684e+00 2.29108077e-03
5.897436e+00 1.092105e+00 3.178947e+00 2.02975865e-03
5.897436e+00 1.092105e+00 3.384211e+00 1.79142866e-03
5.897436e+00 1.092105e+00 3.589474e+00 1.57584727e-03
5.897436e+00 1.092105e+00 3.794737e+00 1.38224335e-03
5.897436e+00 1.092105e+00 4.000000e+00 1.20945764e-03
5.897436e+00 1.352632e+00 1.000000e-01 1.28092217e+04
5.897436e+00 1.352632e+00 3.052632e-01 2.92446594e+01
5.897436e+00 1.352632e+00 5.105263e-01 7.43439198e-01
5.897436e+00 1.352632e+00 7.157895e-01 3.53948213e-02
5.897436e+00 1.352632e+00 9.210526e-01 4.77662822e-03
5.897436e+00 1.352632e+00 1.126316e+00 3.00331437e-03
5.897436e+00 1.352632e+00 1.331579e+00 2.73390370e-03
5.897436e+00 1.352632e+00 1.536842e+00 2.54188012e-03
5.897436e+00 1.352632e+00 1.742105e+00 2.34850566e-03
5.897436e+00 1.352632e+00 1.947368e+00 2.15340802e-03
5.897436e+00 1.352632e+00 2.152632e+00 1.96042890e-03
5.897436e+00 1.352632e+00 2.357895e+00 1.77303050e-03
5.897436e+00 1.352632e+00 2.563158e+00 1.59396627e-03
5.897436e+00 1.352632e+00 2.768421e+00 1.42523914e-03
5.897436e+00 1.352632e+00 2.973684e+00 1.26819347e-03
5.897436e+00 1.352632e+00 3.178947e+00 1.12359878e-03
5.897436e+00 1.352632e+00 3.384211e+00 9.91707202e-04
5.897436e+00 1.352632e+00 3.589474e+00 8.72395060e-04
5.897436e+00 1.352632e+00 3.794737e+00 7.65234639e-04
5.897436e+00 1.352632e+00 4.000000e+00 6.69594971e-04
5.897436e+00 1.613158e+00 1.000000e-01 8.70394922e+03
5.897436e+00 1.613158e+00 3.052632e-01 1.98593102e+01
5.897436e+00 1.613158e+00 5.105263e-01 5.04104078e-01
5.897436e+00 1.613158e+00 7.157895e-01 2.35522557e-02
5.897436e+00 1.613158e+00 9.210526e-01 2.79655657e-03
5.897436e+00 1.613158e+00 1.126316e+00 1.61622919e-03
5.897436e+00 1.613158e+00 1.331579e+00 1.45883963e-03
5.897436e+00 1.613158e+00 1.536842e+00 1.35567831e-03
5.897436e+00 1.613158e+00 1.742105e+00 1.25256414e-03
5.897436e+00 1.613158e+00 1.947368e+00 1.14855927e-03
5.897436e+00 1.613158e+00 2.152632e+00 1.04567898e-03
5.897436e+00 1.613158e+00 2.357895e+00 9.45769541e-04
5.897436e+00 1.613158e+00 2.563158e+00 8.50288896e-04
5.897436e+00 1.613158e+00 2.768421e+00 7.60316616e-04
5.897436e+00 1.613158e+00 2.973684e+00 6.76567084e-04
5.897436e+00 1.613158e+00 3.178947e+00 5.99448453e-04
5.897436e+00 1.613158e+00 3.384211e+00 5.29100420e-04
5.897436e+00 1.613158e+00 3.589474e+00 4.65458113e-04
5.897436e+00 1.613158e+00 3.794737e+00 4.08293796e-04
5.897436e+00 1.613158e+00 4.000000e+00 3.57273326e-04
5.897436e+00 1.873684e+00 1.000000e-01 5.52627051e+03
5.897436e+00 1.873684e+00 3.052632e-01 1.26008492e+01
5.897436e+00 1.873684e+00 5.105263e-01 3.19464713e-01
5.897436e+00 1.873684e+00 7.157895e-01 1.47227421e-02
5.897436e+00 1.873684e+00 9.210526e-01 1.57297577e-03
5.897436e+00 1.873684e+00 1.126316e+00 8.34948150e-04
5.897436e+00 1.873684e+00 1.331579e+00 7.46573263e-04
5.897436e+00 1.873684e+00 1.536842e+00 6.93365699e-04
5.897436e+00 1.873684e+00 1.742105e+00 6.40631595e-04
5.897436e+00 1.873684e+00 1.947368e+00 5.87460469e-04
5.897436e+00 1.873684e+00 2.152632e+00 5.34861756e-04
5.897436e+00 1.873684e+00 2.357895e+00 4.83778480e-04
5.897436e+00 1.873684e+00 2.563158e+00 4.34955873e-04
5.897436e+00 1.873684e+00 2.768421e+00 3.88945569e-04
5.897436e+00 1.873684e+00 2.973684e+00 3.46113869e-04
5.897436e+00 1.873684e+00 3.178947e+00 3.06671544e-04
5.897436e+00 1.873684e+00 3.384211e+00 2.70689838e-04
5.897436e+00 1.873684e+00 3.589474e+00 2.38135646e-04
5.897436e+00 1.873684e+00 3.794737e+00 2.08894315e-04
5.897436e+00 1.873684e+00 4.000000e+00 1.82793592e-04
5.897436e+00 2.134211e+00 1.000000e-01 3.27846655e+03
5.897436e+00 2.134211e+00 3.052632e-01 7.47077513e+00
5.897436e+00 2.134211e+00 5.105263e-01 1.89206496e-01
5.897436e+00 2.134211e+00 7.157895e-01 8.63140076e-03
5.897436e+00 2.134211e+00 9.210526e-01 8.45504110e-04
5.897436e+00 2.134211e+00 1.126316e+00 4.12728376e-04
5.897436e+00 2.134211e+00 1.331579e+00 3.65290034e-04
5.897436e+00 2.134211e+00 1.536842e+00 3.39031685e-04
5.897436e+00 2.134211e+00 1.742105e+00 3.13244585e-04
5.897436e+00 2.134211e+00 1.947368e+00 2.87256349e-04
5.897436e+00 2.134211e+00 2.152632e+00 2.61546200e-04
5.897436e+00 2.134211e+00 2.357895e+00 2.36574182e-04
5.897436e+00 2.134211e+00 2.563158e+00 2.12706611e-04
5.897436e+00 2.134211e+00 2.768421e+00 1.90211547e-04
5.897436e+00 2.134211e+00 2.973684e+00 1.69270585e-04
5.897436e+00 2.134211e+00 3.178947e+00 1.49984669e-04
5.897436e+00 2.134211e+00 3.384211e+00 1.32390021e-04
5.897436e+00 2.134211e+00 3.589474e+00 1.16470786e-04
5.897436e+00 2.134211e+00 3.794737e+00 1.02170714e-04
5.897436e+00 2.134211e+00 4.000000e+00 8.94061668e-05
5.897436e+00 2.394737e+00 1.000000e-01 1.81733032e+03
5.897436e+00 2.394737e+00 3.052632e-01 4.13877535e+00
5.897436e+00 2.394737e+00 5.105263e-01 1.04726233e-01
5.897436e+00 2.394737e+00 7.157895e-01 4.74088639e-03
5.897436e+00 2.394737e+00 9.210526e-01 4.32553352e-04
5.897436e+00 2.394737e+00 1.126316e+00 1.94803564e-04
5.897436e+00 2.394737e+00 1.331579e+00 1.70559098e-04
5.897436e+00 2.394737e+00 1.536842e+00 1.58185008e-04
5.897436e+00 2.394737e+00 1.742105e+00 1.46151739e-04
5.897436e+00 2.394737e+00 1.947368e+00 1.34030241e-04
5.897436e+00 2.394737e+00 2.152632e+00 1.22037600e-04
5.897436e+00 2.394737e+00 2.357895e+00 1.10389032e-04
5.897436e+00 2.394737e+00 2.563158e+00 9.92546702e-05
5.897436e+00 2.394737e+00 2.768421e+00 8.87606657e-05
5.897436e+00 2.394737e+00 2.973684e+00 7.89905826e-05
5.897436e+00 2.394737e+00 3.178947e+00 6.99923767e-05
5.897436e+00 2.394737e+00 3.384211e+00 6.17828919e-05
5.897436e+00 2.394737e+00 3.589474e+00 5.43547831e-05
5.897436e+00 2.394737e+00 3.794737e+00 4.76820278e-05
5.897436e+00 2.394737e+00 4.000000e+00 4.17254632e-05
5.897436e+00 2.655263e+00 1.000000e-01 9.41285339e+02
5.897436e+00 2.655263e+00 3.052632e-01 2.14251804e+00
5.897436e+00 2.655263e+00 5.105263e-01 5.41725419e-02
5.897436e+00 2.655263e+00 7.157895e-01 2.43797502e-03
5.897436e+00 2.655263e+00 9.210526e-01 2.09939724e-04
5.897436e+00 2.655263e+00 1.126316e+00 8.76605409e-05
5.897436e+00 2.655263e+00 1.331579e+00 7.59022805e-05
5.897436e+00 2.655263e+00 1.536842e+00 7.03425685e-05
5.897436e+00 2.655263e+00 1.742105e+00 6.49905996e-05
5.897436e+00 2.655263e+00 1.947368e+00 5.96018363e-05
5.897436e+00 2.655263e+00 2.152632e+00 5.42704438e-05
5.897436e+00 2.655263e+00 2.357895e+00 4.90914717e-05
5.897436e+00 2.655263e+00 2.563158e+00 4.41410411e-05
5.897436e+00 2.655263e+00 2.768421e+00 3.94749004e-05
5.897436e+00 2.655263e+00 2.973684e+00 3.51306408e-05
5.897436e+00 2.655263e+00 3.178947e+00 3.11293261e-05
5.897436e+00 2.655263e+00 3.384211e+00 2.74787053e-05
5.897436e+00 2.655263e+00 3.589474e+00 2.41753278e-05
5.897436e+00 2.655263e+00 3.794737e+00 2.12077830e-05
5.897436e+00 2.655263e+00 4.000000e+00 1.85586923e-05
5.897436e+00 2.915789e+00 1.000000e-01 4.55548035e+02
5.897436e+00 2.915789e+00 3.052632e-01 1.03640568e+00
5.897436e+00 2.915789e+00 5.105263e-01 2.61882748e-02
5.897436e+00 2.915789e+00 7.157895e-01 1.17325410e-03
5.897436e+00 2.915789e+00 9.210526e-01 9.64170176e-05
5.897436e+00 2.915789e+00 1.126316e+00 3.75644595e-05
5.897436e+00 2.915789e+00 1.331579e+00 3.21676343e-05
5.897436e+00 2.915789e+00 1.536842e+00 2.97885126e-05
5.897436e+00 2.915789e+00 1.742105e+00 2.75214697e-05
5.897436e+00 2.915789e+00 1.947368e+00 2.52400951e-05
5.897436e+00 2.915789e+00 2.152632e+00 2.29828529e-05
5.897436e+00 2.915789e+00 2.357895e+00 2.07901412e-05
5.897436e+00 2.915789e+00 2.563158e+00 1.86940269e-05
5.897436e+00 2.915789e+00 2.768421e+00 1.67182825e-05
5.897436e+00 2.915789e+00 2.973684e+00 1.48786667e-05
5.897436e+00 2.915789e+00 3.178947e+00 1.31842626e-05
5.897436e+00 2.915789e+00 3.384211e+00 1.16382762e-05
5.897436e+00 2.915789e+00 3.589474e+00 1.02393151e-05
5.897436e+00 2.915789e+00 3.794737e+00 8.98254712e-06
5.897436e+00 2.915789e+00 4.000000e+00 7.86059900e-06
5.897436e+00 3.176316e+00 1.000000e-01 2.06002243e+02
5.897436e+00 3.176316e+00 3.052632e-01 4.68477786e-01
5.897436e+00 3.176316e+00 5.105263e-01 1.18313832e-02
5.897436e+00 3.176316e+00 7.157895e-01 5.28208097e-04
5.897436e+00 3.176316e+00 9.210526e-01 4.18108648e-05
5.897436e+00 3.176316e+00 1.126316e+00 1.53127367e-05
5.897436e+00 3.176316e+00 1.331579e+00 1.29733426e-05
5.897436e+00 3.176316e+00 1.536842e+00 1.20048107e-05
5.897436e+00 3.176316e+00 1.742105e+00 1.10909314e-05
5.897436e+00 3.176316e+00 1.947368e+00 1.01717606e-05
5.897436e+00 3.176316e+00 2.152632e+00 9.26229495e-06
5.897436e+00 3.176316e+00 2.357895e+00 8.37876814e-06
5.897436e+00 3.176316e+00 2.563158e+00 7.53413497e-06
5.897436e+00 3.176316e+00 2.768421e+00 6.73798695e-06
5.897436e+00 3.176316e+00 2.973684e+00 5.99668147e-06
5.897436e+00 3.176316e+00 3.178947e+00 5.31384512e-06
5.897436e+00 3.176316e+00 3.384211e+00 4.69081078e-06
5.897436e+00 3.176316e+00 3.589474e+00 4.12701411e-06
5.897436e+00 3.176316e+00 3.794737e+00 3.62050105e-06
5.897436e+00 3.176316e+00 4.000000e+00 3.16831620e-06
5.897436e+00 3.436842e+00 1.000000e-01 8.70432510e+01
5.897436e+00 3.436842e+00 3.052632e-01 1.97880253e-01
5.897436e+00 3.436842e+00 5.105263e-01 4.99528926e-03
5.897436e+00 3.436842e+00 7.157895e-01 2.22414514e-04
5.897436e+00 3.436842e+00 9.210526e-01 1.70895000e-05
5.897436e+00 3.436842e+00 1.126316e+00 5.93111236e-06
5.897436e+00 3.436842e+00 1.331579e+00 4.97521432e-06
5.897436e+00 3.436842e+00 1.536842e+00 4.60052661e-06
5.897436e+00 3.436842e+00 1.742105e+00 4.25020835e-06
5.897436e+00 3.436842e+00 1.947368e+00 3.89802381e-06
5.897436e+00 3.436842e+00 2.152632e+00 3.54955682e-06
5.897436e+00 3.436842e+00 2.357895e+00 3.21102561e-06
5.897436e+00 3.436842e+00 2.563158e+00 2.88739056e-06
5.897436e+00 3.436842e+00 2.768421e+00 2.58230762e-06
5.897436e+00 3.436842e+00 2.973684e+00 2.29823968e-06
5.897436e+00 3.436842e+00 3.178947e+00 2.03657214e-06
5.897436e+00 3.436842e+00 3.384211e+00 1.79780943e-06
5.897436e+00 3.436842e+00 3.589474e+00 1.58174203e-06
5.897436e+00 3.436842e+00 3.794737e+00 1.38762482e-06
5.897436e+00 3.436842e+00 4.000000e+00 1.21432913e-06
5.897436e+00 3.697368e+00 1.000000e-01 3.43655777e+01
5.897436e+00 3.697368e+00 3.052632e-01 7.81032071e-02
5.897436e+00 3.697368e+00 5.105263e-01 1.97095284e-03
5.897436e+00 3.697368e+00 7.157895e-01 8.75760816e-05
5.897436e+00 3.697368e+00 9.210526e-01 6.57390592e-06
5.897436e+00 3.697368e+00 1.126316e+00 2.18006198e-06
5.897436e+00 3.697368e+00 1.331579e+00 1.81243422e-06
5.897436e+00 3.697368e+00 1.536842e+00 1.67485450e-06
5.897436e+00 3.697368e+00 1.742105e+00 1.54728377e-06
5.897436e+00 3.697368e+00 1.947368e+00 1.41909334e-06
5.897436e+00 3.697368e+00 2.152632e+00 1.29225111e-06
5.897436e+00 3.697368e+00 2.357895e+00 1.16902152e-06
5.897436e+00 3.697368e+00 2.563158e+00 1.05121262e-06
5.897436e+00 3.697368e+00 2.768421e+00 9.40153541e-07
5.897436e+00 3.697368e+00 2.973684e+00 8.36741833e-07
5.897436e+00 3.697368e+00 3.178947e+00 7.41481585e-07
5.897436e+00 3.697368e+00 3.384211e+00 6.54560097e-07
5.897436e+00 3.697368e+00 3.589474e+00 5.75897275e-07
5.897436e+00 3.697368e+00 3.794737e+00 5.05225501e-07
5.897436e+00 3.697368e+00 4.000000e+00 4.42132176e-07
5.897436e+00 3.957895e+00 1.000000e-01 1.26775942e+01
5.897436e+00 3.957895e+00 3.052632e-01 2.88061425e-02
5.897436e+00 3.957895e+00 5.105263e-01 7.26731552e-04
5.897436e+00 3.957895e+00 7.157895e-01 3.22407868e-05
5.897436e+00 3.957895e+00 9.210526e-01 2.37691438e-06
5.897436e+00 3.957895e+00 1.126316e+00 7.59283978e-07
5.897436e+00 3.957895e+00 1.331579e+00 6.26383269e-07
5.897436e+00 3.957895e+00 1.536842e+00 5.78508264e-07
5.897436e+00 3.957895e+00 1.742105e+00 5.34432957e-07
5.897436e+00 3.957895e+00 1.947368e+00 4.90161483e-07
5.897436e+00 3.957895e+00 2.152632e+00 4.46356040e-07
5.897436e+00 3.957895e+00 2.357895e+00 4.03796264e-07
5.897436e+00 3.957895e+00 2.563158e+00 3.63107347e-07
5.897436e+00 3.957895e+00 2.768421e+00 3.24749550e-07
5.897436e+00 3.957895e+00 2.973684e+00 2.89031703e-07
5.897436e+00 3.957895e+00 3.178947e+00 2.56129340e-07
5.897436e+00 3.957895e+00 3.384211e+00 2.26105271e-07
5.897436e+00 3.957895e+00 3.589474e+00 1.98934629e-07
5.897436e+00 3.957895e+00 3.794737e+00 1.74523151e-07
5.897436e+00 3.957895e+00 4.000000e+00 1.52729271e-07
5.897436e+00 4.218421e+00 1.000000e-01 4.36993504e+00
5.897436e+00 4.218421e+00 3.052632e-01 9.92769189e-03
5.897436e+00 4.218421e+00 5.105263e-01 2.50406592e-04
5.897436e+00 4.218421e+00 7.157895e-01 1.10960618e-05
5.897436e+00 4.218421e+00 9.210526e-01 8.06903017e-07
5.897436e+00 4.218421e+00 1.126316e+00 2.50160497e-07
5.897436e+00 4.218421e+00 1.331579e+00 2.05049332e-07
5.897436e+00 4.218421e+00 1.536842e+00 1.89287448e-07
5.897436e+00 4.218421e+00 1.742105e+00 1.74862649e-07
5.897436e+00 4.218421e+00 1.947368e+00 1.60379301e-07
5.897436e+00 4.218421e+00 2.152632e+00 1.46047512e-07
5.897436e+00 4.218421e+00 2.357895e+00 1.32123517e-07
5.897436e+00 4.218421e+00 2.563158e+00 1.18810995e-07
5.897436e+00 4.218421e+00 2.768421e+00 1.06261098e-07
5.897436e+00 4.218421e+00 2.973684e+00 9.45747018e-08
5.897436e+00 4.218421e+00 3.178947e+00 8.38092475e-08
5.897436e+00 4.218421e+00 3.384211e+00 7.39856318e-08
5.897436e+00 4.218421e+00 3.589474e+00 6.50952430e-08
5.897436e+00 4.218421e+00 3.794737e+00 5.71075844e-08
5.897436e+00 4.218421e+00 4.000000e+00 4.99764035e-08
5.897436e+00 4.478947e+00 1.000000e-01 1.40746522e+00
5.897436e+00 4.478947e+00 3.052632e-01 3.19708232e-03
5.897436e+00 4.478947e+00 5.105263e-01 8.06274838e-05
5.897436e+00 4.478947e+00 7.157895e-01 3.56968758e-06
5.897436e+00 4.478947e+00 9.210526e-01 2.56940865e-07
5.897436e+00 4.478947e+00 1.126316e+00 7.78290214e-08
5.897436e+00 4.478947e+00 1.331579e+00 6.34656203e-08
5.897436e+00 4.478947e+00 1.536842e+00 5.85644280e-08
5.897436e+00 4.478947e+00 1.742105e+00 5.41007878e-08
5.897436e+00 4.478947e+00 1.947368e+00 4.96201196e-08
5.897436e+00 4.478947e+00 2.152632e+00 4.51863862e-08
5.897436e+00 4.478947e+00 2.357895e+00 4.08786498e-08
5.897436e+00 4.478947e+00 2.563158e+00 3.67601452e-08
5.897436e+00 4.478947e+00 2.768421e+00 3.28773773e-08
5.897436e+00 4.478947e+00 2.973684e+00 2.92617734e-08
5.897436e+00 4.478947e+00 3.178947e+00 2.59310369e-08
5.897436e+00 4.478947e+00 3.384211e+00 2.28916512e-08
5.897436e+00 4.478947e+00 3.589474e+00 2.01410497e-08
5.897436e+00 4.478947e+00 3.794737e+00 1.76696826e-08
5.897436e+00 4.478947e+00 4.000000e+00 1.54632946e-08
5.897436e+00 4.739474e+00 1.000000e-01 4.23568428e-01
5.897436e+00 4.739474e+00 3.052632e-01 9.62050690e-04
5.897436e+00 4.739474e+00 5.105263e-01 2.42592068e-05
5.897436e+00 4.739474e+00 7.157895e-01 1.07337337e-06
5.897436e+00 4.739474e+00 9.210526e-01 7.66818573e-08
5.897436e+00 4.739474e+00 1.126316e+00 2.28238335e-08
5.897436e+00 4.739474e+00 1.331579e+00 1.85374667e-08
5.897436e+00 4.739474e+00 1.536842e+00 1.71008239e-08
5.897436e+00 4.739474e+00 1.742105e+00 1.57972622e-08
5.897436e+00 4.739474e+00 1.947368e+00 1.44889896e-08
5.897436e+00 4.739474e+00 2.152632e+00 1.31944295e-08
5.897436e+00 4.739474e+00 2.357895e+00 1.19366401e-08
5.897436e+00 4.739474e+00 2.563158e+00 1.07340812e-08
5.897436e+00 4.739474e+00 2.768421e+00 9.60036584e-09
5.897436e+00 4.739474e+00 2.973684e+00 8.54464766e-09
5.897436e+00 4.739474e+00 3.178947e+00 7.57207985e-09
5.897436e+00 4.739474e+00 3.384211e+00 6.68457556e-09
5.897436e+00 4.739474e+00 3.589474e+00 5.88138915e-09
5.897436e+00 4.739474e+00 3.794737e+00 5.15974330e-09
5.897436e+00 4.739474e+00 4.000000e+00 4.51545734e-09
5.897436e+00 5.000000e+00 1.000000e-01 1.19106129e-01
5.897436e+00 5.000000e+00 3.052632e-01 2.70506687e-04
5.897436e+00 5.000000e+00 5.105263e-01 6.82057316e-06
5.897436e+00 5.000000e+00 7.157895e-01 3.01647901e-07
5.897436e+00 5.000000e+00 9.210526e-01 2.14339231e-08
5.897436e+00 5.000000e+00 1.126316e+00 6.29818153e-09
5.897436e+00 5.000000e+00 1.331579e+00 5.10011988e-09
5.897436e+00 5.000000e+00 1.536842e+00 4.70380668e-09
5.897436e+00 5.000000e+00 1.742105e+00 4.34520775e-09
5.897436e+00 5.000000e+00 1.947368e+00 3.98537559e-09
5.897436e+00 5.000000e+00 2.152632e+00 3.62930908e-09
5.897436e+00 5.000000e+00 2.357895e+00 3.28335181e-09
5.897436e+00 5.000000e+00 2.563158e+00 2.95258018e-09
5.897436e+00 5.000000e+00 2.768421e+00 2.64074651e-09
5.897436e+00 5.000000e+00 2.973684e+00 2.35035902e-09
5.897436e+00 5.000000e+00 3.178947e+00 2.08284257e-09
5.897436e+00 5.000000e+00 3.384211e+00 1.83872673e-09
5.897436e+00 5.000000e+00 3.589474e+00 1.61779634e-09
5.897436e+00 5.000000e+00 3.794737e+00 1.41929857e-09
5.897436e+00 5.000000e+00 4.000000e+00 1.24207422e-09
6.153846e+00 5.000000e-02 1.000000e-01 3.19848145e+04
6.153846e+00 5.000000e-02 3.052632e-01 7.48768768e+01
6.153846e+00 5.000000e-02 5.105263e-01 2.10978317e+00
6.153846e+00 5.000000e-02 7.157895e-01 1.54275566e-01
6.153846e+00 5.000000e-02 9.210526e-01 5.94035760e-02
6.153846e+00 5.000000e-02 1.126316e+00 5.13646901e-02
6.153846e+00 5.000000e-02 1.331579e+00 4.81639989e-02
6.153846e+00 5.000000e-02 1.536842e+00 4.51034307e-02
6.153846e+00 5.000000e-02 1.742105e+00 4.19342145e-02
6.153846e+00 5.000000e-02 1.947368e+00 3.87051962e-02
6.153846e+00 5.000000e-02 2.152632e+00 3.54817063e-02
6.153846e+00 5.000000e-02 2.357895e+00 3.23226117e-02
6.153846e+00 5.000000e-02 2.563158e+00 2.92748231e-02
6.153846e+00 5.000000e-02 2.768421e+00 2.63759494e-02
6.153846e+00 5.000000e-02 2.973684e+00 2.36515235e-02
6.153846e+00 5.000000e-02 3.178947e+00 2.11183559e-02
6.153846e+00 5.000000e-02 3.384211e+00 1.87851917e-02
6.153846e+00 5.000000e-02 3.589474e+00 1.66538879e-02
6.153846e+00 5.000000e-02 3.794737e+00 1.47210509e-02
6.153846e+00 5.000000e-02 4.000000e+00 1.29793538e-02
6.153846e+00 3.105263e-01 1.000000e-01 3.05169961e+04
6.153846e+00 3.105263e-01 3.052632e-01 7.13963547e+01
6.153846e+00 3.105263e-01 5.105263e-01 1.98203909e+00
6.153846e+00 3.105263e-01 7.157895e-01 1.18372336e-01
6.153846e+00 3.105263e-01 9.210526e-01 2.91536022e-02
6.153846e+00 3.105263e-01 1.126316e+00 2.28101183e-02
6.153846e+00 3.105263e-01 1.331579e+00 2.12048963e-02
6.153846e+00 3.105263e-01 1.536842e+00 1.98418405e-02
6.153846e+00 3.105263e-01 1.742105e+00 1.84474904e-02
6.153846e+00 3.105263e-01 1.947368e+00 1.70288663e-02
6.153846e+00 3.105263e-01 2.152632e+00 1.56129310e-02
6.153846e+00 3.105263e-01 2.357895e+00 1.42248021e-02
6.153846e+00 3.105263e-01 2.563158e+00 1.28853880e-02
6.153846e+00 3.105263e-01 2.768421e+00 1.16109625e-02
6.153846e+00 3.105263e-01 2.973684e+00 1.04129044e-02
6.153846e+00 3.105263e-01 3.178947e+00 9.29872133e-03
6.153846e+00 3.105263e-01 3.384211e+00 8.27217661e-03
6.153846e+00 3.105263e-01 3.589474e+00 7.33430171e-03
6.153846e+00 3.105263e-01 3.794737e+00 6.48363214e-03
6.153846e+00 3.105263e-01 4.000000e+00 5.71693992e-03
6.153846e+00 5.710526e-01 1.000000e-01 2.72054102e+04
6.153846e+00 5.710526e-01 3.052632e-01 6.36161346e+01
6.153846e+00 5.710526e-01 5.105263e-01 1.75691783e+00
6.153846e+00 5.710526e-01 7.157895e-01 9.71438289e-02
6.153846e+00 5.710526e-01 9.210526e-01 1.80687066e-02
6.153846e+00 5.710526e-01 1.126316e+00 1.28080063e-02
6.153846e+00 5.710526e-01 1.331579e+00 1.17956987e-02
6.153846e+00 5.710526e-01 1.536842e+00 1.10281985e-02
6.153846e+00 5.710526e-01 1.742105e+00 1.02527412e-02
6.153846e+00 5.710526e-01 1.947368e+00 9.46496334e-03
6.153846e+00 5.710526e-01 2.152632e+00 8.67873803e-03
6.153846e+00 5.710526e-01 2.357895e+00 7.90795870e-03
6.153846e+00 5.710526e-01 2.563158e+00 7.16407364e-03
6.153846e+00 5.710526e-01 2.768421e+00 6.45608781e-03
6.153846e+00 5.710526e-01 2.973684e+00 5.79043059e-03
6.153846e+00 5.710526e-01 3.178947e+00 5.17127384e-03
6.153846e+00 5.710526e-01 3.384211e+00 4.60075820e-03
6.153846e+00 5.710526e-01 3.589474e+00 4.07938240e-03
6.153846e+00 5.710526e-01 3.794737e+00 3.60642560e-03
6.153846e+00 5.710526e-01 4.000000e+00 3.18013248e-03
6.153846e+00 8.315790e-01 1.000000e-01 2.26613066e+04
6.153846e+00 8.315790e-01 3.052632e-01 5.29576225e+01
6.153846e+00 8.315790e-01 5.105263e-01 1.45812440e+00
6.153846e+00 8.315790e-01 7.157895e-01 7.72572905e-02
6.153846e+00 8.315790e-01 9.210526e-01 1.16583109e-02
6.153846e+00 8.315790e-01 1.126316e+00 7.45328935e-03
6.153846e+00 8.315790e-01 1.331579e+00 6.79057604e-03
6.153846e+00 8.315790e-01 1.536842e+00 6.34262944e-03
6.153846e+00 8.315790e-01 1.742105e+00 5.89617901e-03
6.153846e+00 8.315790e-01 1.947368e+00 5.44338580e-03
6.153846e+00 8.315790e-01 2.152632e+00 4.99158679e-03
6.153846e+00 8.315790e-01 2.357895e+00 4.54859808e-03
6.153846e+00 8.315790e-01 2.563158e+00 4.12105257e-03
6.153846e+00 8.315790e-01 2.768421e+00 3.71406507e-03
6.153846e+00 8.315790e-01 2.973684e+00 3.33135785e-03
6.153846e+00 8.315790e-01 3.178947e+00 2.97532137e-03
6.153846e+00 8.315790e-01 3.384211e+00 2.64721410e-03
6.153846e+00 8.315790e-01 3.589474e+00 2.34734453e-03
6.153846e+00 8.315790e-01 3.794737e+00 2.07529566e-03
6.153846e+00 8.315790e-01 4.000000e+00 1.83005445e-03
6.153846e+00 1.092105e+00 1.000000e-01 1.76372988e+04
6.153846e+00 1.092105e+00 3.052632e-01 4.11867218e+01
6.153846e+00 1.092105e+00 5.105263e-01 1.13155687e+00
6.153846e+00 1.092105e+00 7.157895e-01 5.83628193e-02
6.153846e+00 1.092105e+00 9.210526e-01 7.48405932e-03
6.153846e+00 1.092105e+00 1.126316e+00 4.29916801e-03
6.153846e+00 1.092105e+00 1.331579e+00 3.86856310e-03
6.153846e+00 1.092105e+00 1.536842e+00 3.60939908e-03
6.153846e+00 1.092105e+00 1.742105e+00 3.35500855e-03
6.153846e+00 1.092105e+00 1.947368e+00 3.09745362e-03
6.153846e+00 1.092105e+00 2.152632e+00 2.84051476e-03
6.153846e+00 1.092105e+00 2.357895e+00 2.58859154e-03
6.153846e+00 1.092105e+00 2.563158e+00 2.34542089e-03
6.153846e+00 1.092105e+00 2.768421e+00 2.11390853e-03
6.153846e+00 1.092105e+00 2.973684e+00 1.89619558e-03
6.153846e+00 1.092105e+00 3.178947e+00 1.69362710e-03
6.153846e+00 1.092105e+00 3.384211e+00 1.50692812e-03
6.153846e+00 1.092105e+00 3.589474e+00 1.33628235e-03
6.153846e+00 1.092105e+00 3.794737e+00 1.18144904e-03
6.153846e+00 1.092105e+00 4.000000e+00 1.04187173e-03
6.153846e+00 1.352632e+00 1.000000e-01 1.28262002e+04
6.153846e+00 1.352632e+00 3.052632e-01 2.99273033e+01
6.153846e+00 1.352632e+00 5.105263e-01 8.20775807e-01
6.153846e+00 1.352632e+00 7.157895e-01 4.15695235e-02
6.153846e+00 1.352632e+00 9.210526e-01 4.68725525e-03
6.153846e+00 1.352632e+00 1.126316e+00 2.41580373e-03
6.153846e+00 1.352632e+00 1.331579e+00 2.14341236e-03
6.153846e+00 1.352632e+00 1.536842e+00 1.99733768e-03
6.153846e+00 1.352632e+00 1.742105e+00 1.85636024e-03
6.153846e+00 1.352632e+00 1.947368e+00 1.71387498e-03
6.153846e+00 1.352632e+00 2.152632e+00 1.57177798e-03
6.153846e+00 1.352632e+00 2.357895e+00 1.43244734e-03
6.153846e+00 1.352632e+00 2.563158e+00 1.29794423e-03
6.153846e+00 1.352632e+00 2.768421e+00 1.16988888e-03
6.153846e+00 1.352632e+00 2.973684e+00 1.04944559e-03
6.153846e+00 1.352632e+00 3.178947e+00 9.37370758e-04
6.153846e+00 1.352632e+00 3.384211e+00 8.34070088e-04
6.153846e+00 1.352632e+00 3.589474e+00 7.39646261e-04
6.153846e+00 1.352632e+00 3.794737e+00 6.53965806e-04
6.153846e+00 1.352632e+00 4.000000e+00 5.76719642e-04
6.153846e+00 1.613158e+00 1.000000e-01 8.71534570e+03
6.153846e+00 1.613158e+00 3.052632e-01 2.03177757e+01
6.153846e+00 1.613158e+00 5.105263e-01 5.56393325e-01
6.153846e+00 1.613158e+00 7.157895e-01 2.78178938e-02
6.153846e+00 1.613158e+00 9.210526e-01 2.83166836e-03
6.153846e+00 1.613158e+00 1.126316e+00 1.31072011e-03
6.153846e+00 1.613158e+00 1.331579e+00 1.14482257e-03
6.153846e+00 1.613158e+00 1.536842e+00 1.06533745e-03
6.153846e+00 1.613158e+00 1.742105e+00 9.90010565e-04
6.153846e+00 1.613158e+00 1.947368e+00 9.14033852e-04
6.153846e+00 1.613158e+00 2.152632e+00 8.38277920e-04
6.153846e+00 1.613158e+00 2.357895e+00 7.64001918e-04
6.153846e+00 1.613158e+00 2.563158e+00 6.92291593e-04
6.153846e+00 1.613158e+00 2.768421e+00 6.24014589e-04
6.153846e+00 1.613158e+00 2.973684e+00 5.59791515e-04
6.153846e+00 1.613158e+00 3.178947e+00 5.00028080e-04
6.153846e+00 1.613158e+00 3.384211e+00 4.44936042e-04
6.153846e+00 1.613158e+00 3.589474e+00 3.94575414e-04
6.153846e+00 1.613158e+00 3.794737e+00 3.48876609e-04
6.153846e+00 1.613158e+00 4.000000e+00 3.07674229e-04
6.153846e+00 1.873684e+00 1.000000e-01 5.53341309e+03
6.153846e+00 1.873684e+00 3.052632e-01 1.28884630e+01
6.153846e+00 1.873684e+00 5.105263e-01 3.52479458e-01
6.153846e+00 1.873684e+00 7.157895e-01 1.74568202e-02
6.153846e+00 1.873684e+00 9.210526e-01 1.63769163e-03
6.153846e+00 1.873684e+00 1.126316e+00 6.83041464e-04
6.153846e+00 1.873684e+00 1.331579e+00 5.86466864e-04
6.153846e+00 1.873684e+00 1.536842e+00 5.44925686e-04
6.153846e+00 1.873684e+00 1.742105e+00 5.06322715e-04
6.153846e+00 1.873684e+00 1.947368e+00 4.67464968e-04
6.153846e+00 1.873684e+00 2.152632e+00 4.28733299e-04
6.153846e+00 1.873684e+00 2.357895e+00 3.90757690e-04
6.153846e+00 1.873684e+00 2.563158e+00 3.54094314e-04
6.153846e+00 1.873684e+00 2.768421e+00 3.19181592e-04
6.153846e+00 1.873684e+00 2.973684e+00 2.86340917e-04
6.153846e+00 1.873684e+00 3.178947e+00 2.55778374e-04
6.153846e+00 1.873684e+00 3.384211e+00 2.27604105e-04
6.153846e+00 1.873684e+00 3.589474e+00 2.01847011e-04
6.153846e+00 1.873684e+00 3.794737e+00 1.78473187e-04
6.153846e+00 1.873684e+00 4.000000e+00 1.57398492e-04
6.153846e+00 2.134211e+00 1.000000e-01 3.28265161e+03
6.153846e+00 2.134211e+00 3.052632e-01 7.63938808e+00
6.153846e+00 2.134211e+00 5.105263e-01 2.08681136e-01
6.153846e+00 2.134211e+00 7.157895e-01 1.02618830e-02
6.153846e+00 2.134211e+00 9.210526e-01 9.01896157e-04
6.153846e+00 2.134211e+00 1.126316e+00 3.40721541e-04
6.153846e+00 2.134211e+00 1.331579e+00 2.87258474e-04
6.153846e+00 2.134211e+00 1.536842e+00 2.66478426e-04
6.153846e+00 2.134211e+00 1.742105e+00 2.47564196e-04
6.153846e+00 2.134211e+00 1.947368e+00 2.28564080e-04
6.153846e+00 2.134211e+00 2.152632e+00 2.09631020e-04
6.153846e+00 2.134211e+00 2.357895e+00 1.91067971e-04
6.153846e+00 2.134211e+00 2.563158e+00 1.73145512e-04
6.153846e+00 2.134211e+00 2.768421e+00 1.56079172e-04
6.153846e+00 2.134211e+00 2.973684e+00 1.40023680e-04
6.153846e+00 2.134211e+00 3.178947e+00 1.25081016e-04
6.153846e+00 2.134211e+00 3.384211e+00 1.11305657e-04
6.153846e+00 2.134211e+00 3.589474e+00 9.87119056e-05
6.153846e+00 2.134211e+00 3.794737e+00 8.72826131e-05
6.153846e+00 2.134211e+00 4.000000e+00 7.69770704e-05
6.153846e+00 2.394737e+00 1.000000e-01 1.81962256e+03
6.153846e+00 2.394737e+00 3.052632e-01 4.23119259e+00
6.153846e+00 2.394737e+00 5.105263e-01 1.15462162e-01
6.153846e+00 2.394737e+00 7.157895e-01 5.64708514e-03
6.153846e+00 2.394737e+00 9.210526e-01 4.71087114e-04
6.153846e+00 2.394737e+00 1.126316e+00 1.62315046e-04
6.153846e+00 2.394737e+00 1.331579e+00 1.34273650e-04
6.153846e+00 2.394737e+00 1.536842e+00 1.24347818e-04
6.153846e+00 2.394737e+00 1.742105e+00 1.15503681e-04
6.153846e+00 2.394737e+00 1.947368e+00 1.06638137e-04
6.153846e+00 2.394737e+00 2.152632e+00 9.78068783e-05
6.153846e+00 2.394737e+00 2.357895e+00 8.91479503e-05
6.153846e+00 2.394737e+00 2.563158e+00 8.07879114e-05
6.153846e+00 2.394737e+00 2.768421e+00 7.28265659e-05
6.153846e+00 2.394737e+00 2.973684e+00 6.53366224e-05
6.153846e+00 2.394737e+00 3.178947e+00 5.83656838e-05
6.153846e+00 2.394737e+00 3.384211e+00 5.19387904e-05
6.153846e+00 2.394737e+00 3.589474e+00 4.60628289e-05
6.153846e+00 2.394737e+00 3.794737e+00 4.07301159e-05
6.153846e+00 2.394737e+00 4.000000e+00 3.59216465e-05
6.153846e+00 2.655263e+00 1.000000e-01 9.42459473e+02
6.153846e+00 2.655263e+00 3.052632e-01 2.18989444e+00
6.153846e+00 2.655263e+00 5.105263e-01 5.97047694e-02
6.153846e+00 2.655263e+00 7.157895e-01 2.90784868e-03
6.153846e+00 2.655263e+00 9.210526e-01 2.32683495e-04
6.153846e+00 2.655263e+00 1.126316e+00 7.37177761e-05
6.153846e+00 2.655263e+00 1.331579e+00 5.98220468e-05
6.153846e+00 2.655263e+00 1.536842e+00 5.53029095e-05
6.153846e+00 2.655263e+00 1.742105e+00 5.13609521e-05
6.153846e+00 2.655263e+00 1.947368e+00 4.74183180e-05
6.153846e+00 2.655263e+00 2.152632e+00 4.34919966e-05
6.153846e+00 2.655263e+00 2.357895e+00 3.96425494e-05
6.153846e+00 2.655263e+00 2.563158e+00 3.59257938e-05
6.153846e+00 2.655263e+00 2.768421e+00 3.23860295e-05
6.153846e+00 2.655263e+00 2.973684e+00 2.90558892e-05
6.153846e+00 2.655263e+00 3.178947e+00 2.59563294e-05
6.153846e+00 2.655263e+00 3.384211e+00 2.30985297e-05
6.153846e+00 2.655263e+00 3.589474e+00 2.04857188e-05
6.153846e+00 2.655263e+00 3.794737e+00 1.81143168e-05
6.153846e+00 2.655263e+00 4.000000e+00 1.59759620e-05
6.153846e+00 2.915789e+00 1.000000e-01 4.56110779e+02
6.153846e+00 2.915789e+00 3.052632e-01 1.05912364e+00
6.153846e+00 2.915789e+00 5.105263e-01 2.88534164e-02
6.153846e+00 2.915789e+00 7.157895e-01 1.40069844e-03
6.153846e+00 2.915789e+00 9.210526e-01 1.08430897e-04
6.153846e+00 2.915789e+00 1.126316e+00 3.18730781e-05
6.153846e+00 2.915789e+00 1.331579e+00 2.53808448e-05
6.153846e+00 2.915789e+00 1.536842e+00 2.34224026e-05
6.153846e+00 2.915789e+00 1.742105e+00 2.17494035e-05
6.153846e+00 2.915789e+00 1.947368e+00 2.00797022e-05
6.153846e+00 2.915789e+00 2.152632e+00 1.84172786e-05
6.153846e+00 2.915789e+00 2.357895e+00 1.67874568e-05
6.153846e+00 2.915789e+00 2.563158e+00 1.52138173e-05
6.153846e+00 2.915789e+00 2.768421e+00 1.37151046e-05
6.153846e+00 2.915789e+00 2.973684e+00 1.23050268e-05
6.153846e+00 2.915789e+00 3.178947e+00 1.09925277e-05
6.153846e+00 2.915789e+00 3.384211e+00 9.78241860e-06
6.153846e+00 2.915789e+00 3.589474e+00 8.67598374e-06
6.153846e+00 2.915789e+00 3.794737e+00 7.67175516e-06
6.153846e+00 2.915789e+00 4.000000e+00 6.76620039e-06
6.153846e+00 3.176316e+00 1.000000e-01 2.06254532e+02
6.153846e+00 3.176316e+00 3.052632e-01 4.78669226e-01
6.153846e+00 3.176316e+00 5.105263e-01 1.30317947e-02
6.153846e+00 3.176316e+00 7.157895e-01 6.31030824e-04
6.153846e+00 3.176316e+00 9.210526e-01 4.75856141e-05
6.153846e+00 3.176316e+00 1.126316e+00 1.31021152e-05
6.153846e+00 3.176316e+00 1.331579e+00 1.02471649e-05
6.153846e+00 3.176316e+00 1.536842e+00 9.44041312e-06
6.153846e+00 3.176316e+00 1.742105e+00 8.76476315e-06
6.153846e+00 3.176316e+00 1.947368e+00 8.09178437e-06
6.153846e+00 3.176316e+00 2.152632e+00 7.42193424e-06
6.153846e+00 3.176316e+00 2.357895e+00 6.76524132e-06
6.153846e+00 3.176316e+00 2.563158e+00 6.13118482e-06
6.153846e+00 3.176316e+00 2.768421e+00 5.52728352e-06
6.153846e+00 3.176316e+00 2.973684e+00 4.95910217e-06
6.153846e+00 3.176316e+00 3.178947e+00 4.43021463e-06
6.153846e+00 3.176316e+00 3.384211e+00 3.94257222e-06
6.153846e+00 3.176316e+00 3.589474e+00 3.49668630e-06
6.153846e+00 3.176316e+00 3.794737e+00 3.09198208e-06
6.153846e+00 3.176316e+00 4.000000e+00 2.72703505e-06
6.153846e+00 3.436842e+00 1.000000e-01 8.71490784e+01
6.153846e+00 3.436842e+00 3.052632e-01 2.02157751e-01
6.153846e+00 3.436842e+00 5.105263e-01 5.50081115e-03
6.153846e+00 3.436842e+00 7.157895e-01 2.65839422e-04
6.153846e+00 3.436842e+00 9.210526e-01 1.96383589e-05
6.153846e+00 3.436842e+00 1.126316e+00 5.11374083e-06
6.153846e+00 3.436842e+00 1.331579e+00 3.93365781e-06
6.153846e+00 3.436842e+00 1.536842e+00 3.61819571e-06
6.153846e+00 3.436842e+00 1.742105e+00 3.35874915e-06
6.153846e+00 3.436842e+00 1.947368e+00 3.10082896e-06
6.153846e+00 3.436842e+00 2.152632e+00 2.84416251e-06
6.153846e+00 3.436842e+00 2.357895e+00 2.59255103e-06
6.153846e+00 3.436842e+00 2.563158e+00 2.34960066e-06
6.153846e+00 3.436842e+00 2.768421e+00 2.11820543e-06
6.153846e+00 3.436842e+00 2.973684e+00 1.90048502e-06
6.153846e+00 3.436842e+00 3.178947e+00 1.69782004e-06
6.153846e+00 3.436842e+00 3.384211e+00 1.51095310e-06
6.153846e+00 3.436842e+00 3.589474e+00 1.34008803e-06
6.153846e+00 3.436842e+00 3.794737e+00 1.18499872e-06
6.153846e+00 3.436842e+00 4.000000e+00 1.04514106e-06
6.153846e+00 3.697368e+00 1.000000e-01 3.44071045e+01
6.153846e+00 3.697368e+00 3.052632e-01 7.97826946e-02
6.153846e+00 3.697368e+00 5.105263e-01 2.16999231e-03
6.153846e+00 3.697368e+00 7.157895e-01 1.04711326e-04
6.153846e+00 3.697368e+00 9.210526e-01 7.61254068e-06
6.153846e+00 3.697368e+00 1.126316e+00 1.89228888e-06
6.153846e+00 3.697368e+00 1.331579e+00 1.43428406e-06
6.153846e+00 3.697368e+00 1.536842e+00 1.31736874e-06
6.153846e+00 3.697368e+00 1.742105e+00 1.22274287e-06
6.153846e+00 3.697368e+00 1.947368e+00 1.12883447e-06
6.153846e+00 3.697368e+00 2.152632e+00 1.03540560e-06
6.153846e+00 3.697368e+00 2.357895e+00 9.43818634e-07
6.153846e+00 3.697368e+00 2.563158e+00 8.55382552e-07
6.153846e+00 3.697368e+00 2.768421e+00 7.71151804e-07
6.153846e+00 3.697368e+00 2.973684e+00 6.91896673e-07
6.153846e+00 3.697368e+00 3.178947e+00 6.18120851e-07
6.153846e+00 3.697368e+00 3.384211e+00 5.50094626e-07
6.153846e+00 3.697368e+00 3.589474e+00 4.87891157e-07
6.153846e+00 3.697368e+00 3.794737e+00 4.31431062e-07
6.153846e+00 3.697368e+00 4.000000e+00 3.80513711e-07
6.153846e+00 3.957895e+00 1.000000e-01 1.26928425e+01
6.153846e+00 3.957895e+00 3.052632e-01 2.94230171e-02
6.153846e+00 3.957895e+00 5.105263e-01 7.99997069e-04
6.153846e+00 3.957895e+00 7.157895e-01 3.85587882e-05
6.153846e+00 3.957895e+00 9.210526e-01 2.76898891e-06
6.153846e+00 3.957895e+00 1.126316e+00 6.62826096e-07
6.153846e+00 3.957895e+00 1.331579e+00 4.96076780e-07
6.153846e+00 3.957895e+00 1.536842e+00 4.55069340e-07
6.153846e+00 3.957895e+00 1.742105e+00 4.22333585e-07
6.153846e+00 3.957895e+00 1.947368e+00 3.89895774e-07
6.153846e+00 3.957895e+00 2.152632e+00 3.57627556e-07
6.153846e+00 3.957895e+00 2.357895e+00 3.25996496e-07
6.153846e+00 3.957895e+00 2.563158e+00 2.95453731e-07
6.153846e+00 3.957895e+00 2.768421e+00 2.66362491e-07
6.153846e+00 3.957895e+00 2.973684e+00 2.38989401e-07
6.153846e+00 3.957895e+00 3.178947e+00 2.13508514e-07
6.153846e+00 3.957895e+00 3.384211e+00 1.90012472e-07
6.153846e+00 3.957895e+00 3.589474e+00 1.68527635e-07
6.153846e+00 3.957895e+00 3.794737e+00 1.49026448e-07
6.153846e+00 3.957895e+00 4.000000e+00 1.31439208e-07
6.153846e+00 4.218421e+00 1.000000e-01 4.37517357e+00
6.153846e+00 4.218421e+00 3.052632e-01 1.01396004e-02
6.153846e+00 4.218421e+00 5.105263e-01 2.75618426e-04
6.153846e+00 4.218421e+00 7.157895e-01 1.32729010e-05
6.153846e+00 4.218421e+00 9.210526e-01 9.44331987e-07
6.153846e+00 4.218421e+00 1.126316e+00 2.19405905e-07
6.153846e+00 4.218421e+00 1.331579e+00 1.62497756e-07
6.153846e+00 4.218421e+00 1.536842e+00 1.48909677e-07
6.153846e+00 4.218421e+00 1.742105e+00 1.38184291e-07
6.153846e+00 4.218421e+00 1.947368e+00 1.27569962e-07
6.153846e+00 4.218421e+00 2.152632e+00 1.17012803e-07
6.153846e+00 4.218421e+00 2.357895e+00 1.06664125e-07
6.153846e+00 4.218421e+00 2.563158e+00 9.66715703e-08
6.153846e+00 4.218421e+00 2.768421e+00 8.71537935e-08
6.153846e+00 4.218421e+00 2.973684e+00 7.81979139e-08
6.153846e+00 4.218421e+00 3.178947e+00 6.98608602e-08
6.153846e+00 4.218421e+00 3.384211e+00 6.21734912e-08
6.153846e+00 4.218421e+00 3.589474e+00 5.51437509e-08
6.153846e+00 4.218421e+00 3.794737e+00 4.87629030e-08
6.153846e+00 4.218421e+00 4.000000e+00 4.30084413e-08
6.153846e+00 4.478947e+00 1.000000e-01 1.40914750e+00
6.153846e+00 4.478947e+00 3.052632e-01 3.26516083e-03
6.153846e+00 4.478947e+00 5.105263e-01 8.87372298e-05
6.153846e+00 4.478947e+00 7.157895e-01 4.27055602e-06
6.153846e+00 4.478947e+00 9.210526e-01 3.01742688e-07
6.153846e+00 4.478947e+00 1.126316e+00 6.85147938e-08
6.153846e+00 4.478947e+00 1.331579e+00 5.03214785e-08
6.153846e+00 4.478947e+00 1.536842e+00 4.60746712e-08
6.153846e+00 4.478947e+00 1.742105e+00 4.27527915e-08
6.153846e+00 4.478947e+00 1.947368e+00 3.94686062e-08
6.153846e+00 4.478947e+00 2.152632e+00 3.62024579e-08
6.153846e+00 4.478947e+00 2.357895e+00 3.30009335e-08
6.153846e+00 4.478947e+00 2.563158e+00 2.99094687e-08
6.153846e+00 4.478947e+00 2.768421e+00 2.69649263e-08
6.153846e+00 4.478947e+00 2.973684e+00 2.41942093e-08
6.153846e+00 4.478947e+00 3.178947e+00 2.16148894e-08
6.153846e+00 4.478947e+00 3.384211e+00 1.92364684e-08
6.153846e+00 4.478947e+00 3.589474e+00 1.70615593e-08
6.153846e+00 4.478947e+00 3.794737e+00 1.50873767e-08
6.153846e+00 4.478947e+00 4.000000e+00 1.33069822e-08
6.153846e+00 4.739474e+00 1.000000e-01 4.24073666e-01
6.153846e+00 4.739474e+00 3.052632e-01 9.82498983e-04
6.153846e+00 4.739474e+00 5.105263e-01 2.66974803e-05
6.153846e+00 4.739474e+00 7.157895e-01 1.28423801e-06
6.153846e+00 4.739474e+00 9.210526e-01 9.02819153e-08
6.153846e+00 4.739474e+00 1.126316e+00 2.01497503e-08
6.153846e+00 4.739474e+00 1.331579e+00 1.47041845e-08
6.153846e+00 4.739474e+00 1.536842e+00 1.34543887e-08
6.153846e+00 4.739474e+00 1.742105e+00 1.24836541e-08
6.153846e+00 4.739474e+00 1.947368e+00 1.15246079e-08
6.153846e+00 4.739474e+00 2.152632e+00 1.05709699e-08
6.153846e+00 4.739474e+00 2.357895e+00 9.63614610e-09
6.153846e+00 4.739474e+00 2.563158e+00 8.73352235e-09
6.153846e+00 4.739474e+00 2.768421e+00 7.87374965e-09
6.153846e+00 4.739474e+00 2.973684e+00 7.06473369e-09
6.153846e+00 4.739474e+00 3.178947e+00 6.31159658e-09
6.153846e+00 4.739474e+00 3.384211e+00 5.61711389e-09
6.153846e+00 4.739474e+00 3.589474e+00 4.98205432e-09
6.153846e+00 4.739474e+00 3.794737e+00 4.40560344e-09
6.153846e+00 4.739474e+00 4.000000e+00 3.88572774e-09
6.153846e+00 5.000000e+00 1.000000e-01 1.19247995e-01
6.153846e+00 5.000000e+00 3.052632e-01 2.76248873e-04
6.153846e+00 5.000000e+00 5.105263e-01 7.50573372e-06
6.153846e+00 5.000000e+00 7.157895e-01 3.60930301e-07
6.153846e+00 5.000000e+00 9.210526e-01 2.52816665e-08
6.153846e+00 5.000000e+00 1.126316e+00 5.57204594e-09
6.153846e+00 5.000000e+00 1.331579e+00 4.04670430e-09
6.153846e+00 5.000000e+00 1.536842e+00 3.70095110e-09
6.153846e+00 5.000000e+00 1.742105e+00 3.43376572e-09
6.153846e+00 5.000000e+00 1.947368e+00 3.16996029e-09
6.153846e+00 5.000000e+00 2.152632e+00 2.90764923e-09
6.153846e+00 5.000000e+00 2.357895e+00 2.65053224e-09
6.153846e+00 5.000000e+00 2.563158e+00 2.40226306e-09
6.153846e+00 5.000000e+00 2.768421e+00 2.16577978e-09
6.153846e+00 5.000000e+00 2.973684e+00 1.94325489e-09
6.153846e+00 5.000000e+00 3.178947e+00 1.73610093e-09
6.153846e+00 5.000000e+00 3.384211e+00 1.54507762e-09
6.153846e+00 5.000000e+00 3.589474e+00 1.37039913e-09
6.153846e+00 5.000000e+00 3.794737e+00 1.21183563e-09
6.153846e+00 5.000000e+00 4.000000e+00 1.06883824e-09
6.410256e+00 5.000000e-02 1.000000e-01 3.18008457e+04
6.410256e+00 5.000000e-02 3.052632e-01 7.58210297e+01
6.410256e+00 5.000000e-02 5.105263e-01 2.27647281e+00
6.410256e+00 5.000000e-02 7.157895e-01 1.59455851e-01
6.410256e+00 5.000000e-02 9.210526e-01 4.91820201e-02
6.410256e+00 5.000000e-02 1.126316e+00 4.04636040e-02
6.410256e+00 5.000000e-02 1.331579e+00 3.79618667e-02
6.410256e+00 5.000000e-02 1.536842e+00 3.57403345e-02
6.410256e+00 5.000000e-02 1.742105e+00 3.34281065e-02
6.410256e+00 5.000000e-02 1.947368e+00 3.10493447e-02
6.410256e+00 5.000000e-02 2.152632e+00 2.86524072e-02
6.410256e+00 5.000000e-02 2.357895e+00 2.62818877e-02
6.410256e+00 5.000000e-02 2.563158e+00 2.39738766e-02
6.410256e+00 5.000000e-02 2.768421e+00 2.17575487e-02
6.410256e+00 5.000000e-02 2.973684e+00 1.96546987e-02
6.410256e+00 5.000000e-02 3.178947e+00 1.76805109e-02
6.410256e+00 5.000000e-02 3.384211e+00 1.58446133e-02
6.410256e+00 5.000000e-02 3.589474e+00 1.41514055e-02
6.410256e+00 5.000000e-02 3.794737e+00 1.26012824e-02
6.410256e+00 5.000000e-02 4.000000e+00 1.11913290e-02
6.410256e+00 3.105263e-01 1.000000e-01 3.03413789e+04
6.410256e+00 3.105263e-01 3.052632e-01 7.23024216e+01
6.410256e+00 3.105263e-01 5.105263e-01 2.14845586e+00
6.410256e+00 3.105263e-01 7.157895e-01 1.30021662e-01
6.410256e+00 3.105263e-01 9.210526e-01 2.55447086e-02
6.410256e+00 3.105263e-01 1.126316e+00 1.80909187e-02
6.410256e+00 3.105263e-01 1.331579e+00 1.67167671e-02
6.410256e+00 3.105263e-01 1.536842e+00 1.57174598e-02
6.410256e+00 3.105263e-01 1.742105e+00 1.47004761e-02
6.410256e+00 3.105263e-01 1.947368e+00 1.36562064e-02
6.410256e+00 3.105263e-01 2.152632e+00 1.26038669e-02
6.410256e+00 3.105263e-01 2.357895e+00 1.15625784e-02
6.410256e+00 3.105263e-01 2.563158e+00 1.05485553e-02
6.410256e+00 3.105263e-01 2.768421e+00 9.57449805e-03
6.410256e+00 3.105263e-01 2.973684e+00 8.65012594e-03
6.410256e+00 3.105263e-01 3.178947e+00 7.78212352e-03
6.410256e+00 3.105263e-01 3.384211e+00 6.97467942e-03
6.410256e+00 3.105263e-01 3.589474e+00 6.22989936e-03
6.410256e+00 3.105263e-01 3.794737e+00 5.54788485e-03
6.410256e+00 3.105263e-01 4.000000e+00 4.92747081e-03
6.410256e+00 5.710526e-01 1.000000e-01 2.70486523e+04
6.410256e+00 5.710526e-01 3.052632e-01 6.44174423e+01
6.410256e+00 5.710526e-01 5.105263e-01 1.90680838e+00
6.410256e+00 5.710526e-01 7.157895e-01 1.09412700e-01
6.410256e+00 5.710526e-01 9.210526e-01 1.66184958e-02
6.410256e+00 5.710526e-01 1.126316e+00 1.02366097e-02
6.410256e+00 5.710526e-01 1.331579e+00 9.30373371e-03
6.410256e+00 5.710526e-01 1.536842e+00 8.73395987e-03
6.410256e+00 5.710526e-01 1.742105e+00 8.16817023e-03
6.410256e+00 5.710526e-01 1.947368e+00 7.58854346e-03
6.410256e+00 5.710526e-01 2.152632e+00 7.00446870e-03
6.410256e+00 5.710526e-01 2.357895e+00 6.42644567e-03
6.410256e+00 5.710526e-01 2.563158e+00 5.86339366e-03
6.410256e+00 5.710526e-01 2.768421e+00 5.32240886e-03
6.410256e+00 5.710526e-01 2.973684e+00 4.80893580e-03
6.410256e+00 5.710526e-01 3.178947e+00 4.32669045e-03
6.410256e+00 5.710526e-01 3.384211e+00 3.87805258e-03
6.410256e+00 5.710526e-01 3.589474e+00 3.46414186e-03
6.410256e+00 5.710526e-01 3.794737e+00 3.08509171e-03
6.410256e+00 5.710526e-01 4.000000e+00 2.74021924e-03
6.410256e+00 8.315790e-01 1.000000e-01 2.25304727e+04
6.410256e+00 8.315790e-01 3.052632e-01 5.36149254e+01
6.410256e+00 8.315790e-01 5.105263e-01 1.58308589e+00
6.410256e+00 8.315790e-01 7.157895e-01 8.82334784e-02
6.410256e+00 8.315790e-01 9.210526e-01 1.12022273e-02
6.410256e+00 8.315790e-01 1.126316e+00 6.01093005e-03
6.410256e+00 8.315790e-01 1.331579e+00 5.36004035e-03
6.410256e+00 8.315790e-01 1.536842e+00 5.02250018e-03
6.410256e+00 8.315790e-01 1.742105e+00 4.69645811e-03
6.410256e+00 8.315790e-01 1.947368e+00 4.36338922e-03
6.410256e+00 8.315790e-01 2.152632e+00 4.02786490e-03
6.410256e+00 8.315790e-01 2.357895e+00 3.69576155e-03
6.410256e+00 8.315790e-01 2.563158e+00 3.37219029e-03
6.410256e+00 8.315790e-01 2.768421e+00 3.06126825e-03
6.410256e+00 8.315790e-01 2.973684e+00 2.76610162e-03
6.410256e+00 8.315790e-01 3.178947e+00 2.48886063e-03
6.410256e+00 8.315790e-01 3.384211e+00 2.23091105e-03
6.410256e+00 8.315790e-01 3.589474e+00 1.99289620e-03
6.410256e+00 8.315790e-01 3.794737e+00 1.77490467e-03
6.410256e+00 8.315790e-01 4.000000e+00 1.57655706e-03
6.410256e+00 1.092105e+00 1.000000e-01 1.75352227e+04
6.410256e+00 1.092105e+00 3.052632e-01 4.16878777e+01
6.410256e+00 1.092105e+00 5.105263e-01 1.22844243e+00
6.410256e+00 1.092105e+00 7.157895e-01 6.72208294e-02
6.410256e+00 1.092105e+00 9.210526e-01 7.47673260e-03
6.410256e+00 1.092105e+00 1.126316e+00 3.50326439e-03
6.410256e+00 1.092105e+00 1.331579e+00 3.05666705e-03
6.410256e+00 1.092105e+00 1.536842e+00 2.85800011e-03
6.410256e+00 1.092105e+00 1.742105e+00 2.67193187e-03
6.410256e+00 1.092105e+00 1.947368e+00 2.48252205e-03
6.410256e+00 1.092105e+00 2.152632e+00 2.29175598e-03
6.410256e+00 1.092105e+00 2.357895e+00 2.10291194e-03
6.410256e+00 1.092105e+00 2.563158e+00 1.91890926e-03
6.410256e+00 1.092105e+00 2.768421e+00 1.74207881e-03
6.410256e+00 1.092105e+00 2.973684e+00 1.57418672e-03
6.410256e+00 1.092105e+00 3.178947e+00 1.41647516e-03
6.410256e+00 1.092105e+00 3.384211e+00 1.26972259e-03
6.410256e+00 1.092105e+00 3.589474e+00 1.13430375e-03
6.410256e+00 1.092105e+00 3.794737e+00 1.01026602e-03
6.410256e+00 1.092105e+00 4.000000e+00 8.97393795e-04
6.410256e+00 1.352632e+00 1.000000e-01 1.27517646e+04
6.410256e+00 1.352632e+00 3.052632e-01 3.02829361e+01
6.410256e+00 1.352632e+00 5.105263e-01 8.90776634e-01
6.410256e+00 1.352632e+00 7.157895e-01 4.81348448e-02
6.410256e+00 1.352632e+00 9.210526e-01 4.84379381e-03
6.410256e+00 1.352632e+00 1.126316e+00 1.99137861e-03
6.410256e+00 1.352632e+00 1.331579e+00 1.69567100e-03
6.410256e+00 1.352632e+00 1.536842e+00 1.58155430e-03
6.410256e+00 1.352632e+00 1.742105e+00 1.47822057e-03
6.410256e+00 1.352632e+00 1.947368e+00 1.37343933e-03
6.410256e+00 1.352632e+00 2.152632e+00 1.26795785e-03
6.410256e+00 1.352632e+00 2.357895e+00 1.16353715e-03
6.410256e+00 1.352632e+00 2.563158e+00 1.06177758e-03
6.410256e+00 1.352632e+00 2.768421e+00 9.63975792e-04
6.410256e+00 1.352632e+00 2.973684e+00 8.71110708e-04
6.410256e+00 1.352632e+00 3.178947e+00 7.83865980e-04
6.410256e+00 1.352632e+00 3.384211e+00 7.02680089e-04
6.410256e+00 1.352632e+00 3.589474e+00 6.27757283e-04
6.410256e+00 1.352632e+00 3.794737e+00 5.59127249e-04
6.410256e+00 1.352632e+00 4.000000e+00 4.96672990e-04
6.410256e+00 1.613158e+00 1.000000e-01 8.66461426e+03
6.410256e+00 1.613158e+00 3.052632e-01 2.05530128e+01
6.410256e+00 1.613158e+00 5.105263e-01 6.03578925e-01
6.410256e+00 1.613158e+00 7.157895e-01 3.23214531e-02
6.410256e+00 1.613158e+00 9.210526e-01 3.01178964e-03
6.410256e+00 1.613158e+00 1.126316e+00 1.09400915e-03
6.410256e+00 1.613158e+00 1.331579e+00 9.06991423e-04
6.410256e+00 1.613158e+00 1.536842e+00 8.43617017e-04
6.410256e+00 1.613158e+00 1.742105e+00 7.88272358e-04
6.410256e+00 1.613158e+00 1.947368e+00 7.32395740e-04
6.410256e+00 1.613158e+00 2.152632e+00 6.76167721e-04
6.410256e+00 1.613158e+00 2.357895e+00 6.20508217e-04
6.410256e+00 1.613158e+00 2.563158e+00 5.66262868e-04
6.410256e+00 1.613158e+00 2.768421e+00 5.14122541e-04
6.410256e+00 1.613158e+00 2.973684e+00 4.64608951e-04
6.410256e+00 1.613158e+00 3.178947e+00 4.18090960e-04
6.410256e+00 1.613158e+00 3.384211e+00 3.74800555e-04
6.410256e+00 1.613158e+00 3.589474e+00 3.34846234e-04
6.410256e+00 1.613158e+00 3.794737e+00 2.98245577e-04
6.410256e+00 1.613158e+00 4.000000e+00 2.64936476e-04
6.410256e+00 1.873684e+00 1.000000e-01 5.50110791e+03
6.410256e+00 1.873684e+00 3.052632e-01 1.30337029e+01
6.410256e+00 1.873684e+00 5.105263e-01 3.82178336e-01
6.410256e+00 1.873684e+00 7.157895e-01 2.03273557e-02
6.410256e+00 1.873684e+00 9.210526e-01 1.78444025e-03
6.410256e+00 1.873684e+00 1.126316e+00 5.77661209e-04
6.410256e+00 1.873684e+00 1.331579e+00 4.65385470e-04
6.410256e+00 1.873684e+00 1.536842e+00 4.31557681e-04
6.410256e+00 1.873684e+00 1.742105e+00 4.03116312e-04
6.410256e+00 1.873684e+00 1.947368e+00 3.74534953e-04
6.410256e+00 1.873684e+00 2.152632e+00 3.45790992e-04
6.410256e+00 1.873684e+00 2.357895e+00 3.17336904e-04
6.410256e+00 1.873684e+00 2.563158e+00 2.89604766e-04
6.410256e+00 1.873684e+00 2.768421e+00 2.62946822e-04
6.410256e+00 1.873684e+00 2.973684e+00 2.37630054e-04
6.410256e+00 1.873684e+00 3.178947e+00 2.13844396e-04
6.410256e+00 1.873684e+00 3.384211e+00 1.91706495e-04
6.410256e+00 1.873684e+00 3.589474e+00 1.71274136e-04
6.410256e+00 1.873684e+00 3.794737e+00 1.52556240e-04
6.410256e+00 1.873684e+00 4.000000e+00 1.35520939e-04
6.410256e+00 2.134211e+00 1.000000e-01 3.26343042e+03
6.410256e+00 2.134211e+00 3.052632e-01 7.72317600e+00
6.410256e+00 2.134211e+00 5.105263e-01 2.26145297e-01
6.410256e+00 2.134211e+00 7.157895e-01 1.19658895e-02
6.410256e+00 2.134211e+00 9.210526e-01 1.00255467e-03
6.410256e+00 2.134211e+00 1.126316e+00 2.92080105e-04
6.410256e+00 2.134211e+00 1.331579e+00 2.28354838e-04
6.410256e+00 2.134211e+00 1.536842e+00 2.11068778e-04
6.410256e+00 2.134211e+00 1.742105e+00 1.97090078e-04
6.410256e+00 2.134211e+00 1.947368e+00 1.83111319e-04
6.410256e+00 2.134211e+00 2.152632e+00 1.69061896e-04
6.410256e+00 2.134211e+00 2.357895e+00 1.55154790e-04
6.410256e+00 2.134211e+00 2.563158e+00 1.41599710e-04
6.410256e+00 2.134211e+00 2.768421e+00 1.28568980e-04
6.410256e+00 2.134211e+00 2.973684e+00 1.16193492e-04
6.410256e+00 2.134211e+00 3.178947e+00 1.04565152e-04
6.410256e+00 2.134211e+00 3.384211e+00 9.37421864e-05
6.410256e+00 2.134211e+00 3.589474e+00 8.37528351e-05
6.410256e+00 2.134211e+00 3.794737e+00 7.46009828e-05
6.410256e+00 2.134211e+00 4.000000e+00 6.62717503e-05
6.410256e+00 2.394737e+00 1.000000e-01 1.80893945e+03
6.410256e+00 2.394737e+00 3.052632e-01 4.27640343e+00
6.410256e+00 2.394737e+00 5.105263e-01 1.25060916e-01
6.410256e+00 2.394737e+00 7.157895e-01 6.59050234e-03
6.410256e+00 2.394737e+00 9.210526e-01 5.32311504e-04
6.410256e+00 2.394737e+00 1.126316e+00 1.41042081e-04
6.410256e+00 2.394737e+00 1.331579e+00 1.06940446e-04
6.410256e+00 2.394737e+00 1.536842e+00 9.85076185e-05
6.410256e+00 2.394737e+00 1.742105e+00 9.19501617e-05
6.410256e+00 2.394737e+00 1.947368e+00 8.54259997e-05
6.410256e+00 2.394737e+00 2.152632e+00 7.88729740e-05
6.410256e+00 2.394737e+00 2.357895e+00 7.23866542e-05
6.410256e+00 2.394737e+00 2.563158e+00 6.60642472e-05
6.410256e+00 2.394737e+00 2.768421e+00 5.99860759e-05
6.410256e+00 2.394737e+00 2.973684e+00 5.42132002e-05
6.410256e+00 2.394737e+00 3.178947e+00 4.87886864e-05
6.410256e+00 2.394737e+00 3.384211e+00 4.37396338e-05
6.410256e+00 2.394737e+00 3.589474e+00 3.90793102e-05
6.410256e+00 2.394737e+00 3.794737e+00 3.48096110e-05
6.410256e+00 2.394737e+00 4.000000e+00 3.09234019e-05
6.410256e+00 2.655263e+00 1.000000e-01 9.36912842e+02
6.410256e+00 2.655263e+00 3.052632e-01 2.21273255e+00
6.410256e+00 2.655263e+00 5.105263e-01 6.46376088e-02
6.410256e+00 2.655263e+00 7.157895e-01 3.39542865e-03
6.410256e+00 2.655263e+00 9.210526e-01 2.66445655e-04
6.410256e+00 2.655263e+00 1.126316e+00 6.49090944e-05
6.410256e+00 2.655263e+00 1.331579e+00 4.77362810e-05
6.410256e+00 2.655263e+00 1.536842e+00 4.38183524e-05
6.410256e+00 2.655263e+00 1.742105e+00 4.08860687e-05
6.410256e+00 2.655263e+00 1.947368e+00 3.79837365e-05
6.410256e+00 2.655263e+00 2.152632e+00 3.50703995e-05
6.410256e+00 2.655263e+00 2.357895e+00 3.21869811e-05
6.410256e+00 2.655263e+00 2.563158e+00 2.93763442e-05
6.410256e+00 2.655263e+00 2.768421e+00 2.66741008e-05
6.410256e+00 2.655263e+00 2.973684e+00 2.41075322e-05
6.410256e+00 2.655263e+00 3.178947e+00 2.16957687e-05
6.410256e+00 2.655263e+00 3.384211e+00 1.94508648e-05
6.410256e+00 2.655263e+00 3.589474e+00 1.73786757e-05
6.410256e+00 2.655263e+00 3.794737e+00 1.54801364e-05
6.410256e+00 2.655263e+00 4.000000e+00 1.37520801e-05
6.410256e+00 2.915789e+00 1.000000e-01 4.53420593e+02
6.410256e+00 2.915789e+00 3.052632e-01 1.06993043e+00
6.410256e+00 2.915789e+00 5.105263e-01 3.12240422e-02
6.410256e+00 2.915789e+00 7.157895e-01 1.63607136e-03
6.410256e+00 2.915789e+00 9.210526e-01 1.25501479e-04
6.410256e+00 2.915789e+00 1.126316e+00 2.84186408e-05
6.410256e+00 2.915789e+00 1.331579e+00 2.02922129e-05
6.410256e+00 2.915789e+00 1.536842e+00 1.85618628e-05
6.410256e+00 2.915789e+00 1.742105e+00 1.73132030e-05
6.410256e+00 2.915789e+00 1.947368e+00 1.60836480e-05
6.410256e+00 2.915789e+00 2.152632e+00 1.48502104e-05
6.410256e+00 2.915789e+00 2.357895e+00 1.36294693e-05
6.410256e+00 2.915789e+00 2.563158e+00 1.24395701e-05
6.410256e+00 2.915789e+00 2.768421e+00 1.12954958e-05
6.410256e+00 2.915789e+00 2.973684e+00 1.02088197e-05
6.410256e+00 2.915789e+00 3.178947e+00 9.18766000e-06
6.410256e+00 2.915789e+00 3.384211e+00 8.23709706e-06
6.410256e+00 2.915789e+00 3.589474e+00 7.35965432e-06
6.410256e+00 2.915789e+00 3.794737e+00 6.55572603e-06
6.410256e+00 2.915789e+00 4.000000e+00 5.82396524e-06
6.410256e+00 3.176316e+00 1.000000e-01 2.05035843e+02
6.410256e+00 3.176316e+00 3.052632e-01 4.83460605e-01
6.410256e+00 3.176316e+00 5.105263e-01 1.40973134e-02
6.410256e+00 3.176316e+00 7.157895e-01 7.37197639e-04
6.410256e+00 3.176316e+00 9.210526e-01 5.55502920e-05
6.410256e+00 3.176316e+00 1.126316e+00 1.18177732e-05
6.410256e+00 3.176316e+00 1.331579e+00 8.20791502e-06
6.410256e+00 3.176316e+00 1.536842e+00 7.48277171e-06
6.410256e+00 3.176316e+00 1.742105e+00 6.97688074e-06
6.410256e+00 3.176316e+00 1.947368e+00 6.48114565e-06
6.410256e+00 3.176316e+00 2.152632e+00 5.98416091e-06
6.410256e+00 3.176316e+00 2.357895e+00 5.49232436e-06
6.410256e+00 3.176316e+00 2.563158e+00 5.01290197e-06
6.410256e+00 3.176316e+00 2.768421e+00 4.55193867e-06
6.410256e+00 3.176316e+00 2.973684e+00 4.11408382e-06
6.410256e+00 3.176316e+00 3.178947e+00 3.70261137e-06
6.410256e+00 3.176316e+00 3.384211e+00 3.31957949e-06
6.410256e+00 3.176316e+00 3.589474e+00 2.96600388e-06
6.410256e+00 3.176316e+00 3.794737e+00 2.64203982e-06
6.410256e+00 3.176316e+00 4.000000e+00 2.34715435e-06
6.410256e+00 3.436842e+00 1.000000e-01 8.66333542e+01
6.410256e+00 3.436842e+00 3.052632e-01 2.04148740e-01
6.410256e+00 3.436842e+00 5.105263e-01 5.94873680e-03
6.410256e+00 3.436842e+00 7.157895e-01 3.10594012e-04
6.410256e+00 3.436842e+00 9.210526e-01 2.30808237e-05
6.410256e+00 3.436842e+00 1.126316e+00 4.66030042e-06
6.410256e+00 3.436842e+00 1.331579e+00 3.15630359e-06
6.410256e+00 3.436842e+00 1.536842e+00 2.86841032e-06
6.410256e+00 3.436842e+00 1.742105e+00 2.67358018e-06
6.410256e+00 3.436842e+00 1.947368e+00 2.48352035e-06
6.410256e+00 3.436842e+00 2.152632e+00 2.29309671e-06
6.410256e+00 3.436842e+00 2.357895e+00 2.10465896e-06
6.410256e+00 3.436842e+00 2.563158e+00 1.92096991e-06
6.410256e+00 3.436842e+00 2.768421e+00 1.74434706e-06
6.410256e+00 3.436842e+00 2.973684e+00 1.57657757e-06
6.410256e+00 3.436842e+00 3.178947e+00 1.41891121e-06
6.410256e+00 3.436842e+00 3.384211e+00 1.27214241e-06
6.410256e+00 3.436842e+00 3.589474e+00 1.13665385e-06
6.410256e+00 3.436842e+00 3.794737e+00 1.01251010e-06
6.410256e+00 3.436842e+00 4.000000e+00 8.99508393e-07
6.410256e+00 3.697368e+00 1.000000e-01 3.42032547e+01
6.410256e+00 3.697368e+00 3.052632e-01 8.05579871e-02
6.410256e+00 3.697368e+00 5.105263e-01 2.34609796e-03
6.410256e+00 3.697368e+00 7.157895e-01 1.22345082e-04
6.410256e+00 3.697368e+00 9.210526e-01 8.99432962e-06
6.410256e+00 3.697368e+00 1.126316e+00 1.73996125e-06
6.410256e+00 3.697368e+00 1.331579e+00 1.15264243e-06
6.410256e+00 3.697368e+00 1.536842e+00 1.04454568e-06
6.410256e+00 3.697368e+00 1.742105e+00 9.73297688e-07
6.410256e+00 3.697368e+00 1.947368e+00 9.04078206e-07
6.410256e+00 3.697368e+00 2.152632e+00 8.34762375e-07
6.410256e+00 3.697368e+00 2.357895e+00 7.66172263e-07
6.410256e+00 3.697368e+00 2.563158e+00 6.99311443e-07
6.410256e+00 3.697368e+00 2.768421e+00 6.35021934e-07
6.410256e+00 3.697368e+00 2.973684e+00 5.73953173e-07
6.410256e+00 3.697368e+00 3.178947e+00 5.16558828e-07
6.410256e+00 3.697368e+00 3.384211e+00 4.63130903e-07
6.410256e+00 3.697368e+00 3.589474e+00 4.13809914e-07
6.410256e+00 3.697368e+00 3.794737e+00 3.68617208e-07
6.410256e+00 3.697368e+00 4.000000e+00 3.27479711e-07
6.410256e+00 3.957895e+00 1.000000e-01 1.26175680e+01
6.410256e+00 3.957895e+00 3.052632e-01 2.97058597e-02
6.410256e+00 3.957895e+00 5.105263e-01 8.64747213e-04
6.410256e+00 3.957895e+00 7.157895e-01 4.50530642e-05
6.410256e+00 3.957895e+00 9.210526e-01 3.28494912e-06
6.410256e+00 3.957895e+00 1.126316e+00 6.14047394e-07
6.410256e+00 3.957895e+00 1.331579e+00 3.99207124e-07
6.410256e+00 3.957895e+00 1.536842e+00 3.60877493e-07
6.410256e+00 3.957895e+00 1.742105e+00 3.36173571e-07
6.410256e+00 3.957895e+00 1.947368e+00 3.12256617e-07
6.410256e+00 3.957895e+00 2.152632e+00 2.88316784e-07
6.410256e+00 3.957895e+00 2.357895e+00 2.64629193e-07
6.410256e+00 3.957895e+00 2.563158e+00 2.41538743e-07
6.410256e+00 3.957895e+00 2.768421e+00 2.19335107e-07
6.410256e+00 3.957895e+00 2.973684e+00 1.98243669e-07
6.410256e+00 3.957895e+00 3.178947e+00 1.78421473e-07
6.410256e+00 3.957895e+00 3.384211e+00 1.59968565e-07
6.410256e+00 3.957895e+00 3.589474e+00 1.42933459e-07
6.410256e+00 3.957895e+00 3.794737e+00 1.27324498e-07
6.410256e+00 3.957895e+00 4.000000e+00 1.13115640e-07
6.410256e+00 4.218421e+00 1.000000e-01 4.34920597e+00
6.410256e+00 4.218421e+00 3.052632e-01 1.02362530e-02
6.410256e+00 4.218421e+00 5.105263e-01 2.97879946e-04
6.410256e+00 4.218421e+00 7.157895e-01 1.55084763e-05
6.410256e+00 4.218421e+00 9.210526e-01 1.12376017e-06
6.410256e+00 4.218421e+00 1.126316e+00 2.04497155e-07
6.410256e+00 4.218421e+00 1.331579e+00 1.30914998e-07
6.410256e+00 4.218421e+00 1.536842e+00 1.18102115e-07
6.410256e+00 4.218421e+00 1.742105e+00 1.09992818e-07
6.410256e+00 4.218421e+00 1.947368e+00 1.02165103e-07
6.410256e+00 4.218421e+00 2.152632e+00 9.43322433e-08
6.410256e+00 4.218421e+00 2.357895e+00 8.65829719e-08
6.410256e+00 4.218421e+00 2.563158e+00 7.90286734e-08
6.410256e+00 4.218421e+00 2.768421e+00 7.17645392e-08
6.410256e+00 4.218421e+00 2.973684e+00 6.48640466e-08
6.410256e+00 4.218421e+00 3.178947e+00 5.83788449e-08
6.410256e+00 4.218421e+00 3.384211e+00 5.23413739e-08
6.410256e+00 4.218421e+00 3.589474e+00 4.67678838e-08
6.410256e+00 4.218421e+00 3.794737e+00 4.16607300e-08
6.410256e+00 4.218421e+00 4.000000e+00 3.70117981e-08
6.410256e+00 4.478947e+00 1.000000e-01 1.40077913e+00
6.410256e+00 4.478947e+00 3.052632e-01 3.29608470e-03
6.410256e+00 4.478947e+00 5.105263e-01 9.58931923e-05
6.410256e+00 4.478947e+00 7.157895e-01 4.98985310e-06
6.410256e+00 4.478947e+00 9.210526e-01 3.59904135e-07
6.410256e+00 4.478947e+00 1.126316e+00 6.41644604e-08
6.410256e+00 4.478947e+00 1.331579e+00 4.05778842e-08
6.410256e+00 4.478947e+00 1.536842e+00 3.65460018e-08
6.410256e+00 4.478947e+00 1.742105e+00 3.40304780e-08
6.410256e+00 4.478947e+00 1.947368e+00 3.16079927e-08
6.410256e+00 4.478947e+00 2.152632e+00 2.91848359e-08
6.410256e+00 4.478947e+00 2.357895e+00 2.67874629e-08
6.410256e+00 4.478947e+00 2.563158e+00 2.44504275e-08
6.410256e+00 4.478947e+00 2.768421e+00 2.22031282e-08
6.410256e+00 4.478947e+00 2.973684e+00 2.00683239e-08
6.410256e+00 4.478947e+00 3.178947e+00 1.80619111e-08
6.410256e+00 4.478947e+00 3.384211e+00 1.61941021e-08
6.410256e+00 4.478947e+00 3.589474e+00 1.44697392e-08
6.410256e+00 4.478947e+00 3.794737e+00 1.28896742e-08
6.410256e+00 4.478947e+00 4.000000e+00 1.14513430e-08
6.410256e+00 4.739474e+00 1.000000e-01 4.21554267e-01
6.410256e+00 4.739474e+00 3.052632e-01 9.91759822e-04
6.410256e+00 4.739474e+00 5.105263e-01 2.88478859e-05
6.410256e+00 4.739474e+00 7.157895e-01 1.50054029e-06
6.410256e+00 4.739474e+00 9.210526e-01 1.07865816e-07
6.410256e+00 4.739474e+00 1.126316e+00 1.89389375e-08
6.410256e+00 4.739474e+00 1.331579e+00 1.18654393e-08
6.410256e+00 4.739474e+00 1.536842e+00 1.06727374e-08
6.410256e+00 4.739474e+00 1.742105e+00 9.93675631e-09
6.410256e+00 4.739474e+00 1.947368e+00 9.22923515e-09
6.410256e+00 4.739474e+00 2.152632e+00 8.52170512e-09
6.410256e+00 4.739474e+00 2.357895e+00 7.82173704e-09
6.410256e+00 4.739474e+00 2.563158e+00 7.13936332e-09
6.410256e+00 4.739474e+00 2.768421e+00 6.48320908e-09
6.410256e+00 4.739474e+00 2.973684e+00 5.85987969e-09
6.410256e+00 4.739474e+00 3.178947e+00 5.27405186e-09
6.410256e+00 4.739474e+00 3.384211e+00 4.72865791e-09
6.410256e+00 4.739474e+00 3.589474e+00 4.22515756e-09
6.410256e+00 4.739474e+00 3.794737e+00 3.76379994e-09
6.410256e+00 4.739474e+00 4.000000e+00 3.34381389e-09
6.410256e+00 5.000000e+00 1.000000e-01 1.18539326e-01
6.410256e+00 5.000000e+00 3.052632e-01 2.78843858e-04
6.410256e+00 5.000000e+00 5.105263e-01 8.10978509e-06
6.410256e+00 5.000000e+00 7.157895e-01 4.21720074e-07
6.410256e+00 5.000000e+00 9.210526e-01 3.02422585e-08
6.410256e+00 5.000000e+00 1.126316e+00 5.25128918e-09
6.410256e+00 5.000000e+00 1.331579e+00 3.26719429e-09
6.410256e+00 5.000000e+00 1.536842e+00 2.93595348e-09
6.410256e+00 5.000000e+00 1.742105e+00 2.73320166e-09
6.410256e+00 5.000000e+00 1.947368e+00 2.53856802e-09
6.410256e+00 5.000000e+00 2.152632e+00 2.34396080e-09
6.410256e+00 5.000000e+00 2.357895e+00 2.15142881e-09
6.410256e+00 5.000000e+00 2.563158e+00 1.96374672e-09
6.410256e+00 5.000000e+00 2.768421e+00 1.78327331e-09
6.410256e+00 5.000000e+00 2.973684e+00 1.61182578e-09
6.410256e+00 5.000000e+00 3.178947e+00 1.45069112e-09
6.410256e+00 5.000000e+00 3.384211e+00 1.30067712e-09
6.410256e+00 5.000000e+00 3.589474e+00 1.16218823e-09
6.410256e+00 5.000000e+00 3.794737e+00 1.03528475e-09
6.410256e+00 5.000000e+00 4.000000e+00 9.19765486e-10
6.666667e+00 5.000000e-02 1.000000e-01 3.14492285e+04
6.666667e+00 5.000000e-02 3.052632e-01 7.60560532e+01
6.666667e+00 5.000000e-02 5.105263e-01 2.41576362e+00
6.666667e+00 5.000000e-02 7.157895e-01 1.67112678e-01
6.666667e+00 5.000000e-02 9.210526e-01 4.18872498e-02
6.666667e+00 5.000000e-02 1.126316e+00 3.22374068e-02
6.666667e+00 5.000000e-02 1.331579e+00 3.01905498e-02
6.666667e+00 5.000000e-02 1.536842e+00 2.85538658e-02
6.666667e+00 5.000000e-02 1.742105e+00 2.68458277e-02
6.666667e+00 5.000000e-02 1.947368e+00 2.50737574e-02
6.666667e+00 5.000000e-02 2.152632e+00 2.32745912e-02
6.666667e+00 5.000000e-02 2.357895e+00 2.14810446e-02
6.666667e+00 5.000000e-02 2.563158e+00 1.97205432e-02
6.666667e+00 5.000000e-02 2.768421e+00 1.80156622e-02
6.666667e+00 5.000000e-02 2.973684e+00 1.63840316e-02
6.666667e+00 5.000000e-02 3.178947e+00 1.48388119e-02
6.666667e+00 5.000000e-02 3.384211e+00 1.33890565e-02
6.666667e+00 5.000000e-02 3.589474e+00 1.20402277e-02
6.666667e+00 5.000000e-02 3.794737e+00 1.07944030e-02
6.666667e+00 5.000000e-02 4.000000e+00 9.65134986e-03
6.666667e+00 3.105263e-01 1.000000e-01 3.00058242e+04
6.666667e+00 3.105263e-01 3.052632e-01 7.25326843e+01
6.666667e+00 3.105263e-01 5.105263e-01 2.28745174e+00
6.666667e+00 3.105263e-01 7.157895e-01 1.42414182e-01
6.666667e+00 3.105263e-01 9.210526e-01 2.31796950e-02
6.666667e+00 3.105263e-01 1.126316e+00 1.45193618e-02
6.666667e+00 3.105263e-01 1.331579e+00 1.32894991e-02
6.666667e+00 3.105263e-01 1.536842e+00 1.25503149e-02
6.666667e+00 3.105263e-01 1.742105e+00 1.18017280e-02
6.666667e+00 3.105263e-01 1.947368e+00 1.10250888e-02
6.666667e+00 3.105263e-01 2.152632e+00 1.02355471e-02
6.666667e+00 3.105263e-01 2.357895e+00 9.44793504e-03
6.666667e+00 3.105263e-01 2.563158e+00 8.67457595e-03
6.666667e+00 3.105263e-01 2.768421e+00 7.92551413e-03
6.666667e+00 3.105263e-01 2.973684e+00 7.20842555e-03
6.666667e+00 3.105263e-01 3.178947e+00 6.52921060e-03
6.666667e+00 3.105263e-01 3.384211e+00 5.89186000e-03
6.666667e+00 3.105263e-01 3.589474e+00 5.29869180e-03
6.666667e+00 3.105263e-01 3.794737e+00 4.75078914e-03
6.666667e+00 3.105263e-01 4.000000e+00 4.24801605e-03
6.666667e+00 5.710526e-01 1.000000e-01 2.67493027e+04
6.666667e+00 5.710526e-01 3.052632e-01 6.46159744e+01
6.666667e+00 5.710526e-01 5.105263e-01 2.03200769e+00
6.666667e+00 5.710526e-01 7.157895e-01 1.21939726e-01
6.666667e+00 5.710526e-01 9.210526e-01 1.58499889e-02
6.666667e+00 5.710526e-01 1.126316e+00 8.28857161e-03
6.666667e+00 5.710526e-01 1.331579e+00 7.39597669e-03
6.666667e+00 5.710526e-01 1.536842e+00 6.97096810e-03
6.666667e+00 5.710526e-01 1.742105e+00 6.55561686e-03
6.666667e+00 5.710526e-01 1.947368e+00 6.12516794e-03
6.666667e+00 5.710526e-01 2.152632e+00 5.68716601e-03
6.666667e+00 5.710526e-01 2.357895e+00 5.25006279e-03
6.666667e+00 5.710526e-01 2.563158e+00 4.82071703e-03
6.666667e+00 5.710526e-01 2.768421e+00 4.40477766e-03
6.666667e+00 5.710526e-01 2.973684e+00 4.00652643e-03
6.666667e+00 5.710526e-01 3.178947e+00 3.62926465e-03
6.666667e+00 5.710526e-01 3.384211e+00 3.27519979e-03
6.666667e+00 5.710526e-01 3.589474e+00 2.94564851e-03
6.666667e+00 5.710526e-01 3.794737e+00 2.64119986e-03
6.666667e+00 5.710526e-01 4.000000e+00 2.36179819e-03
6.666667e+00 8.315790e-01 1.000000e-01 2.22808672e+04
6.666667e+00 8.315790e-01 3.052632e-01 5.37691536e+01
6.666667e+00 8.315790e-01 5.105263e-01 1.68737507e+00
6.666667e+00 8.315790e-01 7.157895e-01 9.92817953e-02
6.666667e+00 8.315790e-01 9.210526e-01 1.11423144e-02
6.666667e+00 8.315790e-01 1.126316e+00 4.91988426e-03
6.666667e+00 8.315790e-01 1.331579e+00 4.26229415e-03
6.666667e+00 8.315790e-01 1.536842e+00 4.00721282e-03
6.666667e+00 8.315790e-01 1.742105e+00 3.76833486e-03
6.666667e+00 8.315790e-01 1.947368e+00 3.52132088e-03
6.666667e+00 8.315790e-01 2.152632e+00 3.26984073e-03
6.666667e+00 8.315790e-01 2.357895e+00 3.01875314e-03
6.666667e+00 8.315790e-01 2.563158e+00 2.77207629e-03
6.666667e+00 8.315790e-01 2.768421e+00 2.53303978e-03
6.666667e+00 8.315790e-01 2.973684e+00 2.30415375e-03
6.666667e+00 8.315790e-01 3.178947e+00 2.08729808e-03
6.666667e+00 8.315790e-01 3.384211e+00 1.88375264e-03
6.666667e+00 8.315790e-01 3.589474e+00 1.69428927e-03
6.666667e+00 8.315790e-01 3.794737e+00 1.51923927e-03
6.666667e+00 8.315790e-01 4.000000e+00 1.35857589e-03
6.666667e+00 1.092105e+00 1.000000e-01 1.73406914e+04
6.666667e+00 1.092105e+00 3.052632e-01 4.17962303e+01
6.666667e+00 1.092105e+00 5.105263e-01 1.30915570e+00
6.666667e+00 1.092105e+00 7.157895e-01 7.60804638e-02
6.666667e+00 1.092105e+00 9.210526e-01 7.70337600e-03
6.666667e+00 1.092105e+00 1.126316e+00 2.90408800e-03
6.666667e+00 1.092105e+00 1.331579e+00 2.43231817e-03
6.666667e+00 1.092105e+00 1.536842e+00 2.27960316e-03
6.666667e+00 1.092105e+00 1.742105e+00 2.14343076e-03
6.666667e+00 1.092105e+00 1.947368e+00 2.00310885e-03
6.666667e+00 1.092105e+00 2.152632e+00 1.86020194e-03
6.666667e+00 1.092105e+00 2.357895e+00 1.71746488e-03
6.666667e+00 1.092105e+00 2.563158e+00 1.57720724e-03
6.666667e+00 1.092105e+00 2.768421e+00 1.44127558e-03
6.666667e+00 1.092105e+00 2.973684e+00 1.31110498e-03
6.666667e+00 1.092105e+00 3.178947e+00 1.18775992e-03
6.666667e+00 1.092105e+00 3.384211e+00 1.07197685e-03
6.666667e+00 1.092105e+00 3.589474e+00 9.64197563e-04
6.666667e+00 1.092105e+00 3.794737e+00 8.64607224e-04
6.666667e+00 1.092105e+00 4.000000e+00 7.73195410e-04
6.666667e+00 1.352632e+00 1.000000e-01 1.26100859e+04
6.666667e+00 1.352632e+00 3.052632e-01 3.03517933e+01
6.666667e+00 1.352632e+00 5.105263e-01 9.48936880e-01
6.666667e+00 1.352632e+00 7.157895e-01 5.46793602e-02
6.666667e+00 1.352632e+00 9.210526e-01 5.13806520e-03
6.666667e+00 1.352632e+00 1.126316e+00 1.67463755e-03
6.666667e+00 1.352632e+00 1.331579e+00 1.35072798e-03
6.666667e+00 1.352632e+00 1.536842e+00 1.26119505e-03
6.666667e+00 1.352632e+00 1.742105e+00 1.18559843e-03
6.666667e+00 1.352632e+00 1.947368e+00 1.10805919e-03
6.666667e+00 1.352632e+00 2.152632e+00 1.02908025e-03
6.666667e+00 1.352632e+00 2.357895e+00 9.50166956e-04
6.666667e+00 1.352632e+00 2.563158e+00 8.72607343e-04
6.666667e+00 1.352632e+00 2.768421e+00 7.97433895e-04
6.666667e+00 1.352632e+00 2.973684e+00 7.25438760e-04
6.666667e+00 1.352632e+00 3.178947e+00 6.57216646e-04
6.666667e+00 1.352632e+00 3.384211e+00 5.93169825e-04
6.666667e+00 1.352632e+00 3.589474e+00 5.33546903e-04
6.666667e+00 1.352632e+00 3.794737e+00 4.78451460e-04
6.666667e+00 1.352632e+00 4.000000e+00 4.27877938e-04
6.666667e+00 1.613158e+00 1.000000e-01 8.56819141e+03
6.666667e+00 1.613158e+00 3.052632e-01 2.05925198e+01
6.666667e+00 1.613158e+00 5.105263e-01 6.42652750e-01
6.666667e+00 1.613158e+00 7.157895e-01 3.68012562e-02
6.666667e+00 1.613158e+00 9.210526e-01 3.27158463e-03
6.666667e+00 1.613158e+00 1.126316e+00 9.34445241e-04
6.666667e+00 1.613158e+00 1.331579e+00 7.23498524e-04
6.666667e+00 1.613158e+00 1.536842e+00 6.72625611e-04
6.666667e+00 1.613158e+00 1.742105e+00 6.32118492e-04
6.666667e+00 1.613158e+00 1.947368e+00 5.90805837e-04
6.666667e+00 1.613158e+00 2.152632e+00 5.48725424e-04
6.666667e+00 1.613158e+00 2.357895e+00 5.06670563e-04
6.666667e+00 1.613158e+00 2.563158e+00 4.65331832e-04
6.666667e+00 1.613158e+00 2.768421e+00 4.25258186e-04
6.666667e+00 1.613158e+00 2.973684e+00 3.86877189e-04
6.666667e+00 1.613158e+00 3.178947e+00 3.50504444e-04
6.666667e+00 1.613158e+00 3.384211e+00 3.16356251e-04
6.666667e+00 1.613158e+00 3.589474e+00 2.84563575e-04
6.666667e+00 1.613158e+00 3.794737e+00 2.55184510e-04
6.666667e+00 1.613158e+00 4.000000e+00 2.28215693e-04
6.666667e+00 1.873684e+00 1.000000e-01 5.43979053e+03
6.666667e+00 1.873684e+00 3.052632e-01 1.30540829e+01
6.666667e+00 1.873684e+00 5.105263e-01 4.06679273e-01
6.666667e+00 1.873684e+00 7.157895e-01 2.31782161e-02
6.666667e+00 1.873684e+00 9.210526e-01 1.97598152e-03
6.666667e+00 1.873684e+00 1.126316e+00 5.01533155e-04
6.666667e+00 1.873684e+00 1.331579e+00 3.71871807e-04
6.666667e+00 1.873684e+00 1.536842e+00 3.44051252e-04
6.666667e+00 1.873684e+00 1.742105e+00 3.23211454e-04
6.666667e+00 1.873684e+00 1.947368e+00 3.02096218e-04
6.666667e+00 1.873684e+00 2.152632e+00 2.80592998e-04
6.666667e+00 1.873684e+00 2.357895e+00 2.59098393e-04
6.666667e+00 1.873684e+00 2.563158e+00 2.37965927e-04
6.666667e+00 1.873684e+00 2.768421e+00 2.17478926e-04
6.666667e+00 1.873684e+00 2.973684e+00 1.97856250e-04
6.666667e+00 1.873684e+00 3.178947e+00 1.79259019e-04
6.666667e+00 1.873684e+00 3.384211e+00 1.61797914e-04
6.666667e+00 1.873684e+00 3.589474e+00 1.45541402e-04
6.666667e+00 1.873684e+00 3.794737e+00 1.30517801e-04
6.666667e+00 1.873684e+00 4.000000e+00 1.16726093e-04
6.666667e+00 2.134211e+00 1.000000e-01 3.22700000e+03
6.666667e+00 2.134211e+00 3.052632e-01 7.73256302e+00
6.666667e+00 2.134211e+00 5.105263e-01 2.40496427e-01
6.666667e+00 2.134211e+00 7.157895e-01 1.36559559e-02
6.666667e+00 2.134211e+00 9.210526e-01 1.12744898e-03
6.666667e+00 2.134211e+00 1.126316e+00 2.57831009e-04
6.666667e+00 2.134211e+00 1.331579e+00 1.82833421e-04
6.666667e+00 2.134211e+00 1.536842e+00 1.68262108e-04
6.666667e+00 2.134211e+00 1.742105e+00 1.58001378e-04
6.666667e+00 2.134211e+00 1.947368e+00 1.47681800e-04
6.666667e+00 2.134211e+00 2.152632e+00 1.37175011e-04
6.666667e+00 2.134211e+00 2.357895e+00 1.26671293e-04
6.666667e+00 2.134211e+00 2.563158e+00 1.16343203e-04
6.666667e+00 2.134211e+00 2.768421e+00 1.06329659e-04
6.666667e+00 2.134211e+00 2.973684e+00 9.67378874e-05
6.666667e+00 2.134211e+00 3.178947e+00 8.76467384e-05
6.666667e+00 2.134211e+00 3.384211e+00 7.91111961e-05
6.666667e+00 2.134211e+00 3.589474e+00 7.11638422e-05
6.666667e+00 2.134211e+00 3.794737e+00 6.38190977e-05
6.666667e+00 2.134211e+00 4.000000e+00 5.70763150e-05
6.666667e+00 2.394737e+00 1.000000e-01 1.78871606e+03
6.666667e+00 2.394737e+00 3.052632e-01 4.28020573e+00
6.666667e+00 2.394737e+00 5.105263e-01 1.32918373e-01
6.666667e+00 2.394737e+00 7.157895e-01 7.52505660e-03
6.666667e+00 2.394737e+00 9.210526e-01 6.06064685e-04
6.666667e+00 2.394737e+00 1.126316e+00 1.26556566e-04
6.666667e+00 2.394737e+00 1.331579e+00 8.58104613e-05
6.666667e+00 2.394737e+00 1.536842e+00 7.85295852e-05
6.666667e+00 2.394737e+00 1.742105e+00 7.37048540e-05
6.666667e+00 2.394737e+00 1.947368e+00 6.88911605e-05
6.666667e+00 2.394737e+00 2.152632e+00 6.39923965e-05
6.666667e+00 2.394737e+00 2.357895e+00 5.90939781e-05
6.666667e+00 2.394737e+00 2.563158e+00 5.42771704e-05
6.666667e+00 2.394737e+00 2.768421e+00 4.96067150e-05
6.666667e+00 2.394737e+00 2.973684e+00 4.51326814e-05
6.666667e+00 2.394737e+00 3.178947e+00 4.08920641e-05
6.666667e+00 2.394737e+00 3.384211e+00 3.69104418e-05
6.666667e+00 2.394737e+00 3.589474e+00 3.32029704e-05
6.666667e+00 2.394737e+00 3.794737e+00 2.97765619e-05
6.666667e+00 2.394737e+00 4.000000e+00 2.66309071e-05
6.666667e+00 2.655263e+00 1.000000e-01 9.26424927e+02
6.666667e+00 2.655263e+00 3.052632e-01 2.21404362e+00
6.666667e+00 2.655263e+00 5.105263e-01 6.86608255e-02
6.666667e+00 2.655263e+00 7.157895e-01 3.87789449e-03
6.666667e+00 2.655263e+00 9.210526e-01 3.06360889e-04
6.666667e+00 2.655263e+00 1.126316e+00 5.91616226e-05
6.666667e+00 2.655263e+00 1.331579e+00 3.83934712e-05
6.666667e+00 2.655263e+00 1.536842e+00 3.49327565e-05
6.666667e+00 2.655263e+00 1.742105e+00 3.27696544e-05
6.666667e+00 2.655263e+00 1.947368e+00 3.06291804e-05
6.666667e+00 2.655263e+00 2.152632e+00 2.84521357e-05
6.666667e+00 2.655263e+00 2.357895e+00 2.62749109e-05
6.666667e+00 2.655263e+00 2.563158e+00 2.41337875e-05
6.666667e+00 2.655263e+00 2.768421e+00 2.20574584e-05
6.666667e+00 2.655263e+00 2.973684e+00 2.00684772e-05
6.666667e+00 2.655263e+00 3.178947e+00 1.81831820e-05
6.666667e+00 2.655263e+00 3.384211e+00 1.64128942e-05
6.666667e+00 2.655263e+00 3.589474e+00 1.47645524e-05
6.666667e+00 2.655263e+00 3.794737e+00 1.32410651e-05
6.666667e+00 2.655263e+00 4.000000e+00 1.18423904e-05
6.666667e+00 2.915789e+00 1.000000e-01 4.48339233e+02
6.666667e+00 2.915789e+00 3.052632e-01 1.07028496e+00
6.666667e+00 2.915789e+00 5.105263e-01 3.31510790e-02
6.666667e+00 2.915789e+00 7.157895e-01 1.86874135e-03
6.666667e+00 2.915789e+00 9.210526e-01 1.45431375e-04
6.666667e+00 2.915789e+00 1.126316e+00 2.62818703e-05
6.666667e+00 2.915789e+00 1.331579e+00 1.63593613e-05
6.666667e+00 2.915789e+00 1.536842e+00 1.47987557e-05
6.666667e+00 2.915789e+00 1.742105e+00 1.38750192e-05
6.666667e+00 2.915789e+00 1.947368e+00 1.29685677e-05
6.666667e+00 2.915789e+00 2.152632e+00 1.20470968e-05
6.666667e+00 2.915789e+00 2.357895e+00 1.11254840e-05
6.666667e+00 2.915789e+00 2.563158e+00 1.02190606e-05
6.666667e+00 2.915789e+00 2.768421e+00 9.34004947e-06
6.666667e+00 2.915789e+00 2.973684e+00 8.49795742e-06
6.666667e+00 2.915789e+00 3.178947e+00 7.69974940e-06
6.666667e+00 2.915789e+00 3.384211e+00 6.95021481e-06
6.666667e+00 2.915789e+00 3.589474e+00 6.25227904e-06
6.666667e+00 2.915789e+00 3.794737e+00 5.60720582e-06
6.666667e+00 2.915789e+00 4.000000e+00 5.01495242e-06
6.666667e+00 3.176316e+00 1.000000e-01 2.02735855e+02
6.666667e+00 3.176316e+00 3.052632e-01 4.83512580e-01
6.666667e+00 3.176316e+00 5.105263e-01 1.49609204e-02
6.666667e+00 3.176316e+00 7.157895e-01 8.42052919e-04
6.666667e+00 3.176316e+00 9.210526e-01 6.47681445e-05
6.666667e+00 3.176316e+00 1.126316e+00 1.10737546e-05
6.666667e+00 3.176316e+00 1.331579e+00 6.63255332e-06
6.666667e+00 3.176316e+00 1.536842e+00 5.96622567e-06
6.666667e+00 3.176316e+00 1.742105e+00 5.59088221e-06
6.666667e+00 3.176316e+00 1.947368e+00 5.22554137e-06
6.666667e+00 3.176316e+00 2.152632e+00 4.85435430e-06
6.666667e+00 3.176316e+00 2.357895e+00 4.48309629e-06
6.666667e+00 3.176316e+00 2.563158e+00 4.11790688e-06
6.666667e+00 3.176316e+00 2.768421e+00 3.76376624e-06
6.666667e+00 3.176316e+00 2.973684e+00 3.42446924e-06
6.666667e+00 3.176316e+00 3.178947e+00 3.10285168e-06
6.666667e+00 3.176316e+00 3.384211e+00 2.80083395e-06
6.666667e+00 3.176316e+00 3.589474e+00 2.51960182e-06
6.666667e+00 3.176316e+00 3.794737e+00 2.25966414e-06
6.666667e+00 3.176316e+00 4.000000e+00 2.02100978e-06
6.666667e+00 3.436842e+00 1.000000e-01 8.56607590e+01
6.666667e+00 3.436842e+00 3.052632e-01 2.04132438e-01
6.666667e+00 3.436842e+00 5.105263e-01 6.31087366e-03
6.666667e+00 3.436842e+00 7.157895e-01 3.54762306e-04
6.666667e+00 3.436842e+00 9.210526e-01 2.70403179e-05
6.666667e+00 3.436842e+00 1.126316e+00 4.41745397e-06
6.666667e+00 3.436842e+00 1.331579e+00 2.55608438e-06
6.666667e+00 3.436842e+00 1.536842e+00 2.28726344e-06
6.666667e+00 3.436842e+00 1.742105e+00 2.14230522e-06
6.666667e+00 3.436842e+00 1.947368e+00 2.00227100e-06
6.666667e+00 3.436842e+00 2.152632e+00 1.86008037e-06
6.666667e+00 3.436842e+00 2.357895e+00 1.71785405e-06
6.666667e+00 3.436842e+00 2.563158e+00 1.57794341e-06
6.666667e+00 3.436842e+00 2.768421e+00 1.44225703e-06
6.666667e+00 3.436842e+00 2.973684e+00 1.31225636e-06
6.666667e+00 3.436842e+00 3.178947e+00 1.18902221e-06
6.666667e+00 3.436842e+00 3.384211e+00 1.07330243e-06
6.666667e+00 3.436842e+00 3.589474e+00 9.65539584e-07
6.666667e+00 3.436842e+00 3.794737e+00 8.65937295e-07
6.666667e+00 3.436842e+00 4.000000e+00 7.74486807e-07
6.666667e+00 3.697368e+00 1.000000e-01 3.38190079e+01
6.666667e+00 3.697368e+00 3.052632e-01 8.05393383e-02
6.666667e+00 3.697368e+00 5.105263e-01 2.48818239e-03
6.666667e+00 3.697368e+00 7.157895e-01 1.39737225e-04
6.666667e+00 3.697368e+00 9.210526e-01 1.05765466e-05
6.666667e+00 3.697368e+00 1.126316e+00 1.66552468e-06
6.666667e+00 3.697368e+00 1.331579e+00 9.35303319e-07
6.666667e+00 3.697368e+00 1.536842e+00 8.32987496e-07
6.666667e+00 3.697368e+00 1.742105e+00 7.79844129e-07
6.666667e+00 3.697368e+00 1.947368e+00 7.28853422e-07
6.666667e+00 3.697368e+00 2.152632e+00 6.77105675e-07
6.666667e+00 3.697368e+00 2.357895e+00 6.25341499e-07
6.666667e+00 3.697368e+00 2.563158e+00 5.74418550e-07
6.666667e+00 3.697368e+00 2.768421e+00 5.25029975e-07
6.666667e+00 3.697368e+00 2.973684e+00 4.77710785e-07
6.666667e+00 3.697368e+00 3.178947e+00 4.32852630e-07
6.666667e+00 3.697368e+00 3.384211e+00 3.90728900e-07
6.666667e+00 3.697368e+00 3.589474e+00 3.51501797e-07
6.666667e+00 3.697368e+00 3.794737e+00 3.15243511e-07
6.666667e+00 3.697368e+00 4.000000e+00 2.81953902e-07
6.666667e+00 3.957895e+00 1.000000e-01 1.24757500e+01
6.666667e+00 3.957895e+00 3.052632e-01 2.96954121e-02
6.666667e+00 3.957895e+00 5.105263e-01 9.16902616e-04
6.666667e+00 3.957895e+00 7.157895e-01 5.14551321e-05
6.666667e+00 3.957895e+00 9.210526e-01 3.87382715e-06
6.666667e+00 3.957895e+00 1.126316e+00 5.92553988e-07
6.666667e+00 3.957895e+00 1.331579e+00 3.24492561e-07
6.666667e+00 3.957895e+00 1.536842e+00 2.87810593e-07
6.666667e+00 3.957895e+00 1.742105e+00 2.69341854e-07
6.666667e+00 3.957895e+00 1.947368e+00 2.51725879e-07
6.666667e+00 3.957895e+00 2.152632e+00 2.33856838e-07
6.666667e+00 3.957895e+00 2.357895e+00 2.15981203e-07
6.666667e+00 3.957895e+00 2.563158e+00 1.98395711e-07
6.666667e+00 3.957895e+00 2.768421e+00 1.81339175e-07
6.666667e+00 3.957895e+00 2.973684e+00 1.64997033e-07
6.666667e+00 3.957895e+00 3.178947e+00 1.49504899e-07
6.666667e+00 3.957895e+00 3.384211e+00 1.34956451e-07
6.666667e+00 3.957895e+00 3.589474e+00 1.21408164e-07
6.666667e+00 3.957895e+00 3.794737e+00 1.08885658e-07
6.666667e+00 3.957895e+00 4.000000e+00 9.73874847e-08
6.666667e+00 4.218421e+00 1.000000e-01 4.30030107e+00
6.666667e+00 4.218421e+00 3.052632e-01 1.02316895e-02
6.666667e+00 4.218421e+00 5.105263e-01 3.15787620e-04
6.666667e+00 4.218421e+00 7.157895e-01 1.77114671e-05
6.666667e+00 4.218421e+00 9.210526e-01 1.32806485e-06
6.666667e+00 4.218421e+00 1.126316e+00 1.98622502e-07
6.666667e+00 4.218421e+00 1.331579e+00 1.06566617e-07
6.666667e+00 4.218421e+00 1.536842e+00 9.41966434e-08
6.666667e+00 4.218421e+00 1.742105e+00 8.81224338e-08
6.666667e+00 4.218421e+00 1.947368e+00 8.23575945e-08
6.666667e+00 4.218421e+00 2.152632e+00 7.65121655e-08
6.666667e+00 4.218421e+00 2.357895e+00 7.06646190e-08
6.666667e+00 4.218421e+00 2.563158e+00 6.49115250e-08
6.666667e+00 4.218421e+00 2.768421e+00 5.93314304e-08
6.666667e+00 4.218421e+00 2.973684e+00 5.39848806e-08
6.666667e+00 4.218421e+00 3.178947e+00 4.89162417e-08
6.666667e+00 4.218421e+00 3.384211e+00 4.41564723e-08
6.666667e+00 4.218421e+00 3.589474e+00 3.97238367e-08
6.666667e+00 4.218421e+00 3.794737e+00 3.56267371e-08
6.666667e+00 4.218421e+00 4.000000e+00 3.18647366e-08
6.666667e+00 4.478947e+00 1.000000e-01 1.38502347e+00
6.666667e+00 4.478947e+00 3.052632e-01 3.29438457e-03
6.666667e+00 4.478947e+00 5.105263e-01 1.01643927e-04
6.666667e+00 4.478947e+00 7.157895e-01 5.69844178e-06
6.666667e+00 4.478947e+00 9.210526e-01 4.26016555e-07
6.666667e+00 4.478947e+00 1.126316e+00 6.26362038e-08
6.666667e+00 4.478947e+00 1.331579e+00 3.30693908e-08
6.666667e+00 4.478947e+00 1.536842e+00 2.91501632e-08
6.666667e+00 4.478947e+00 1.742105e+00 2.72631180e-08
6.666667e+00 4.478947e+00 1.947368e+00 2.54792916e-08
6.666667e+00 4.478947e+00 2.152632e+00 2.36710544e-08
6.666667e+00 4.478947e+00 2.357895e+00 2.18621494e-08
6.666667e+00 4.478947e+00 2.563158e+00 2.00824175e-08
6.666667e+00 4.478947e+00 2.768421e+00 1.83561113e-08
6.666667e+00 4.478947e+00 2.973684e+00 1.67020460e-08
6.666667e+00 4.478947e+00 3.178947e+00 1.51340558e-08
6.666667e+00 4.478947e+00 3.384211e+00 1.36614684e-08
6.666667e+00 4.478947e+00 3.589474e+00 1.22901289e-08
6.666667e+00 4.478947e+00 3.794737e+00 1.10225429e-08
6.666667e+00 4.478947e+00 4.000000e+00 9.85866677e-09
6.666667e+00 4.739474e+00 1.000000e-01 4.16811705e-01
6.666667e+00 4.739474e+00 3.052632e-01 9.91196837e-04
6.666667e+00 4.739474e+00 5.105263e-01 3.05747562e-05
6.666667e+00 4.739474e+00 7.157895e-01 1.71357726e-06
6.666667e+00 4.739474e+00 9.210526e-01 1.27829267e-07
6.666667e+00 4.739474e+00 1.126316e+00 1.85583957e-08
6.666667e+00 4.739474e+00 1.331579e+00 9.67856817e-09
6.666667e+00 4.739474e+00 1.536842e+00 8.51327453e-09
6.666667e+00 4.739474e+00 1.742105e+00 7.96050337e-09
6.666667e+00 4.739474e+00 1.947368e+00 7.43955608e-09
6.666667e+00 4.739474e+00 2.152632e+00 6.91164281e-09
6.666667e+00 4.739474e+00 2.357895e+00 6.38349995e-09
6.666667e+00 4.739474e+00 2.563158e+00 5.86385962e-09
6.666667e+00 4.739474e+00 2.768421e+00 5.35983213e-09
6.666667e+00 4.739474e+00 2.973684e+00 4.87688157e-09
6.666667e+00 4.739474e+00 3.178947e+00 4.41903936e-09
6.666667e+00 4.739474e+00 3.384211e+00 3.98907840e-09
6.666667e+00 4.739474e+00 3.589474e+00 3.58866492e-09
6.666667e+00 4.739474e+00 3.794737e+00 3.21854698e-09
6.666667e+00 4.739474e+00 4.000000e+00 2.87870661e-09
6.666667e+00 5.000000e+00 1.000000e-01 1.17205530e-01
6.666667e+00 5.000000e+00 3.052632e-01 2.78675056e-04
6.666667e+00 5.000000e+00 5.105263e-01 8.59461670e-06
6.666667e+00 5.000000e+00 7.157895e-01 4.81582447e-07
6.666667e+00 5.000000e+00 9.210526e-01 3.58692773e-08
6.666667e+00 5.000000e+00 1.126316e+00 5.16016829e-09
6.666667e+00 5.000000e+00 1.331579e+00 2.66681943e-09
6.666667e+00 5.000000e+00 1.536842e+00 2.34199216e-09
6.666667e+00 5.000000e+00 1.742105e+00 2.18957741e-09
6.666667e+00 5.000000e+00 1.947368e+00 2.04627493e-09
6.666667e+00 5.000000e+00 2.152632e+00 1.90107707e-09
6.666667e+00 5.000000e+00 2.357895e+00 1.75581372e-09
6.666667e+00 5.000000e+00 2.563158e+00 1.61289415e-09
6.666667e+00 5.000000e+00 2.768421e+00 1.47426049e-09
6.666667e+00 5.000000e+00 2.973684e+00 1.34142752e-09
6.666667e+00 5.000000e+00 3.178947e+00 1.21549604e-09
6.666667e+00 5.000000e+00 3.384211e+00 1.09723497e-09
6.666667e+00 5.000000e+00 3.589474e+00 9.87098514e-10
6.666667e+00 5.000000e+00 3.794737e+00 8.85297613e-10
6.666667e+00 5.000000e+00 4.000000e+00 7.91821886e-10
6.923077e+00 5.000000e-02 1.000000e-01 3.13753711e+04
6.923077e+00 5.000000e-02 3.052632e-01 7.71296463e+01
6.923077e+00 5.000000e-02 5.105263e-01 2.56926680e+00
6.923077e+00 5.000000e-02 7.157895e-01 1.80474922e-01
6.923077e+00 5.000000e-02 9.210526e-01 3.75721604e-02
6.923077e+00 5.000000e-02 1.126316e+00 2.62090955e-02
6.923077e+00 5.000000e-02 1.331579e+00 2.42831353e-02
6.923077e+00 5.000000e-02 1.536842e+00 2.30084844e-02
6.923077e+00 5.000000e-02 1.742105e+00 2.17164494e-02
6.923077e+00 5.000000e-02 1.947368e+00 2.03783456e-02
6.923077e+00 5.000000e-02 2.152632e+00 1.90143883e-02
6.923077e+00 5.000000e-02 2.357895e+00 1.76463351e-02
6.923077e+00 5.000000e-02 2.563158e+00 1.62940919e-02
6.923077e+00 5.000000e-02 2.768421e+00 1.49746267e-02
6.923077e+00 5.000000e-02 2.973684e+00 1.37019381e-02
6.923077e+00 5.000000e-02 3.178947e+00 1.24869626e-02
6.923077e+00 5.000000e-02 3.384211e+00 1.13378698e-02
6.923077e+00 5.000000e-02 3.589474e+00 1.02598919e-02
6.923077e+00 5.000000e-02 3.794737e+00 9.25627165e-03
6.923077e+00 5.000000e-02 4.000000e+00 8.32806434e-03
6.923077e+00 3.105263e-01 1.000000e-01 2.99352500e+04
6.923077e+00 3.105263e-01 3.052632e-01 7.35549469e+01
6.923077e+00 3.105263e-01 5.105263e-01 2.43664694e+00
6.923077e+00 3.105263e-01 7.157895e-01 1.58348739e-01
6.923077e+00 3.105263e-01 9.210526e-01 2.23222878e-02
6.923077e+00 3.105263e-01 1.126316e+00 1.19621018e-02
6.923077e+00 3.105263e-01 1.331579e+00 1.06999073e-02
6.923077e+00 3.105263e-01 1.536842e+00 1.01130288e-02
6.923077e+00 3.105263e-01 1.742105e+00 9.54603963e-03
6.923077e+00 3.105263e-01 1.947368e+00 8.95916391e-03
6.923077e+00 3.105263e-01 2.152632e+00 8.36037099e-03
6.923077e+00 3.105263e-01 2.357895e+00 7.75958132e-03
6.923077e+00 3.105263e-01 2.563158e+00 7.16562895e-03
6.923077e+00 3.105263e-01 2.768421e+00 6.58592349e-03
6.923077e+00 3.105263e-01 2.973684e+00 6.02674205e-03
6.923077e+00 3.105263e-01 3.178947e+00 5.49282646e-03
6.923077e+00 3.105263e-01 3.384211e+00 4.98776464e-03
6.923077e+00 3.105263e-01 3.589474e+00 4.51392913e-03
6.923077e+00 3.105263e-01 3.794737e+00 4.07267548e-03
6.923077e+00 3.105263e-01 4.000000e+00 3.66450171e-03
6.923077e+00 5.710526e-01 1.000000e-01 2.66861406e+04
6.923077e+00 5.710526e-01 3.052632e-01 6.55162735e+01
6.923077e+00 5.710526e-01 5.105263e-01 2.16512251e+00
6.923077e+00 5.710526e-01 7.157895e-01 1.37031689e-01
6.923077e+00 5.710526e-01 9.210526e-01 1.60233434e-02
6.923077e+00 5.710526e-01 1.126316e+00 6.92547066e-03
6.923077e+00 5.710526e-01 1.331579e+00 5.96118160e-03
6.923077e+00 5.710526e-01 1.536842e+00 5.61704719e-03
6.923077e+00 5.710526e-01 1.742105e+00 5.30219730e-03
6.923077e+00 5.710526e-01 1.947368e+00 4.97692218e-03
6.923077e+00 5.710526e-01 2.152632e+00 4.64465655e-03
6.923077e+00 5.710526e-01 2.357895e+00 4.31118440e-03
6.923077e+00 5.710526e-01 2.563158e+00 3.98145104e-03
6.923077e+00 5.710526e-01 2.768421e+00 3.65959806e-03
6.923077e+00 5.710526e-01 2.973684e+00 3.34908767e-03
6.923077e+00 5.710526e-01 3.178947e+00 3.05258110e-03
6.923077e+00 5.710526e-01 3.384211e+00 2.77206046e-03
6.923077e+00 5.710526e-01 3.589474e+00 2.50884215e-03
6.923077e+00 5.710526e-01 3.794737e+00 2.26370897e-03
6.923077e+00 5.710526e-01 4.000000e+00 2.03692983e-03
6.923077e+00 8.315790e-01 1.000000e-01 2.22279512e+04
6.923077e+00 8.315790e-01 3.052632e-01 5.45041962e+01
6.923077e+00 8.315790e-01 5.105263e-01 1.79759455e+00
6.923077e+00 8.315790e-01 7.157895e-01 1.12191223e-01
6.923077e+00 8.315790e-01 9.210526e-01 1.16876839e-02
6.923077e+00 8.315790e-01 1.126316e+00 4.17621108e-03
6.923077e+00 8.315790e-01 1.331579e+00 3.43993073e-03
6.923077e+00 8.315790e-01 1.536842e+00 3.22878850e-03
6.923077e+00 8.315790e-01 1.742105e+00 3.04759177e-03
6.923077e+00 8.315790e-01 1.947368e+00 2.86094192e-03
6.923077e+00 8.315790e-01 2.152632e+00 2.67016119e-03
6.923077e+00 8.315790e-01 2.357895e+00 2.47859349e-03
6.923077e+00 8.315790e-01 2.563158e+00 2.28913571e-03
6.923077e+00 8.315790e-01 2.768421e+00 2.10420508e-03
6.923077e+00 8.315790e-01 2.973684e+00 1.92576181e-03
6.923077e+00 8.315790e-01 3.178947e+00 1.75534969e-03
6.923077e+00 8.315790e-01 3.384211e+00 1.59411109e-03
6.923077e+00 8.315790e-01 3.589474e+00 1.44280400e-03
6.923077e+00 8.315790e-01 3.794737e+00 1.30188535e-03
6.923077e+00 8.315790e-01 4.000000e+00 1.17150694e-03
6.923077e+00 1.092105e+00 1.000000e-01 1.72992188e+04
6.923077e+00 1.092105e+00 3.052632e-01 4.23534431e+01
6.923077e+00 1.092105e+00 5.105263e-01 1.39405322e+00
6.923077e+00 1.092105e+00 7.157895e-01 8.62473920e-02
6.923077e+00 1.092105e+00 9.210526e-01 8.31442326e-03
6.923077e+00 1.092105e+00 1.126316e+00 2.50852760e-03
6.923077e+00 1.092105e+00 1.331579e+00 1.96625665e-03
6.923077e+00 1.092105e+00 1.536842e+00 1.83671236e-03
6.923077e+00 1.092105e+00 1.742105e+00 1.73332659e-03
6.923077e+00 1.092105e+00 1.947368e+00 1.62733288e-03
6.923077e+00 1.092105e+00 2.152632e+00 1.51891552e-03
6.923077e+00 1.092105e+00 2.357895e+00 1.41000934e-03
6.923077e+00 1.092105e+00 2.563158e+00 1.30229013e-03
6.923077e+00 1.092105e+00 2.768421e+00 1.19712704e-03
6.923077e+00 1.092105e+00 2.973684e+00 1.09565142e-03
6.923077e+00 1.092105e+00 3.178947e+00 9.98735544e-04
6.923077e+00 1.092105e+00 3.384211e+00 9.07033042e-04
6.923077e+00 1.092105e+00 3.589474e+00 8.20970978e-04
6.923077e+00 1.092105e+00 3.794737e+00 7.40812160e-04
6.923077e+00 1.092105e+00 4.000000e+00 6.66637032e-04
6.923077e+00 1.352632e+00 1.000000e-01 1.25796855e+04
6.923077e+00 1.352632e+00 3.052632e-01 3.07446346e+01
6.923077e+00 1.352632e+00 5.105263e-01 1.00985539e+00
6.923077e+00 1.352632e+00 7.157895e-01 6.21008053e-02
6.923077e+00 1.352632e+00 9.210526e-01 5.66969626e-03
6.923077e+00 1.352632e+00 1.126316e+00 1.47387874e-03
6.923077e+00 1.352632e+00 1.331579e+00 1.09411846e-03
6.923077e+00 1.352632e+00 1.536842e+00 1.01615675e-03
6.923077e+00 1.352632e+00 1.742105e+00 9.58677905e-04
6.923077e+00 1.352632e+00 1.947368e+00 9.00128449e-04
6.923077e+00 1.352632e+00 2.152632e+00 8.40214372e-04
6.923077e+00 1.352632e+00 2.357895e+00 7.80005706e-04
6.923077e+00 1.352632e+00 2.563158e+00 7.20440759e-04
6.923077e+00 1.352632e+00 2.768421e+00 6.62288629e-04
6.923077e+00 1.352632e+00 2.973684e+00 6.06167072e-04
6.923077e+00 1.352632e+00 3.178947e+00 5.52565907e-04
6.923077e+00 1.352632e+00 3.384211e+00 5.01842937e-04
6.923077e+00 1.352632e+00 3.589474e+00 4.54241643e-04
6.923077e+00 1.352632e+00 3.794737e+00 4.09899134e-04
6.923077e+00 1.352632e+00 4.000000e+00 3.68867099e-04
6.923077e+00 1.613158e+00 1.000000e-01 8.54736328e+03
6.923077e+00 1.613158e+00 3.052632e-01 2.08504963e+01
6.923077e+00 1.613158e+00 5.105263e-01 6.83421135e-01
6.923077e+00 1.613158e+00 7.157895e-01 4.18386050e-02
6.923077e+00 1.613158e+00 9.210526e-01 3.67256533e-03
6.923077e+00 1.613158e+00 1.126316e+00 8.38564709e-04
6.923077e+00 1.613158e+00 1.331579e+00 5.87454997e-04
6.923077e+00 1.613158e+00 1.536842e+00 5.41954592e-04
6.923077e+00 1.613158e+00 1.742105e+00 5.11091377e-04
6.923077e+00 1.613158e+00 1.947368e+00 4.79909679e-04
6.923077e+00 1.613158e+00 2.152632e+00 4.47990402e-04
6.923077e+00 1.613158e+00 2.357895e+00 4.15904098e-04
6.923077e+00 1.613158e+00 2.563158e+00 3.84155574e-04
6.923077e+00 1.613158e+00 2.768421e+00 3.53156647e-04
6.923077e+00 1.613158e+00 2.973684e+00 3.23241082e-04
6.923077e+00 1.613158e+00 3.178947e+00 2.94665777e-04
6.923077e+00 1.613158e+00 3.384211e+00 2.67623807e-04
6.923077e+00 1.613158e+00 3.589474e+00 2.42244234e-04
6.923077e+00 1.613158e+00 3.794737e+00 2.18601315e-04
6.923077e+00 1.613158e+00 4.000000e+00 1.96723951e-04
6.923077e+00 1.873684e+00 1.000000e-01 5.42645752e+03
6.923077e+00 1.873684e+00 3.052632e-01 1.32121286e+01
6.923077e+00 1.873684e+00 5.105263e-01 4.32149917e-01
6.923077e+00 1.873684e+00 7.157895e-01 2.63637099e-02
6.923077e+00 1.873684e+00 9.210526e-01 2.24790373e-03
6.923077e+00 1.873684e+00 1.126316e+00 4.58960276e-04
6.923077e+00 1.873684e+00 1.331579e+00 3.02780652e-04
6.923077e+00 1.873684e+00 1.536842e+00 2.77229439e-04
6.923077e+00 1.873684e+00 1.742105e+00 2.61307461e-04
6.923077e+00 1.873684e+00 1.947368e+00 2.45376985e-04
6.923077e+00 1.873684e+00 2.152632e+00 2.29069090e-04
6.923077e+00 1.873684e+00 2.357895e+00 2.12669649e-04
6.923077e+00 1.873684e+00 2.563158e+00 1.96440335e-04
6.923077e+00 1.873684e+00 2.768421e+00 1.80593343e-04
6.923077e+00 1.873684e+00 2.973684e+00 1.65299018e-04
6.923077e+00 1.873684e+00 3.178947e+00 1.50689506e-04
6.923077e+00 1.873684e+00 3.384211e+00 1.36863368e-04
6.923077e+00 1.873684e+00 3.589474e+00 1.23886872e-04
6.923077e+00 1.873684e+00 3.794737e+00 1.11797715e-04
6.923077e+00 1.873684e+00 4.000000e+00 1.00610479e-04
6.923077e+00 2.134211e+00 1.000000e-01 3.21902832e+03
6.923077e+00 2.134211e+00 3.052632e-01 7.82302713e+00
6.923077e+00 2.134211e+00 5.105263e-01 2.55364925e-01
6.923077e+00 2.134211e+00 7.157895e-01 1.55351479e-02
6.923077e+00 2.134211e+00 9.210526e-01 1.29594782e-03
6.923077e+00 2.134211e+00 1.126316e+00 2.40495821e-04
6.923077e+00 2.134211e+00 1.331579e+00 1.49321437e-04
6.923077e+00 2.134211e+00 1.536842e+00 1.35595692e-04
6.923077e+00 2.134211e+00 1.742105e+00 1.27730440e-04
6.923077e+00 2.134211e+00 1.947368e+00 1.19947428e-04
6.923077e+00 2.134211e+00 2.152632e+00 1.11980786e-04
6.923077e+00 2.134211e+00 2.357895e+00 1.03967359e-04
6.923077e+00 2.134211e+00 2.563158e+00 9.60354082e-05
6.923077e+00 2.134211e+00 2.768421e+00 8.82902095e-05
6.923077e+00 2.134211e+00 2.973684e+00 8.08144323e-05
6.923077e+00 2.134211e+00 3.178947e+00 7.36733928e-05
6.923077e+00 2.134211e+00 3.384211e+00 6.69149376e-05
6.923077e+00 2.134211e+00 3.589474e+00 6.05714849e-05
6.923077e+00 2.134211e+00 3.794737e+00 5.46616902e-05
6.923077e+00 2.134211e+00 4.000000e+00 4.91927058e-05
6.923077e+00 2.394737e+00 1.000000e-01 1.78426538e+03
6.923077e+00 2.394737e+00 3.052632e-01 4.32864809e+00
6.923077e+00 2.394737e+00 5.105263e-01 1.41033590e-01
6.923077e+00 2.394737e+00 7.157895e-01 8.56016297e-03
6.923077e+00 2.394737e+00 9.210526e-01 7.02277524e-04
6.923077e+00 2.394737e+00 1.126316e+00 1.20208999e-04
6.923077e+00 2.394737e+00 1.331579e+00 7.03140904e-05
6.923077e+00 2.394737e+00 1.536842e+00 6.32918382e-05
6.923077e+00 2.394737e+00 1.742105e+00 5.95797283e-05
6.923077e+00 2.394737e+00 1.947368e+00 5.59506989e-05
6.923077e+00 2.394737e+00 2.152632e+00 5.22369555e-05
6.923077e+00 2.394737e+00 2.357895e+00 4.84999691e-05
6.923077e+00 2.394737e+00 2.563158e+00 4.48008650e-05
6.923077e+00 2.394737e+00 2.768421e+00 4.11883811e-05
6.923077e+00 2.394737e+00 2.973684e+00 3.77015276e-05
6.923077e+00 2.394737e+00 3.178947e+00 3.43706961e-05
6.923077e+00 2.394737e+00 3.384211e+00 3.12181110e-05
6.923077e+00 2.394737e+00 3.589474e+00 2.82591664e-05
6.923077e+00 2.394737e+00 3.794737e+00 2.55023424e-05
6.923077e+00 2.394737e+00 4.000000e+00 2.29510388e-05
6.923077e+00 2.655263e+00 1.000000e-01 9.24104858e+02
6.923077e+00 2.655263e+00 3.052632e-01 2.23833680e+00
6.923077e+00 2.655263e+00 5.105263e-01 7.28040189e-02
6.923077e+00 2.655263e+00 7.157895e-01 4.41059982e-03
6.923077e+00 2.655263e+00 9.210526e-01 3.57229699e-04
6.923077e+00 2.655263e+00 1.126316e+00 5.71446726e-05
6.923077e+00 2.655263e+00 1.331579e+00 3.15683283e-05
6.923077e+00 2.655263e+00 1.536842e+00 2.81590310e-05
6.923077e+00 2.655263e+00 1.742105e+00 2.64878308e-05
6.923077e+00 2.655263e+00 1.947368e+00 2.48747183e-05
6.923077e+00 2.655263e+00 2.152632e+00 2.32245493e-05
6.923077e+00 2.655263e+00 2.357895e+00 2.15636428e-05
6.923077e+00 2.655263e+00 2.563158e+00 1.99193346e-05
6.923077e+00 2.655263e+00 2.768421e+00 1.83134307e-05
6.923077e+00 2.655263e+00 2.973684e+00 1.67633480e-05
6.923077e+00 2.655263e+00 3.178947e+00 1.52825323e-05
6.923077e+00 2.655263e+00 3.384211e+00 1.38810237e-05
6.923077e+00 2.655263e+00 3.589474e+00 1.25654869e-05
6.923077e+00 2.655263e+00 3.794737e+00 1.13398028e-05
6.923077e+00 2.655263e+00 4.000000e+00 1.02054682e-05
6.923077e+00 2.915789e+00 1.000000e-01 4.47210205e+02
6.923077e+00 2.915789e+00 3.052632e-01 1.08170319e+00
6.923077e+00 2.915789e+00 5.105263e-01 3.51306722e-02
6.923077e+00 2.915789e+00 7.157895e-01 2.12499336e-03
6.923077e+00 2.915789e+00 9.210526e-01 1.70408908e-04
6.923077e+00 2.915789e+00 1.126316e+00 2.57722513e-05
6.923077e+00 2.915789e+00 1.331579e+00 1.34977436e-05
6.923077e+00 2.915789e+00 1.536842e+00 1.19312554e-05
6.923077e+00 2.915789e+00 1.742105e+00 1.12145735e-05
6.923077e+00 2.915789e+00 1.947368e+00 1.05315976e-05
6.923077e+00 2.915789e+00 2.152632e+00 9.83330119e-06
6.923077e+00 2.915789e+00 2.357895e+00 9.13029180e-06
6.923077e+00 2.915789e+00 2.563158e+00 8.43420275e-06
6.923077e+00 2.915789e+00 2.768421e+00 7.75434273e-06
6.923077e+00 2.915789e+00 2.973684e+00 7.09809865e-06
6.923077e+00 2.915789e+00 3.178947e+00 6.47117304e-06
6.923077e+00 2.915789e+00 3.384211e+00 5.87779414e-06
6.923077e+00 2.915789e+00 3.589474e+00 5.32078684e-06
6.923077e+00 2.915789e+00 3.794737e+00 4.80183826e-06
6.923077e+00 2.915789e+00 4.000000e+00 4.32154866e-06
6.923077e+00 3.176316e+00 1.000000e-01 2.02222839e+02
6.923077e+00 3.176316e+00 3.052632e-01 4.88545448e-01
6.923077e+00 3.176316e+00 5.105263e-01 1.58461556e-02
6.923077e+00 3.176316e+00 7.157895e-01 9.57301760e-04
6.923077e+00 3.176316e+00 9.210526e-01 7.61800839e-05
6.923077e+00 3.176316e+00 1.126316e+00 1.10039109e-05
6.923077e+00 3.176316e+00 1.331579e+00 5.49069500e-06
6.923077e+00 3.176316e+00 1.536842e+00 4.81107190e-06
6.923077e+00 3.176316e+00 1.742105e+00 4.51862525e-06
6.923077e+00 3.176316e+00 1.947368e+00 4.24342079e-06
6.923077e+00 3.176316e+00 2.152632e+00 3.96218138e-06
6.923077e+00 3.176316e+00 2.357895e+00 3.67899179e-06
6.923077e+00 3.176316e+00 2.563158e+00 3.39855956e-06
6.923077e+00 3.176316e+00 2.768421e+00 3.12465113e-06
6.923077e+00 3.176316e+00 2.973684e+00 2.86024920e-06
6.923077e+00 3.176316e+00 3.178947e+00 2.60765182e-06
6.923077e+00 3.176316e+00 3.384211e+00 2.36856795e-06
6.923077e+00 3.176316e+00 3.589474e+00 2.14413603e-06
6.923077e+00 3.176316e+00 3.794737e+00 1.93502933e-06
6.923077e+00 3.176316e+00 4.000000e+00 1.74149659e-06
6.923077e+00 3.436842e+00 1.000000e-01 8.54431534e+01
6.923077e+00 3.436842e+00 3.052632e-01 2.06212923e-01
6.923077e+00 3.436842e+00 5.105263e-01 6.68140827e-03
6.923077e+00 3.436842e+00 7.157895e-01 4.03230049e-04
6.923077e+00 3.436842e+00 9.210526e-01 3.18980201e-05
6.923077e+00 3.436842e+00 1.126316e+00 4.43963427e-06
6.923077e+00 3.436842e+00 1.331579e+00 2.12265513e-06
6.923077e+00 3.436842e+00 1.536842e+00 1.84474732e-06
6.923077e+00 3.436842e+00 1.742105e+00 1.73135925e-06
6.923077e+00 3.436842e+00 1.947368e+00 1.62589527e-06
6.923077e+00 3.436842e+00 2.152632e+00 1.51817562e-06
6.923077e+00 3.436842e+00 2.357895e+00 1.40969337e-06
6.923077e+00 3.436842e+00 2.563158e+00 1.30225806e-06
6.923077e+00 3.436842e+00 2.768421e+00 1.19731351e-06
6.923077e+00 3.436842e+00 2.973684e+00 1.09600933e-06
6.923077e+00 3.436842e+00 3.178947e+00 9.99229769e-07
6.923077e+00 3.436842e+00 3.384211e+00 9.07621597e-07
6.923077e+00 3.436842e+00 3.589474e+00 8.21627452e-07
6.923077e+00 3.436842e+00 3.794737e+00 7.41504948e-07
6.923077e+00 3.436842e+00 4.000000e+00 6.67347592e-07
6.923077e+00 3.697368e+00 1.000000e-01 3.37328339e+01
6.923077e+00 3.697368e+00 3.052632e-01 8.13460201e-02
6.923077e+00 3.697368e+00 5.105263e-01 2.63334624e-03
6.923077e+00 3.697368e+00 7.157895e-01 1.58797615e-04
6.923077e+00 3.697368e+00 9.210526e-01 1.25046645e-05
6.923077e+00 3.697368e+00 1.126316e+00 1.68977567e-06
6.923077e+00 3.697368e+00 1.331579e+00 7.78891774e-07
6.923077e+00 3.697368e+00 1.536842e+00 6.71945998e-07
6.923077e+00 3.697368e+00 1.742105e+00 6.30223610e-07
6.923077e+00 3.697368e+00 1.947368e+00 5.91829632e-07
6.923077e+00 3.697368e+00 2.152632e+00 5.52634049e-07
6.923077e+00 3.697368e+00 2.357895e+00 5.13152031e-07
6.923077e+00 3.697368e+00 2.563158e+00 4.74047710e-07
6.923077e+00 3.697368e+00 2.768421e+00 4.35850609e-07
6.923077e+00 3.697368e+00 2.973684e+00 3.98977448e-07
6.923077e+00 3.697368e+00 3.178947e+00 3.63749109e-07
6.923077e+00 3.697368e+00 3.384211e+00 3.30404305e-07
6.923077e+00 3.697368e+00 3.589474e+00 2.99101686e-07
6.923077e+00 3.697368e+00 3.794737e+00 2.69936095e-07
6.923077e+00 3.697368e+00 4.000000e+00 2.42941638e-07
6.923077e+00 3.957895e+00 1.000000e-01 1.24438772e+01
6.923077e+00 3.957895e+00 3.052632e-01 2.99886949e-02
6.923077e+00 3.957895e+00 5.105263e-01 9.70123278e-04
6.923077e+00 3.957895e+00 7.157895e-01 5.84643713e-05
6.923077e+00 3.957895e+00 9.210526e-01 4.58786417e-06
6.923077e+00 3.957895e+00 1.126316e+00 6.05804416e-07
6.923077e+00 3.957895e+00 1.331579e+00 2.70884300e-07
6.923077e+00 3.957895e+00 1.536842e+00 2.32203675e-07
6.923077e+00 3.957895e+00 1.742105e+00 2.17658851e-07
6.923077e+00 3.957895e+00 1.947368e+00 2.04396130e-07
6.923077e+00 3.957895e+00 2.152632e+00 1.90862892e-07
6.923077e+00 3.957895e+00 2.357895e+00 1.77229509e-07
6.923077e+00 3.957895e+00 2.563158e+00 1.63725574e-07
6.923077e+00 3.957895e+00 2.768421e+00 1.50534319e-07
6.923077e+00 3.957895e+00 2.973684e+00 1.37800114e-07
6.923077e+00 3.957895e+00 3.178947e+00 1.25633861e-07
6.923077e+00 3.957895e+00 3.384211e+00 1.14117569e-07
6.923077e+00 3.957895e+00 3.589474e+00 1.03306803e-07
6.923077e+00 3.957895e+00 3.794737e+00 9.32336732e-08
6.923077e+00 3.957895e+00 4.000000e+00 8.39105923e-08
6.923077e+00 4.218421e+00 1.000000e-01 4.28929377e+00
6.923077e+00 4.218421e+00 3.052632e-01 1.03316410e-02
6.923077e+00 4.218421e+00 5.105263e-01 3.34044802e-04
6.923077e+00 4.218421e+00 7.157895e-01 2.01215189e-05
6.923077e+00 4.218421e+00 9.210526e-01 1.57487671e-06
6.923077e+00 4.218421e+00 1.126316e+00 2.04297095e-07
6.923077e+00 4.218421e+00 1.331579e+00 8.91414231e-08
6.923077e+00 4.218421e+00 1.536842e+00 7.60070478e-08
6.923077e+00 4.218421e+00 1.742105e+00 7.12109909e-08
6.923077e+00 4.218421e+00 1.947368e+00 6.68710598e-08
6.923077e+00 4.218421e+00 2.152632e+00 6.24445491e-08
6.923077e+00 4.218421e+00 2.357895e+00 5.79849022e-08
6.923077e+00 4.218421e+00 2.563158e+00 5.35671028e-08
6.923077e+00 4.218421e+00 2.768421e+00 4.92515149e-08
6.923077e+00 4.218421e+00 2.973684e+00 4.50855246e-08
6.923077e+00 4.218421e+00 3.178947e+00 4.11050785e-08
6.923077e+00 4.218421e+00 3.384211e+00 3.73373936e-08
6.923077e+00 4.218421e+00 3.589474e+00 3.38005073e-08
6.923077e+00 4.218421e+00 3.794737e+00 3.05048182e-08
6.923077e+00 4.218421e+00 4.000000e+00 2.74545666e-08
6.923077e+00 4.478947e+00 1.000000e-01 1.38147354e+00
6.923077e+00 4.478947e+00 3.052632e-01 3.32629611e-03
6.923077e+00 4.478947e+00 5.105263e-01 1.07502601e-04
6.923077e+00 4.478947e+00 7.157895e-01 6.47321349e-06
6.923077e+00 4.478947e+00 9.210526e-01 5.05668709e-07
6.923077e+00 4.478947e+00 1.126316e+00 6.47263292e-08
6.923077e+00 4.478947e+00 1.331579e+00 2.77069674e-08
6.923077e+00 4.478947e+00 1.536842e+00 2.35237820e-08
6.923077e+00 4.478947e+00 1.742105e+00 2.20306404e-08
6.923077e+00 4.478947e+00 1.947368e+00 2.06878177e-08
6.923077e+00 4.478947e+00 2.152632e+00 1.93186178e-08
6.923077e+00 4.478947e+00 2.357895e+00 1.79390742e-08
6.923077e+00 4.478947e+00 2.563158e+00 1.65724447e-08
6.923077e+00 4.478947e+00 2.768421e+00 1.52373900e-08
6.923077e+00 4.478947e+00 2.973684e+00 1.39485294e-08
6.923077e+00 4.478947e+00 3.178947e+00 1.27171589e-08
6.923077e+00 4.478947e+00 3.384211e+00 1.15515570e-08
6.923077e+00 4.478947e+00 3.589474e+00 1.04573239e-08
6.923077e+00 4.478947e+00 3.794737e+00 9.43773681e-09
6.923077e+00 4.478947e+00 4.000000e+00 8.49405346e-09
6.923077e+00 4.739474e+00 1.000000e-01 4.15742189e-01
6.923077e+00 4.739474e+00 3.052632e-01 1.00073870e-03
6.923077e+00 4.739474e+00 5.105263e-01 3.23331624e-05
6.923077e+00 4.739474e+00 7.157895e-01 1.94641052e-06
6.923077e+00 4.739474e+00 9.210526e-01 1.51834271e-07
6.923077e+00 4.739474e+00 1.126316e+00 1.92446752e-08
6.923077e+00 4.739474e+00 1.331579e+00 8.11931500e-09
6.923077e+00 4.739474e+00 1.536842e+00 6.87066359e-09
6.923077e+00 4.739474e+00 1.742105e+00 6.43257048e-09
6.923077e+00 4.739474e+00 1.947368e+00 6.04044459e-09
6.923077e+00 4.739474e+00 2.152632e+00 5.64072300e-09
6.923077e+00 4.739474e+00 2.357895e+00 5.23795318e-09
6.923077e+00 4.739474e+00 2.563158e+00 4.83894080e-09
6.923077e+00 4.739474e+00 2.768421e+00 4.44913661e-09
6.923077e+00 4.739474e+00 2.973684e+00 4.07281409e-09
6.923077e+00 4.739474e+00 3.178947e+00 3.71328435e-09
6.923077e+00 4.739474e+00 3.384211e+00 3.37295170e-09
6.923077e+00 4.739474e+00 3.589474e+00 3.05345704e-09
6.923077e+00 4.739474e+00 3.794737e+00 2.75575585e-09
6.923077e+00 4.739474e+00 4.000000e+00 2.48021226e-09
6.923077e+00 5.000000e+00 1.000000e-01 1.16904527e-01
6.923077e+00 5.000000e+00 3.052632e-01 2.81345798e-04
6.923077e+00 5.000000e+00 5.105263e-01 9.08810489e-06
6.923077e+00 5.000000e+00 7.157895e-01 5.46988247e-07
6.923077e+00 5.000000e+00 9.210526e-01 4.26262297e-08
6.923077e+00 5.000000e+00 1.126316e+00 5.36461675e-09
6.923077e+00 5.000000e+00 1.331579e+00 2.23928387e-09
6.923077e+00 5.000000e+00 1.536842e+00 1.89022908e-09
6.923077e+00 5.000000e+00 1.742105e+00 1.76928938e-09
6.923077e+00 5.000000e+00 1.947368e+00 1.66142577e-09
6.923077e+00 5.000000e+00 2.152632e+00 1.55149249e-09
6.923077e+00 5.000000e+00 2.357895e+00 1.44071555e-09
6.923077e+00 5.000000e+00 2.563158e+00 1.33097056e-09
6.923077e+00 5.000000e+00 2.768421e+00 1.22375687e-09
6.923077e+00 5.000000e+00 2.973684e+00 1.12025511e-09
6.923077e+00 5.000000e+00 3.178947e+00 1.02136366e-09
6.923077e+00 5.000000e+00 3.384211e+00 9.27753985e-10
6.923077e+00 5.000000e+00 3.589474e+00 8.39877279e-10
6.923077e+00 5.000000e+00 3.794737e+00 7.57993723e-10
6.923077e+00 5.000000e+00 4.000000e+00 6.82204737e-10
7.179487e+00 5.000000e-02 1.000000e-01 3.17743906e+04
7.179487e+00 5.000000e-02 3.052632e-01 7.94682922e+01
7.179487e+00 5.000000e-02 5.105263e-01 2.76999545e+00
7.179487e+00 5.000000e-02 7.157895e-01 2.01621592e-01
7.179487e+00 5.000000e-02 9.210526e-01 3.60203087e-02
7.179487e+00 5.000000e-02 1.126316e+00 2.18889527e-02
7.179487e+00 5.000000e-02 1.331579e+00 1.97595861e-02
7.179487e+00 5.000000e-02 1.536842e+00 1.86841115e-02
7.179487e+00 5.000000e-02 1.742105e+00 1.76822301e-02
7.179487e+00 5.000000e-02 1.947368e+00 1.66602526e-02
7.179487e+00 5.000000e-02 2.152632e+00 1.56178847e-02
7.179487e+00 5.000000e-02 2.357895e+00 1.45671722e-02
7.179487e+00 5.000000e-02 2.563158e+00 1.35218361e-02
7.179487e+00 5.000000e-02 2.768421e+00 1.24947866e-02
7.179487e+00 5.000000e-02 2.973684e+00 1.14967963e-02
7.179487e+00 5.000000e-02 3.178947e+00 1.05371270e-02
7.179487e+00 5.000000e-02 3.384211e+00 9.62273870e-03
7.179487e+00 5.000000e-02 3.589474e+00 8.75851419e-03
7.179487e+00 5.000000e-02 3.794737e+00 7.94788916e-03
7.179487e+00 5.000000e-02 4.000000e+00 7.19249574e-03
7.179487e+00 3.105263e-01 1.000000e-01 3.03157852e+04
7.179487e+00 3.105263e-01 3.052632e-01 7.57719421e+01
7.179487e+00 3.105263e-01 5.105263e-01 2.62729454e+00
7.179487e+00 3.105263e-01 7.157895e-01 1.80235088e-01
7.179487e+00 3.105263e-01 9.210526e-01 2.31863856e-02
7.179487e+00 3.105263e-01 1.126316e+00 1.02862837e-02
7.179487e+00 3.105263e-01 1.331579e+00 8.75615701e-03
7.179487e+00 3.105263e-01 1.536842e+00 8.22388288e-03
7.179487e+00 3.105263e-01 1.742105e+00 7.77544687e-03
7.179487e+00 3.105263e-01 1.947368e+00 7.32458103e-03
7.179487e+00 3.105263e-01 2.152632e+00 6.86607789e-03
7.179487e+00 3.105263e-01 2.357895e+00 6.40439522e-03
7.179487e+00 3.105263e-01 2.563158e+00 5.94519638e-03
7.179487e+00 3.105263e-01 2.768421e+00 5.49403951e-03
7.179487e+00 3.105263e-01 2.973684e+00 5.05565945e-03
7.179487e+00 3.105263e-01 3.178947e+00 4.63400641e-03
7.179487e+00 3.105263e-01 3.384211e+00 4.23219474e-03
7.179487e+00 3.105263e-01 3.589474e+00 3.85239278e-03
7.179487e+00 3.105263e-01 3.794737e+00 3.49608413e-03
7.179487e+00 3.105263e-01 4.000000e+00 3.16398684e-03
7.179487e+00 5.710526e-01 1.000000e-01 2.70250762e+04
7.179487e+00 5.710526e-01 3.052632e-01 6.74742126e+01
7.179487e+00 5.710526e-01 5.105263e-01 2.33349228e+00
7.179487e+00 5.710526e-01 7.157895e-01 1.56844184e-01
7.179487e+00 5.710526e-01 9.210526e-01 1.74224246e-02
7.179487e+00 5.710526e-01 1.126316e+00 6.11949340e-03
7.179487e+00 5.710526e-01 1.331579e+00 4.90450952e-03
7.179487e+00 5.710526e-01 1.536842e+00 4.57354914e-03
7.179487e+00 5.710526e-01 1.742105e+00 4.32022428e-03
7.179487e+00 5.710526e-01 1.947368e+00 4.06899909e-03
7.179487e+00 5.710526e-01 2.152632e+00 3.81418900e-03
7.179487e+00 5.710526e-01 2.357895e+00 3.55778472e-03
7.179487e+00 5.710526e-01 2.563158e+00 3.30285798e-03
7.179487e+00 5.710526e-01 2.768421e+00 3.05235013e-03
7.179487e+00 5.710526e-01 2.973684e+00 2.80896388e-03
7.179487e+00 5.710526e-01 3.178947e+00 2.57484242e-03
7.179487e+00 5.710526e-01 3.384211e+00 2.35169660e-03
7.179487e+00 5.710526e-01 3.589474e+00 2.14077346e-03
7.179487e+00 5.710526e-01 3.794737e+00 1.94286089e-03
7.179487e+00 5.710526e-01 4.000000e+00 1.75839732e-03
7.179487e+00 8.315790e-01 1.000000e-01 2.25099082e+04
7.179487e+00 8.315790e-01 3.052632e-01 5.61141205e+01
7.179487e+00 8.315790e-01 5.105263e-01 1.93602383e+00
7.179487e+00 8.315790e-01 7.157895e-01 1.28686801e-01
7.179487e+00 8.315790e-01 9.210526e-01 1.30958408e-02
7.179487e+00 8.315790e-01 1.126316e+00 3.79114063e-03
7.179487e+00 8.315790e-01 1.331579e+00 2.84580956e-03
7.179487e+00 8.315790e-01 1.536842e+00 2.63217371e-03
7.179487e+00 8.315790e-01 1.742105e+00 2.48398702e-03
7.179487e+00 8.315790e-01 1.947368e+00 2.33917148e-03
7.179487e+00 8.315790e-01 2.152632e+00 2.19261553e-03
7.179487e+00 8.315790e-01 2.357895e+00 2.04524701e-03
7.179487e+00 8.315790e-01 2.563158e+00 1.89875020e-03
7.179487e+00 8.315790e-01 2.768421e+00 1.75482105e-03
7.179487e+00 8.315790e-01 2.973684e+00 1.61495968e-03
7.179487e+00 8.315790e-01 3.178947e+00 1.48042222e-03
7.179487e+00 8.315790e-01 3.384211e+00 1.35218923e-03
7.179487e+00 8.315790e-01 3.589474e+00 1.23095710e-03
7.179487e+00 8.315790e-01 3.794737e+00 1.11719547e-03
7.179487e+00 8.315790e-01 4.000000e+00 1.01115869e-03
7.179487e+00 1.092105e+00 1.000000e-01 1.75183145e+04
7.179487e+00 1.092105e+00 3.052632e-01 4.35867348e+01
7.179487e+00 1.092105e+00 5.105263e-01 1.50010490e+00
7.179487e+00 1.092105e+00 7.157895e-01 9.89913642e-02
7.179487e+00 1.092105e+00 9.210526e-01 9.50920302e-03
7.179487e+00 1.092105e+00 1.126316e+00 2.33869720e-03
7.179487e+00 1.092105e+00 1.331579e+00 1.63608778e-03
7.179487e+00 1.092105e+00 1.536842e+00 1.49911491e-03
7.179487e+00 1.092105e+00 1.742105e+00 1.41322555e-03
7.179487e+00 1.092105e+00 1.947368e+00 1.33062142e-03
7.179487e+00 1.092105e+00 2.152632e+00 1.24721904e-03
7.179487e+00 1.092105e+00 2.357895e+00 1.16340234e-03
7.179487e+00 1.092105e+00 2.563158e+00 1.08009658e-03
7.179487e+00 1.092105e+00 2.768421e+00 9.98253119e-04
7.179487e+00 1.092105e+00 2.973684e+00 9.18725214e-04
7.179487e+00 1.092105e+00 3.178947e+00 8.42222536e-04
7.179487e+00 1.092105e+00 3.384211e+00 7.69290025e-04
7.179487e+00 1.092105e+00 3.589474e+00 7.00343633e-04
7.179487e+00 1.092105e+00 3.794737e+00 6.35642500e-04
7.179487e+00 1.092105e+00 4.000000e+00 5.75325568e-04
7.179487e+00 1.352632e+00 1.000000e-01 1.27387275e+04
7.179487e+00 1.352632e+00 3.052632e-01 3.16256046e+01
7.179487e+00 1.352632e+00 5.105263e-01 1.08562756e+00
7.179487e+00 1.352632e+00 7.157895e-01 7.12667480e-02
7.179487e+00 1.352632e+00 9.210526e-01 6.57731481e-03
7.179487e+00 1.352632e+00 1.126316e+00 1.40999106e-03
7.179487e+00 1.352632e+00 1.331579e+00 9.15952201e-04
7.179487e+00 1.352632e+00 1.536842e+00 8.30365054e-04
7.179487e+00 1.352632e+00 1.742105e+00 7.81868177e-04
7.179487e+00 1.352632e+00 1.947368e+00 7.36057467e-04
7.179487e+00 1.352632e+00 2.152632e+00 6.89902634e-04
7.179487e+00 1.352632e+00 2.357895e+00 6.43540930e-04
7.179487e+00 1.352632e+00 2.563158e+00 5.97472361e-04
7.179487e+00 1.352632e+00 2.768421e+00 5.52214973e-04
7.179487e+00 1.352632e+00 2.973684e+00 5.08235942e-04
7.179487e+00 1.352632e+00 3.178947e+00 4.65926947e-04
7.179487e+00 1.352632e+00 3.384211e+00 4.25594568e-04
7.179487e+00 1.352632e+00 3.589474e+00 3.87460197e-04
7.179487e+00 1.352632e+00 3.794737e+00 3.51672003e-04
7.179487e+00 1.352632e+00 4.000000e+00 3.18309845e-04
7.179487e+00 1.613158e+00 1.000000e-01 8.65522852e+03
7.179487e+00 1.613158e+00 3.052632e-01 2.14378319e+01
7.179487e+00 1.613158e+00 5.105263e-01 7.33956635e-01
7.179487e+00 1.613158e+00 7.157895e-01 4.79871370e-02
7.179487e+00 1.613158e+00 9.210526e-01 4.30312613e-03
7.179487e+00 1.613158e+00 1.126316e+00 8.22038506e-04
7.179487e+00 1.613158e+00 1.331579e+00 4.94939799e-04
7.179487e+00 1.613158e+00 1.536842e+00 4.43386845e-04
7.179487e+00 1.613158e+00 1.742105e+00 4.16953262e-04
7.179487e+00 1.613158e+00 1.947368e+00 3.92459217e-04
7.179487e+00 1.613158e+00 2.152632e+00 3.67841829e-04
7.179487e+00 1.613158e+00 2.357895e+00 3.43123509e-04
7.179487e+00 1.613158e+00 2.563158e+00 3.18566075e-04
7.179487e+00 1.613158e+00 2.768421e+00 2.94440892e-04
7.179487e+00 1.613158e+00 2.973684e+00 2.70997960e-04
7.179487e+00 1.613158e+00 3.178947e+00 2.48443335e-04
7.179487e+00 1.613158e+00 3.384211e+00 2.26942735e-04
7.179487e+00 1.613158e+00 3.589474e+00 2.06612807e-04
7.179487e+00 1.613158e+00 3.794737e+00 1.87532729e-04
7.179487e+00 1.613158e+00 4.000000e+00 1.69745690e-04
7.179487e+00 1.873684e+00 1.000000e-01 5.49481396e+03
7.179487e+00 1.873684e+00 3.052632e-01 1.35779095e+01
7.179487e+00 1.873684e+00 5.105263e-01 4.63636518e-01
7.179487e+00 1.873684e+00 7.157895e-01 3.02147735e-02
7.179487e+00 1.873684e+00 9.210526e-01 2.65244744e-03
7.179487e+00 1.873684e+00 1.126316e+00 4.60206618e-04
7.179487e+00 1.873684e+00 1.331579e+00 2.56795232e-04
7.179487e+00 1.873684e+00 1.536842e+00 2.27077457e-04
7.179487e+00 1.873684e+00 1.742105e+00 2.13236694e-04
7.179487e+00 1.873684e+00 1.947368e+00 2.00678332e-04
7.179487e+00 1.873684e+00 2.152632e+00 1.88084901e-04
7.179487e+00 1.873684e+00 2.357895e+00 1.75446854e-04
7.179487e+00 1.873684e+00 2.563158e+00 1.62891563e-04
7.179487e+00 1.873684e+00 2.768421e+00 1.50558233e-04
7.179487e+00 1.873684e+00 2.973684e+00 1.38573509e-04
7.179487e+00 1.873684e+00 3.178947e+00 1.27043662e-04
7.179487e+00 1.873684e+00 3.384211e+00 1.16051189e-04
7.179487e+00 1.873684e+00 3.589474e+00 1.05657084e-04
7.179487e+00 1.873684e+00 3.794737e+00 9.59015015e-05
7.179487e+00 1.873684e+00 4.000000e+00 8.68069110e-05
7.179487e+00 2.134211e+00 1.000000e-01 3.25950732e+03
7.179487e+00 2.134211e+00 3.052632e-01 8.03597450e+00
7.179487e+00 2.134211e+00 5.105263e-01 2.73705095e-01
7.179487e+00 2.134211e+00 7.157895e-01 1.77891813e-02
7.179487e+00 2.134211e+00 9.210526e-01 1.53683522e-03
7.179487e+00 2.134211e+00 1.126316e+00 2.46150885e-04
7.179487e+00 2.134211e+00 1.331579e+00 1.27507490e-04
7.179487e+00 2.134211e+00 1.536842e+00 1.11197565e-04
7.179487e+00 2.134211e+00 1.742105e+00 1.04260580e-04
7.179487e+00 2.134211e+00 1.947368e+00 9.81036937e-05
7.179487e+00 2.134211e+00 2.152632e+00 9.19454833e-05
7.179487e+00 2.134211e+00 2.357895e+00 8.57675695e-05
7.179487e+00 2.134211e+00 2.563158e+00 7.96304157e-05
7.179487e+00 2.134211e+00 2.768421e+00 7.36025904e-05
7.179487e+00 2.134211e+00 2.973684e+00 6.77448843e-05
7.179487e+00 2.134211e+00 3.178947e+00 6.21091822e-05
7.179487e+00 2.134211e+00 3.384211e+00 5.67361385e-05
7.179487e+00 2.134211e+00 3.589474e+00 5.16553446e-05
7.179487e+00 2.134211e+00 3.794737e+00 4.68866892e-05
7.179487e+00 2.134211e+00 4.000000e+00 4.24408354e-05
7.179487e+00 2.394737e+00 1.000000e-01 1.80666638e+03
7.179487e+00 2.394737e+00 3.052632e-01 4.44461107e+00
7.179487e+00 2.394737e+00 5.105263e-01 1.51026011e-01
7.179487e+00 2.394737e+00 7.157895e-01 9.79370903e-03
7.179487e+00 2.394737e+00 9.210526e-01 8.35796120e-04
7.179487e+00 2.394737e+00 1.126316e+00 1.25305771e-04
7.179487e+00 2.394737e+00 1.331579e+00 6.04557063e-05
7.179487e+00 2.394737e+00 1.536842e+00 5.19650857e-05
7.179487e+00 2.394737e+00 1.742105e+00 4.86448953e-05
7.179487e+00 2.394737e+00 1.947368e+00 4.57643910e-05
7.179487e+00 2.394737e+00 2.152632e+00 4.28907078e-05
7.179487e+00 2.394737e+00 2.357895e+00 4.00087520e-05
7.179487e+00 2.394737e+00 2.563158e+00 3.71463721e-05
7.179487e+00 2.394737e+00 2.768421e+00 3.43348256e-05
7.179487e+00 2.394737e+00 2.973684e+00 3.16026963e-05
7.179487e+00 2.394737e+00 3.178947e+00 2.89741402e-05
7.179487e+00 2.394737e+00 3.384211e+00 2.64679693e-05
7.179487e+00 2.394737e+00 3.589474e+00 2.40980717e-05
7.179487e+00 2.394737e+00 3.794737e+00 2.18737496e-05
7.179487e+00 2.394737e+00 4.000000e+00 1.97998688e-05
7.179487e+00 2.655263e+00 1.000000e-01 9.35690002e+02
7.179487e+00 2.655263e+00 3.052632e-01 2.29743361e+00
7.179487e+00 2.655263e+00 5.105263e-01 7.78989270e-02
7.179487e+00 2.655263e+00 7.157895e-01 5.04205842e-03
7.179487e+00 2.655263e+00 9.210526e-01 4.26240615e-04
7.179487e+00 2.655263e+00 1.126316e+00 6.05277273e-05
7.179487e+00 2.655263e+00 1.331579e+00 2.73270398e-05
7.179487e+00 2.655263e+00 1.536842e+00 2.31465383e-05
7.179487e+00 2.655263e+00 1.742105e+00 2.16317148e-05
7.179487e+00 2.655263e+00 1.947368e+00 2.03472646e-05
7.179487e+00 2.655263e+00 2.152632e+00 1.90691844e-05
7.179487e+00 2.655263e+00 2.357895e+00 1.77879174e-05
7.179487e+00 2.655263e+00 2.563158e+00 1.65154033e-05
7.179487e+00 2.655263e+00 2.768421e+00 1.52655248e-05
7.179487e+00 2.655263e+00 2.973684e+00 1.40510147e-05
7.179487e+00 2.655263e+00 3.178947e+00 1.28824622e-05
7.179487e+00 2.655263e+00 3.384211e+00 1.17683203e-05
7.179487e+00 2.655263e+00 3.589474e+00 1.07147598e-05
7.179487e+00 2.655263e+00 3.794737e+00 9.72585258e-06
7.179487e+00 2.655263e+00 4.000000e+00 8.80382595e-06
7.179487e+00 2.915789e+00 1.000000e-01 4.52809540e+02
7.179487e+00 2.915789e+00 3.052632e-01 1.10989499e+00
7.179487e+00 2.915789e+00 5.105263e-01 3.75622623e-02
7.179487e+00 2.915789e+00 7.157895e-01 2.42742663e-03
7.179487e+00 2.915789e+00 9.210526e-01 2.03706993e-04
7.179487e+00 2.915789e+00 1.126316e+00 2.76753926e-05
7.179487e+00 2.915789e+00 1.331579e+00 1.17609734e-05
7.179487e+00 2.915789e+00 1.536842e+00 9.81846370e-06
7.179487e+00 2.915789e+00 1.742105e+00 9.16068620e-06
7.179487e+00 2.915789e+00 1.947368e+00 8.61525496e-06
7.179487e+00 2.915789e+00 2.152632e+00 8.07394190e-06
7.179487e+00 2.915789e+00 2.357895e+00 7.53144013e-06
7.179487e+00 2.915789e+00 2.563158e+00 6.99270231e-06
7.179487e+00 2.915789e+00 2.768421e+00 6.46357876e-06
7.179487e+00 2.915789e+00 2.973684e+00 5.94939411e-06
7.179487e+00 2.915789e+00 3.178947e+00 5.45467810e-06
7.179487e+00 2.915789e+00 3.384211e+00 4.98297959e-06
7.179487e+00 2.915789e+00 3.589474e+00 4.53692201e-06
7.179487e+00 2.915789e+00 3.794737e+00 4.11823976e-06
7.179487e+00 2.915789e+00 4.000000e+00 3.72786167e-06
7.179487e+00 3.176316e+00 1.000000e-01 2.04752090e+02
7.179487e+00 3.176316e+00 3.052632e-01 5.01136243e-01
7.179487e+00 3.176316e+00 5.105263e-01 1.69326123e-02
7.179487e+00 3.176316e+00 7.157895e-01 1.09284080e-03
7.179487e+00 3.176316e+00 9.210526e-01 9.11885509e-05
7.179487e+00 3.176316e+00 1.126316e+00 1.19540473e-05
7.179487e+00 3.176316e+00 1.331579e+00 4.81365532e-06
7.179487e+00 3.176316e+00 1.536842e+00 3.96333098e-06
7.179487e+00 3.176316e+00 1.742105e+00 3.69186523e-06
7.179487e+00 3.176316e+00 1.947368e+00 3.47146420e-06
7.179487e+00 3.176316e+00 2.152632e+00 3.25329074e-06
7.179487e+00 3.176316e+00 2.357895e+00 3.03469346e-06
7.179487e+00 3.176316e+00 2.563158e+00 2.81763232e-06
7.179487e+00 3.176316e+00 2.768421e+00 2.60444858e-06
7.179487e+00 3.176316e+00 2.973684e+00 2.39728979e-06
7.179487e+00 3.176316e+00 3.178947e+00 2.19796220e-06
7.179487e+00 3.176316e+00 3.384211e+00 2.00791624e-06
7.179487e+00 3.176316e+00 3.589474e+00 1.82819156e-06
7.179487e+00 3.176316e+00 3.794737e+00 1.65949496e-06
7.179487e+00 3.176316e+00 4.000000e+00 1.50219671e-06
7.179487e+00 3.436842e+00 1.000000e-01 8.65108490e+01
7.179487e+00 3.436842e+00 3.052632e-01 2.11477801e-01
7.179487e+00 3.436842e+00 5.105263e-01 7.13586854e-03
7.179487e+00 3.436842e+00 7.157895e-01 4.60069918e-04
7.179487e+00 3.436842e+00 9.210526e-01 3.82198341e-05
7.179487e+00 3.436842e+00 1.126316e+00 4.86938006e-06
7.179487e+00 3.436842e+00 1.331579e+00 1.87134447e-06
7.179487e+00 3.436842e+00 1.536842e+00 1.52117968e-06
7.179487e+00 3.436842e+00 1.742105e+00 1.41484952e-06
7.179487e+00 3.436842e+00 1.947368e+00 1.33017488e-06
7.179487e+00 3.436842e+00 2.152632e+00 1.24655560e-06
7.179487e+00 3.436842e+00 2.357895e+00 1.16279853e-06
7.179487e+00 3.436842e+00 2.563158e+00 1.07963047e-06
7.179487e+00 3.436842e+00 2.768421e+00 9.97952384e-07
7.179487e+00 3.436842e+00 2.973684e+00 9.18581065e-07
7.179487e+00 3.436842e+00 3.178947e+00 8.42212557e-07
7.179487e+00 3.436842e+00 3.384211e+00 7.69397616e-07
7.179487e+00 3.436842e+00 3.589474e+00 7.00535622e-07
7.179487e+00 3.436842e+00 3.794737e+00 6.35899198e-07
7.179487e+00 3.436842e+00 4.000000e+00 5.75628860e-07
7.179487e+00 3.697368e+00 1.000000e-01 3.41540527e+01
7.179487e+00 3.697368e+00 3.052632e-01 8.34070146e-02
7.179487e+00 3.697368e+00 5.105263e-01 2.81129917e-03
7.179487e+00 3.697368e+00 7.157895e-01 1.81100768e-04
7.179487e+00 3.697368e+00 9.210526e-01 1.49937077e-05
7.179487e+00 3.697368e+00 1.126316e+00 1.86778425e-06
7.179487e+00 3.697368e+00 1.331579e+00 6.90062109e-07
7.179487e+00 3.697368e+00 1.536842e+00 5.54569453e-07
7.179487e+00 3.697368e+00 1.742105e+00 5.15102045e-07
7.179487e+00 3.697368e+00 1.947368e+00 4.84207703e-07
7.179487e+00 3.697368e+00 2.152632e+00 4.53762141e-07
7.179487e+00 3.697368e+00 2.357895e+00 4.23272439e-07
7.179487e+00 3.697368e+00 2.563158e+00 3.92999823e-07
7.179487e+00 3.697368e+00 2.768421e+00 3.63270743e-07
7.179487e+00 3.697368e+00 2.973684e+00 3.34380701e-07
7.179487e+00 3.697368e+00 3.178947e+00 3.06582905e-07
7.179487e+00 3.697368e+00 3.384211e+00 2.80078581e-07
7.179487e+00 3.697368e+00 3.589474e+00 2.55013759e-07
7.179487e+00 3.697368e+00 3.794737e+00 2.31485160e-07
7.179487e+00 3.697368e+00 4.000000e+00 2.09546769e-07
7.179487e+00 3.957895e+00 1.000000e-01 1.25991745e+01
7.179487e+00 3.957895e+00 3.052632e-01 3.07438374e-02
7.179487e+00 3.957895e+00 5.105263e-01 1.03534048e-03
7.179487e+00 3.957895e+00 7.157895e-01 6.66518026e-05
7.179487e+00 3.957895e+00 9.210526e-01 5.50395907e-06
7.179487e+00 3.957895e+00 1.126316e+00 6.73763793e-07
7.179487e+00 3.957895e+00 1.331579e+00 2.40998645e-07
7.179487e+00 3.957895e+00 1.536842e+00 1.91785887e-07
7.179487e+00 3.957895e+00 1.742105e+00 1.77925088e-07
7.179487e+00 3.957895e+00 1.947368e+00 1.67233551e-07
7.179487e+00 3.957895e+00 2.152632e+00 1.56715927e-07
7.179487e+00 3.957895e+00 2.357895e+00 1.46186011e-07
7.179487e+00 3.957895e+00 2.563158e+00 1.35731426e-07
7.179487e+00 3.957895e+00 2.768421e+00 1.25464112e-07
7.179487e+00 3.957895e+00 2.973684e+00 1.15486934e-07
7.179487e+00 3.957895e+00 3.178947e+00 1.05887054e-07
7.179487e+00 3.957895e+00 3.384211e+00 9.67336362e-08
7.179487e+00 3.957895e+00 3.589474e+00 8.80772006e-08
7.179487e+00 3.957895e+00 3.794737e+00 7.99513202e-08
7.179487e+00 3.957895e+00 4.000000e+00 7.23745543e-08
7.179487e+00 4.218421e+00 1.000000e-01 4.34280014e+00
7.179487e+00 4.218421e+00 3.052632e-01 1.05905635e-02
7.179487e+00 4.218421e+00 5.105263e-01 3.56410514e-04
7.179487e+00 4.218421e+00 7.157895e-01 2.29329926e-05
7.179487e+00 4.218421e+00 9.210526e-01 1.89006721e-06
7.179487e+00 4.218421e+00 1.126316e+00 2.28307002e-07
7.179487e+00 4.218421e+00 1.331579e+00 7.95808148e-08
7.179487e+00 4.218421e+00 1.536842e+00 6.28162695e-08
7.179487e+00 4.218421e+00 1.742105e+00 5.82185109e-08
7.179487e+00 4.218421e+00 1.947368e+00 5.47144836e-08
7.179487e+00 4.218421e+00 2.152632e+00 5.12728811e-08
7.179487e+00 4.218421e+00 2.357895e+00 4.78278537e-08
7.179487e+00 4.218421e+00 2.563158e+00 4.44074679e-08
7.179487e+00 4.218421e+00 2.768421e+00 4.10484660e-08
7.179487e+00 4.218421e+00 2.973684e+00 3.77843605e-08
7.179487e+00 4.218421e+00 3.178947e+00 3.46436941e-08
7.179487e+00 4.218421e+00 3.384211e+00 3.16490691e-08
7.179487e+00 4.218421e+00 3.589474e+00 2.88170465e-08
7.179487e+00 4.218421e+00 3.794737e+00 2.61585207e-08
7.179487e+00 4.218421e+00 4.000000e+00 2.36796431e-08
7.179487e+00 4.478947e+00 1.000000e-01 1.39870036e+00
7.179487e+00 4.478947e+00 3.052632e-01 3.40935518e-03
7.179487e+00 4.478947e+00 5.105263e-01 1.14678318e-04
7.179487e+00 4.478947e+00 7.157895e-01 7.37611435e-06
7.179487e+00 4.478947e+00 9.210526e-01 6.07038885e-07
7.179487e+00 4.478947e+00 1.126316e+00 7.25971745e-08
7.179487e+00 4.478947e+00 1.331579e+00 2.48031427e-08
7.179487e+00 4.478947e+00 1.536842e+00 1.94510452e-08
7.179487e+00 4.478947e+00 1.742105e+00 1.80128410e-08
7.179487e+00 4.478947e+00 1.947368e+00 1.69273218e-08
7.179487e+00 4.478947e+00 2.152632e+00 1.58624758e-08
7.179487e+00 4.478947e+00 2.357895e+00 1.47966261e-08
7.179487e+00 4.478947e+00 2.563158e+00 1.37385063e-08
7.179487e+00 4.478947e+00 2.768421e+00 1.26993722e-08
7.179487e+00 4.478947e+00 2.973684e+00 1.16895764e-08
7.179487e+00 4.478947e+00 3.178947e+00 1.07179634e-08
7.179487e+00 4.478947e+00 3.384211e+00 9.79155512e-09
7.179487e+00 4.478947e+00 3.589474e+00 8.91540619e-09
7.179487e+00 4.478947e+00 3.794737e+00 8.09294409e-09
7.179487e+00 4.478947e+00 4.000000e+00 7.32604377e-09
7.179487e+00 4.739474e+00 1.000000e-01 4.20925140e-01
7.179487e+00 4.739474e+00 3.052632e-01 1.02566078e-03
7.179487e+00 4.739474e+00 5.105263e-01 3.44865148e-05
7.179487e+00 4.739474e+00 7.157895e-01 2.21755522e-06
7.179487e+00 4.739474e+00 9.210526e-01 1.82308256e-07
7.179487e+00 4.739474e+00 1.126316e+00 2.16432543e-08
7.179487e+00 4.739474e+00 1.331579e+00 7.28367233e-09
7.179487e+00 4.739474e+00 1.536842e+00 5.68334535e-09
7.179487e+00 4.739474e+00 1.742105e+00 5.25983879e-09
7.179487e+00 4.739474e+00 1.947368e+00 4.94255303e-09
7.179487e+00 4.739474e+00 2.152632e+00 4.63159555e-09
7.179487e+00 4.739474e+00 2.357895e+00 4.32038227e-09
7.179487e+00 4.739474e+00 2.563158e+00 4.01143740e-09
7.179487e+00 4.739474e+00 2.768421e+00 3.70803344e-09
7.179487e+00 4.739474e+00 2.973684e+00 3.41319750e-09
7.179487e+00 4.739474e+00 3.178947e+00 3.12950976e-09
7.179487e+00 4.739474e+00 3.384211e+00 2.85902035e-09
7.179487e+00 4.739474e+00 3.589474e+00 2.60320010e-09
7.179487e+00 4.739474e+00 3.794737e+00 2.36305775e-09
7.179487e+00 4.739474e+00 4.000000e+00 2.13913331e-09
7.179487e+00 5.000000e+00 1.000000e-01 1.18361704e-01
7.179487e+00 5.000000e+00 3.052632e-01 2.88338895e-04
7.179487e+00 5.000000e+00 5.105263e-01 9.69236862e-06
7.179487e+00 5.000000e+00 7.157895e-01 6.23115852e-07
7.179487e+00 5.000000e+00 9.210526e-01 5.11886959e-08
7.179487e+00 5.000000e+00 1.126316e+00 6.04504224e-09
7.179487e+00 5.000000e+00 1.331579e+00 2.01196326e-09
7.179487e+00 5.000000e+00 1.536842e+00 1.56402946e-09
7.179487e+00 5.000000e+00 1.742105e+00 1.44680856e-09
7.179487e+00 5.000000e+00 1.947368e+00 1.35946598e-09
7.179487e+00 5.000000e+00 2.152632e+00 1.27393063e-09
7.179487e+00 5.000000e+00 2.357895e+00 1.18833132e-09
7.179487e+00 5.000000e+00 2.563158e+00 1.10335696e-09
7.179487e+00 5.000000e+00 2.768421e+00 1.01990294e-09
7.179487e+00 5.000000e+00 2.973684e+00 9.38812139e-10
7.179487e+00 5.000000e+00 3.178947e+00 8.60786109e-10
7.179487e+00 5.000000e+00 3.384211e+00 7.86386456e-10
7.179487e+00 5.000000e+00 3.589474e+00 7.16023962e-10
7.179487e+00 5.000000e+00 3.794737e+00 6.49973519e-10
7.179487e+00 5.000000e+00 4.000000e+00 5.88382842e-10
7.435897e+00 5.000000e-02 1.000000e-01 3.21268086e+04
7.435897e+00 5.000000e-02 3.052632e-01 8.09109039e+01
7.435897e+00 5.000000e-02 5.105263e-01 2.96511197e+00
7.435897e+00 5.000000e-02 7.157895e-01 2.24511489e-01
7.435897e+00 5.000000e-02 9.210526e-01 3.56307104e-02
7.435897e+00 5.000000e-02 1.126316e+00 1.85287874e-02
7.435897e+00 5.000000e-02 1.331579e+00 1.61563102e-02
7.435897e+00 5.000000e-02 1.536842e+00 1.52426809e-02
7.435897e+00 5.000000e-02 1.742105e+00 1.44710252e-02
7.435897e+00 5.000000e-02 1.947368e+00 1.36921983e-02
7.435897e+00 5.000000e-02 2.152632e+00 1.28933098e-02
7.435897e+00 5.000000e-02 2.357895e+00 1.20822750e-02
7.435897e+00 5.000000e-02 2.563158e+00 1.12695275e-02
7.435897e+00 5.000000e-02 2.768421e+00 1.04654552e-02
7.435897e+00 5.000000e-02 2.973684e+00 9.67894588e-03
7.435897e+00 5.000000e-02 3.178947e+00 8.91740900e-03
7.435897e+00 5.000000e-02 3.384211e+00 8.18677153e-03
7.435897e+00 5.000000e-02 3.589474e+00 7.49155041e-03
7.435897e+00 5.000000e-02 3.794737e+00 6.83492236e-03
7.435897e+00 5.000000e-02 4.000000e+00 6.21878635e-03
7.435897e+00 3.105263e-01 1.000000e-01 3.06517832e+04
7.435897e+00 3.105263e-01 3.052632e-01 7.71300812e+01
7.435897e+00 3.105263e-01 5.105263e-01 2.81270266e+00
7.435897e+00 3.105263e-01 7.157895e-01 2.03782097e-01
7.435897e+00 3.105263e-01 9.210526e-01 2.48757210e-02
7.435897e+00 3.105263e-01 1.126316e+00 9.10411961e-03
7.435897e+00 3.105263e-01 1.331579e+00 7.22756237e-03
7.435897e+00 3.105263e-01 1.536842e+00 6.72209729e-03
7.435897e+00 3.105263e-01 1.742105e+00 6.36537140e-03
7.435897e+00 3.105263e-01 1.947368e+00 6.01914525e-03
7.435897e+00 3.105263e-01 2.152632e+00 5.66726597e-03
7.435897e+00 3.105263e-01 2.357895e+00 5.31083765e-03
7.435897e+00 3.105263e-01 2.563158e+00 4.95389802e-03
7.435897e+00 3.105263e-01 2.768421e+00 4.60079266e-03
7.435897e+00 3.105263e-01 2.973684e+00 4.25536977e-03
7.435897e+00 3.105263e-01 3.178947e+00 3.92084848e-03
7.435897e+00 3.105263e-01 3.384211e+00 3.59987700e-03
7.435897e+00 3.105263e-01 3.589474e+00 3.29438620e-03
7.435897e+00 3.105263e-01 3.794737e+00 3.00582754e-03
7.435897e+00 3.105263e-01 4.000000e+00 2.73502129e-03
7.435897e+00 5.710526e-01 1.000000e-01 2.73242754e+04
7.435897e+00 5.710526e-01 3.052632e-01 6.86628494e+01
7.435897e+00 5.710526e-01 5.105263e-01 2.49673057e+00
7.435897e+00 5.710526e-01 7.157895e-01 1.78039983e-01
7.435897e+00 5.710526e-01 9.210526e-01 1.94610991e-02
7.435897e+00 5.710526e-01 1.126316e+00 5.63264079e-03
7.435897e+00 5.710526e-01 1.331579e+00 4.08678269e-03
7.435897e+00 5.710526e-01 1.536842e+00 3.74586997e-03
7.435897e+00 5.710526e-01 1.742105e+00 3.53810191e-03
7.435897e+00 5.710526e-01 1.947368e+00 3.34372232e-03
7.435897e+00 5.710526e-01 2.152632e+00 3.14784376e-03
7.435897e+00 5.710526e-01 2.357895e+00 2.94985599e-03
7.435897e+00 5.710526e-01 2.563158e+00 2.75171548e-03
7.435897e+00 5.710526e-01 2.768421e+00 2.55570537e-03
7.435897e+00 5.710526e-01 2.973684e+00 2.36394117e-03
7.435897e+00 5.710526e-01 3.178947e+00 2.17823777e-03
7.435897e+00 5.710526e-01 3.384211e+00 2.00002501e-03
7.435897e+00 5.710526e-01 3.589474e+00 1.83039356e-03
7.435897e+00 5.710526e-01 3.794737e+00 1.67013658e-03
7.435897e+00 5.710526e-01 4.000000e+00 1.51973101e-03
7.435897e+00 8.315790e-01 1.000000e-01 2.27587383e+04
7.435897e+00 8.315790e-01 3.052632e-01 5.70802116e+01
7.435897e+00 8.315790e-01 5.105263e-01 2.06962276e+00
7.435897e+00 8.315790e-01 7.157895e-01 1.46220133e-01
7.435897e+00 8.315790e-01 9.210526e-01 1.49820615e-02
7.435897e+00 8.315790e-01 1.126316e+00 3.61852767e-03
7.435897e+00 8.315790e-01 1.331579e+00 2.39506131e-03
7.435897e+00 8.315790e-01 1.536842e+00 2.16044346e-03
7.435897e+00 8.315790e-01 1.742105e+00 2.03520665e-03
7.435897e+00 8.315790e-01 1.947368e+00 1.92228274e-03
7.435897e+00 8.315790e-01 2.152632e+00 1.80941250e-03
7.435897e+00 8.315790e-01 2.357895e+00 1.69558777e-03
7.435897e+00 8.315790e-01 2.563158e+00 1.58173300e-03
7.435897e+00 8.315790e-01 2.768421e+00 1.46912131e-03
7.435897e+00 8.315790e-01 2.973684e+00 1.35894865e-03
7.435897e+00 8.315790e-01 3.178947e+00 1.25224085e-03
7.435897e+00 8.315790e-01 3.384211e+00 1.14982994e-03
7.435897e+00 8.315790e-01 3.589474e+00 1.05235109e-03
7.435897e+00 8.315790e-01 3.794737e+00 9.60248290e-04
7.435897e+00 8.315790e-01 4.000000e+00 8.73799610e-04
7.435897e+00 1.092105e+00 1.000000e-01 1.77116152e+04
7.435897e+00 1.092105e+00 3.052632e-01 4.43166466e+01
7.435897e+00 1.092105e+00 5.105263e-01 1.60191810e+00
7.435897e+00 1.092105e+00 7.157895e-01 1.12441964e-01
7.435897e+00 1.092105e+00 9.210526e-01 1.10410508e-02
7.435897e+00 1.092105e+00 1.126316e+00 2.30774446e-03
7.435897e+00 1.092105e+00 1.331579e+00 1.39144622e-03
7.435897e+00 1.092105e+00 1.536842e+00 1.23322755e-03
7.435897e+00 1.092105e+00 1.742105e+00 1.15846365e-03
7.435897e+00 1.092105e+00 1.947368e+00 1.09354837e-03
7.435897e+00 1.092105e+00 2.152632e+00 1.02918746e-03
7.435897e+00 1.092105e+00 2.357895e+00 9.64416598e-04
7.435897e+00 1.092105e+00 2.563158e+00 8.99675302e-04
7.435897e+00 1.092105e+00 2.768421e+00 8.35647807e-04
7.435897e+00 1.092105e+00 2.973684e+00 7.73003907e-04
7.435897e+00 1.092105e+00 3.178947e+00 7.12333655e-04
7.435897e+00 1.092105e+00 3.384211e+00 6.54100091e-04
7.435897e+00 1.092105e+00 3.589474e+00 5.98664803e-04
7.435897e+00 1.092105e+00 3.794737e+00 5.46284486e-04
7.435897e+00 1.092105e+00 4.000000e+00 4.97118803e-04
7.435897e+00 1.352632e+00 1.000000e-01 1.28790156e+04
7.435897e+00 1.352632e+00 3.052632e-01 3.21390190e+01
7.435897e+00 1.352632e+00 5.105263e-01 1.15797055e+00
7.435897e+00 1.352632e+00 7.157895e-01 8.08720216e-02
7.435897e+00 1.352632e+00 9.210526e-01 7.70784682e-03
7.435897e+00 1.352632e+00 1.126316e+00 1.43349310e-03
7.435897e+00 1.352632e+00 1.331579e+00 7.87530269e-04
7.435897e+00 1.352632e+00 1.536842e+00 6.84702536e-04
7.435897e+00 1.352632e+00 1.742105e+00 6.41261751e-04
7.435897e+00 1.352632e+00 1.947368e+00 6.04967878e-04
7.435897e+00 1.352632e+00 2.152632e+00 5.69276977e-04
7.435897e+00 1.352632e+00 2.357895e+00 5.33436309e-04
7.435897e+00 1.352632e+00 2.563158e+00 4.97632078e-04
7.435897e+00 1.352632e+00 2.768421e+00 4.62226308e-04
7.435897e+00 1.352632e+00 2.973684e+00 4.27589053e-04
7.435897e+00 1.352632e+00 3.178947e+00 3.94038885e-04
7.435897e+00 1.352632e+00 3.384211e+00 3.61835730e-04
7.435897e+00 1.352632e+00 3.589474e+00 3.31178744e-04
7.435897e+00 1.352632e+00 3.794737e+00 3.02209082e-04
7.435897e+00 1.352632e+00 4.000000e+00 2.75015627e-04
7.435897e+00 1.613158e+00 1.000000e-01 8.75034961e+03
7.435897e+00 1.613158e+00 3.052632e-01 2.17745628e+01
7.435897e+00 1.613158e+00 5.105263e-01 7.81937420e-01
7.435897e+00 1.613158e+00 7.157895e-01 5.43853827e-02
7.435897e+00 1.613158e+00 9.210526e-01 5.07185003e-03
7.435897e+00 1.613158e+00 1.126316e+00 8.57964274e-04
7.435897e+00 1.613158e+00 1.331579e+00 4.30341315e-04
7.435897e+00 1.613158e+00 1.536842e+00 3.66501714e-04
7.435897e+00 1.613158e+00 1.742105e+00 3.42158077e-04
7.435897e+00 1.613158e+00 1.947368e+00 3.22596519e-04
7.435897e+00 1.613158e+00 2.152632e+00 3.03519948e-04
7.435897e+00 1.613158e+00 2.357895e+00 2.84401729e-04
7.435897e+00 1.613158e+00 2.563158e+00 2.65314506e-04
7.435897e+00 1.613158e+00 2.768421e+00 2.46443058e-04
7.435897e+00 1.613158e+00 2.973684e+00 2.27979544e-04
7.435897e+00 1.613158e+00 3.178947e+00 2.10096638e-04
7.435897e+00 1.613158e+00 3.384211e+00 1.92930573e-04
7.435897e+00 1.613158e+00 3.589474e+00 1.76587739e-04
7.435897e+00 1.613158e+00 3.794737e+00 1.61144329e-04
7.435897e+00 1.613158e+00 4.000000e+00 1.46647042e-04
7.435897e+00 1.873684e+00 1.000000e-01 5.55507910e+03
7.435897e+00 1.873684e+00 3.052632e-01 1.37841101e+01
7.435897e+00 1.873684e+00 5.105263e-01 4.93372113e-01
7.435897e+00 1.873684e+00 7.157895e-01 3.41957398e-02
7.435897e+00 1.873684e+00 9.210526e-01 3.13727884e-03
7.435897e+00 1.873684e+00 1.126316e+00 4.91334533e-04
7.435897e+00 1.873684e+00 1.331579e+00 2.25828160e-04
7.435897e+00 1.873684e+00 1.536842e+00 1.88170554e-04
7.435897e+00 1.873684e+00 1.742105e+00 1.75083856e-04
7.435897e+00 1.873684e+00 1.947368e+00 1.64972938e-04
7.435897e+00 1.873684e+00 2.152632e+00 1.55195099e-04
7.435897e+00 1.873684e+00 2.357895e+00 1.45414582e-04
7.435897e+00 1.873684e+00 2.563158e+00 1.35655326e-04
7.435897e+00 1.873684e+00 2.768421e+00 1.26008119e-04
7.435897e+00 1.873684e+00 2.973684e+00 1.16570329e-04
7.435897e+00 1.873684e+00 3.178947e+00 1.07427979e-04
7.435897e+00 1.873684e+00 3.384211e+00 9.86523737e-05
7.435897e+00 1.873684e+00 3.589474e+00 9.02973115e-05
7.435897e+00 1.873684e+00 3.794737e+00 8.24017989e-05
7.435897e+00 1.873684e+00 4.000000e+00 7.49897081e-05
7.435897e+00 2.134211e+00 1.000000e-01 3.29518677e+03
7.435897e+00 2.134211e+00 3.052632e-01 8.15404797e+00
7.435897e+00 2.134211e+00 5.105263e-01 2.90938884e-01
7.435897e+00 2.134211e+00 7.157895e-01 2.01050360e-02
7.435897e+00 2.134211e+00 9.210526e-01 1.82151818e-03
7.435897e+00 2.134211e+00 1.126316e+00 2.67923460e-04
7.435897e+00 2.134211e+00 1.331579e+00 1.13409405e-04
7.435897e+00 2.134211e+00 1.536842e+00 9.23790576e-05
7.435897e+00 2.134211e+00 1.742105e+00 8.56547194e-05
7.435897e+00 2.134211e+00 1.947368e+00 8.06585958e-05
7.435897e+00 2.134211e+00 2.152632e+00 7.58668757e-05
7.435897e+00 2.134211e+00 2.357895e+00 7.10835156e-05
7.435897e+00 2.134211e+00 2.563158e+00 6.63126702e-05
7.435897e+00 2.134211e+00 2.768421e+00 6.15976387e-05
7.435897e+00 2.134211e+00 2.973684e+00 5.69849362e-05
7.435897e+00 2.134211e+00 3.178947e+00 5.25165669e-05
7.435897e+00 2.134211e+00 3.384211e+00 4.82274736e-05
7.435897e+00 2.134211e+00 3.589474e+00 4.41437369e-05
7.435897e+00 2.134211e+00 3.794737e+00 4.02842743e-05
7.435897e+00 2.134211e+00 4.000000e+00 3.66612476e-05
7.435897e+00 2.394737e+00 1.000000e-01 1.82640771e+03
7.435897e+00 2.394737e+00 3.052632e-01 4.50789404e+00
7.435897e+00 2.394737e+00 5.105263e-01 1.60372898e-01
7.435897e+00 2.394737e+00 7.157895e-01 1.10541154e-02
7.435897e+00 2.394737e+00 9.210526e-01 9.91766807e-04
7.435897e+00 2.394737e+00 1.126316e+00 1.38621719e-04
7.435897e+00 2.394737e+00 1.331579e+00 5.43725910e-05
7.435897e+00 2.394737e+00 1.536842e+00 4.32803135e-05
7.435897e+00 2.394737e+00 1.742105e+00 3.99864875e-05
7.435897e+00 2.394737e+00 1.947368e+00 3.76309399e-05
7.435897e+00 2.394737e+00 2.152632e+00 3.53905125e-05
7.435897e+00 2.394737e+00 2.357895e+00 3.31580013e-05
7.435897e+00 2.394737e+00 2.563158e+00 3.09326097e-05
7.435897e+00 2.394737e+00 2.768421e+00 2.87334315e-05
7.435897e+00 2.394737e+00 2.973684e+00 2.65820836e-05
7.435897e+00 2.394737e+00 3.178947e+00 2.44980984e-05
7.435897e+00 2.394737e+00 3.384211e+00 2.24976320e-05
7.435897e+00 2.394737e+00 3.589474e+00 2.05928227e-05
7.435897e+00 2.394737e+00 3.794737e+00 1.87926671e-05
7.435897e+00 2.394737e+00 4.000000e+00 1.71026968e-05
7.435897e+00 2.655263e+00 1.000000e-01 9.45897888e+02
7.435897e+00 2.655263e+00 3.052632e-01 2.32920742e+00
7.435897e+00 2.655263e+00 5.105263e-01 8.26451406e-02
7.435897e+00 2.655263e+00 7.157895e-01 5.68412710e-03
7.435897e+00 2.655263e+00 9.210526e-01 5.06079872e-04
7.435897e+00 2.655263e+00 1.126316e+00 6.78696524e-05
7.435897e+00 2.655263e+00 1.331579e+00 2.48417746e-05
7.435897e+00 2.655263e+00 1.536842e+00 1.93262713e-05
7.435897e+00 2.655263e+00 1.742105e+00 1.77913316e-05
7.435897e+00 2.655263e+00 1.947368e+00 1.67331345e-05
7.435897e+00 2.655263e+00 2.152632e+00 1.57347513e-05
7.435897e+00 2.655263e+00 2.357895e+00 1.47416840e-05
7.435897e+00 2.655263e+00 2.563158e+00 1.37522629e-05
7.435897e+00 2.655263e+00 2.768421e+00 1.27746334e-05
7.435897e+00 2.655263e+00 2.973684e+00 1.18182897e-05
7.435897e+00 2.655263e+00 3.178947e+00 1.08919085e-05
7.435897e+00 2.655263e+00 3.384211e+00 1.00026127e-05
7.435897e+00 2.655263e+00 3.589474e+00 9.15584587e-06
7.435897e+00 2.655263e+00 3.794737e+00 8.35555511e-06
7.435897e+00 2.655263e+00 4.000000e+00 7.60423518e-06
7.435897e+00 2.915789e+00 1.000000e-01 4.57742706e+02
7.435897e+00 2.915789e+00 3.052632e-01 1.12485075e+00
7.435897e+00 2.915789e+00 5.105263e-01 3.98194157e-02
7.435897e+00 2.915789e+00 7.157895e-01 2.73365295e-03
7.435897e+00 2.915789e+00 9.210526e-01 2.41922040e-04
7.435897e+00 2.915789e+00 1.126316e+00 3.13786186e-05
7.435897e+00 2.915789e+00 1.331579e+00 1.07994747e-05
7.435897e+00 2.915789e+00 1.536842e+00 8.21773028e-06
7.435897e+00 2.915789e+00 1.742105e+00 7.53834775e-06
7.435897e+00 2.915789e+00 1.947368e+00 7.08584184e-06
7.435897e+00 2.915789e+00 2.152632e+00 6.66220240e-06
7.435897e+00 2.915789e+00 2.357895e+00 6.24153972e-06
7.435897e+00 2.915789e+00 2.563158e+00 5.82260282e-06
7.435897e+00 2.915789e+00 2.768421e+00 5.40871497e-06
7.435897e+00 2.915789e+00 2.973684e+00 5.00385158e-06
7.435897e+00 2.915789e+00 3.178947e+00 4.61166292e-06
7.435897e+00 2.915789e+00 3.384211e+00 4.23518213e-06
7.435897e+00 2.915789e+00 3.589474e+00 3.87669570e-06
7.435897e+00 2.915789e+00 3.794737e+00 3.53787846e-06
7.435897e+00 2.915789e+00 4.000000e+00 3.21978700e-06
7.435897e+00 3.176316e+00 1.000000e-01 2.06980087e+02
7.435897e+00 3.176316e+00 3.052632e-01 5.07738173e-01
7.435897e+00 3.176316e+00 5.105263e-01 1.79380774e-02
7.435897e+00 3.176316e+00 7.157895e-01 1.22959353e-03
7.435897e+00 3.176316e+00 9.210526e-01 1.08300388e-04
7.435897e+00 3.176316e+00 1.126316e+00 1.36763865e-05
7.435897e+00 3.176316e+00 1.331579e+00 4.46111744e-06
7.435897e+00 3.176316e+00 1.536842e+00 3.32471336e-06
7.435897e+00 3.176316e+00 1.742105e+00 3.03956199e-06
7.435897e+00 3.176316e+00 1.947368e+00 2.85552119e-06
7.435897e+00 3.176316e+00 2.152632e+00 2.68448321e-06
7.435897e+00 3.176316e+00 2.357895e+00 2.51490223e-06
7.435897e+00 3.176316e+00 2.563158e+00 2.34608933e-06
7.435897e+00 3.176316e+00 2.768421e+00 2.17933621e-06
7.435897e+00 3.176316e+00 2.973684e+00 2.01622584e-06
7.435897e+00 3.176316e+00 3.178947e+00 1.85821614e-06
7.435897e+00 3.176316e+00 3.384211e+00 1.70652936e-06
7.435897e+00 3.176316e+00 3.589474e+00 1.56209421e-06
7.435897e+00 3.176316e+00 3.794737e+00 1.42558235e-06
7.435897e+00 3.176316e+00 4.000000e+00 1.29741920e-06
7.435897e+00 3.436842e+00 1.000000e-01 8.74513092e+01
7.435897e+00 3.436842e+00 3.052632e-01 2.14210838e-01
7.435897e+00 3.436842e+00 5.105263e-01 7.55538745e-03
7.435897e+00 3.436842e+00 7.157895e-01 5.17250213e-04
7.435897e+00 3.436842e+00 9.210526e-01 4.53894354e-05
7.435897e+00 3.436842e+00 1.126316e+00 5.61142906e-06
7.435897e+00 3.436842e+00 1.331579e+00 1.74863351e-06
7.435897e+00 3.436842e+00 1.536842e+00 1.27873341e-06
7.435897e+00 3.436842e+00 1.742105e+00 1.16540048e-06
7.435897e+00 3.436842e+00 1.947368e+00 1.09427901e-06
7.435897e+00 3.436842e+00 2.152632e+00 1.02862191e-06
7.435897e+00 3.436842e+00 2.357895e+00 9.63614980e-07
7.435897e+00 3.436842e+00 2.563158e+00 8.98930466e-07
7.435897e+00 3.436842e+00 2.768421e+00 8.35040453e-07
7.435897e+00 3.436842e+00 2.973684e+00 7.72547594e-07
7.435897e+00 3.436842e+00 3.178947e+00 7.12010149e-07
7.435897e+00 3.436842e+00 3.384211e+00 6.53893380e-07
7.435897e+00 3.436842e+00 3.589474e+00 5.98555630e-07
7.435897e+00 3.436842e+00 3.794737e+00 5.46251499e-07
7.435897e+00 3.436842e+00 4.000000e+00 4.97145152e-07
7.435897e+00 3.697368e+00 1.000000e-01 3.45250511e+01
7.435897e+00 3.697368e+00 3.052632e-01 8.44680294e-02
7.435897e+00 3.697368e+00 5.105263e-01 2.97523127e-03
7.435897e+00 3.697368e+00 7.157895e-01 2.03484131e-04
7.435897e+00 3.697368e+00 9.210526e-01 1.78046030e-05
7.435897e+00 3.697368e+00 1.126316e+00 2.16478429e-06
7.435897e+00 3.697368e+00 1.331579e+00 6.49431911e-07
7.435897e+00 3.697368e+00 1.536842e+00 4.67045993e-07
7.435897e+00 3.697368e+00 1.742105e+00 4.24458392e-07
7.435897e+00 3.697368e+00 1.947368e+00 3.98373999e-07
7.435897e+00 3.697368e+00 2.152632e+00 3.74435075e-07
7.435897e+00 3.697368e+00 2.357895e+00 3.50762775e-07
7.435897e+00 3.697368e+00 2.563158e+00 3.27215986e-07
7.435897e+00 3.697368e+00 2.768421e+00 3.03960604e-07
7.435897e+00 3.697368e+00 2.973684e+00 2.81214909e-07
7.435897e+00 3.697368e+00 3.178947e+00 2.59180467e-07
7.435897e+00 3.697368e+00 3.384211e+00 2.38027212e-07
7.435897e+00 3.697368e+00 3.589474e+00 2.17884562e-07
7.435897e+00 3.697368e+00 3.794737e+00 1.98846124e-07
7.435897e+00 3.697368e+00 4.000000e+00 1.80971611e-07
7.435897e+00 3.957895e+00 1.000000e-01 1.27359486e+01
7.435897e+00 3.957895e+00 3.052632e-01 3.11299618e-02
7.435897e+00 3.957895e+00 5.105263e-01 1.09532080e-03
7.435897e+00 3.957895e+00 7.157895e-01 7.48532620e-05
7.435897e+00 3.957895e+00 9.210526e-01 6.53509187e-06
7.435897e+00 3.957895e+00 1.126316e+00 7.84394445e-07
7.435897e+00 3.957895e+00 1.331579e+00 2.28171587e-07
7.435897e+00 3.957895e+00 1.536842e+00 1.61774480e-07
7.435897e+00 3.957895e+00 1.742105e+00 1.46667162e-07
7.435897e+00 3.957895e+00 1.947368e+00 1.37599741e-07
7.435897e+00 3.957895e+00 2.152632e+00 1.29320341e-07
7.435897e+00 3.957895e+00 2.357895e+00 1.21142222e-07
7.435897e+00 3.957895e+00 2.563158e+00 1.13009484e-07
7.435897e+00 3.957895e+00 2.768421e+00 1.04978284e-07
7.435897e+00 3.957895e+00 2.973684e+00 9.71229852e-08
7.435897e+00 3.957895e+00 3.178947e+00 8.95135059e-08
7.435897e+00 3.957895e+00 3.384211e+00 8.22082384e-08
7.435897e+00 3.957895e+00 3.589474e+00 7.52519185e-08
7.435897e+00 3.957895e+00 3.794737e+00 6.86768473e-08
7.435897e+00 3.957895e+00 4.000000e+00 6.25037941e-08
7.435897e+00 4.218421e+00 1.000000e-01 4.38992214e+00
7.435897e+00 4.218421e+00 3.052632e-01 1.07222702e-02
7.435897e+00 4.218421e+00 5.105263e-01 3.76954296e-04
7.435897e+00 4.218421e+00 7.157895e-01 2.57451593e-05
7.435897e+00 4.218421e+00 9.210526e-01 2.24393443e-06
7.435897e+00 4.218421e+00 1.126316e+00 2.66704603e-07
7.435897e+00 4.218421e+00 1.331579e+00 7.57129044e-08
7.435897e+00 4.218421e+00 1.536842e+00 5.30566311e-08
7.435897e+00 4.218421e+00 1.742105e+00 4.80046189e-08
7.435897e+00 4.218421e+00 1.947368e+00 4.50221158e-08
7.435897e+00 4.218421e+00 2.152632e+00 4.23102193e-08
7.435897e+00 4.218421e+00 2.357895e+00 3.96339708e-08
7.435897e+00 4.218421e+00 2.563158e+00 3.69730380e-08
7.435897e+00 4.218421e+00 2.768421e+00 3.43455575e-08
7.435897e+00 4.218421e+00 2.973684e+00 3.17757127e-08
7.435897e+00 4.218421e+00 3.178947e+00 2.92862552e-08
7.435897e+00 4.218421e+00 3.384211e+00 2.68962985e-08
7.435897e+00 4.218421e+00 3.589474e+00 2.46205136e-08
7.435897e+00 4.218421e+00 3.794737e+00 2.24694432e-08
7.435897e+00 4.218421e+00 4.000000e+00 2.04498054e-08
7.435897e+00 4.478947e+00 1.000000e-01 1.41387153e+00
7.435897e+00 4.478947e+00 3.052632e-01 3.45143559e-03
7.435897e+00 4.478947e+00 5.105263e-01 1.21263191e-04
7.435897e+00 4.478947e+00 7.157895e-01 8.27825625e-06
7.435897e+00 4.478947e+00 9.210526e-01 7.20631419e-07
7.435897e+00 4.478947e+00 1.126316e+00 8.50250075e-08
7.435897e+00 4.478947e+00 1.331579e+00 2.36883650e-08
7.435897e+00 4.478947e+00 1.536842e+00 1.64463358e-08
7.435897e+00 4.478947e+00 1.742105e+00 1.48561252e-08
7.435897e+00 4.478947e+00 1.947368e+00 1.39295206e-08
7.435897e+00 4.478947e+00 2.152632e+00 1.30897577e-08
7.435897e+00 4.478947e+00 2.357895e+00 1.22615784e-08
7.435897e+00 4.478947e+00 2.563158e+00 1.14383614e-08
7.435897e+00 4.478947e+00 2.768421e+00 1.06255316e-08
7.435897e+00 4.478947e+00 2.973684e+00 9.83052750e-09
7.435897e+00 4.478947e+00 3.178947e+00 9.06038977e-09
7.435897e+00 4.478947e+00 3.384211e+00 8.32104075e-09
7.435897e+00 4.478947e+00 3.589474e+00 7.61696484e-09
7.435897e+00 4.478947e+00 3.794737e+00 6.95150515e-09
7.435897e+00 4.478947e+00 4.000000e+00 6.32670050e-09
7.435897e+00 4.739474e+00 1.000000e-01 4.25489485e-01
7.435897e+00 4.739474e+00 3.052632e-01 1.03824958e-03
7.435897e+00 4.739474e+00 5.105263e-01 3.64611005e-05
7.435897e+00 4.739474e+00 7.157895e-01 2.48825199e-06
7.435897e+00 4.739474e+00 9.210526e-01 2.16408736e-07
7.435897e+00 4.739474e+00 1.126316e+00 2.53963144e-08
7.435897e+00 4.739474e+00 1.331579e+00 6.97670988e-09
7.435897e+00 4.739474e+00 1.536842e+00 4.80931606e-09
7.435897e+00 4.739474e+00 1.742105e+00 4.33885106e-09
7.435897e+00 4.739474e+00 1.947368e+00 4.06739176e-09
7.435897e+00 4.739474e+00 2.152632e+00 3.82202403e-09
7.435897e+00 4.739474e+00 2.357895e+00 3.58017416e-09
7.435897e+00 4.739474e+00 2.563158e+00 3.33980155e-09
7.435897e+00 4.739474e+00 2.768421e+00 3.10247295e-09
7.435897e+00 4.739474e+00 2.973684e+00 2.87035240e-09
7.435897e+00 4.739474e+00 3.178947e+00 2.64549027e-09
7.435897e+00 4.739474e+00 3.384211e+00 2.42961384e-09
7.435897e+00 4.739474e+00 3.589474e+00 2.22405139e-09
7.435897e+00 4.739474e+00 3.794737e+00 2.02975148e-09
7.435897e+00 4.739474e+00 4.000000e+00 1.84731863e-09
7.435897e+00 5.000000e+00 1.000000e-01 1.19644932e-01
7.435897e+00 5.000000e+00 3.052632e-01 2.91863456e-04
7.435897e+00 5.000000e+00 5.105263e-01 1.02461936e-05
7.435897e+00 5.000000e+00 7.157895e-01 6.99073382e-07
7.435897e+00 5.000000e+00 9.210526e-01 6.07604065e-08
7.435897e+00 5.000000e+00 1.126316e+00 7.10296666e-09
7.435897e+00 5.000000e+00 1.331579e+00 1.93134042e-09
7.435897e+00 5.000000e+00 1.536842e+00 1.32430944e-09
7.435897e+00 5.000000e+00 1.742105e+00 1.19363563e-09
7.435897e+00 5.000000e+00 1.947368e+00 1.11879161e-09
7.435897e+00 5.000000e+00 2.152632e+00 1.05126274e-09
7.435897e+00 5.000000e+00 2.357895e+00 9.84731519e-10
7.435897e+00 5.000000e+00 2.563158e+00 9.18616294e-10
7.435897e+00 5.000000e+00 2.768421e+00 8.53338400e-10
7.435897e+00 5.000000e+00 2.973684e+00 7.89495136e-10
7.435897e+00 5.000000e+00 3.178947e+00 7.27649108e-10
7.435897e+00 5.000000e+00 3.384211e+00 6.68272770e-10
7.435897e+00 5.000000e+00 3.589474e+00 6.11734052e-10
7.435897e+00 5.000000e+00 3.794737e+00 5.58291302e-10
7.435897e+00 5.000000e+00 4.000000e+00 5.08113884e-10
7.692307e+00 5.000000e-02 1.000000e-01 3.18937500e+04
7.692307e+00 5.000000e-02 3.052632e-01 7.97851562e+01
7.692307e+00 5.000000e-02 5.105263e-01 3.07529664e+00
7.692307e+00 5.000000e-02 7.157895e-01 2.40613997e-01
7.692307e+00 5.000000e-02 9.210526e-01 3.46974544e-02
7.692307e+00 5.000000e-02 1.126316e+00 1.55386906e-02
7.692307e+00 5.000000e-02 1.331579e+00 1.31636979e-02
7.692307e+00 5.000000e-02 1.536842e+00 1.24602141e-02
7.692307e+00 5.000000e-02 1.742105e+00 1.18953083e-02
7.692307e+00 5.000000e-02 1.947368e+00 1.13097643e-02
7.692307e+00 5.000000e-02 2.152632e+00 1.06971795e-02
7.692307e+00 5.000000e-02 2.357895e+00 1.00678615e-02
7.692307e+00 5.000000e-02 2.563158e+00 9.43221990e-03
7.692307e+00 5.000000e-02 2.768421e+00 8.79904162e-03
7.692307e+00 5.000000e-02 2.973684e+00 8.17585085e-03
7.692307e+00 5.000000e-02 3.178947e+00 7.56876031e-03
7.692307e+00 5.000000e-02 3.384211e+00 6.98258635e-03
7.692307e+00 5.000000e-02 3.589474e+00 6.42134668e-03
7.692307e+00 5.000000e-02 3.794737e+00 5.88784693e-03
7.692307e+00 5.000000e-02 4.000000e+00 5.38394181e-03
7.692307e+00 3.105263e-01 1.000000e-01 3.04293164e+04
7.692307e+00 3.105263e-01 3.052632e-01 7.60564270e+01
7.692307e+00 3.105263e-01 5.105263e-01 2.92148876e+00
7.692307e+00 3.105263e-01 7.157895e-01 2.21897602e-01
7.692307e+00 3.105263e-01 9.210526e-01 2.60846801e-02
7.692307e+00 3.105263e-01 1.126316e+00 8.00342951e-03
7.692307e+00 3.105263e-01 1.331579e+00 5.92955435e-03
7.692307e+00 3.105263e-01 1.536842e+00 5.49420062e-03
7.692307e+00 3.105263e-01 1.742105e+00 5.22869267e-03
7.692307e+00 3.105263e-01 1.947368e+00 4.96932724e-03
7.692307e+00 3.105263e-01 2.152632e+00 4.70038364e-03
7.692307e+00 3.105263e-01 2.357895e+00 4.42433823e-03
7.692307e+00 3.105263e-01 2.563158e+00 4.14542528e-03
7.692307e+00 3.105263e-01 2.768421e+00 3.86749906e-03
7.692307e+00 3.105263e-01 2.973684e+00 3.59387160e-03
7.692307e+00 3.105263e-01 3.178947e+00 3.32723930e-03
7.692307e+00 3.105263e-01 3.384211e+00 3.06978915e-03
7.692307e+00 3.105263e-01 3.589474e+00 2.82320636e-03
7.692307e+00 3.105263e-01 3.794737e+00 2.58877780e-03
7.692307e+00 3.105263e-01 4.000000e+00 2.36736913e-03
7.692307e+00 5.710526e-01 1.000000e-01 2.71257051e+04
7.692307e+00 5.710526e-01 3.052632e-01 6.76904984e+01
7.692307e+00 5.710526e-01 5.105263e-01 2.59307861e+00
7.692307e+00 5.710526e-01 7.157895e-01 1.94785565e-01
7.692307e+00 5.710526e-01 9.210526e-01 2.11277083e-02
7.692307e+00 5.710526e-01 1.126316e+00 5.15933987e-03
7.692307e+00 5.710526e-01 1.331579e+00 3.38081946e-03
7.692307e+00 5.710526e-01 1.536842e+00 3.06302588e-03
7.692307e+00 5.710526e-01 1.742105e+00 2.90501025e-03
7.692307e+00 5.710526e-01 1.947368e+00 2.75951088e-03
7.692307e+00 5.710526e-01 2.152632e+00 2.61014723e-03
7.692307e+00 5.710526e-01 2.357895e+00 2.45701033e-03
7.692307e+00 5.710526e-01 2.563158e+00 2.30229017e-03
7.692307e+00 5.710526e-01 2.768421e+00 2.14806688e-03
7.692307e+00 5.710526e-01 2.973684e+00 1.99620891e-03
7.692307e+00 5.710526e-01 3.178947e+00 1.84820220e-03
7.692307e+00 5.710526e-01 3.384211e+00 1.70527841e-03
7.692307e+00 5.710526e-01 3.589474e+00 1.56837306e-03
7.692307e+00 5.710526e-01 3.794737e+00 1.43820012e-03
7.692307e+00 5.710526e-01 4.000000e+00 1.31525134e-03
7.692307e+00 8.315790e-01 1.000000e-01 2.25930410e+04
7.692307e+00 8.315790e-01 3.052632e-01 5.62503242e+01
7.692307e+00 8.315790e-01 5.105263e-01 2.14812779e+00
7.692307e+00 8.315790e-01 7.157895e-01 1.60241470e-01
7.692307e+00 8.315790e-01 9.210526e-01 1.66013613e-02
7.692307e+00 8.315790e-01 1.126316e+00 3.44091188e-03
7.692307e+00 8.315790e-01 1.331579e+00 2.00102176e-03
7.692307e+00 8.315790e-01 1.536842e+00 1.76833593e-03
7.692307e+00 8.315790e-01 1.742105e+00 1.67061202e-03
7.692307e+00 8.315790e-01 1.947368e+00 1.58595806e-03
7.692307e+00 8.315790e-01 2.152632e+00 1.50002190e-03
7.692307e+00 8.315790e-01 2.357895e+00 1.41208339e-03
7.692307e+00 8.315790e-01 2.563158e+00 1.32322789e-03
7.692307e+00 8.315790e-01 2.768421e+00 1.23465841e-03
7.692307e+00 8.315790e-01 2.973684e+00 1.14742003e-03
7.692307e+00 8.315790e-01 3.178947e+00 1.06239191e-03
7.692307e+00 8.315790e-01 3.384211e+00 9.80272773e-04
7.692307e+00 8.315790e-01 3.589474e+00 9.01607156e-04
7.692307e+00 8.315790e-01 3.794737e+00 8.26802687e-04
7.692307e+00 8.315790e-01 4.000000e+00 7.56143825e-04
7.692307e+00 1.092105e+00 1.000000e-01 1.75823848e+04
7.692307e+00 1.092105e+00 3.052632e-01 4.36517754e+01
7.692307e+00 1.092105e+00 5.105263e-01 1.66112411e+00
7.692307e+00 1.092105e+00 7.157895e-01 1.23254374e-01
7.692307e+00 1.092105e+00 9.210526e-01 1.23923402e-02
7.692307e+00 1.092105e+00 1.126316e+00 2.26920075e-03
7.692307e+00 1.092105e+00 1.331579e+00 1.17567088e-03
7.692307e+00 1.092105e+00 1.536842e+00 1.01085019e-03
7.692307e+00 1.092105e+00 1.742105e+00 9.50831687e-04
7.692307e+00 1.092105e+00 1.947368e+00 9.02012689e-04
7.692307e+00 1.092105e+00 2.152632e+00 8.53058882e-04
7.692307e+00 1.092105e+00 2.357895e+00 8.03066941e-04
7.692307e+00 1.092105e+00 2.563158e+00 7.52565276e-04
7.692307e+00 1.092105e+00 2.768421e+00 7.02219491e-04
7.692307e+00 1.092105e+00 2.973684e+00 6.52629067e-04
7.692307e+00 1.092105e+00 3.178947e+00 6.04285626e-04
7.692307e+00 1.092105e+00 3.384211e+00 5.57591731e-04
7.692307e+00 1.092105e+00 3.589474e+00 5.12860657e-04
7.692307e+00 1.092105e+00 3.794737e+00 4.70322877e-04
7.692307e+00 1.092105e+00 4.000000e+00 4.30139597e-04
7.692307e+00 1.352632e+00 1.000000e-01 1.27848232e+04
7.692307e+00 1.352632e+00 3.052632e-01 3.16403637e+01
7.692307e+00 1.352632e+00 5.105263e-01 1.19944394e+00
7.692307e+00 1.352632e+00 7.157895e-01 8.86010081e-02
7.692307e+00 1.352632e+00 9.210526e-01 8.72226525e-03
7.692307e+00 1.352632e+00 1.126316e+00 1.45133934e-03
7.692307e+00 1.352632e+00 1.331579e+00 6.73633942e-04
7.692307e+00 1.352632e+00 1.536842e+00 5.62254805e-04
7.692307e+00 1.352632e+00 1.742105e+00 5.26340562e-04
7.692307e+00 1.352632e+00 1.947368e+00 4.98921145e-04
7.692307e+00 1.352632e+00 2.152632e+00 4.71787062e-04
7.692307e+00 1.352632e+00 2.357895e+00 4.44142875e-04
7.692307e+00 1.352632e+00 2.563158e+00 4.16225579e-04
7.692307e+00 1.352632e+00 2.768421e+00 3.88395041e-04
7.692307e+00 1.352632e+00 2.973684e+00 3.60975420e-04
7.692307e+00 1.352632e+00 3.178947e+00 3.34245269e-04
7.692307e+00 1.352632e+00 3.384211e+00 3.08426766e-04
7.692307e+00 1.352632e+00 3.589474e+00 2.83690169e-04
7.692307e+00 1.352632e+00 3.794737e+00 2.60165776e-04
7.692307e+00 1.352632e+00 4.000000e+00 2.37943517e-04
7.692307e+00 1.613158e+00 1.000000e-01 8.68620020e+03
7.692307e+00 1.613158e+00 3.052632e-01 2.14251995e+01
7.692307e+00 1.613158e+00 5.105263e-01 8.08991253e-01
7.692307e+00 1.613158e+00 7.157895e-01 5.95255271e-02
7.692307e+00 1.613158e+00 9.210526e-01 5.76931471e-03
7.692307e+00 1.613158e+00 1.126316e+00 8.90610914e-04
7.692307e+00 1.613158e+00 1.331579e+00 3.72917450e-04
7.692307e+00 1.613158e+00 1.536842e+00 3.01605149e-04
7.692307e+00 1.613158e+00 1.742105e+00 2.80873763e-04
7.692307e+00 1.613158e+00 1.947368e+00 2.66013492e-04
7.692307e+00 1.613158e+00 2.152632e+00 2.51510821e-04
7.692307e+00 1.613158e+00 2.357895e+00 2.36773165e-04
7.692307e+00 1.613158e+00 2.563158e+00 2.21896029e-04
7.692307e+00 1.613158e+00 2.768421e+00 2.07063902e-04
7.692307e+00 1.613158e+00 2.973684e+00 1.92451364e-04
7.692307e+00 1.613158e+00 3.178947e+00 1.78204544e-04
7.692307e+00 1.613158e+00 3.384211e+00 1.64442492e-04
7.692307e+00 1.613158e+00 3.589474e+00 1.51257205e-04
7.692307e+00 1.613158e+00 3.794737e+00 1.38716961e-04
7.692307e+00 1.613158e+00 4.000000e+00 1.26870305e-04
7.692307e+00 1.873684e+00 1.000000e-01 5.51426123e+03
7.692307e+00 1.873684e+00 3.052632e-01 1.35557728e+01
7.692307e+00 1.873684e+00 5.105263e-01 5.09840190e-01
7.692307e+00 1.873684e+00 7.157895e-01 3.73836085e-02
7.692307e+00 1.873684e+00 9.210526e-01 3.58038722e-03
7.692307e+00 1.873684e+00 1.126316e+00 5.20856527e-04
7.692307e+00 1.873684e+00 1.331579e+00 1.98327456e-04
7.692307e+00 1.873684e+00 1.536842e+00 1.55223868e-04
7.692307e+00 1.873684e+00 1.742105e+00 1.43754049e-04
7.692307e+00 1.873684e+00 1.947368e+00 1.36023882e-04
7.692307e+00 1.873684e+00 2.152632e+00 1.28588479e-04
7.692307e+00 1.873684e+00 2.357895e+00 1.21052130e-04
7.692307e+00 1.873684e+00 2.563158e+00 1.13448135e-04
7.692307e+00 1.873684e+00 2.768421e+00 1.05867599e-04
7.692307e+00 1.873684e+00 2.973684e+00 9.83984864e-05
7.692307e+00 1.873684e+00 3.178947e+00 9.11159441e-05
7.692307e+00 1.873684e+00 3.384211e+00 8.40809589e-05
7.692307e+00 1.873684e+00 3.589474e+00 7.73404245e-05
7.692307e+00 1.873684e+00 3.794737e+00 7.09295346e-05
7.692307e+00 1.873684e+00 4.000000e+00 6.48730274e-05
7.692307e+00 2.134211e+00 1.000000e-01 3.27092285e+03
7.692307e+00 2.134211e+00 3.052632e-01 8.01494598e+00
7.692307e+00 2.134211e+00 5.105263e-01 3.00309926e-01
7.692307e+00 2.134211e+00 7.157895e-01 2.19518319e-02
7.692307e+00 2.134211e+00 9.210526e-01 2.08293530e-03
7.692307e+00 2.134211e+00 1.126316e+00 2.89022311e-04
7.692307e+00 2.134211e+00 1.331579e+00 1.00942496e-04
7.692307e+00 2.134211e+00 1.536842e+00 7.64035431e-05
7.692307e+00 2.134211e+00 1.742105e+00 7.03467522e-05
7.692307e+00 2.134211e+00 1.947368e+00 6.65004700e-05
7.692307e+00 2.134211e+00 2.152632e+00 6.28548732e-05
7.692307e+00 2.134211e+00 2.357895e+00 5.91701137e-05
7.692307e+00 2.134211e+00 2.563158e+00 5.54539984e-05
7.692307e+00 2.134211e+00 2.768421e+00 5.17495901e-05
7.692307e+00 2.134211e+00 2.973684e+00 4.80994240e-05
7.692307e+00 2.134211e+00 3.178947e+00 4.45403675e-05
7.692307e+00 2.134211e+00 3.384211e+00 4.11021028e-05
7.692307e+00 2.134211e+00 3.589474e+00 3.78075565e-05
7.692307e+00 2.134211e+00 3.794737e+00 3.46741326e-05
7.692307e+00 2.134211e+00 4.000000e+00 3.17137674e-05
7.692307e+00 2.394737e+00 1.000000e-01 1.81293262e+03
7.692307e+00 2.394737e+00 3.052632e-01 4.42894888e+00
7.692307e+00 2.394737e+00 5.105263e-01 1.65365040e-01
7.692307e+00 2.394737e+00 7.157895e-01 1.20547097e-02
7.692307e+00 2.394737e+00 9.210526e-01 1.13541854e-03
7.692307e+00 2.394737e+00 1.126316e+00 1.51701286e-04
7.692307e+00 2.394737e+00 1.331579e+00 4.90344828e-05
7.692307e+00 2.394737e+00 1.536842e+00 3.58938669e-05
7.692307e+00 2.394737e+00 1.742105e+00 3.28508359e-05
7.692307e+00 2.394737e+00 1.947368e+00 3.10242867e-05
7.692307e+00 2.394737e+00 2.152632e+00 2.93185058e-05
7.692307e+00 2.394737e+00 2.357895e+00 2.75991788e-05
7.692307e+00 2.394737e+00 2.563158e+00 2.58660693e-05
7.692307e+00 2.394737e+00 2.768421e+00 2.41385460e-05
7.692307e+00 2.394737e+00 2.973684e+00 2.24363266e-05
7.692307e+00 2.394737e+00 3.178947e+00 2.07764715e-05
7.692307e+00 2.394737e+00 3.384211e+00 1.91728886e-05
7.692307e+00 2.394737e+00 3.589474e+00 1.76363064e-05
7.692307e+00 2.394737e+00 3.794737e+00 1.61748794e-05
7.692307e+00 2.394737e+00 4.000000e+00 1.47940364e-05
7.692307e+00 2.655263e+00 1.000000e-01 9.38907349e+02
7.692307e+00 2.655263e+00 3.052632e-01 2.28747916e+00
7.692307e+00 2.655263e+00 5.105263e-01 8.51375610e-02
7.692307e+00 2.655263e+00 7.157895e-01 6.19154517e-03
7.692307e+00 2.655263e+00 9.210526e-01 5.79747022e-04
7.692307e+00 2.655263e+00 1.126316e+00 7.51488406e-05
7.692307e+00 2.655263e+00 1.331579e+00 2.26852098e-05
7.692307e+00 2.655263e+00 1.536842e+00 1.60727632e-05
7.692307e+00 2.655263e+00 1.742105e+00 1.46216616e-05
7.692307e+00 2.655263e+00 1.947368e+00 1.37950528e-05
7.692307e+00 2.655263e+00 2.152632e+00 1.30342896e-05
7.692307e+00 2.655263e+00 2.357895e+00 1.22695947e-05
7.692307e+00 2.655263e+00 2.563158e+00 1.14992145e-05
7.692307e+00 2.655263e+00 2.768421e+00 1.07313663e-05
7.692307e+00 2.655263e+00 2.973684e+00 9.97474399e-06
7.692307e+00 2.655263e+00 3.178947e+00 9.23695461e-06
7.692307e+00 2.655263e+00 3.384211e+00 8.52408266e-06
7.692307e+00 2.655263e+00 3.589474e+00 7.84104577e-06
7.692307e+00 2.655263e+00 3.794737e+00 7.19135778e-06
7.692307e+00 2.655263e+00 4.000000e+00 6.57751843e-06
7.692307e+00 2.915789e+00 1.000000e-01 4.54354797e+02
7.692307e+00 2.915789e+00 3.052632e-01 1.10430360e+00
7.692307e+00 2.915789e+00 5.105263e-01 4.09865044e-02
7.692307e+00 2.915789e+00 7.157895e-01 2.97462475e-03
7.692307e+00 2.915789e+00 9.210526e-01 2.77219980e-04
7.692307e+00 2.915789e+00 1.126316e+00 3.50750561e-05
7.692307e+00 2.915789e+00 1.331579e+00 9.97765710e-06
7.692307e+00 2.915789e+00 1.536842e+00 6.85323630e-06
7.692307e+00 2.915789e+00 1.742105e+00 6.19764614e-06
7.692307e+00 2.915789e+00 1.947368e+00 5.84159261e-06
7.692307e+00 2.915789e+00 2.152632e+00 5.51849416e-06
7.692307e+00 2.915789e+00 2.357895e+00 5.19462174e-06
7.692307e+00 2.915789e+00 2.563158e+00 4.86848194e-06
7.692307e+00 2.915789e+00 2.768421e+00 4.54344899e-06
7.692307e+00 2.915789e+00 2.973684e+00 4.22316634e-06
7.692307e+00 2.915789e+00 3.178947e+00 3.91083267e-06
7.692307e+00 2.915789e+00 3.384211e+00 3.60905551e-06
7.692307e+00 2.915789e+00 3.589474e+00 3.31988531e-06
7.692307e+00 2.915789e+00 3.794737e+00 3.04483569e-06
7.692307e+00 2.915789e+00 4.000000e+00 2.78495781e-06
7.692307e+00 3.176316e+00 1.000000e-01 2.05446320e+02
7.692307e+00 3.176316e+00 3.052632e-01 4.98312414e-01
7.692307e+00 3.176316e+00 5.105263e-01 1.84508897e-02
7.692307e+00 3.176316e+00 7.157895e-01 1.33678922e-03
7.692307e+00 3.176316e+00 9.210526e-01 1.24114958e-04
7.692307e+00 3.176316e+00 1.126316e+00 1.54041263e-05
7.692307e+00 3.176316e+00 1.331579e+00 4.16542753e-06
7.692307e+00 3.176316e+00 1.536842e+00 2.78002699e-06
7.692307e+00 3.176316e+00 1.742105e+00 2.49990262e-06
7.692307e+00 3.176316e+00 1.947368e+00 2.35409811e-06
7.692307e+00 3.176316e+00 2.152632e+00 2.22353151e-06
7.692307e+00 3.176316e+00 2.357895e+00 2.09297673e-06
7.692307e+00 3.176316e+00 2.563158e+00 1.96158408e-06
7.692307e+00 3.176316e+00 2.768421e+00 1.83063980e-06
7.692307e+00 3.176316e+00 2.973684e+00 1.70160592e-06
7.692307e+00 3.176316e+00 3.178947e+00 1.57577506e-06
7.692307e+00 3.176316e+00 3.384211e+00 1.45419790e-06
7.692307e+00 3.176316e+00 3.589474e+00 1.33769402e-06
7.692307e+00 3.176316e+00 3.794737e+00 1.22687629e-06
7.692307e+00 3.176316e+00 4.000000e+00 1.12217026e-06
7.692307e+00 3.436842e+00 1.000000e-01 8.68025970e+01
7.692307e+00 3.436842e+00 3.052632e-01 2.10181475e-01
7.692307e+00 3.436842e+00 5.105263e-01 7.76683819e-03
7.692307e+00 3.436842e+00 7.157895e-01 5.61922498e-04
7.692307e+00 3.436842e+00 9.210526e-01 5.20172034e-05
7.692307e+00 3.436842e+00 1.126316e+00 6.35857032e-06
7.692307e+00 3.436842e+00 1.331579e+00 1.64801781e-06
7.692307e+00 3.436842e+00 1.536842e+00 1.07186497e-06
7.692307e+00 3.436842e+00 1.742105e+00 9.58825922e-07
7.692307e+00 3.436842e+00 1.947368e+00 9.02130182e-07
7.692307e+00 3.436842e+00 2.152632e+00 8.51961374e-07
7.692307e+00 3.436842e+00 2.357895e+00 8.01920805e-07
7.692307e+00 3.436842e+00 2.563158e+00 7.51580046e-07
7.692307e+00 3.436842e+00 2.768421e+00 7.01414081e-07
7.692307e+00 3.436842e+00 2.973684e+00 6.51981736e-07
7.692307e+00 3.436842e+00 3.178947e+00 6.03773572e-07
7.692307e+00 3.436842e+00 3.384211e+00 5.57194141e-07
7.692307e+00 3.436842e+00 3.589474e+00 5.12559041e-07
7.692307e+00 3.436842e+00 3.794737e+00 4.70100161e-07
7.692307e+00 3.436842e+00 4.000000e+00 4.29983317e-07
7.692307e+00 3.697368e+00 1.000000e-01 3.42687340e+01
7.692307e+00 3.697368e+00 3.052632e-01 8.28622878e-02
7.692307e+00 3.697368e+00 5.105263e-01 3.05705052e-03
7.692307e+00 3.697368e+00 7.157895e-01 2.20922200e-04
7.692307e+00 3.697368e+00 9.210526e-01 2.04033095e-05
7.692307e+00 3.697368e+00 1.126316e+00 2.46465220e-06
7.692307e+00 3.697368e+00 1.331579e+00 6.16969203e-07
7.692307e+00 3.697368e+00 1.536842e+00 3.92350074e-07
7.692307e+00 3.697368e+00 1.742105e+00 3.49333106e-07
7.692307e+00 3.697368e+00 1.947368e+00 3.28424022e-07
7.692307e+00 3.697368e+00 2.152632e+00 3.10117144e-07
7.692307e+00 3.697368e+00 2.357895e+00 2.91895702e-07
7.692307e+00 3.697368e+00 2.563158e+00 2.73572709e-07
7.692307e+00 3.697368e+00 2.768421e+00 2.55314546e-07
7.692307e+00 3.697368e+00 2.973684e+00 2.37322411e-07
7.692307e+00 3.697368e+00 3.178947e+00 2.19776410e-07
7.692307e+00 3.697368e+00 3.384211e+00 2.02822719e-07
7.692307e+00 3.697368e+00 3.589474e+00 1.86576145e-07
7.692307e+00 3.697368e+00 3.794737e+00 1.71121982e-07
7.692307e+00 3.697368e+00 4.000000e+00 1.56519860e-07
7.692307e+00 3.957895e+00 1.000000e-01 1.26413364e+01
7.692307e+00 3.957895e+00 3.052632e-01 3.05333063e-02
7.692307e+00 3.957895e+00 5.105263e-01 1.12501974e-03
7.692307e+00 3.957895e+00 7.157895e-01 8.12281942e-05
7.692307e+00 3.957895e+00 9.210526e-01 7.48838647e-06
7.692307e+00 3.957895e+00 1.126316e+00 8.96326299e-07
7.692307e+00 3.957895e+00 1.331579e+00 2.18208044e-07
7.692307e+00 3.957895e+00 1.536842e+00 1.36159798e-07
7.692307e+00 3.957895e+00 1.742105e+00 1.20742470e-07
7.692307e+00 3.957895e+00 1.947368e+00 1.13439668e-07
7.692307e+00 3.957895e+00 2.152632e+00 1.07103929e-07
7.692307e+00 3.957895e+00 2.357895e+00 1.00808627e-07
7.692307e+00 3.957895e+00 2.563158e+00 9.44806047e-08
7.692307e+00 3.957895e+00 2.768421e+00 8.81755824e-08
7.692307e+00 3.957895e+00 2.973684e+00 8.19624972e-08
7.692307e+00 3.957895e+00 3.178947e+00 7.59031948e-08
7.692307e+00 3.957895e+00 3.384211e+00 7.00484222e-08
7.692307e+00 3.957895e+00 3.589474e+00 6.44376428e-08
7.692307e+00 3.957895e+00 3.794737e+00 5.91006284e-08
7.692307e+00 3.957895e+00 4.000000e+00 5.40576828e-08
7.692307e+00 4.218421e+00 1.000000e-01 4.35729504e+00
7.692307e+00 4.218421e+00 3.052632e-01 1.05154524e-02
7.692307e+00 4.218421e+00 5.105263e-01 3.87062901e-04
7.692307e+00 4.218421e+00 7.157895e-01 2.79271426e-05
7.692307e+00 4.218421e+00 9.210526e-01 2.57108104e-06
7.692307e+00 4.218421e+00 1.126316e+00 3.05613980e-07
7.692307e+00 4.218421e+00 1.331579e+00 7.27949683e-08
7.692307e+00 4.218421e+00 1.536842e+00 4.47263169e-08
7.692307e+00 4.218421e+00 1.742105e+00 3.95288495e-08
7.692307e+00 4.218421e+00 1.947368e+00 3.71174060e-08
7.692307e+00 4.218421e+00 2.152632e+00 3.50407667e-08
7.692307e+00 4.218421e+00 2.357895e+00 3.29807008e-08
7.692307e+00 4.218421e+00 2.563158e+00 3.09105026e-08
7.692307e+00 4.218421e+00 2.768421e+00 2.88478201e-08
7.692307e+00 4.218421e+00 2.973684e+00 2.68152842e-08
7.692307e+00 4.218421e+00 3.178947e+00 2.48330068e-08
7.692307e+00 4.218421e+00 3.384211e+00 2.29175896e-08
7.692307e+00 4.218421e+00 3.589474e+00 2.10820339e-08
7.692307e+00 4.218421e+00 3.794737e+00 1.93359604e-08
7.692307e+00 4.218421e+00 4.000000e+00 1.76861477e-08
7.692307e+00 4.478947e+00 1.000000e-01 1.40335941e+00
7.692307e+00 4.478947e+00 3.052632e-01 3.38454917e-03
7.692307e+00 4.478947e+00 5.105263e-01 1.24487793e-04
7.692307e+00 4.478947e+00 7.157895e-01 8.97726659e-06
7.692307e+00 4.478947e+00 9.210526e-01 8.25642019e-07
7.692307e+00 4.478947e+00 1.126316e+00 9.76327499e-08
7.692307e+00 4.478947e+00 1.331579e+00 2.28707293e-08
7.692307e+00 4.478947e+00 1.536842e+00 1.38816691e-08
7.692307e+00 4.478947e+00 1.742105e+00 1.22354837e-08
7.692307e+00 4.478947e+00 1.947368e+00 1.14839134e-08
7.692307e+00 4.478947e+00 2.152632e+00 1.08405569e-08
7.692307e+00 4.478947e+00 2.357895e+00 1.02031086e-08
7.692307e+00 4.478947e+00 2.563158e+00 9.56265112e-09
7.692307e+00 4.478947e+00 2.768421e+00 8.92457130e-09
7.692307e+00 4.478947e+00 2.973684e+00 8.29579694e-09
7.692307e+00 4.478947e+00 3.178947e+00 7.68257902e-09
7.692307e+00 4.478947e+00 3.384211e+00 7.09003611e-09
7.692307e+00 4.478947e+00 3.589474e+00 6.52219478e-09
7.692307e+00 4.478947e+00 3.794737e+00 5.98203753e-09
7.692307e+00 4.478947e+00 4.000000e+00 5.47162937e-09
7.692307e+00 4.739474e+00 1.000000e-01 4.22325224e-01
7.692307e+00 4.739474e+00 3.052632e-01 1.01805793e-03
7.692307e+00 4.739474e+00 5.105263e-01 3.74246229e-05
7.692307e+00 4.739474e+00 7.157895e-01 2.69778457e-06
7.692307e+00 4.739474e+00 9.210526e-01 2.47931354e-07
7.692307e+00 4.739474e+00 1.126316e+00 2.92068147e-08
7.692307e+00 4.739474e+00 1.331579e+00 6.75727074e-09
7.692307e+00 4.739474e+00 1.536842e+00 4.06331901e-09
7.692307e+00 4.739474e+00 1.742105e+00 3.57400887e-09
7.692307e+00 4.739474e+00 1.947368e+00 3.35330697e-09
7.692307e+00 4.739474e+00 2.152632e+00 3.16525250e-09
7.692307e+00 4.739474e+00 2.357895e+00 2.97909719e-09
7.692307e+00 4.739474e+00 2.563158e+00 2.79209389e-09
7.692307e+00 4.739474e+00 2.768421e+00 2.60579625e-09
7.692307e+00 4.739474e+00 2.973684e+00 2.42221598e-09
7.692307e+00 4.739474e+00 3.178947e+00 2.24317565e-09
7.692307e+00 4.739474e+00 3.384211e+00 2.07016870e-09
7.692307e+00 4.739474e+00 3.589474e+00 1.90437000e-09
7.692307e+00 4.739474e+00 3.794737e+00 1.74665771e-09
7.692307e+00 4.739474e+00 4.000000e+00 1.59763403e-09
7.692307e+00 5.000000e+00 1.000000e-01 1.18754975e-01
7.692307e+00 5.000000e+00 3.052632e-01 2.86173221e-04
7.692307e+00 5.000000e+00 5.105263e-01 1.05157378e-05
7.692307e+00 5.000000e+00 7.157895e-01 7.57824864e-07
7.692307e+00 5.000000e+00 9.210526e-01 6.96083546e-08
7.692307e+00 5.000000e+00 1.126316e+00 8.17767543e-09
7.692307e+00 5.000000e+00 1.331579e+00 1.87496241e-09
7.692307e+00 5.000000e+00 1.536842e+00 1.11970500e-09
7.692307e+00 5.000000e+00 1.742105e+00 9.83334636e-10
7.692307e+00 5.000000e+00 1.947368e+00 9.22371346e-10
7.692307e+00 5.000000e+00 2.152632e+00 8.70604921e-10
7.692307e+00 5.000000e+00 2.357895e+00 8.19394386e-10
7.692307e+00 5.000000e+00 2.563158e+00 7.67963027e-10
7.692307e+00 5.000000e+00 2.768421e+00 7.16723403e-10
7.692307e+00 5.000000e+00 2.973684e+00 6.66230349e-10
7.692307e+00 5.000000e+00 3.178947e+00 6.16985962e-10
7.692307e+00 5.000000e+00 3.384211e+00 5.69402914e-10
7.692307e+00 5.000000e+00 3.589474e+00 5.23801169e-10
7.692307e+00 5.000000e+00 3.794737e+00 4.80422480e-10
7.692307e+00 5.000000e+00 4.000000e+00 4.39433295e-10
7.948718e+00 5.000000e-02 1.000000e-01 3.13998848e+04
7.948718e+00 5.000000e-02 3.052632e-01 7.82235565e+01
7.948718e+00 5.000000e-02 5.105263e-01 3.13460708e+00
7.948718e+00 5.000000e-02 7.157895e-01 2.52561420e-01
7.948718e+00 5.000000e-02 9.210526e-01 3.37884314e-02
7.948718e+00 5.000000e-02 1.126316e+00 1.30642531e-02
7.948718e+00 5.000000e-02 1.331579e+00 1.07626952e-02
7.948718e+00 5.000000e-02 1.536842e+00 1.02465339e-02
7.948718e+00 5.000000e-02 1.742105e+00 9.84022766e-03
7.948718e+00 5.000000e-02 1.947368e+00 9.39688925e-03
7.948718e+00 5.000000e-02 2.152632e+00 8.92186444e-03
7.948718e+00 5.000000e-02 2.357895e+00 8.42871144e-03
7.948718e+00 5.000000e-02 2.563158e+00 7.92756770e-03
7.948718e+00 5.000000e-02 2.768421e+00 7.42578786e-03
7.948718e+00 5.000000e-02 2.973684e+00 6.92932680e-03
7.948718e+00 5.000000e-02 3.178947e+00 6.44299947e-03
7.948718e+00 5.000000e-02 3.384211e+00 5.97081939e-03
7.948718e+00 5.000000e-02 3.589474e+00 5.51606994e-03
7.948718e+00 5.000000e-02 3.794737e+00 5.08120470e-03
7.948718e+00 5.000000e-02 4.000000e+00 4.66807839e-03
7.948718e+00 3.105263e-01 1.000000e-01 2.99580547e+04
7.948718e+00 3.105263e-01 3.052632e-01 7.45707626e+01
7.948718e+00 3.105263e-01 5.105263e-01 2.98277593e+00
7.948718e+00 3.105263e-01 7.157895e-01 2.36032858e-01
7.948718e+00 3.105263e-01 9.210526e-01 2.69887038e-02
7.948718e+00 3.105263e-01 1.126316e+00 7.02453544e-03
7.948718e+00 3.105263e-01 1.331579e+00 4.85434523e-03
7.948718e+00 3.105263e-01 1.536842e+00 4.50491626e-03
7.948718e+00 3.105263e-01 1.742105e+00 4.31818236e-03
7.948718e+00 3.105263e-01 1.947368e+00 4.12570545e-03
7.948718e+00 3.105263e-01 2.152632e+00 3.91892204e-03
7.948718e+00 3.105263e-01 2.357895e+00 3.70326266e-03
7.948718e+00 3.105263e-01 2.563158e+00 3.48358369e-03
7.948718e+00 3.105263e-01 2.768421e+00 3.26342322e-03
7.948718e+00 3.105263e-01 2.973684e+00 3.04544205e-03
7.948718e+00 3.105263e-01 3.178947e+00 2.83189095e-03
7.948718e+00 3.105263e-01 3.384211e+00 2.62452639e-03
7.948718e+00 3.105263e-01 3.589474e+00 2.42475607e-03
7.948718e+00 3.105263e-01 3.794737e+00 2.23372527e-03
7.948718e+00 3.105263e-01 4.000000e+00 2.05222098e-03
7.948718e+00 5.710526e-01 1.000000e-01 2.67053906e+04
7.948718e+00 5.710526e-01 3.052632e-01 6.63529968e+01
7.948718e+00 5.710526e-01 5.105263e-01 2.64765692e+00
7.948718e+00 5.710526e-01 7.157895e-01 2.08108187e-01
7.948718e+00 5.710526e-01 9.210526e-01 2.24765372e-02
7.948718e+00 5.710526e-01 1.126316e+00 4.70381882e-03
7.948718e+00 5.710526e-01 1.331579e+00 2.77968217e-03
7.948718e+00 5.710526e-01 1.536842e+00 2.50648684e-03
7.948718e+00 5.710526e-01 1.742105e+00 2.39588018e-03
7.948718e+00 5.710526e-01 1.947368e+00 2.28957273e-03
7.948718e+00 5.710526e-01 2.152632e+00 2.17552274e-03
7.948718e+00 5.710526e-01 2.357895e+00 2.05622870e-03
7.948718e+00 5.710526e-01 2.563158e+00 1.93447736e-03
7.948718e+00 5.710526e-01 2.768421e+00 1.81234756e-03
7.948718e+00 5.710526e-01 2.973684e+00 1.69139332e-03
7.948718e+00 5.710526e-01 3.178947e+00 1.57286611e-03
7.948718e+00 5.710526e-01 3.384211e+00 1.45775802e-03
7.948718e+00 5.710526e-01 3.589474e+00 1.34685542e-03
7.948718e+00 5.710526e-01 3.794737e+00 1.24078582e-03
7.948718e+00 5.710526e-01 4.000000e+00 1.14001101e-03
7.948718e+00 8.315790e-01 1.000000e-01 2.22427246e+04
7.948718e+00 8.315790e-01 3.052632e-01 5.51179543e+01
7.948718e+00 8.315790e-01 5.105263e-01 2.19215608e+00
7.948718e+00 8.315790e-01 7.157895e-01 1.71522155e-01
7.948718e+00 8.315790e-01 9.210526e-01 1.79615449e-02
7.948718e+00 8.315790e-01 1.126316e+00 3.24819586e-03
7.948718e+00 8.315790e-01 1.331579e+00 1.65694929e-03
7.948718e+00 8.315790e-01 1.536842e+00 1.44523429e-03
7.948718e+00 8.315790e-01 1.742105e+00 1.37621374e-03
7.948718e+00 8.315790e-01 1.947368e+00 1.31511025e-03
7.948718e+00 8.315790e-01 2.152632e+00 1.24990835e-03
7.948718e+00 8.315790e-01 2.357895e+00 1.18156511e-03
7.948718e+00 8.315790e-01 2.563158e+00 1.11171568e-03
7.948718e+00 8.315790e-01 2.768421e+00 1.04159862e-03
7.948718e+00 8.315790e-01 2.973684e+00 9.72129172e-04
7.948718e+00 8.315790e-01 3.178947e+00 9.04039363e-04
7.948718e+00 8.315790e-01 3.384211e+00 8.37904518e-04
7.948718e+00 8.315790e-01 3.589474e+00 7.74183427e-04
7.948718e+00 8.315790e-01 3.794737e+00 7.13238143e-04
7.948718e+00 8.315790e-01 4.000000e+00 6.55328797e-04
7.948718e+00 1.092105e+00 1.000000e-01 1.73095352e+04
7.948718e+00 1.092105e+00 3.052632e-01 4.27527618e+01
7.948718e+00 1.092105e+00 5.105263e-01 1.69364691e+00
7.948718e+00 1.092105e+00 7.157895e-01 1.32006183e-01
7.948718e+00 1.092105e+00 9.210526e-01 1.35564571e-02
7.948718e+00 1.092105e+00 1.126316e+00 2.20953021e-03
7.948718e+00 1.092105e+00 1.331579e+00 9.82847181e-04
7.948718e+00 1.092105e+00 1.536842e+00 8.25706462e-04
7.948718e+00 1.092105e+00 1.742105e+00 7.82506308e-04
7.948718e+00 1.092105e+00 1.947368e+00 7.47576938e-04
7.948718e+00 1.092105e+00 2.152632e+00 7.10641965e-04
7.948718e+00 1.092105e+00 2.357895e+00 6.71880029e-04
7.948718e+00 1.092105e+00 2.563158e+00 6.32212905e-04
7.948718e+00 1.092105e+00 2.768421e+00 5.92370168e-04
7.948718e+00 1.092105e+00 2.973684e+00 5.52884303e-04
7.948718e+00 1.092105e+00 3.178947e+00 5.14174986e-04
7.948718e+00 1.092105e+00 3.384211e+00 4.76573536e-04
7.948718e+00 1.092105e+00 3.589474e+00 4.40344593e-04
7.948718e+00 1.092105e+00 3.794737e+00 4.05688421e-04
7.948718e+00 1.092105e+00 4.000000e+00 3.72757902e-04
7.948718e+00 1.352632e+00 1.000000e-01 1.25862559e+04
7.948718e+00 1.352632e+00 3.052632e-01 3.09724941e+01
7.948718e+00 1.352632e+00 5.105263e-01 1.22156823e+00
7.948718e+00 1.352632e+00 7.157895e-01 9.48720723e-02
7.948718e+00 1.352632e+00 9.210526e-01 9.61257890e-03
7.948718e+00 1.352632e+00 1.126316e+00 1.45158602e-03
7.948718e+00 1.352632e+00 1.331579e+00 5.69650263e-04
7.948718e+00 1.352632e+00 1.536842e+00 4.59326751e-04
7.948718e+00 1.352632e+00 1.742105e+00 4.32805624e-04
7.948718e+00 1.352632e+00 1.947368e+00 4.13303438e-04
7.948718e+00 1.352632e+00 2.152632e+00 3.92932619e-04
7.948718e+00 1.352632e+00 2.357895e+00 3.71544651e-04
7.948718e+00 1.352632e+00 2.563158e+00 3.49635666e-04
7.948718e+00 1.352632e+00 2.768421e+00 3.27614398e-04
7.948718e+00 1.352632e+00 2.973684e+00 3.05786583e-04
7.948718e+00 1.352632e+00 3.178947e+00 2.84385518e-04
7.948718e+00 1.352632e+00 3.384211e+00 2.63594498e-04
7.948718e+00 1.352632e+00 3.589474e+00 2.43561270e-04
7.948718e+00 1.352632e+00 3.794737e+00 2.24397721e-04
7.948718e+00 1.352632e+00 4.000000e+00 2.06186582e-04
7.948718e+00 1.613158e+00 1.000000e-01 8.55118066e+03
7.948718e+00 1.613158e+00 3.052632e-01 2.09616261e+01
7.948718e+00 1.613158e+00 5.105263e-01 8.22910011e-01
7.948718e+00 1.613158e+00 7.157895e-01 6.36948124e-02
7.948718e+00 1.613158e+00 9.210526e-01 6.39011385e-03
7.948718e+00 1.613158e+00 1.126316e+00 9.11229814e-04
7.948718e+00 1.613158e+00 1.331579e+00 3.19432322e-04
7.948718e+00 1.613158e+00 1.536842e+00 2.46564858e-04
7.948718e+00 1.613158e+00 1.742105e+00 2.30806312e-04
7.948718e+00 1.613158e+00 1.947368e+00 2.20270100e-04
7.948718e+00 1.613158e+00 2.152632e+00 2.09429039e-04
7.948718e+00 1.613158e+00 2.357895e+00 1.98049238e-04
7.948718e+00 1.613158e+00 2.563158e+00 1.86382342e-04
7.948718e+00 1.613158e+00 2.768421e+00 1.74651272e-04
7.948718e+00 1.613158e+00 2.973684e+00 1.63019286e-04
7.948718e+00 1.613158e+00 3.178947e+00 1.51613174e-04
7.948718e+00 1.613158e+00 3.384211e+00 1.40531891e-04
7.948718e+00 1.613158e+00 3.589474e+00 1.29853594e-04
7.948718e+00 1.613158e+00 3.794737e+00 1.19638884e-04
7.948718e+00 1.613158e+00 4.000000e+00 1.09931301e-04
7.948718e+00 1.873684e+00 1.000000e-01 5.42848145e+03
7.948718e+00 1.873684e+00 3.052632e-01 1.32554607e+01
7.948718e+00 1.873684e+00 5.105263e-01 5.17968178e-01
7.948718e+00 1.873684e+00 7.157895e-01 3.99637744e-02
7.948718e+00 1.873684e+00 9.210526e-01 3.97903426e-03
7.948718e+00 1.873684e+00 1.126316e+00 5.43115311e-04
7.948718e+00 1.873684e+00 1.331579e+00 1.72218977e-04
7.948718e+00 1.873684e+00 1.536842e+00 1.27052044e-04
7.948718e+00 1.873684e+00 1.742105e+00 1.18066637e-04
7.948718e+00 1.873684e+00 1.947368e+00 1.12590504e-04
7.948718e+00 1.873684e+00 2.152632e+00 1.07052576e-04
7.948718e+00 1.873684e+00 2.357895e+00 1.01243975e-04
7.948718e+00 1.873684e+00 2.563158e+00 9.52854825e-05
7.948718e+00 1.873684e+00 2.768421e+00 8.92911848e-05
7.948718e+00 1.873684e+00 2.973684e+00 8.33462836e-05
7.948718e+00 1.873684e+00 3.178947e+00 7.75161170e-05
7.948718e+00 1.873684e+00 3.384211e+00 7.18518349e-05
7.948718e+00 1.873684e+00 3.589474e+00 6.63932806e-05
7.948718e+00 1.873684e+00 3.794737e+00 6.11713112e-05
7.948718e+00 1.873684e+00 4.000000e+00 5.62086207e-05
7.948718e+00 2.134211e+00 1.000000e-01 3.22000439e+03
7.948718e+00 2.134211e+00 3.052632e-01 7.83348465e+00
7.948718e+00 2.134211e+00 5.105263e-01 3.04729730e-01
7.948718e+00 2.134211e+00 7.157895e-01 2.34415270e-02
7.948718e+00 2.134211e+00 9.210526e-01 2.32004980e-03
7.948718e+00 2.134211e+00 1.126316e+00 3.06128670e-04
7.948718e+00 2.134211e+00 1.331579e+00 8.88841023e-05
7.948718e+00 2.134211e+00 1.536842e+00 6.26398105e-05
7.948718e+00 2.134211e+00 1.742105e+00 5.77529245e-05
7.948718e+00 2.134211e+00 1.947368e+00 5.50251680e-05
7.948718e+00 2.134211e+00 2.152632e+00 5.23188319e-05
7.948718e+00 2.134211e+00 2.357895e+00 4.94833585e-05
7.948718e+00 2.134211e+00 2.563158e+00 4.65734556e-05
7.948718e+00 2.134211e+00 2.768421e+00 4.36449191e-05
7.948718e+00 2.134211e+00 2.973684e+00 4.07400039e-05
7.948718e+00 2.134211e+00 3.178947e+00 3.78908735e-05
7.948718e+00 2.134211e+00 3.384211e+00 3.51225099e-05
7.948718e+00 2.134211e+00 3.589474e+00 3.24547400e-05
7.948718e+00 2.134211e+00 3.794737e+00 2.99025305e-05
7.948718e+00 2.134211e+00 4.000000e+00 2.74768463e-05
7.948718e+00 2.394737e+00 1.000000e-01 1.78469373e+03
7.948718e+00 2.394737e+00 3.052632e-01 4.32671404e+00
7.948718e+00 2.394737e+00 5.105263e-01 1.67610154e-01
7.948718e+00 2.394737e+00 7.157895e-01 1.28585342e-02
7.948718e+00 2.394737e+00 9.210526e-01 1.26653130e-03
7.948718e+00 2.394737e+00 1.126316e+00 1.62752782e-04
7.948718e+00 2.394737e+00 1.331579e+00 4.37735835e-05
7.948718e+00 2.394737e+00 1.536842e+00 2.94857473e-05
7.948718e+00 2.394737e+00 1.742105e+00 2.69616139e-05
7.948718e+00 2.394737e+00 1.947368e+00 2.56628864e-05
7.948718e+00 2.394737e+00 2.152632e+00 2.43999475e-05
7.948718e+00 2.394737e+00 2.357895e+00 2.30788955e-05
7.948718e+00 2.394737e+00 2.563158e+00 2.17226607e-05
7.948718e+00 2.394737e+00 2.768421e+00 2.03573545e-05
7.948718e+00 2.394737e+00 2.973684e+00 1.90027895e-05
7.948718e+00 2.394737e+00 3.178947e+00 1.76740905e-05
7.948718e+00 2.394737e+00 3.384211e+00 1.63830555e-05
7.948718e+00 2.394737e+00 3.589474e+00 1.51387885e-05
7.948718e+00 2.394737e+00 3.794737e+00 1.39484455e-05
7.948718e+00 2.394737e+00 4.000000e+00 1.28171014e-05
7.948718e+00 2.655263e+00 1.000000e-01 9.24275146e+02
7.948718e+00 2.655263e+00 3.052632e-01 2.23377371e+00
7.948718e+00 2.655263e+00 5.105263e-01 8.62056464e-02
7.948718e+00 2.655263e+00 7.157895e-01 6.59741228e-03
7.948718e+00 2.655263e+00 9.210526e-01 6.47304871e-04
7.948718e+00 2.655263e+00 1.126316e+00 8.14677478e-05
7.948718e+00 2.655263e+00 1.331579e+00 2.05182205e-05
7.948718e+00 2.655263e+00 1.536842e+00 1.32322202e-05
7.948718e+00 2.655263e+00 1.742105e+00 1.19978004e-05
7.948718e+00 2.655263e+00 1.947368e+00 1.14079048e-05
7.948718e+00 2.655263e+00 2.152632e+00 1.08459681e-05
7.948718e+00 2.655263e+00 2.357895e+00 1.02592794e-05
7.948718e+00 2.655263e+00 2.563158e+00 9.65675827e-06
7.948718e+00 2.655263e+00 2.768421e+00 9.05004981e-06
7.948718e+00 2.655263e+00 2.973684e+00 8.44799979e-06
7.948718e+00 2.655263e+00 3.178947e+00 7.85741213e-06
7.948718e+00 2.655263e+00 3.384211e+00 7.28354462e-06
7.948718e+00 2.655263e+00 3.589474e+00 6.73043041e-06
7.948718e+00 2.655263e+00 3.794737e+00 6.20128003e-06
7.948718e+00 2.655263e+00 4.000000e+00 5.69836175e-06
7.948718e+00 2.915789e+00 1.000000e-01 4.47270874e+02
7.948718e+00 2.915789e+00 3.052632e-01 1.07800150e+00
7.948718e+00 2.915789e+00 5.105263e-01 4.14636657e-02
7.948718e+00 2.915789e+00 7.157895e-01 3.16655030e-03
7.948718e+00 2.915789e+00 9.210526e-01 3.09708237e-04
7.948718e+00 2.915789e+00 1.126316e+00 3.83452352e-05
7.948718e+00 2.915789e+00 1.331579e+00 9.13463009e-06
7.948718e+00 2.915789e+00 1.536842e+00 5.65497476e-06
7.948718e+00 2.915789e+00 1.742105e+00 5.08470657e-06
7.948718e+00 2.915789e+00 1.947368e+00 4.82957103e-06
7.948718e+00 2.915789e+00 2.152632e+00 4.59137073e-06
7.948718e+00 2.915789e+00 2.357895e+00 4.34317508e-06
7.948718e+00 2.915789e+00 2.563158e+00 4.08825417e-06
7.948718e+00 2.915789e+00 2.768421e+00 3.83148472e-06
7.948718e+00 2.915789e+00 2.973684e+00 3.57665954e-06
7.948718e+00 2.915789e+00 3.178947e+00 3.32665923e-06
7.948718e+00 2.915789e+00 3.384211e+00 3.08372728e-06
7.948718e+00 2.915789e+00 3.589474e+00 2.84957991e-06
7.948718e+00 2.915789e+00 3.794737e+00 2.62556387e-06
7.948718e+00 2.915789e+00 4.000000e+00 2.41264752e-06
7.948718e+00 3.176316e+00 1.000000e-01 2.02242020e+02
7.948718e+00 3.176316e+00 3.052632e-01 4.86300468e-01
7.948718e+00 3.176316e+00 5.105263e-01 1.86514314e-02
7.948718e+00 3.176316e+00 7.157895e-01 1.42182841e-03
7.948718e+00 3.176316e+00 9.210526e-01 1.38710631e-04
7.948718e+00 3.176316e+00 1.126316e+00 1.69539271e-05
7.948718e+00 3.176316e+00 1.331579e+00 3.85528756e-06
7.948718e+00 3.176316e+00 1.536842e+00 2.29918282e-06
7.948718e+00 3.176316e+00 1.742105e+00 2.05078595e-06
7.948718e+00 3.176316e+00 1.947368e+00 1.94584072e-06
7.948718e+00 3.176316e+00 2.152632e+00 1.84974112e-06
7.948718e+00 3.176316e+00 2.357895e+00 1.74981369e-06
7.948718e+00 3.176316e+00 2.563158e+00 1.64715607e-06
7.948718e+00 3.176316e+00 2.768421e+00 1.54373083e-06
7.948718e+00 3.176316e+00 2.973684e+00 1.44108242e-06
7.948718e+00 3.176316e+00 3.178947e+00 1.34036884e-06
7.948718e+00 3.176316e+00 3.384211e+00 1.24249516e-06
7.948718e+00 3.176316e+00 3.589474e+00 1.14816339e-06
7.948718e+00 3.176316e+00 3.794737e+00 1.05790991e-06
7.948718e+00 3.176316e+00 4.000000e+00 9.72128987e-07
7.948718e+00 3.436842e+00 1.000000e-01 8.54483871e+01
7.948718e+00 3.436842e+00 3.052632e-01 2.05065086e-01
7.948718e+00 3.436842e+00 5.105263e-01 7.84626603e-03
7.948718e+00 3.436842e+00 7.157895e-01 5.97235980e-04
7.948718e+00 3.436842e+00 9.210526e-01 5.81469249e-05
7.948718e+00 3.436842e+00 1.126316e+00 7.03568367e-06
7.948718e+00 3.436842e+00 1.331579e+00 1.53990254e-06
7.948718e+00 3.436842e+00 1.536842e+00 8.88395050e-07
7.948718e+00 3.436842e+00 1.742105e+00 7.86523856e-07
7.948718e+00 3.436842e+00 1.947368e+00 7.45537250e-07
7.948718e+00 3.436842e+00 2.152632e+00 7.08664743e-07
7.948718e+00 3.436842e+00 2.357895e+00 6.70399572e-07
7.948718e+00 3.436842e+00 2.563158e+00 6.31084390e-07
7.948718e+00 3.436842e+00 2.768421e+00 5.91470950e-07
7.948718e+00 3.436842e+00 2.973684e+00 5.52148947e-07
7.948718e+00 3.436842e+00 3.178947e+00 5.13564032e-07
7.948718e+00 3.436842e+00 3.384211e+00 4.76068465e-07
7.948718e+00 3.436842e+00 3.589474e+00 4.39927106e-07
7.948718e+00 3.436842e+00 3.794737e+00 4.05348686e-07
7.948718e+00 3.436842e+00 4.000000e+00 3.72482646e-07
7.948718e+00 3.697368e+00 1.000000e-01 3.37339745e+01
7.948718e+00 3.697368e+00 3.052632e-01 8.08293521e-02
7.948718e+00 3.697368e+00 5.105263e-01 3.08671687e-03
7.948718e+00 3.697368e+00 7.157895e-01 2.34665757e-04
7.948718e+00 3.697368e+00 9.210526e-01 2.28105255e-05
7.948718e+00 3.697368e+00 1.126316e+00 2.73850901e-06
7.948718e+00 3.697368e+00 1.331579e+00 5.81164841e-07
7.948718e+00 3.697368e+00 1.536842e+00 3.25833838e-07
7.948718e+00 3.697368e+00 1.742105e+00 2.86549209e-07
7.948718e+00 3.697368e+00 1.947368e+00 2.71371874e-07
7.948718e+00 3.697368e+00 2.152632e+00 2.57931902e-07
7.948718e+00 3.697368e+00 2.357895e+00 2.44010238e-07
7.948718e+00 3.697368e+00 2.563158e+00 2.29706302e-07
7.948718e+00 3.697368e+00 2.768421e+00 2.15290541e-07
7.948718e+00 3.697368e+00 2.973684e+00 2.00979088e-07
7.948718e+00 3.697368e+00 3.178947e+00 1.86936333e-07
7.948718e+00 3.697368e+00 3.384211e+00 1.73289095e-07
7.948718e+00 3.697368e+00 3.589474e+00 1.60134718e-07
7.948718e+00 3.697368e+00 3.794737e+00 1.47548619e-07
7.948718e+00 3.697368e+00 4.000000e+00 1.35586035e-07
7.948718e+00 3.957895e+00 1.000000e-01 1.24440365e+01
7.948718e+00 3.957895e+00 3.052632e-01 2.97796112e-02
7.948718e+00 3.957895e+00 5.105263e-01 1.13547279e-03
7.948718e+00 3.957895e+00 7.157895e-01 8.62400484e-05
7.948718e+00 3.957895e+00 9.210526e-01 8.37248263e-06
7.948718e+00 3.957895e+00 1.126316e+00 9.99133817e-07
7.948718e+00 3.957895e+00 1.331579e+00 2.06916582e-07
7.948718e+00 3.957895e+00 1.536842e+00 1.13270382e-07
7.948718e+00 3.957895e+00 1.742105e+00 9.90401290e-08
7.948718e+00 3.957895e+00 1.947368e+00 9.37208711e-08
7.948718e+00 3.957895e+00 2.152632e+00 8.90735663e-08
7.948718e+00 3.957895e+00 2.357895e+00 8.42675547e-08
7.948718e+00 3.957895e+00 2.563158e+00 7.93292401e-08
7.948718e+00 3.957895e+00 2.768421e+00 7.43515685e-08
7.948718e+00 3.957895e+00 2.973684e+00 6.94097437e-08
7.948718e+00 3.957895e+00 3.178947e+00 6.45605738e-08
7.948718e+00 3.957895e+00 3.384211e+00 5.98475793e-08
7.948718e+00 3.957895e+00 3.589474e+00 5.53047386e-08
7.948718e+00 3.957895e+00 3.794737e+00 5.09582989e-08
7.948718e+00 3.957895e+00 4.000000e+00 4.68269654e-08
7.948718e+00 4.218421e+00 1.000000e-01 4.28927803e+00
7.948718e+00 4.218421e+00 3.052632e-01 1.02546560e-02
7.948718e+00 4.218421e+00 5.105263e-01 3.90534755e-04
7.948718e+00 4.218421e+00 7.157895e-01 2.96392045e-05
7.948718e+00 4.218421e+00 9.210526e-01 2.87474813e-06
7.948718e+00 4.218421e+00 1.126316e+00 3.41503551e-07
7.948718e+00 4.218421e+00 1.331579e+00 6.93959379e-08
7.948718e+00 4.218421e+00 1.536842e+00 3.72611595e-08
7.948718e+00 4.218421e+00 1.742105e+00 3.24237810e-08
7.948718e+00 4.218421e+00 1.947368e+00 3.06621146e-08
7.948718e+00 4.218421e+00 2.152632e+00 2.91399935e-08
7.948718e+00 4.218421e+00 2.357895e+00 2.75681646e-08
7.948718e+00 4.218421e+00 2.563158e+00 2.59529624e-08
7.948718e+00 4.218421e+00 2.768421e+00 2.43247769e-08
7.948718e+00 4.218421e+00 2.973684e+00 2.27081429e-08
7.948718e+00 4.218421e+00 3.178947e+00 2.11217923e-08
7.948718e+00 4.218421e+00 3.384211e+00 1.95799341e-08
7.948718e+00 4.218421e+00 3.589474e+00 1.80937807e-08
7.948718e+00 4.218421e+00 3.794737e+00 1.66718213e-08
7.948718e+00 4.218421e+00 4.000000e+00 1.53202855e-08
7.948718e+00 4.478947e+00 1.000000e-01 1.38145137e+00
7.948718e+00 4.478947e+00 3.052632e-01 3.30031011e-03
7.948718e+00 4.478947e+00 5.105263e-01 1.25574254e-04
7.948718e+00 4.478947e+00 7.157895e-01 9.52491428e-06
7.948718e+00 4.478947e+00 9.210526e-01 9.23178675e-07
7.948718e+00 4.478947e+00 1.126316e+00 1.09298057e-07
7.948718e+00 4.478947e+00 1.331579e+00 2.18930385e-08
7.948718e+00 4.478947e+00 1.536842e+00 1.15780923e-08
7.948718e+00 4.478947e+00 1.742105e+00 1.00362358e-08
7.948718e+00 4.478947e+00 1.947368e+00 9.48585477e-09
7.948718e+00 4.478947e+00 2.152632e+00 9.01458197e-09
7.948718e+00 4.478947e+00 2.357895e+00 8.52839843e-09
7.948718e+00 4.478947e+00 2.563158e+00 8.02885758e-09
7.948718e+00 4.478947e+00 2.768421e+00 7.52519735e-09
7.948718e+00 4.478947e+00 2.973684e+00 7.02511960e-09
7.948718e+00 4.478947e+00 3.178947e+00 6.53438637e-09
7.948718e+00 4.478947e+00 3.384211e+00 6.05741546e-09
7.948718e+00 4.478947e+00 3.589474e+00 5.59766100e-09
7.948718e+00 4.478947e+00 3.794737e+00 5.15776399e-09
7.948718e+00 4.478947e+00 4.000000e+00 4.73964423e-09
7.948718e+00 4.739474e+00 1.000000e-01 4.15731698e-01
7.948718e+00 4.739474e+00 3.052632e-01 9.92654124e-04
7.948718e+00 4.739474e+00 5.105263e-01 3.77445576e-05
7.948718e+00 4.739474e+00 7.157895e-01 2.86175577e-06
7.948718e+00 4.739474e+00 9.210526e-01 2.77224103e-07
7.948718e+00 4.739474e+00 1.126316e+00 3.27403953e-08
7.948718e+00 4.739474e+00 1.331579e+00 6.48856702e-09
7.948718e+00 4.739474e+00 1.536842e+00 3.39208683e-09
7.948718e+00 4.739474e+00 1.742105e+00 2.93160052e-09
7.948718e+00 4.739474e+00 1.947368e+00 2.76968182e-09
7.948718e+00 4.739474e+00 2.152632e+00 2.63198796e-09
7.948718e+00 4.739474e+00 2.357895e+00 2.49006504e-09
7.948718e+00 4.739474e+00 2.563158e+00 2.34422326e-09
7.948718e+00 4.739474e+00 2.768421e+00 2.19719376e-09
7.948718e+00 4.739474e+00 2.973684e+00 2.05118655e-09
7.948718e+00 4.739474e+00 3.178947e+00 1.90790495e-09
7.948718e+00 4.739474e+00 3.384211e+00 1.76864545e-09
7.948718e+00 4.739474e+00 3.589474e+00 1.63441261e-09
7.948718e+00 4.739474e+00 3.794737e+00 1.50597312e-09
7.948718e+00 4.739474e+00 4.000000e+00 1.38389322e-09
7.948718e+00 5.000000e+00 1.000000e-01 1.16900817e-01
7.948718e+00 5.000000e+00 3.052632e-01 2.79018917e-04
7.948718e+00 5.000000e+00 5.105263e-01 1.06042753e-05
7.948718e+00 5.000000e+00 7.157895e-01 8.03763783e-07
7.948718e+00 5.000000e+00 9.210526e-01 7.78330858e-08
7.948718e+00 5.000000e+00 1.126316e+00 9.17589560e-09
7.948718e+00 5.000000e+00 1.331579e+00 1.80452309e-09
7.948718e+00 5.000000e+00 1.536842e+00 9.35367339e-10
7.948718e+00 5.000000e+00 1.742105e+00 8.06588907e-10
7.948718e+00 5.000000e+00 1.947368e+00 7.61800123e-10
7.948718e+00 5.000000e+00 2.152632e+00 7.23907878e-10
7.948718e+00 5.000000e+00 2.357895e+00 6.84877932e-10
7.948718e+00 5.000000e+00 2.563158e+00 6.44770126e-10
7.948718e+00 5.000000e+00 2.768421e+00 6.04332140e-10
7.948718e+00 5.000000e+00 2.973684e+00 5.64175928e-10
7.948718e+00 5.000000e+00 3.178947e+00 5.24767840e-10
7.948718e+00 5.000000e+00 3.384211e+00 4.86465312e-10
7.948718e+00 5.000000e+00 3.589474e+00 4.49545012e-10
7.948718e+00 5.000000e+00 3.794737e+00 4.14219326e-10
7.948718e+00 5.000000e+00 4.000000e+00 3.80641824e-10
8.205129e+00 5.000000e-02 1.000000e-01 3.14358301e+04
8.205129e+00 5.000000e-02 3.052632e-01 7.98119965e+01
8.205129e+00 5.000000e-02 5.105263e-01 3.27173901e+00
8.205129e+00 5.000000e-02 7.157895e-01 2.73517907e-01
8.205129e+00 5.000000e-02 9.210526e-01 3.54337096e-02
8.205129e+00 5.000000e-02 1.126316e+00 1.17666200e-02
8.205129e+00 5.000000e-02 1.331579e+00 9.08799097e-03
8.205129e+00 5.000000e-02 1.536842e+00 8.56723264e-03
8.205129e+00 5.000000e-02 1.742105e+00 8.22205376e-03
8.205129e+00 5.000000e-02 1.947368e+00 7.86198862e-03
8.205129e+00 5.000000e-02 2.152632e+00 7.48163555e-03
8.205129e+00 5.000000e-02 2.357895e+00 7.08895689e-03
8.205129e+00 5.000000e-02 2.563158e+00 6.68999879e-03
8.205129e+00 5.000000e-02 2.768421e+00 6.28970098e-03
8.205129e+00 5.000000e-02 2.973684e+00 5.89208817e-03
8.205129e+00 5.000000e-02 3.178947e+00 5.50073711e-03
8.205129e+00 5.000000e-02 3.384211e+00 5.11883246e-03
8.205129e+00 5.000000e-02 3.589474e+00 4.74905921e-03
8.205129e+00 5.000000e-02 3.794737e+00 4.39346349e-03
8.205129e+00 5.000000e-02 4.000000e+00 4.05384693e-03
8.205129e+00 3.105263e-01 1.000000e-01 2.99920195e+04
8.205129e+00 3.105263e-01 3.052632e-01 7.60714188e+01
8.205129e+00 3.105263e-01 5.105263e-01 3.11399889e+00
8.205129e+00 3.105263e-01 7.157895e-01 2.56962389e-01
8.205129e+00 3.105263e-01 9.210526e-01 2.94199120e-02
8.205129e+00 3.105263e-01 1.126316e+00 6.64943410e-03
8.205129e+00 3.105263e-01 1.331579e+00 4.12906613e-03
8.205129e+00 3.105263e-01 1.536842e+00 3.76469363e-03
8.205129e+00 3.105263e-01 1.742105e+00 3.60658858e-03
8.205129e+00 3.105263e-01 1.947368e+00 3.45154223e-03
8.205129e+00 3.105263e-01 2.152632e+00 3.28630162e-03
8.205129e+00 3.105263e-01 2.357895e+00 3.11453943e-03
8.205129e+00 3.105263e-01 2.563158e+00 2.93957628e-03
8.205129e+00 3.105263e-01 2.768421e+00 2.76385481e-03
8.205129e+00 3.105263e-01 2.973684e+00 2.58926209e-03
8.205129e+00 3.105263e-01 3.178947e+00 2.41739256e-03
8.205129e+00 3.105263e-01 3.384211e+00 2.24968884e-03
8.205129e+00 3.105263e-01 3.589474e+00 2.08726153e-03
8.205129e+00 3.105263e-01 3.794737e+00 1.93108653e-03
8.205129e+00 3.105263e-01 4.000000e+00 1.78189378e-03
8.205129e+00 5.710526e-01 1.000000e-01 2.67353438e+04
8.205129e+00 5.710526e-01 3.052632e-01 6.76670990e+01
8.205129e+00 5.710526e-01 5.105263e-01 2.76279759e+00
8.205129e+00 5.710526e-01 7.157895e-01 2.26881221e-01
8.205129e+00 5.710526e-01 9.210526e-01 2.48976033e-02
8.205129e+00 5.710526e-01 1.126316e+00 4.62462427e-03
8.205129e+00 5.710526e-01 1.331579e+00 2.38567148e-03
8.205129e+00 5.710526e-01 1.536842e+00 2.09411187e-03
8.205129e+00 5.710526e-01 1.742105e+00 2.00013770e-03
8.205129e+00 5.710526e-01 1.947368e+00 1.91517349e-03
8.205129e+00 5.710526e-01 2.152632e+00 1.82428758e-03
8.205129e+00 5.710526e-01 2.357895e+00 1.72929326e-03
8.205129e+00 5.710526e-01 2.563158e+00 1.63230556e-03
8.205129e+00 5.710526e-01 2.768421e+00 1.53480656e-03
8.205129e+00 5.710526e-01 2.973684e+00 1.43790443e-03
8.205129e+00 5.710526e-01 3.178947e+00 1.34251919e-03
8.205129e+00 5.710526e-01 3.384211e+00 1.24942430e-03
8.205129e+00 5.710526e-01 3.589474e+00 1.15926052e-03
8.205129e+00 5.710526e-01 3.794737e+00 1.07255951e-03
8.205129e+00 5.710526e-01 4.000000e+00 9.89721389e-04
8.205129e+00 8.315790e-01 1.000000e-01 2.22673398e+04
8.205129e+00 8.315790e-01 3.052632e-01 5.61853676e+01
8.205129e+00 8.315790e-01 5.105263e-01 2.28543139e+00
8.205129e+00 8.315790e-01 7.157895e-01 1.87025383e-01
8.205129e+00 8.315790e-01 9.210526e-01 2.00781729e-02
8.205129e+00 8.315790e-01 1.126316e+00 3.29441694e-03
8.205129e+00 8.315790e-01 1.331579e+00 1.43796729e-03
8.205129e+00 8.315790e-01 1.536842e+00 1.20764889e-03
8.205129e+00 8.315790e-01 1.742105e+00 1.14834402e-03
8.205129e+00 8.315790e-01 1.947368e+00 1.09985587e-03
8.205129e+00 8.315790e-01 2.152632e+00 1.04806537e-03
8.205129e+00 8.315790e-01 2.357895e+00 9.93675203e-04
8.205129e+00 8.315790e-01 2.563158e+00 9.38027515e-04
8.205129e+00 8.315790e-01 2.768421e+00 8.82038265e-04
8.205129e+00 8.315790e-01 2.973684e+00 8.26377422e-04
8.205129e+00 8.315790e-01 3.178947e+00 7.71581195e-04
8.205129e+00 8.315790e-01 3.384211e+00 7.18094409e-04
8.205129e+00 8.315790e-01 3.589474e+00 6.66293956e-04
8.205129e+00 8.315790e-01 3.794737e+00 6.16478501e-04
8.205129e+00 8.315790e-01 4.000000e+00 5.68881922e-04
8.205129e+00 1.092105e+00 1.000000e-01 1.73284102e+04
8.205129e+00 1.092105e+00 3.052632e-01 4.35586815e+01
8.205129e+00 1.092105e+00 5.105263e-01 1.76362693e+00
8.205129e+00 1.092105e+00 7.157895e-01 1.43859148e-01
8.205129e+00 1.092105e+00 9.210526e-01 1.52389901e-02
8.205129e+00 1.092105e+00 1.126316e+00 2.29880027e-03
8.205129e+00 1.092105e+00 1.331579e+00 8.64137779e-04
8.205129e+00 1.092105e+00 1.536842e+00 6.90411252e-04
8.205129e+00 1.092105e+00 1.742105e+00 6.52641640e-04
8.205129e+00 1.092105e+00 1.947368e+00 6.25088695e-04
8.205129e+00 1.092105e+00 2.152632e+00 5.95843943e-04
8.205129e+00 1.092105e+00 2.357895e+00 5.65020484e-04
8.205129e+00 1.092105e+00 2.563158e+00 5.33420534e-04
8.205129e+00 1.092105e+00 2.768421e+00 5.01603761e-04
8.205129e+00 1.092105e+00 2.973684e+00 4.69963910e-04
8.205129e+00 1.092105e+00 3.178947e+00 4.38811810e-04
8.205129e+00 1.092105e+00 3.384211e+00 4.08402353e-04
8.205129e+00 1.092105e+00 3.589474e+00 3.78950237e-04
8.205129e+00 1.092105e+00 3.794737e+00 3.50625865e-04
8.205129e+00 1.092105e+00 4.000000e+00 3.23562592e-04
8.205129e+00 1.352632e+00 1.000000e-01 1.25997686e+04
8.205129e+00 1.352632e+00 3.052632e-01 3.15391293e+01
8.205129e+00 1.352632e+00 5.105263e-01 1.27032351e+00
8.205129e+00 1.352632e+00 7.157895e-01 1.03288241e-01
8.205129e+00 1.352632e+00 9.210526e-01 1.08433347e-02
8.205129e+00 1.352632e+00 1.126316e+00 1.54172059e-03
8.205129e+00 1.352632e+00 1.331579e+00 5.08136058e-04
8.205129e+00 1.352632e+00 1.536842e+00 3.84519837e-04
8.205129e+00 1.352632e+00 1.742105e+00 3.60834179e-04
8.205129e+00 1.352632e+00 1.947368e+00 3.45510285e-04
8.205129e+00 1.352632e+00 2.152632e+00 3.29433446e-04
8.205129e+00 1.352632e+00 2.357895e+00 3.12443182e-04
8.205129e+00 1.352632e+00 2.563158e+00 2.94990605e-04
8.205129e+00 1.352632e+00 2.768421e+00 2.77405081e-04
8.205129e+00 1.352632e+00 2.973684e+00 2.59913038e-04
8.205129e+00 1.352632e+00 3.178947e+00 2.42689974e-04
8.205129e+00 1.352632e+00 3.384211e+00 2.25876327e-04
8.205129e+00 1.352632e+00 3.589474e+00 2.09591046e-04
8.205129e+00 1.352632e+00 3.794737e+00 1.93928703e-04
8.205129e+00 1.352632e+00 4.000000e+00 1.78963382e-04
8.205129e+00 1.613158e+00 1.000000e-01 8.56022168e+03
8.205129e+00 1.613158e+00 3.052632e-01 2.13333416e+01
8.205129e+00 1.613158e+00 5.105263e-01 8.54532957e-01
8.205129e+00 1.613158e+00 7.157895e-01 6.92581460e-02
8.205129e+00 1.613158e+00 9.210526e-01 7.22359307e-03
8.205129e+00 1.613158e+00 1.126316e+00 9.83981183e-04
8.205129e+00 1.613158e+00 1.331579e+00 2.89321906e-04
8.205129e+00 1.613158e+00 1.536842e+00 2.06763230e-04
8.205129e+00 1.613158e+00 1.742105e+00 1.92362597e-04
8.205129e+00 1.613158e+00 1.947368e+00 1.84099059e-04
8.205129e+00 1.613158e+00 2.152632e+00 1.75570167e-04
8.205129e+00 1.613158e+00 2.357895e+00 1.66539830e-04
8.205129e+00 1.613158e+00 2.563158e+00 1.57248884e-04
8.205129e+00 1.613158e+00 2.768421e+00 1.47879851e-04
8.205129e+00 1.613158e+00 2.973684e+00 1.38558200e-04
8.205129e+00 1.613158e+00 3.178947e+00 1.29378372e-04
8.205129e+00 1.613158e+00 3.384211e+00 1.20417099e-04
8.205129e+00 1.613158e+00 3.589474e+00 1.11737092e-04
8.205129e+00 1.613158e+00 3.794737e+00 1.03388855e-04
8.205129e+00 1.613158e+00 4.000000e+00 9.54116476e-05
8.205129e+00 1.873684e+00 1.000000e-01 5.43413867e+03
8.205129e+00 1.873684e+00 3.052632e-01 1.34833155e+01
8.205129e+00 1.873684e+00 5.105263e-01 5.37103534e-01
8.205129e+00 1.873684e+00 7.157895e-01 4.33939733e-02
8.205129e+00 1.873684e+00 9.210526e-01 4.50351276e-03
8.205129e+00 1.873684e+00 1.126316e+00 5.94294979e-04
8.205129e+00 1.873684e+00 1.331579e+00 1.58420982e-04
8.205129e+00 1.873684e+00 1.536842e+00 1.06777203e-04
8.205129e+00 1.873684e+00 1.742105e+00 9.83768477e-05
8.205129e+00 1.873684e+00 1.947368e+00 9.40815662e-05
8.205129e+00 1.873684e+00 2.152632e+00 8.97379941e-05
8.205129e+00 1.873684e+00 2.357895e+00 8.51333753e-05
8.205129e+00 1.873684e+00 2.563158e+00 8.03891162e-05
8.205129e+00 1.873684e+00 2.768421e+00 7.56020017e-05
8.205129e+00 1.873684e+00 2.973684e+00 7.08377629e-05
8.205129e+00 1.873684e+00 3.178947e+00 6.61455779e-05
8.205129e+00 1.873684e+00 3.384211e+00 6.15650060e-05
8.205129e+00 1.873684e+00 3.589474e+00 5.71279925e-05
8.205129e+00 1.873684e+00 3.794737e+00 5.28604833e-05
8.205129e+00 1.873684e+00 4.000000e+00 4.87824873e-05
8.205129e+00 2.134211e+00 1.000000e-01 3.22331665e+03
8.205129e+00 2.134211e+00 3.052632e-01 7.96417379e+00
8.205129e+00 2.134211e+00 5.105263e-01 3.15553814e-01
8.205129e+00 2.134211e+00 7.157895e-01 2.54175011e-02
8.205129e+00 2.134211e+00 9.210526e-01 2.62749428e-03
8.205129e+00 2.134211e+00 1.126316e+00 3.38527519e-04
8.205129e+00 2.134211e+00 1.331579e+00 8.30136341e-05
8.205129e+00 2.134211e+00 1.536842e+00 5.27814263e-05
8.205129e+00 2.134211e+00 1.742105e+00 4.81135248e-05
8.205129e+00 2.134211e+00 1.947368e+00 4.59701732e-05
8.205129e+00 2.134211e+00 2.152632e+00 4.38530806e-05
8.205129e+00 2.134211e+00 2.357895e+00 4.16078801e-05
8.205129e+00 2.134211e+00 2.563158e+00 3.92915790e-05
8.205129e+00 2.134211e+00 2.768421e+00 3.69528534e-05
8.205129e+00 2.134211e+00 2.973684e+00 3.46248162e-05
8.205129e+00 2.134211e+00 3.178947e+00 3.23317763e-05
8.205129e+00 2.134211e+00 3.384211e+00 3.00931497e-05
8.205129e+00 2.134211e+00 3.589474e+00 2.79246087e-05
8.205129e+00 2.134211e+00 3.794737e+00 2.58389227e-05
8.205129e+00 2.134211e+00 4.000000e+00 2.38457960e-05
8.205129e+00 2.394737e+00 1.000000e-01 1.78650903e+03
8.205129e+00 2.394737e+00 3.052632e-01 4.39691257e+00
8.205129e+00 2.394737e+00 5.105263e-01 1.73342645e-01
8.205129e+00 2.394737e+00 7.157895e-01 1.39232958e-02
8.205129e+00 2.394737e+00 9.210526e-01 1.43470720e-03
8.205129e+00 2.394737e+00 1.126316e+00 1.81492636e-04
8.205129e+00 2.394737e+00 1.331579e+00 4.14769165e-05
8.205129e+00 2.394737e+00 1.536842e+00 2.49178502e-05
8.205129e+00 2.394737e+00 1.742105e+00 2.24593623e-05
8.205129e+00 2.394737e+00 1.947368e+00 2.14356460e-05
8.205129e+00 2.394737e+00 2.152632e+00 2.04500448e-05
8.205129e+00 2.394737e+00 2.357895e+00 1.94051281e-05
8.205129e+00 2.394737e+00 2.563158e+00 1.83258871e-05
8.205129e+00 2.394737e+00 2.768421e+00 1.72356013e-05
8.205129e+00 2.394737e+00 2.973684e+00 1.61500138e-05
8.205129e+00 2.394737e+00 3.178947e+00 1.50806363e-05
8.205129e+00 2.394737e+00 3.384211e+00 1.40366310e-05
8.205129e+00 2.394737e+00 3.589474e+00 1.30252438e-05
8.205129e+00 2.394737e+00 3.794737e+00 1.20525092e-05
8.205129e+00 2.394737e+00 4.000000e+00 1.11229620e-05
8.205129e+00 2.655263e+00 1.000000e-01 9.25205811e+02
8.205129e+00 2.655263e+00 3.052632e-01 2.26911402e+00
8.205129e+00 2.655263e+00 5.105263e-01 8.90517160e-02
8.205129e+00 2.655263e+00 7.157895e-01 7.13461917e-03
8.205129e+00 2.655263e+00 9.210526e-01 7.33256980e-04
8.205129e+00 2.655263e+00 1.126316e+00 9.14540215e-05
8.205129e+00 2.655263e+00 1.331579e+00 1.97028367e-05
8.205129e+00 2.655263e+00 1.536842e+00 1.12170756e-05
8.205129e+00 2.655263e+00 1.742105e+00 9.99396798e-06
8.205129e+00 2.655263e+00 1.947368e+00 9.52708342e-06
8.205129e+00 2.655263e+00 2.152632e+00 9.08944821e-06
8.205129e+00 2.655263e+00 2.357895e+00 8.62588149e-06
8.205129e+00 2.655263e+00 2.563158e+00 8.14655868e-06
8.205129e+00 2.655263e+00 2.768421e+00 7.66208268e-06
8.205129e+00 2.655263e+00 2.973684e+00 7.17959256e-06
8.205129e+00 2.655263e+00 3.178947e+00 6.70428017e-06
8.205129e+00 2.655263e+00 3.384211e+00 6.24020367e-06
8.205129e+00 2.655263e+00 3.589474e+00 5.79062589e-06
8.205129e+00 2.655263e+00 3.794737e+00 5.35822528e-06
8.205129e+00 2.655263e+00 4.000000e+00 4.94501046e-06
8.205129e+00 2.915789e+00 1.000000e-01 4.47717560e+02
8.205129e+00 2.915789e+00 3.052632e-01 1.09468174e+00
8.205129e+00 2.915789e+00 5.105263e-01 4.27895337e-02
8.205129e+00 2.915789e+00 7.157895e-01 3.42048542e-03
8.205129e+00 2.915789e+00 9.210526e-01 3.50786344e-04
8.205129e+00 2.915789e+00 1.126316e+00 4.32723900e-05
8.205129e+00 2.915789e+00 1.331579e+00 8.87758688e-06
8.205129e+00 2.915789e+00 1.536842e+00 4.80893050e-06
8.205129e+00 2.915789e+00 1.742105e+00 4.23554548e-06
8.205129e+00 2.915789e+00 1.947368e+00 4.03264858e-06
8.205129e+00 2.915789e+00 2.152632e+00 3.84750956e-06
8.205129e+00 2.915789e+00 2.357895e+00 3.65158644e-06
8.205129e+00 2.915789e+00 2.563158e+00 3.44884188e-06
8.205129e+00 2.915789e+00 2.768421e+00 3.24381972e-06
8.205129e+00 2.915789e+00 2.973684e+00 3.03959405e-06
8.205129e+00 2.915789e+00 3.178947e+00 2.83838335e-06
8.205129e+00 2.915789e+00 3.384211e+00 2.64192727e-06
8.205129e+00 2.915789e+00 3.589474e+00 2.45161709e-06
8.205129e+00 2.915789e+00 3.794737e+00 2.26856037e-06
8.205129e+00 2.915789e+00 4.000000e+00 2.09362770e-06
8.205129e+00 3.176316e+00 1.000000e-01 2.02442551e+02
8.205129e+00 3.176316e+00 3.052632e-01 4.93682951e-01
8.205129e+00 3.176316e+00 5.105263e-01 1.92313418e-02
8.205129e+00 3.176316e+00 7.157895e-01 1.53432786e-03
8.205129e+00 3.176316e+00 9.210526e-01 1.57077899e-04
8.205129e+00 3.176316e+00 1.126316e+00 1.92116895e-05
8.205129e+00 3.176316e+00 1.331579e+00 3.78647655e-06
8.205129e+00 3.176316e+00 1.536842e+00 1.96123437e-06
8.205129e+00 3.176316e+00 1.742105e+00 1.70838393e-06
8.205129e+00 3.176316e+00 1.947368e+00 1.62451511e-06
8.205129e+00 3.176316e+00 2.152632e+00 1.54994905e-06
8.205129e+00 3.176316e+00 2.357895e+00 1.47113292e-06
8.205129e+00 3.176316e+00 2.563158e+00 1.38951236e-06
8.205129e+00 3.176316e+00 2.768421e+00 1.30693650e-06
8.205129e+00 3.176316e+00 2.973684e+00 1.22466929e-06
8.205129e+00 3.176316e+00 3.178947e+00 1.14360921e-06
8.205129e+00 3.176316e+00 3.384211e+00 1.06446510e-06
8.205129e+00 3.176316e+00 3.589474e+00 9.87792305e-07
8.205129e+00 3.176316e+00 3.794737e+00 9.14044051e-07
8.205129e+00 3.176316e+00 4.000000e+00 8.43564862e-07
8.205129e+00 3.436842e+00 1.000000e-01 8.55326538e+01
8.205129e+00 3.436842e+00 3.052632e-01 2.08128855e-01
8.205129e+00 3.436842e+00 5.105263e-01 8.08443502e-03
8.205129e+00 3.436842e+00 7.157895e-01 6.43953506e-04
8.205129e+00 3.436842e+00 9.210526e-01 6.58324789e-05
8.205129e+00 3.436842e+00 1.126316e+00 7.99844292e-06
8.205129e+00 3.436842e+00 1.331579e+00 1.52610050e-06
8.205129e+00 3.436842e+00 1.536842e+00 7.60004468e-07
8.205129e+00 3.436842e+00 1.742105e+00 6.55251483e-07
8.205129e+00 3.436842e+00 1.947368e+00 6.22340735e-07
8.205129e+00 3.436842e+00 2.152632e+00 5.93769414e-07
8.205129e+00 3.436842e+00 2.357895e+00 5.63614378e-07
8.205129e+00 3.436842e+00 2.563158e+00 5.32365220e-07
8.205129e+00 3.436842e+00 2.768421e+00 5.00737940e-07
8.205129e+00 3.436842e+00 2.973684e+00 4.69221931e-07
8.205129e+00 3.436842e+00 3.178947e+00 4.38169536e-07
8.205129e+00 3.436842e+00 3.384211e+00 4.07847580e-07
8.205129e+00 3.436842e+00 3.589474e+00 3.78472635e-07
8.205129e+00 3.436842e+00 3.794737e+00 3.50217476e-07
8.205129e+00 3.436842e+00 4.000000e+00 3.23215858e-07
8.205129e+00 3.697368e+00 1.000000e-01 3.37670975e+01
8.205129e+00 3.697368e+00 3.052632e-01 8.20213258e-02
8.205129e+00 3.697368e+00 5.105263e-01 3.17856786e-03
8.205129e+00 3.697368e+00 7.157895e-01 2.52848782e-04
8.205129e+00 3.697368e+00 9.210526e-01 2.58202890e-05
8.205129e+00 3.697368e+00 1.126316e+00 3.12105226e-06
8.205129e+00 3.697368e+00 1.331579e+00 5.80293715e-07
8.205129e+00 3.697368e+00 1.536842e+00 2.79470100e-07
8.205129e+00 3.697368e+00 1.742105e+00 2.38742189e-07
8.205129e+00 3.697368e+00 1.947368e+00 2.26502749e-07
8.205129e+00 3.697368e+00 2.152632e+00 2.16101299e-07
8.205129e+00 3.697368e+00 2.357895e+00 2.05138321e-07
8.205129e+00 3.697368e+00 2.563158e+00 1.93770859e-07
8.205129e+00 3.697368e+00 2.768421e+00 1.82262198e-07
8.205129e+00 3.697368e+00 2.973684e+00 1.70792788e-07
8.205129e+00 3.697368e+00 3.178947e+00 1.59490611e-07
8.205129e+00 3.697368e+00 3.384211e+00 1.48454575e-07
8.205129e+00 3.697368e+00 3.589474e+00 1.37762740e-07
8.205129e+00 3.697368e+00 3.794737e+00 1.27478842e-07
8.205129e+00 3.697368e+00 4.000000e+00 1.17650650e-07
8.205129e+00 3.957895e+00 1.000000e-01 1.24562111e+01
8.205129e+00 3.957895e+00 3.052632e-01 3.02142091e-02
8.205129e+00 3.957895e+00 5.105263e-01 1.16872217e-03
8.205129e+00 3.957895e+00 7.157895e-01 9.28715526e-05
8.205129e+00 3.957895e+00 9.210526e-01 9.47553690e-06
8.205129e+00 3.957895e+00 1.126316e+00 1.14089164e-06
8.205129e+00 3.957895e+00 1.331579e+00 2.07867259e-07
8.205129e+00 3.957895e+00 1.536842e+00 9.73714549e-08
8.205129e+00 3.957895e+00 1.742105e+00 8.25232007e-08
8.205129e+00 3.957895e+00 1.947368e+00 7.82173828e-08
8.205129e+00 3.957895e+00 2.152632e+00 7.46243671e-08
8.205129e+00 3.957895e+00 2.357895e+00 7.08418924e-08
8.205129e+00 3.957895e+00 2.563158e+00 6.69181333e-08
8.205129e+00 3.957895e+00 2.768421e+00 6.29444941e-08
8.205129e+00 3.957895e+00 2.973684e+00 5.89840710e-08
8.205129e+00 3.957895e+00 3.178947e+00 5.50810952e-08
8.205129e+00 3.957895e+00 3.384211e+00 5.12699820e-08
8.205129e+00 3.957895e+00 3.589474e+00 4.75776858e-08
8.205129e+00 3.957895e+00 3.794737e+00 4.40261694e-08
8.205129e+00 3.957895e+00 4.000000e+00 4.06321092e-08
8.205129e+00 4.218421e+00 1.000000e-01 4.29346466e+00
8.205129e+00 4.218421e+00 3.052632e-01 1.04031162e-02
8.205129e+00 4.218421e+00 5.105263e-01 4.01827390e-04
8.205129e+00 4.218421e+00 7.157895e-01 3.19047322e-05
8.205129e+00 4.218421e+00 9.210526e-01 3.25301744e-06
8.205129e+00 4.218421e+00 1.126316e+00 3.90522047e-07
8.205129e+00 4.218421e+00 1.331579e+00 7.00512004e-08
8.205129e+00 4.218421e+00 1.536842e+00 3.20910232e-08
8.205129e+00 4.218421e+00 1.742105e+00 2.70183538e-08
8.205129e+00 4.218421e+00 1.947368e+00 2.55878323e-08
8.205129e+00 4.218421e+00 2.152632e+00 2.44119995e-08
8.205129e+00 4.218421e+00 2.357895e+00 2.31755095e-08
8.205129e+00 4.218421e+00 2.563158e+00 2.18924097e-08
8.205129e+00 4.218421e+00 2.768421e+00 2.05927133e-08
8.205129e+00 4.218421e+00 2.973684e+00 1.92971079e-08
8.205129e+00 4.218421e+00 3.178947e+00 1.80203159e-08
8.205129e+00 4.218421e+00 3.384211e+00 1.67735035e-08
8.205129e+00 4.218421e+00 3.589474e+00 1.55655844e-08
8.205129e+00 4.218421e+00 3.794737e+00 1.44037209e-08
8.205129e+00 4.218421e+00 4.000000e+00 1.32933522e-08
8.205129e+00 4.478947e+00 1.000000e-01 1.38279617e+00
8.205129e+00 4.478947e+00 3.052632e-01 3.34779616e-03
8.205129e+00 4.478947e+00 5.105263e-01 1.29170483e-04
8.205129e+00 4.478947e+00 7.157895e-01 1.02496588e-05
8.205129e+00 4.478947e+00 9.210526e-01 1.04453375e-06
8.205129e+00 4.478947e+00 1.126316e+00 1.25121275e-07
8.205129e+00 4.478947e+00 1.331579e+00 2.21816983e-08
8.205129e+00 4.478947e+00 1.536842e+00 9.98654226e-09
8.205129e+00 4.478947e+00 1.742105e+00 8.36360226e-09
8.205129e+00 4.478947e+00 1.947368e+00 7.91556154e-09
8.205129e+00 4.478947e+00 2.152632e+00 7.55169172e-09
8.205129e+00 4.478947e+00 2.357895e+00 7.16943527e-09
8.205129e+00 4.478947e+00 2.563158e+00 6.77261580e-09
8.205129e+00 4.478947e+00 2.768421e+00 6.37058672e-09
8.205129e+00 4.478947e+00 2.973684e+00 5.96981309e-09
8.205129e+00 4.478947e+00 3.178947e+00 5.57484503e-09
8.205129e+00 4.478947e+00 3.384211e+00 5.18913845e-09
8.205129e+00 4.478947e+00 3.589474e+00 4.81547291e-09
8.205129e+00 4.478947e+00 3.794737e+00 4.45603954e-09
8.205129e+00 4.478947e+00 4.000000e+00 4.11253698e-09
8.205129e+00 4.739474e+00 1.000000e-01 4.16135818e-01
8.205129e+00 4.739474e+00 3.052632e-01 1.00687216e-03
8.205129e+00 4.739474e+00 5.105263e-01 3.88177468e-05
8.205129e+00 4.739474e+00 7.157895e-01 3.07877235e-06
8.205129e+00 4.739474e+00 9.210526e-01 3.13638964e-07
8.205129e+00 4.739474e+00 1.126316e+00 3.75098246e-08
8.205129e+00 4.739474e+00 1.331579e+00 6.59237420e-09
8.205129e+00 4.739474e+00 1.536842e+00 2.92918623e-09
8.205129e+00 4.739474e+00 1.742105e+00 2.44314435e-09
8.205129e+00 4.739474e+00 1.947368e+00 2.31107578e-09
8.205129e+00 4.739474e+00 2.152632e+00 2.20481322e-09
8.205129e+00 4.739474e+00 2.357895e+00 2.09325579e-09
8.205129e+00 4.739474e+00 2.563158e+00 1.97743044e-09
8.205129e+00 4.739474e+00 2.768421e+00 1.86006077e-09
8.205129e+00 4.739474e+00 2.973684e+00 1.74305015e-09
8.205129e+00 4.739474e+00 3.178947e+00 1.62773106e-09
8.205129e+00 4.739474e+00 3.384211e+00 1.51511648e-09
8.205129e+00 4.739474e+00 3.589474e+00 1.40601908e-09
8.205129e+00 4.739474e+00 3.794737e+00 1.30107303e-09
8.205129e+00 4.739474e+00 4.000000e+00 1.20077903e-09
8.205129e+00 5.000000e+00 1.000000e-01 1.17014356e-01
8.205129e+00 5.000000e+00 3.052632e-01 2.83002591e-04
8.205129e+00 5.000000e+00 5.105263e-01 1.09042312e-05
8.205129e+00 5.000000e+00 7.157895e-01 8.64566630e-07
8.205129e+00 5.000000e+00 9.210526e-01 8.80512800e-08
8.205129e+00 5.000000e+00 1.126316e+00 1.05185078e-08
8.205129e+00 5.000000e+00 1.331579e+00 1.83710347e-09
8.205129e+00 5.000000e+00 1.536842e+00 8.08419220e-10
8.205129e+00 5.000000e+00 1.742105e+00 6.72220113e-10
8.205129e+00 5.000000e+00 1.947368e+00 6.35638375e-10
8.205129e+00 5.000000e+00 2.152632e+00 6.06406148e-10
8.205129e+00 5.000000e+00 2.357895e+00 5.75733294e-10
8.205129e+00 5.000000e+00 2.563158e+00 5.43881218e-10
8.205129e+00 5.000000e+00 2.768421e+00 5.11603482e-10
8.205129e+00 5.000000e+00 2.973684e+00 4.79421947e-10
8.205129e+00 5.000000e+00 3.178947e+00 4.47703818e-10
8.205129e+00 5.000000e+00 3.384211e+00 4.16730983e-10
8.205129e+00 5.000000e+00 3.589474e+00 3.86723265e-10
8.205129e+00 5.000000e+00 3.794737e+00 3.57858937e-10
8.205129e+00 5.000000e+00 4.000000e+00 3.30274141e-10
8.461538e+00 5.000000e-02 1.000000e-01 3.20638379e+04
8.461538e+00 5.000000e-02 3.052632e-01 8.43301926e+01
8.461538e+00 5.000000e-02 5.105263e-01 3.53485227e+00
8.461538e+00 5.000000e-02 7.157895e-01 3.11044246e-01
8.461538e+00 5.000000e-02 9.210526e-01 4.10015434e-02
8.461538e+00 5.000000e-02 1.126316e+00 1.18601685e-02
8.461538e+00 5.000000e-02 1.331579e+00 8.08453094e-03
8.461538e+00 5.000000e-02 1.536842e+00 7.31727807e-03
8.461538e+00 5.000000e-02 1.742105e+00 6.94015156e-03
8.461538e+00 5.000000e-02 1.947368e+00 6.61859894e-03
8.461538e+00 5.000000e-02 2.152632e+00 6.30352553e-03
8.461538e+00 5.000000e-02 2.357895e+00 5.98656898e-03
8.461538e+00 5.000000e-02 2.563158e+00 5.66680077e-03
8.461538e+00 5.000000e-02 2.768421e+00 5.34581905e-03
8.461538e+00 5.000000e-02 2.973684e+00 5.02597541e-03
8.461538e+00 5.000000e-02 3.178947e+00 4.70974203e-03
8.461538e+00 5.000000e-02 3.384211e+00 4.39972710e-03
8.461538e+00 5.000000e-02 3.589474e+00 4.09796275e-03
8.461538e+00 5.000000e-02 3.794737e+00 3.80633515e-03
8.461538e+00 5.000000e-02 4.000000e+00 3.52631882e-03
8.461538e+00 3.105263e-01 1.000000e-01 3.05910664e+04
8.461538e+00 3.105263e-01 3.052632e-01 8.03630676e+01
8.461538e+00 3.105263e-01 5.105263e-01 3.35971856e+00
8.461538e+00 3.105263e-01 7.157895e-01 2.91257828e-01
8.461538e+00 3.105263e-01 9.210526e-01 3.46173234e-02
8.461538e+00 3.105263e-01 1.126316e+00 7.16044288e-03
8.461538e+00 3.105263e-01 1.331579e+00 3.78932455e-03
8.461538e+00 3.105263e-01 1.536842e+00 3.24539375e-03
8.461538e+00 3.105263e-01 1.742105e+00 3.05456249e-03
8.461538e+00 3.105263e-01 1.947368e+00 2.90976046e-03
8.461538e+00 3.105263e-01 2.152632e+00 2.77041108e-03
8.461538e+00 3.105263e-01 2.357895e+00 2.63071526e-03
8.461538e+00 3.105263e-01 2.563158e+00 2.49001756e-03
8.461538e+00 3.105263e-01 2.768421e+00 2.34892685e-03
8.461538e+00 3.105263e-01 2.973684e+00 2.20841821e-03
8.461538e+00 3.105263e-01 3.178947e+00 2.06954731e-03
8.461538e+00 3.105263e-01 3.384211e+00 1.93338178e-03
8.461538e+00 3.105263e-01 3.589474e+00 1.80086854e-03
8.461538e+00 3.105263e-01 3.794737e+00 1.67279097e-03
8.461538e+00 3.105263e-01 4.000000e+00 1.54979166e-03
8.461538e+00 5.710526e-01 1.000000e-01 2.72689473e+04
8.461538e+00 5.710526e-01 3.052632e-01 7.14585800e+01
8.461538e+00 5.710526e-01 5.105263e-01 2.97704363e+00
8.461538e+00 5.710526e-01 7.157895e-01 2.56550968e-01
8.461538e+00 5.710526e-01 9.210526e-01 2.94050705e-02
8.461538e+00 5.710526e-01 1.126316e+00 5.17409574e-03
8.461538e+00 5.710526e-01 1.331579e+00 2.24964088e-03
8.461538e+00 5.710526e-01 1.536842e+00 1.82001840e-03
8.461538e+00 5.710526e-01 1.742105e+00 1.69870351e-03
8.461538e+00 5.710526e-01 1.947368e+00 1.61637890e-03
8.461538e+00 5.710526e-01 2.152632e+00 1.53863570e-03
8.461538e+00 5.710526e-01 2.357895e+00 1.46090228e-03
8.461538e+00 5.710526e-01 2.563158e+00 1.38271018e-03
8.461538e+00 5.710526e-01 2.768421e+00 1.30433077e-03
8.461538e+00 5.710526e-01 2.973684e+00 1.22631341e-03
8.461538e+00 5.710526e-01 3.178947e+00 1.14922877e-03
8.461538e+00 5.710526e-01 3.384211e+00 1.07365346e-03
8.461538e+00 5.710526e-01 3.589474e+00 1.00008771e-03
8.461538e+00 5.710526e-01 3.794737e+00 9.28995083e-04
8.461538e+00 5.710526e-01 4.000000e+00 8.60717671e-04
8.461538e+00 8.315790e-01 1.000000e-01 2.27112988e+04
8.461538e+00 8.315790e-01 3.052632e-01 5.93044014e+01
8.461538e+00 8.315790e-01 5.105263e-01 2.45910335e+00
8.461538e+00 8.315790e-01 7.157895e-01 2.10986063e-01
8.461538e+00 8.315790e-01 9.210526e-01 2.37170421e-02
8.461538e+00 8.315790e-01 1.126316e+00 3.77724366e-03
8.461538e+00 8.315790e-01 1.331579e+00 1.39071769e-03
8.461538e+00 8.315790e-01 1.536842e+00 1.05779408e-03
8.461538e+00 8.315790e-01 1.742105e+00 9.77702322e-04
8.461538e+00 8.315790e-01 1.947368e+00 9.29180649e-04
8.461538e+00 8.315790e-01 2.152632e+00 8.84319423e-04
8.461538e+00 8.315790e-01 2.357895e+00 8.39585497e-04
8.461538e+00 8.315790e-01 2.563158e+00 7.94615364e-04
8.461538e+00 8.315790e-01 2.768421e+00 7.49568513e-04
8.461538e+00 8.315790e-01 2.973684e+00 7.04737788e-04
8.461538e+00 8.315790e-01 3.178947e+00 6.60446123e-04
8.461538e+00 8.315790e-01 3.384211e+00 6.17026351e-04
8.461538e+00 8.315790e-01 3.589474e+00 5.74762817e-04
8.461538e+00 8.315790e-01 3.794737e+00 5.33918268e-04
8.461538e+00 8.315790e-01 4.000000e+00 4.94690437e-04
8.461538e+00 1.092105e+00 1.000000e-01 1.76734746e+04
8.461538e+00 1.092105e+00 3.052632e-01 4.59505234e+01
8.461538e+00 1.092105e+00 5.105263e-01 1.89462698e+00
8.461538e+00 1.092105e+00 7.157895e-01 1.61903679e-01
8.461538e+00 1.092105e+00 9.210526e-01 1.79780293e-02
8.461538e+00 1.092105e+00 1.126316e+00 2.67818873e-03
8.461538e+00 1.092105e+00 1.331579e+00 8.55715421e-04
8.461538e+00 1.092105e+00 1.536842e+00 6.09402545e-04
8.461538e+00 1.092105e+00 1.742105e+00 5.56938583e-04
8.461538e+00 1.092105e+00 1.947368e+00 5.28546865e-04
8.461538e+00 1.092105e+00 2.152632e+00 5.02937939e-04
8.461538e+00 1.092105e+00 2.357895e+00 4.77471156e-04
8.461538e+00 1.092105e+00 2.563158e+00 4.51883039e-04
8.461538e+00 1.092105e+00 2.768421e+00 4.26262210e-04
8.461538e+00 1.092105e+00 2.973684e+00 4.00768506e-04
8.461538e+00 1.092105e+00 3.178947e+00 3.75587726e-04
8.461538e+00 1.092105e+00 3.384211e+00 3.50899354e-04
8.461538e+00 1.092105e+00 3.589474e+00 3.26872367e-04
8.461538e+00 1.092105e+00 3.794737e+00 3.03648587e-04
8.461538e+00 1.092105e+00 4.000000e+00 2.81344692e-04
8.461538e+00 1.352632e+00 1.000000e-01 1.28503389e+04
8.461538e+00 1.352632e+00 3.052632e-01 3.32507439e+01
8.461538e+00 1.352632e+00 5.105263e-01 1.36240411e+00
8.461538e+00 1.352632e+00 7.157895e-01 1.15968525e-01
8.461538e+00 1.352632e+00 9.210526e-01 1.27681112e-02
8.461538e+00 1.352632e+00 1.126316e+00 1.81500299e-03
8.461538e+00 1.352632e+00 1.331579e+00 5.14243089e-04
8.461538e+00 1.352632e+00 1.536842e+00 3.42012616e-04
8.461538e+00 1.352632e+00 1.742105e+00 3.08588380e-04
8.461538e+00 1.352632e+00 1.947368e+00 2.92378478e-04
8.461538e+00 1.352632e+00 2.152632e+00 2.78159452e-04
8.461538e+00 1.352632e+00 2.357895e+00 2.64064467e-04
8.461538e+00 1.352632e+00 2.563158e+00 2.49908539e-04
8.461538e+00 1.352632e+00 2.768421e+00 2.35736574e-04
8.461538e+00 1.352632e+00 2.973684e+00 2.21638125e-04
8.461538e+00 1.352632e+00 3.178947e+00 2.07713470e-04
8.461538e+00 1.352632e+00 3.384211e+00 1.94063687e-04
8.461538e+00 1.352632e+00 3.589474e+00 1.80778457e-04
8.461538e+00 1.352632e+00 3.794737e+00 1.67937076e-04
8.461538e+00 1.352632e+00 4.000000e+00 1.55603862e-04
8.461538e+00 1.613158e+00 1.000000e-01 8.73023730e+03
8.461538e+00 1.613158e+00 3.052632e-01 2.24773331e+01
8.461538e+00 1.613158e+00 5.105263e-01 9.14936721e-01
8.461538e+00 1.613158e+00 7.157895e-01 7.75812417e-02
8.461538e+00 1.613158e+00 9.210526e-01 8.48771352e-03
8.461538e+00 1.613158e+00 1.126316e+00 1.16627221e-03
8.461538e+00 1.613158e+00 1.331579e+00 2.98623898e-04
8.461538e+00 1.613158e+00 1.536842e+00 1.85320619e-04
8.461538e+00 1.613158e+00 1.742105e+00 1.64850760e-04
8.461538e+00 1.613158e+00 1.947368e+00 1.55900518e-04
8.461538e+00 1.613158e+00 2.152632e+00 1.48288018e-04
8.461538e+00 1.613158e+00 2.357895e+00 1.40769786e-04
8.461538e+00 1.613158e+00 2.563158e+00 1.33221140e-04
8.461538e+00 1.613158e+00 2.768421e+00 1.25666280e-04
8.461538e+00 1.613158e+00 2.973684e+00 1.18150361e-04
8.461538e+00 1.613158e+00 3.178947e+00 1.10728535e-04
8.461538e+00 1.613158e+00 3.384211e+00 1.03452709e-04
8.461538e+00 1.613158e+00 3.589474e+00 9.63719212e-05
8.461538e+00 1.613158e+00 3.794737e+00 8.95279882e-05
8.461538e+00 1.613158e+00 4.000000e+00 8.29540368e-05
8.461538e+00 1.873684e+00 1.000000e-01 5.54193066e+03
8.461538e+00 1.873684e+00 3.052632e-01 1.41979723e+01
8.461538e+00 1.873684e+00 5.105263e-01 5.74133635e-01
8.461538e+00 1.873684e+00 7.157895e-01 4.85021919e-02
8.461538e+00 1.873684e+00 9.210526e-01 5.28015895e-03
8.461538e+00 1.873684e+00 1.126316e+00 7.07464933e-04
8.461538e+00 1.873684e+00 1.331579e+00 1.66413360e-04
8.461538e+00 1.873684e+00 1.536842e+00 9.64373976e-05
8.461538e+00 1.873684e+00 1.742105e+00 8.44750466e-05
8.461538e+00 1.873684e+00 1.947368e+00 7.97235625e-05
8.461538e+00 1.873684e+00 2.152632e+00 7.58137685e-05
8.461538e+00 1.873684e+00 2.357895e+00 7.19678355e-05
8.461538e+00 1.873684e+00 2.563158e+00 6.81079691e-05
8.461538e+00 1.873684e+00 2.768421e+00 6.42451341e-05
8.461538e+00 1.873684e+00 2.973684e+00 6.04030683e-05
8.461538e+00 1.873684e+00 3.178947e+00 5.66091112e-05
8.461538e+00 1.873684e+00 3.384211e+00 5.28899072e-05
8.461538e+00 1.873684e+00 3.589474e+00 4.92704421e-05
8.461538e+00 1.873684e+00 3.794737e+00 4.57716524e-05
8.461538e+00 1.873684e+00 4.000000e+00 4.24112186e-05
8.461538e+00 2.134211e+00 1.000000e-01 3.28718115e+03
8.461538e+00 2.134211e+00 3.052632e-01 8.38168716e+00
8.461538e+00 2.134211e+00 5.105263e-01 3.36792976e-01
8.461538e+00 2.134211e+00 7.157895e-01 2.83516347e-02
8.461538e+00 2.134211e+00 9.210526e-01 3.07420478e-03
8.461538e+00 2.134211e+00 1.126316e+00 4.04103339e-04
8.461538e+00 2.134211e+00 1.331579e+00 8.85607369e-05
8.461538e+00 2.134211e+00 1.536842e+00 4.80317140e-05
8.461538e+00 2.134211e+00 1.742105e+00 4.13945927e-05
8.461538e+00 2.134211e+00 1.947368e+00 3.89784254e-05
8.461538e+00 2.134211e+00 2.152632e+00 3.70575872e-05
8.461538e+00 2.134211e+00 2.357895e+00 3.51768176e-05
8.461538e+00 2.134211e+00 2.563158e+00 3.32900090e-05
8.461538e+00 2.134211e+00 2.768421e+00 3.14017634e-05
8.461538e+00 2.134211e+00 2.973684e+00 2.95239170e-05
8.461538e+00 2.134211e+00 3.178947e+00 2.76695355e-05
8.461538e+00 2.134211e+00 3.384211e+00 2.58519340e-05
8.461538e+00 2.134211e+00 3.589474e+00 2.40829813e-05
8.461538e+00 2.134211e+00 3.794737e+00 2.23730694e-05
8.461538e+00 2.134211e+00 4.000000e+00 2.07306966e-05
8.461538e+00 2.394737e+00 1.000000e-01 1.82186853e+03
8.461538e+00 2.394737e+00 3.052632e-01 4.62511730e+00
8.461538e+00 2.394737e+00 5.105263e-01 1.84750780e-01
8.461538e+00 2.394737e+00 7.157895e-01 1.55017963e-02
8.461538e+00 2.394737e+00 9.210526e-01 1.67539599e-03
8.461538e+00 2.394737e+00 1.126316e+00 2.17018096e-04
8.461538e+00 2.394737e+00 1.331579e+00 4.48463143e-05
8.461538e+00 2.394737e+00 1.536842e+00 2.28435838e-05
8.461538e+00 2.394737e+00 1.742105e+00 1.93592514e-05
8.461538e+00 2.394737e+00 1.947368e+00 1.81857158e-05
8.461538e+00 2.394737e+00 2.152632e+00 1.72850032e-05
8.461538e+00 2.394737e+00 2.357895e+00 1.64073608e-05
8.461538e+00 2.394737e+00 2.563158e+00 1.55272119e-05
8.461538e+00 2.394737e+00 2.768421e+00 1.46464263e-05
8.461538e+00 2.394737e+00 2.973684e+00 1.37705802e-05
8.461538e+00 2.394737e+00 3.178947e+00 1.29057235e-05
8.461538e+00 2.394737e+00 3.384211e+00 1.20580244e-05
8.461538e+00 2.394737e+00 3.589474e+00 1.12330390e-05
8.461538e+00 2.394737e+00 3.794737e+00 1.04355777e-05
8.461538e+00 2.394737e+00 4.000000e+00 9.66960670e-06
8.461538e+00 2.655263e+00 1.000000e-01 9.43501160e+02
8.461538e+00 2.655263e+00 3.052632e-01 2.38583422e+00
8.461538e+00 2.655263e+00 5.105263e-01 9.47938487e-02
8.461538e+00 2.655263e+00 7.157895e-01 7.93039985e-03
8.461538e+00 2.655263e+00 9.210526e-01 8.54789687e-04
8.461538e+00 2.655263e+00 1.126316e+00 1.09466746e-04
8.461538e+00 2.655263e+00 1.331579e+00 2.15499094e-05
8.461538e+00 2.655263e+00 1.536842e+00 1.03566472e-05
8.461538e+00 2.655263e+00 1.742105e+00 8.63003243e-06
8.461538e+00 2.655263e+00 1.947368e+00 8.08692039e-06
8.461538e+00 2.655263e+00 2.152632e+00 7.68427526e-06
8.461538e+00 2.655263e+00 2.357895e+00 7.29394242e-06
8.461538e+00 2.655263e+00 2.563158e+00 6.90263187e-06
8.461538e+00 2.655263e+00 2.768421e+00 6.51108121e-06
8.461538e+00 2.655263e+00 2.973684e+00 6.12172335e-06
8.461538e+00 2.655263e+00 3.178947e+00 5.73728448e-06
8.461538e+00 2.655263e+00 3.384211e+00 5.36045582e-06
8.461538e+00 2.655263e+00 3.589474e+00 4.99373755e-06
8.461538e+00 2.655263e+00 3.794737e+00 4.63925335e-06
8.461538e+00 2.655263e+00 4.000000e+00 4.29876127e-06
8.461538e+00 2.915789e+00 1.000000e-01 4.56563934e+02
8.461538e+00 2.915789e+00 3.052632e-01 1.15055561e+00
8.461538e+00 2.915789e+00 5.105263e-01 4.54991013e-02
8.461538e+00 2.915789e+00 7.157895e-01 3.79656604e-03
8.461538e+00 2.915789e+00 9.210526e-01 4.08309570e-04
8.461538e+00 2.915789e+00 1.126316e+00 5.18255656e-05
8.461538e+00 2.915789e+00 1.331579e+00 9.80471850e-06
8.461538e+00 2.915789e+00 1.536842e+00 4.46993272e-06
8.461538e+00 2.915789e+00 1.742105e+00 3.66377867e-06
8.461538e+00 2.915789e+00 1.947368e+00 3.42473095e-06
8.461538e+00 2.915789e+00 2.152632e+00 3.25329574e-06
8.461538e+00 2.915789e+00 2.357895e+00 3.08797848e-06
8.461538e+00 2.915789e+00 2.563158e+00 2.92230175e-06
8.461538e+00 2.915789e+00 2.768421e+00 2.75653520e-06
8.461538e+00 2.915789e+00 2.973684e+00 2.59169633e-06
8.461538e+00 2.915789e+00 3.178947e+00 2.42894362e-06
8.461538e+00 2.915789e+00 3.384211e+00 2.26942620e-06
8.461538e+00 2.915789e+00 3.589474e+00 2.11418092e-06
8.461538e+00 2.915789e+00 3.794737e+00 1.96411906e-06
8.461538e+00 2.915789e+00 4.000000e+00 1.81998132e-06
8.461538e+00 3.176316e+00 1.000000e-01 2.06440002e+02
8.461538e+00 3.176316e+00 3.052632e-01 5.18715441e-01
8.461538e+00 3.176316e+00 5.105263e-01 2.04302054e-02
8.461538e+00 3.176316e+00 7.157895e-01 1.70095963e-03
8.461538e+00 3.176316e+00 9.210526e-01 1.82600706e-04
8.461538e+00 3.176316e+00 1.126316e+00 2.30162386e-05
8.461538e+00 3.176316e+00 1.331579e+00 4.21595178e-06
8.461538e+00 3.176316e+00 1.536842e+00 1.83428324e-06
8.461538e+00 3.176316e+00 1.742105e+00 1.48012737e-06
8.461538e+00 3.176316e+00 1.947368e+00 1.38023870e-06
8.461538e+00 3.176316e+00 2.152632e+00 1.31079389e-06
8.461538e+00 3.176316e+00 2.357895e+00 1.24415112e-06
8.461538e+00 3.176316e+00 2.563158e+00 1.17740342e-06
8.461538e+00 3.176316e+00 2.768421e+00 1.11061377e-06
8.461538e+00 3.176316e+00 2.973684e+00 1.04419928e-06
8.461538e+00 3.176316e+00 3.178947e+00 9.78631419e-07
8.461538e+00 3.176316e+00 3.384211e+00 9.14362374e-07
8.461538e+00 3.176316e+00 3.589474e+00 8.51817617e-07
8.461538e+00 3.176316e+00 3.794737e+00 7.91361288e-07
8.461538e+00 3.176316e+00 4.000000e+00 7.33291415e-07
8.461538e+00 3.436842e+00 1.000000e-01 8.72206726e+01
8.461538e+00 3.436842e+00 3.052632e-01 2.18624830e-01
8.461538e+00 3.436842e+00 5.105263e-01 8.58183485e-03
8.461538e+00 3.436842e+00 7.157895e-01 7.13168236e-04
8.461538e+00 3.436842e+00 9.210526e-01 7.64472206e-05
8.461538e+00 3.436842e+00 1.126316e+00 9.58384226e-06
8.461538e+00 3.436842e+00 1.331579e+00 1.71053500e-06
8.461538e+00 3.436842e+00 1.536842e+00 7.14754435e-07
8.461538e+00 3.436842e+00 1.742105e+00 5.68530311e-07
8.461538e+00 3.436842e+00 1.947368e+00 5.28971043e-07
8.461538e+00 3.436842e+00 2.152632e+00 5.02226555e-07
8.461538e+00 3.436842e+00 2.357895e+00 4.76684107e-07
8.461538e+00 3.436842e+00 2.563158e+00 4.51109258e-07
8.461538e+00 3.436842e+00 2.768421e+00 4.25518579e-07
8.461538e+00 3.436842e+00 2.973684e+00 4.00073390e-07
8.461538e+00 3.436842e+00 3.178947e+00 3.74952890e-07
8.461538e+00 3.436842e+00 3.384211e+00 3.50331192e-07
8.461538e+00 3.436842e+00 3.589474e+00 3.26368507e-07
8.461538e+00 3.436842e+00 3.794737e+00 3.03206775e-07
8.461538e+00 3.436842e+00 4.000000e+00 2.80958801e-07
8.461538e+00 3.697368e+00 1.000000e-01 3.44332237e+01
8.461538e+00 3.697368e+00 3.052632e-01 8.61394703e-02
8.461538e+00 3.697368e+00 5.105263e-01 3.37202963e-03
8.461538e+00 3.697368e+00 7.157895e-01 2.79796921e-04
8.461538e+00 3.697368e+00 9.210526e-01 2.99574003e-05
8.461538e+00 3.697368e+00 1.126316e+00 3.73991224e-06
8.461538e+00 3.697368e+00 1.331579e+00 6.53920040e-07
8.461538e+00 3.697368e+00 1.536842e+00 2.64102255e-07
8.461538e+00 3.697368e+00 1.742105e+00 2.07411404e-07
8.461538e+00 3.697368e+00 1.947368e+00 1.92588473e-07
8.461538e+00 3.697368e+00 2.152632e+00 1.82807923e-07
8.461538e+00 3.697368e+00 2.357895e+00 1.73507502e-07
8.461538e+00 3.697368e+00 2.563158e+00 1.64198326e-07
8.461538e+00 3.697368e+00 2.768421e+00 1.54883892e-07
8.461538e+00 3.697368e+00 2.973684e+00 1.45622252e-07
8.461538e+00 3.697368e+00 3.178947e+00 1.36478576e-07
8.461538e+00 3.697368e+00 3.384211e+00 1.27516984e-07
8.461538e+00 3.697368e+00 3.589474e+00 1.18795619e-07
8.461538e+00 3.697368e+00 3.794737e+00 1.10365214e-07
8.461538e+00 3.697368e+00 4.000000e+00 1.02267613e-07
8.461538e+00 3.957895e+00 1.000000e-01 1.27018499e+01
8.461538e+00 3.957895e+00 3.052632e-01 3.17259207e-02
8.461538e+00 3.957895e+00 5.105263e-01 1.23924401e-03
8.461538e+00 3.957895e+00 7.157895e-01 1.02703067e-04
8.461538e+00 3.957895e+00 9.210526e-01 1.09861776e-05
8.461538e+00 3.957895e+00 1.126316e+00 1.36713129e-06
8.461538e+00 3.957895e+00 1.331579e+00 2.35237280e-07
8.461538e+00 3.957895e+00 1.536842e+00 9.23924475e-08
8.461538e+00 3.957895e+00 1.742105e+00 7.17725683e-08
8.461538e+00 3.957895e+00 1.947368e+00 6.65254873e-08
8.461538e+00 3.957895e+00 2.152632e+00 6.31341734e-08
8.461538e+00 3.957895e+00 2.357895e+00 5.99212910e-08
8.461538e+00 3.957895e+00 2.563158e+00 5.67063303e-08
8.461538e+00 3.957895e+00 2.768421e+00 5.34894973e-08
8.461538e+00 3.957895e+00 2.973684e+00 5.02908719e-08
8.461538e+00 3.957895e+00 3.178947e+00 4.71332946e-08
8.461538e+00 3.957895e+00 3.384211e+00 4.40385222e-08
8.461538e+00 3.957895e+00 3.589474e+00 4.10266523e-08
8.461538e+00 3.957895e+00 3.794737e+00 3.81153278e-08
8.461538e+00 3.957895e+00 4.000000e+00 3.53188803e-08
8.461538e+00 4.218421e+00 1.000000e-01 4.37811041e+00
8.461538e+00 4.218421e+00 3.052632e-01 1.09222047e-02
8.461538e+00 4.218421e+00 5.105263e-01 4.25911538e-04
8.461538e+00 4.218421e+00 7.157895e-01 3.52645147e-05
8.461538e+00 4.218421e+00 9.210526e-01 3.76960406e-06
8.461538e+00 4.218421e+00 1.126316e+00 4.67958387e-07
8.461538e+00 4.218421e+00 1.331579e+00 7.95359298e-08
8.461538e+00 4.218421e+00 1.536842e+00 3.05514192e-08
8.461538e+00 4.218421e+00 1.742105e+00 2.35200304e-08
8.461538e+00 4.218421e+00 1.947368e+00 2.17683258e-08
8.461538e+00 4.218421e+00 2.152632e+00 2.06550350e-08
8.461538e+00 4.218421e+00 2.357895e+00 1.96036929e-08
8.461538e+00 4.218421e+00 2.563158e+00 1.85518267e-08
8.461538e+00 4.218421e+00 2.768421e+00 1.74994419e-08
8.461538e+00 4.218421e+00 2.973684e+00 1.64530256e-08
8.461538e+00 4.218421e+00 3.178947e+00 1.54199959e-08
8.461538e+00 4.218421e+00 3.384211e+00 1.44075285e-08
8.461538e+00 4.218421e+00 3.589474e+00 1.34222082e-08
8.461538e+00 4.218421e+00 3.794737e+00 1.24698092e-08
8.461538e+00 4.218421e+00 4.000000e+00 1.15549472e-08
8.461538e+00 4.478947e+00 1.000000e-01 1.41005301e+00
8.461538e+00 4.478947e+00 3.052632e-01 3.51450522e-03
8.461538e+00 4.478947e+00 5.105263e-01 1.36873190e-04
8.461538e+00 4.478947e+00 7.157895e-01 1.13247224e-05
8.461538e+00 4.478947e+00 9.210526e-01 1.20991706e-06
8.461538e+00 4.478947e+00 1.126316e+00 1.49928809e-07
8.461538e+00 4.478947e+00 1.331579e+00 2.52479442e-08
8.461538e+00 4.478947e+00 1.536842e+00 9.53249479e-09
8.461538e+00 4.478947e+00 1.742105e+00 7.28598781e-09
8.461538e+00 4.478947e+00 1.947368e+00 6.73531497e-09
8.461538e+00 4.478947e+00 2.152632e+00 6.38996145e-09
8.461538e+00 4.478947e+00 2.357895e+00 6.06463724e-09
8.461538e+00 4.478947e+00 2.563158e+00 5.73924330e-09
8.461538e+00 4.478947e+00 2.768421e+00 5.41366463e-09
8.461538e+00 4.478947e+00 2.973684e+00 5.08995246e-09
8.461538e+00 4.478947e+00 3.178947e+00 4.77036899e-09
8.461538e+00 4.478947e+00 3.384211e+00 4.45717152e-09
8.461538e+00 4.478947e+00 3.589474e+00 4.15235313e-09
8.461538e+00 4.478947e+00 3.794737e+00 3.85771193e-09
8.461538e+00 4.478947e+00 4.000000e+00 3.57469387e-09
8.461538e+00 4.739474e+00 1.000000e-01 4.24337327e-01
8.461538e+00 4.739474e+00 3.052632e-01 1.05693506e-03
8.461538e+00 4.739474e+00 5.105263e-01 4.11237597e-05
8.461538e+00 4.739474e+00 7.157895e-01 3.40074303e-06
8.461538e+00 4.739474e+00 9.210526e-01 3.63189628e-07
8.461538e+00 4.739474e+00 1.126316e+00 4.49459954e-08
8.461538e+00 4.739474e+00 1.331579e+00 7.51755547e-09
8.461538e+00 4.739474e+00 1.536842e+00 2.80163670e-09
8.461538e+00 4.739474e+00 1.742105e+00 2.12955054e-09
8.461538e+00 4.739474e+00 1.947368e+00 1.96678229e-09
8.461538e+00 4.739474e+00 2.152632e+00 1.86573534e-09
8.461538e+00 4.739474e+00 2.357895e+00 1.77072723e-09
8.461538e+00 4.739474e+00 2.563158e+00 1.67572167e-09
8.461538e+00 4.739474e+00 2.768421e+00 1.58066304e-09
8.461538e+00 4.739474e+00 2.973684e+00 1.48614443e-09
8.461538e+00 4.739474e+00 3.178947e+00 1.39283818e-09
8.461538e+00 4.739474e+00 3.384211e+00 1.30139022e-09
8.461538e+00 4.739474e+00 3.589474e+00 1.21239385e-09
8.461538e+00 4.739474e+00 3.794737e+00 1.12636633e-09
8.461538e+00 4.739474e+00 4.000000e+00 1.04373310e-09
8.461538e+00 5.000000e+00 1.000000e-01 1.19320296e-01
8.461538e+00 5.000000e+00 3.052632e-01 2.97058490e-04
8.461538e+00 5.000000e+00 5.105263e-01 1.15502398e-05
8.461538e+00 5.000000e+00 7.157895e-01 9.54787765e-07
8.461538e+00 5.000000e+00 9.210526e-01 1.01940095e-07
8.461538e+00 5.000000e+00 1.126316e+00 1.26035724e-08
8.461538e+00 5.000000e+00 1.331579e+00 2.09773554e-09
8.461538e+00 5.000000e+00 1.536842e+00 7.74372233e-10
8.461538e+00 5.000000e+00 1.742105e+00 5.86182769e-10
8.461538e+00 5.000000e+00 1.947368e+00 5.41004963e-10
8.461538e+00 5.000000e+00 2.152632e+00 5.13166232e-10
8.461538e+00 5.000000e+00 2.357895e+00 4.87034080e-10
8.461538e+00 5.000000e+00 2.563158e+00 4.60902122e-10
8.461538e+00 5.000000e+00 2.768421e+00 4.34756842e-10
8.461538e+00 5.000000e+00 2.973684e+00 4.08758999e-10
8.461538e+00 5.000000e+00 3.178947e+00 3.83095167e-10
8.461538e+00 5.000000e+00 3.384211e+00 3.57943397e-10
8.461538e+00 5.000000e+00 3.589474e+00 3.33466310e-10
8.461538e+00 5.000000e+00 3.794737e+00 3.09805126e-10
8.461538e+00 5.000000e+00 4.000000e+00 2.87077612e-10
8.717949e+00 5.000000e-02 1.000000e-01 3.24214043e+04
8.717949e+00 5.000000e-02 3.052632e-01 8.73492279e+01
8.717949e+00 5.000000e-02 5.105263e-01 3.80538607e+00
8.717949e+00 5.000000e-02 7.157895e-01 3.54482889e-01
8.717949e+00 5.000000e-02 9.210526e-01 4.81026284e-02
8.717949e+00 5.000000e-02 1.126316e+00 1.24488352e-02
8.717949e+00 5.000000e-02 1.331579e+00 7.33809965e-03
8.717949e+00 5.000000e-02 1.536842e+00 6.28265133e-03
8.717949e+00 5.000000e-02 1.742105e+00 5.87046659e-03
8.717949e+00 5.000000e-02 1.947368e+00 5.58436709e-03
8.717949e+00 5.000000e-02 2.152632e+00 5.32597397e-03
8.717949e+00 5.000000e-02 2.357895e+00 5.07175596e-03
8.717949e+00 5.000000e-02 2.563158e+00 4.81595285e-03
8.717949e+00 5.000000e-02 2.768421e+00 4.55832202e-03
8.717949e+00 5.000000e-02 2.973684e+00 4.30026883e-03
8.717949e+00 5.000000e-02 3.178947e+00 4.04396327e-03
8.717949e+00 5.000000e-02 3.384211e+00 3.79132852e-03
8.717949e+00 5.000000e-02 3.589474e+00 3.54424887e-03
8.717949e+00 5.000000e-02 3.794737e+00 3.30431852e-03
8.717949e+00 5.000000e-02 4.000000e+00 3.07279988e-03
8.717949e+00 3.105263e-01 1.000000e-01 3.09316387e+04
8.717949e+00 3.105263e-01 3.052632e-01 8.31767044e+01
8.717949e+00 3.105263e-01 5.105263e-01 3.60504079e+00
8.717949e+00 3.105263e-01 7.157895e-01 3.29979271e-01
8.717949e+00 3.105263e-01 9.210526e-01 4.10917811e-02
8.717949e+00 3.105263e-01 1.126316e+00 8.08682851e-03
8.717949e+00 3.105263e-01 1.331579e+00 3.62317357e-03
8.717949e+00 3.105263e-01 1.536842e+00 2.83764536e-03
8.717949e+00 3.105263e-01 1.742105e+00 2.59961584e-03
8.717949e+00 3.105263e-01 1.947368e+00 2.46027601e-03
8.717949e+00 3.105263e-01 2.152632e+00 2.34238734e-03
8.717949e+00 3.105263e-01 2.357895e+00 2.22906540e-03
8.717949e+00 3.105263e-01 2.563158e+00 2.11607548e-03
8.717949e+00 3.105263e-01 2.768421e+00 2.00270209e-03
8.717949e+00 3.105263e-01 2.973684e+00 1.88932521e-03
8.717949e+00 3.105263e-01 3.178947e+00 1.77675101e-03
8.717949e+00 3.105263e-01 3.384211e+00 1.66582689e-03
8.717949e+00 3.105263e-01 3.589474e+00 1.55733840e-03
8.717949e+00 3.105263e-01 3.794737e+00 1.45197765e-03
8.717949e+00 3.105263e-01 4.000000e+00 1.35030202e-03
8.717949e+00 5.710526e-01 1.000000e-01 2.75719434e+04
8.717949e+00 5.710526e-01 3.052632e-01 7.39146423e+01
8.717949e+00 5.710526e-01 5.105263e-01 3.18788028e+00
8.717949e+00 5.710526e-01 7.157895e-01 2.89561838e-01
8.717949e+00 5.710526e-01 9.210526e-01 3.49239334e-02
8.717949e+00 5.710526e-01 1.126316e+00 6.05664495e-03
8.717949e+00 5.710526e-01 1.331579e+00 2.24243966e-03
8.717949e+00 5.710526e-01 1.536842e+00 1.61732105e-03
8.717949e+00 5.710526e-01 1.742105e+00 1.45359186e-03
8.717949e+00 5.710526e-01 1.947368e+00 1.36928691e-03
8.717949e+00 5.710526e-01 2.152632e+00 1.30174134e-03
8.717949e+00 5.710526e-01 2.357895e+00 1.23807532e-03
8.717949e+00 5.710526e-01 2.563158e+00 1.17505551e-03
8.717949e+00 5.710526e-01 2.768421e+00 1.11200975e-03
8.717949e+00 5.710526e-01 2.973684e+00 1.04904536e-03
8.717949e+00 5.710526e-01 3.178947e+00 9.86553379e-04
8.717949e+00 5.710526e-01 3.384211e+00 9.24985507e-04
8.717949e+00 5.710526e-01 3.589474e+00 8.64773698e-04
8.717949e+00 5.710526e-01 3.794737e+00 8.06291529e-04
8.717949e+00 5.710526e-01 4.000000e+00 7.49848376e-04
8.717949e+00 8.315790e-01 1.000000e-01 2.29630469e+04
8.717949e+00 8.315790e-01 3.052632e-01 6.13011055e+01
8.717949e+00 8.315790e-01 5.105263e-01 2.62811708e+00
8.717949e+00 8.315790e-01 7.157895e-01 2.37322584e-01
8.717949e+00 8.315790e-01 9.210526e-01 2.80999206e-02
8.717949e+00 8.315790e-01 1.126316e+00 4.50877612e-03
8.717949e+00 8.315790e-01 1.331579e+00 1.43616227e-03
8.717949e+00 8.315790e-01 1.536842e+00 9.54601739e-04
8.717949e+00 8.315790e-01 1.742105e+00 8.40980443e-04
8.717949e+00 8.315790e-01 1.947368e+00 7.88557925e-04
8.717949e+00 8.315790e-01 2.152632e+00 7.48631603e-04
8.717949e+00 8.315790e-01 2.357895e+00 7.11653323e-04
8.717949e+00 8.315790e-01 2.563158e+00 6.75294548e-04
8.717949e+00 8.315790e-01 2.768421e+00 6.39014354e-04
8.717949e+00 8.315790e-01 2.973684e+00 6.02822460e-04
8.717949e+00 8.315790e-01 3.178947e+00 5.66919858e-04
8.717949e+00 8.315790e-01 3.384211e+00 5.31550439e-04
8.717949e+00 8.315790e-01 3.589474e+00 4.96958033e-04
8.717949e+00 8.315790e-01 3.794737e+00 4.63361648e-04
8.717949e+00 8.315790e-01 4.000000e+00 4.30936809e-04
8.717949e+00 1.092105e+00 1.000000e-01 1.78688398e+04
8.717949e+00 1.092105e+00 3.052632e-01 4.74629745e+01
8.717949e+00 1.092105e+00 5.105263e-01 2.02089810e+00
8.717949e+00 1.092105e+00 7.157895e-01 1.81528181e-01
8.717949e+00 1.092105e+00 9.210526e-01 2.12261360e-02
8.717949e+00 1.092105e+00 1.126316e+00 3.23058129e-03
8.717949e+00 1.092105e+00 1.331579e+00 9.10559029e-04
8.717949e+00 1.092105e+00 1.536842e+00 5.58201224e-04
8.717949e+00 1.092105e+00 1.742105e+00 4.81456489e-04
8.717949e+00 1.092105e+00 1.947368e+00 4.49328101e-04
8.717949e+00 1.092105e+00 2.152632e+00 4.26023151e-04
8.717949e+00 1.092105e+00 2.357895e+00 4.04791703e-04
8.717949e+00 1.092105e+00 2.563158e+00 3.84040177e-04
8.717949e+00 1.092105e+00 2.768421e+00 3.63382860e-04
8.717949e+00 1.092105e+00 2.973684e+00 3.42795800e-04
8.717949e+00 1.092105e+00 3.178947e+00 3.22380976e-04
8.717949e+00 1.092105e+00 3.384211e+00 3.02272005e-04
8.717949e+00 1.092105e+00 3.589474e+00 2.82606692e-04
8.717949e+00 1.092105e+00 3.794737e+00 2.63506692e-04
8.717949e+00 1.092105e+00 4.000000e+00 2.45072210e-04
8.717949e+00 1.352632e+00 1.000000e-01 1.29919834e+04
8.717949e+00 1.352632e+00 3.052632e-01 3.43194618e+01
8.717949e+00 1.352632e+00 5.105263e-01 1.45040476e+00
8.717949e+00 1.352632e+00 7.157895e-01 1.29631504e-01
8.717949e+00 1.352632e+00 9.210526e-01 1.50178149e-02
8.717949e+00 1.352632e+00 1.126316e+00 2.20068637e-03
8.717949e+00 1.352632e+00 1.331579e+00 5.61077788e-04
8.717949e+00 1.352632e+00 1.536842e+00 3.17801634e-04
8.717949e+00 1.352632e+00 1.742105e+00 2.68057571e-04
8.717949e+00 1.352632e+00 1.947368e+00 2.48966331e-04
8.717949e+00 1.352632e+00 2.152632e+00 2.35756277e-04
8.717949e+00 1.352632e+00 2.357895e+00 2.23910320e-04
8.717949e+00 1.352632e+00 2.563158e+00 2.12395913e-04
8.717949e+00 1.352632e+00 2.768421e+00 2.00957904e-04
8.717949e+00 1.352632e+00 2.973684e+00 1.89570026e-04
8.717949e+00 1.352632e+00 3.178947e+00 1.78280025e-04
8.717949e+00 1.352632e+00 3.384211e+00 1.67162128e-04
8.717949e+00 1.352632e+00 3.589474e+00 1.56288734e-04
8.717949e+00 1.352632e+00 3.794737e+00 1.45728132e-04
8.717949e+00 1.352632e+00 4.000000e+00 1.35535229e-04
8.717949e+00 1.613158e+00 1.000000e-01 8.82618848e+03
8.717949e+00 1.613158e+00 3.052632e-01 2.31826096e+01
8.717949e+00 1.613158e+00 5.105263e-01 9.72220838e-01
8.717949e+00 1.613158e+00 7.157895e-01 8.64770710e-02
8.717949e+00 1.613158e+00 9.210526e-01 9.94580798e-03
8.717949e+00 1.613158e+00 1.126316e+00 1.41693896e-03
8.717949e+00 1.613158e+00 1.331579e+00 3.32616444e-04
8.717949e+00 1.613158e+00 1.536842e+00 1.74587636e-04
8.717949e+00 1.613158e+00 1.742105e+00 1.43870988e-04
8.717949e+00 1.613158e+00 1.947368e+00 1.32962188e-04
8.717949e+00 1.613158e+00 2.152632e+00 1.25752456e-04
8.717949e+00 1.613158e+00 2.357895e+00 1.19385659e-04
8.717949e+00 1.613158e+00 2.563158e+00 1.13228751e-04
8.717949e+00 1.613158e+00 2.768421e+00 1.07125183e-04
8.717949e+00 1.613158e+00 2.973684e+00 1.01052450e-04
8.717949e+00 1.613158e+00 3.178947e+00 9.50346366e-05
8.717949e+00 1.613158e+00 3.384211e+00 8.91084346e-05
8.717949e+00 1.613158e+00 3.589474e+00 8.33136073e-05
8.717949e+00 1.613158e+00 3.794737e+00 7.76849483e-05
8.717949e+00 1.613158e+00 4.000000e+00 7.22521654e-05
8.717949e+00 1.873684e+00 1.000000e-01 5.60267334e+03
8.717949e+00 1.873684e+00 3.052632e-01 1.46331320e+01
8.717949e+00 1.873684e+00 5.105263e-01 6.09006941e-01
8.717949e+00 1.873684e+00 7.157895e-01 5.39238267e-02
8.717949e+00 1.873684e+00 9.210526e-01 6.16537640e-03
8.717949e+00 1.873684e+00 1.126316e+00 8.59663531e-04
8.717949e+00 1.873684e+00 1.331579e+00 1.88502643e-04
8.717949e+00 1.873684e+00 1.536842e+00 9.20520397e-05
8.717949e+00 1.873684e+00 1.742105e+00 7.40597316e-05
8.717949e+00 1.873684e+00 1.947368e+00 6.80962185e-05
8.717949e+00 1.873684e+00 2.152632e+00 6.43260792e-05
8.717949e+00 1.873684e+00 2.357895e+00 6.10463976e-05
8.717949e+00 1.873684e+00 2.563158e+00 5.78897270e-05
8.717949e+00 1.873684e+00 2.768421e+00 5.47660384e-05
8.717949e+00 1.873684e+00 2.973684e+00 5.16606415e-05
8.717949e+00 1.873684e+00 3.178947e+00 4.85838973e-05
8.717949e+00 1.873684e+00 3.384211e+00 4.55547815e-05
8.717949e+00 1.873684e+00 3.589474e+00 4.25926883e-05
8.717949e+00 1.873684e+00 3.794737e+00 3.97155382e-05
8.717949e+00 1.873684e+00 4.000000e+00 3.69386253e-05
8.717949e+00 2.134211e+00 1.000000e-01 3.32311719e+03
8.717949e+00 2.134211e+00 3.052632e-01 8.63291359e+00
8.717949e+00 2.134211e+00 5.105263e-01 3.56670082e-01
8.717949e+00 2.134211e+00 7.157895e-01 3.14470381e-02
8.717949e+00 2.134211e+00 9.210526e-01 3.57800466e-03
8.717949e+00 2.134211e+00 1.126316e+00 4.90619277e-04
8.717949e+00 2.134211e+00 1.331579e+00 1.01691192e-04
8.717949e+00 2.134211e+00 1.536842e+00 4.64211153e-05
8.717949e+00 2.134211e+00 1.742105e+00 3.64503176e-05
8.717949e+00 2.134211e+00 1.947368e+00 3.33415628e-05
8.717949e+00 2.134211e+00 2.152632e+00 3.14583413e-05
8.717949e+00 2.134211e+00 2.357895e+00 2.98437280e-05
8.717949e+00 2.134211e+00 2.563158e+00 2.82968194e-05
8.717949e+00 2.134211e+00 2.768421e+00 2.67685682e-05
8.717949e+00 2.134211e+00 2.973684e+00 2.52501995e-05
8.717949e+00 2.134211e+00 3.178947e+00 2.37463846e-05
8.717949e+00 2.134211e+00 3.384211e+00 2.22659855e-05
8.717949e+00 2.134211e+00 3.589474e+00 2.08183446e-05
8.717949e+00 2.134211e+00 3.794737e+00 1.94122367e-05
8.717949e+00 2.134211e+00 4.000000e+00 1.80550651e-05
8.717949e+00 2.394737e+00 1.000000e-01 1.84173926e+03
8.717949e+00 2.394737e+00 3.052632e-01 4.76092529e+00
8.717949e+00 2.394737e+00 5.105263e-01 1.95367470e-01
8.717949e+00 2.394737e+00 7.157895e-01 1.71585213e-02
8.717949e+00 2.394737e+00 9.210526e-01 1.94434263e-03
8.717949e+00 2.394737e+00 1.126316e+00 2.63120688e-04
8.717949e+00 2.394737e+00 1.331579e+00 5.20617687e-05
8.717949e+00 2.394737e+00 1.536842e+00 2.23365932e-05
8.717949e+00 2.394737e+00 1.742105e+00 1.71190750e-05
8.717949e+00 2.394737e+00 1.947368e+00 1.55772395e-05
8.717949e+00 2.394737e+00 2.152632e+00 1.46803104e-05
8.717949e+00 2.394737e+00 2.357895e+00 1.39221384e-05
8.717949e+00 2.394737e+00 2.563158e+00 1.31988727e-05
8.717949e+00 2.394737e+00 2.768421e+00 1.24854150e-05
8.717949e+00 2.394737e+00 2.973684e+00 1.17770314e-05
8.717949e+00 2.394737e+00 3.178947e+00 1.10756337e-05
8.717949e+00 2.394737e+00 3.384211e+00 1.03851944e-05
8.717949e+00 2.394737e+00 3.589474e+00 9.71003738e-06
8.717949e+00 2.394737e+00 3.794737e+00 9.05428897e-06
8.717949e+00 2.394737e+00 4.000000e+00 8.42134523e-06
8.717949e+00 2.655263e+00 1.000000e-01 9.53770630e+02
8.717949e+00 2.655263e+00 3.052632e-01 2.45460749e+00
8.717949e+00 2.655263e+00 5.105263e-01 1.00111410e-01
8.717949e+00 2.655263e+00 7.157895e-01 8.76200758e-03
8.717949e+00 2.655263e+00 9.210526e-01 9.89510561e-04
8.717949e+00 2.655263e+00 1.126316e+00 1.32514426e-04
8.717949e+00 2.655263e+00 1.331579e+00 2.52367754e-05
8.717949e+00 2.655263e+00 1.536842e+00 1.02367949e-05
8.717949e+00 2.655263e+00 1.742105e+00 7.66218363e-06
8.717949e+00 2.655263e+00 1.947368e+00 6.93601442e-06
8.717949e+00 2.655263e+00 2.152632e+00 6.52927520e-06
8.717949e+00 2.655263e+00 2.357895e+00 6.19008915e-06
8.717949e+00 2.655263e+00 2.563158e+00 5.86785200e-06
8.717949e+00 2.655263e+00 2.768421e+00 5.55040970e-06
8.717949e+00 2.655263e+00 2.973684e+00 5.23542349e-06
8.717949e+00 2.655263e+00 3.178947e+00 4.92360005e-06
8.717949e+00 2.655263e+00 3.384211e+00 4.61667923e-06
8.717949e+00 2.655263e+00 3.589474e+00 4.31657236e-06
8.717949e+00 2.655263e+00 3.794737e+00 4.02508795e-06
8.717949e+00 2.655263e+00 4.000000e+00 3.74374713e-06
8.717949e+00 2.915789e+00 1.000000e-01 4.61524597e+02
8.717949e+00 2.915789e+00 3.052632e-01 1.18318784e+00
8.717949e+00 2.915789e+00 5.105263e-01 4.79976721e-02
8.717949e+00 2.915789e+00 7.157895e-01 4.18815296e-03
8.717949e+00 2.915789e+00 9.210526e-01 4.71642066e-04
8.717949e+00 2.915789e+00 1.126316e+00 6.26394103e-05
8.717949e+00 2.915789e+00 1.331579e+00 1.15622752e-05
8.717949e+00 2.915789e+00 1.536842e+00 4.46195736e-06
8.717949e+00 2.915789e+00 1.742105e+00 3.26523104e-06
8.717949e+00 2.915789e+00 1.947368e+00 2.94092638e-06
8.717949e+00 2.915789e+00 2.152632e+00 2.76546825e-06
8.717949e+00 2.915789e+00 2.357895e+00 2.62103140e-06
8.717949e+00 2.915789e+00 2.563158e+00 2.48431775e-06
8.717949e+00 2.915789e+00 2.768421e+00 2.34982758e-06
8.717949e+00 2.915789e+00 2.973684e+00 2.21644109e-06
8.717949e+00 2.915789e+00 3.178947e+00 2.08442839e-06
8.717949e+00 2.915789e+00 3.384211e+00 1.95449775e-06
8.717949e+00 2.915789e+00 3.589474e+00 1.82745782e-06
8.717949e+00 2.915789e+00 3.794737e+00 1.70406668e-06
8.717949e+00 2.915789e+00 4.000000e+00 1.58496334e-06
8.717949e+00 3.176316e+00 1.000000e-01 2.08679764e+02
8.717949e+00 3.176316e+00 3.052632e-01 5.33225477e-01
8.717949e+00 3.176316e+00 5.105263e-01 2.15317160e-02
8.717949e+00 3.176316e+00 7.157895e-01 1.87394256e-03
8.717949e+00 3.176316e+00 9.210526e-01 2.10541475e-04
8.717949e+00 3.176316e+00 1.126316e+00 2.77785693e-05
8.717949e+00 3.176316e+00 1.331579e+00 4.99909629e-06
8.717949e+00 3.176316e+00 1.536842e+00 1.84722194e-06
8.717949e+00 3.176316e+00 1.742105e+00 1.32373907e-06
8.717949e+00 3.176316e+00 1.947368e+00 1.18659034e-06
8.717949e+00 3.176316e+00 2.152632e+00 1.11467023e-06
8.717949e+00 3.176316e+00 2.357895e+00 1.05616323e-06
8.717949e+00 3.176316e+00 2.563158e+00 1.00097975e-06
8.717949e+00 3.176316e+00 2.768421e+00 9.46753630e-07
8.717949e+00 3.176316e+00 2.973684e+00 8.92999708e-07
8.717949e+00 3.176316e+00 3.178947e+00 8.39809218e-07
8.717949e+00 3.176316e+00 3.384211e+00 7.87462852e-07
8.717949e+00 3.176316e+00 3.589474e+00 7.36282459e-07
8.717949e+00 3.176316e+00 3.794737e+00 6.86571923e-07
8.717949e+00 3.176316e+00 4.000000e+00 6.38588858e-07
8.717949e+00 3.436842e+00 1.000000e-01 8.81657944e+01
8.717949e+00 3.436842e+00 3.052632e-01 2.24670187e-01
8.717949e+00 3.436842e+00 5.105263e-01 9.03744157e-03
8.717949e+00 3.436842e+00 7.157895e-01 7.84847129e-04
8.717949e+00 3.436842e+00 9.210526e-01 8.80133521e-05
8.717949e+00 3.436842e+00 1.126316e+00 1.15521825e-05
8.717949e+00 3.436842e+00 1.331579e+00 2.03705554e-06
8.717949e+00 3.436842e+00 1.536842e+00 7.25369432e-07
8.717949e+00 3.436842e+00 1.742105e+00 5.10065775e-07
8.717949e+00 3.436842e+00 1.947368e+00 4.55218895e-07
8.717949e+00 3.436842e+00 2.152632e+00 4.27232266e-07
8.717949e+00 3.436842e+00 2.357895e+00 4.04707976e-07
8.717949e+00 3.436842e+00 2.563158e+00 3.83528658e-07
8.717949e+00 3.436842e+00 2.768421e+00 3.62739996e-07
8.717949e+00 3.436842e+00 2.973684e+00 3.42140311e-07
8.717949e+00 3.436842e+00 3.178947e+00 3.21760524e-07
8.717949e+00 3.436842e+00 3.384211e+00 3.01705313e-07
8.717949e+00 3.436842e+00 3.589474e+00 2.82097005e-07
8.717949e+00 3.436842e+00 3.794737e+00 2.63052243e-07
8.717949e+00 3.436842e+00 4.000000e+00 2.44669792e-07
8.717949e+00 3.697368e+00 1.000000e-01 3.48059692e+01
8.717949e+00 3.697368e+00 3.052632e-01 8.84990022e-02
8.717949e+00 3.697368e+00 5.105263e-01 3.54880118e-03
8.717949e+00 3.697368e+00 7.157895e-01 3.07650800e-04
8.717949e+00 3.697368e+00 9.210526e-01 3.44483124e-05
8.717949e+00 3.697368e+00 1.126316e+00 4.50319567e-06
8.717949e+00 3.697368e+00 1.331579e+00 7.81365600e-07
8.717949e+00 3.697368e+00 1.536842e+00 2.69792878e-07
8.717949e+00 3.697368e+00 1.742105e+00 1.86598456e-07
8.717949e+00 3.697368e+00 1.947368e+00 1.65884458e-07
8.717949e+00 3.697368e+00 2.152632e+00 1.55557956e-07
8.717949e+00 3.697368e+00 2.357895e+00 1.47324940e-07
8.717949e+00 3.697368e+00 2.563158e+00 1.39604552e-07
8.717949e+00 3.697368e+00 2.768421e+00 1.32033719e-07
8.717949e+00 3.697368e+00 2.973684e+00 1.24534310e-07
8.717949e+00 3.697368e+00 3.178947e+00 1.17115924e-07
8.717949e+00 3.697368e+00 3.384211e+00 1.09816334e-07
8.717949e+00 3.697368e+00 3.589474e+00 1.02679770e-07
8.717949e+00 3.697368e+00 3.794737e+00 9.57479998e-08
8.717949e+00 3.697368e+00 4.000000e+00 8.90570959e-08
8.717949e+00 3.957895e+00 1.000000e-01 1.28392429e+01
8.717949e+00 3.957895e+00 3.052632e-01 3.25884745e-02
8.717949e+00 3.957895e+00 5.105263e-01 1.30355649e-03
8.717949e+00 3.957895e+00 7.157895e-01 1.12849462e-04
8.717949e+00 3.957895e+00 9.210526e-01 1.26211035e-05
8.717949e+00 3.957895e+00 1.126316e+00 1.64471487e-06
8.717949e+00 3.957895e+00 1.331579e+00 2.81811481e-07
8.717949e+00 3.957895e+00 1.536842e+00 9.49002512e-08
8.717949e+00 3.957895e+00 1.742105e+00 6.47225420e-08
8.717949e+00 3.957895e+00 1.947368e+00 5.73446748e-08
8.717949e+00 3.957895e+00 2.152632e+00 5.37371108e-08
8.717949e+00 3.957895e+00 2.357895e+00 5.08835498e-08
8.717949e+00 3.957895e+00 2.563158e+00 4.82141118e-08
8.717949e+00 3.957895e+00 2.768421e+00 4.55983482e-08
8.717949e+00 3.957895e+00 2.973684e+00 4.30079226e-08
8.717949e+00 3.957895e+00 3.178947e+00 4.04460003e-08
8.717949e+00 3.957895e+00 3.384211e+00 3.79251297e-08
8.717949e+00 3.957895e+00 3.589474e+00 3.54606087e-08
8.717949e+00 3.957895e+00 3.794737e+00 3.30667618e-08
8.717949e+00 3.957895e+00 4.000000e+00 3.07561621e-08
8.717949e+00 4.218421e+00 1.000000e-01 4.42543936e+00
8.717949e+00 4.218421e+00 3.052632e-01 1.12174414e-02
8.717949e+00 4.218421e+00 5.105263e-01 4.47841245e-04
8.717949e+00 4.218421e+00 7.157895e-01 3.87278451e-05
8.717949e+00 4.218421e+00 9.210526e-01 4.32740671e-06
8.717949e+00 4.218421e+00 1.126316e+00 5.62586081e-07
8.717949e+00 4.218421e+00 1.331579e+00 9.54704120e-08
8.717949e+00 4.218421e+00 1.536842e+00 3.15191429e-08
8.717949e+00 4.218421e+00 1.742105e+00 2.12509512e-08
8.717949e+00 4.218421e+00 1.947368e+00 1.87760261e-08
8.717949e+00 4.218421e+00 2.152632e+00 1.75844495e-08
8.717949e+00 4.218421e+00 2.357895e+00 1.66481637e-08
8.717949e+00 4.218421e+00 2.563158e+00 1.57739439e-08
8.717949e+00 4.218421e+00 2.768421e+00 1.49178359e-08
8.717949e+00 4.218421e+00 2.973684e+00 1.40702756e-08
8.717949e+00 4.218421e+00 3.178947e+00 1.32320777e-08
8.717949e+00 4.218421e+00 3.384211e+00 1.24073862e-08
8.717949e+00 4.218421e+00 3.589474e+00 1.16011103e-08
8.717949e+00 4.218421e+00 3.794737e+00 1.08180247e-08
8.717949e+00 4.218421e+00 4.000000e+00 1.00621271e-08
8.717949e+00 4.478947e+00 1.000000e-01 1.42528951e+00
8.717949e+00 4.478947e+00 3.052632e-01 3.60908778e-03
8.717949e+00 4.478947e+00 5.105263e-01 1.43878366e-04
8.717949e+00 4.478947e+00 7.157895e-01 1.24319304e-05
8.717949e+00 4.478947e+00 9.210526e-01 1.38818541e-06
8.717949e+00 4.478947e+00 1.126316e+00 1.80151588e-07
8.717949e+00 4.478947e+00 1.331579e+00 3.03507477e-08
8.717949e+00 4.478947e+00 1.536842e+00 9.86835147e-09
8.717949e+00 4.478947e+00 1.742105e+00 6.59324462e-09
8.717949e+00 4.478947e+00 1.947368e+00 5.81238035e-09
8.717949e+00 4.478947e+00 2.152632e+00 5.44096279e-09
8.717949e+00 4.478947e+00 2.357895e+00 5.15062304e-09
8.717949e+00 4.478947e+00 2.563158e+00 4.87993956e-09
8.717949e+00 4.478947e+00 2.768421e+00 4.61502170e-09
8.717949e+00 4.478947e+00 2.973684e+00 4.35279413e-09
8.717949e+00 4.478947e+00 3.178947e+00 4.09348822e-09
8.717949e+00 4.478947e+00 3.384211e+00 3.83837007e-09
8.717949e+00 4.478947e+00 3.589474e+00 3.58894359e-09
8.717949e+00 4.478947e+00 3.794737e+00 3.34668426e-09
8.717949e+00 4.478947e+00 4.000000e+00 3.11284820e-09
8.717949e+00 4.739474e+00 1.000000e-01 4.28920925e-01
8.717949e+00 4.739474e+00 3.052632e-01 1.08528731e-03
8.717949e+00 4.739474e+00 5.105263e-01 4.32191518e-05
8.717949e+00 4.739474e+00 7.157895e-01 3.73212674e-06
8.717949e+00 4.739474e+00 9.210526e-01 4.16530924e-07
8.717949e+00 4.739474e+00 1.126316e+00 5.39850973e-08
8.717949e+00 4.739474e+00 1.331579e+00 9.04662922e-09
8.717949e+00 4.739474e+00 1.536842e+00 2.90795321e-09
8.717949e+00 4.739474e+00 1.742105e+00 1.92937422e-09
8.717949e+00 4.739474e+00 1.947368e+00 1.69792891e-09
8.717949e+00 4.739474e+00 2.152632e+00 1.58885372e-09
8.717949e+00 4.739474e+00 2.357895e+00 1.50392998e-09
8.717949e+00 4.739474e+00 2.563158e+00 1.42484979e-09
8.717949e+00 4.739474e+00 2.768421e+00 1.34747957e-09
8.717949e+00 4.739474e+00 2.973684e+00 1.27091060e-09
8.717949e+00 4.739474e+00 3.178947e+00 1.19519772e-09
8.717949e+00 4.739474e+00 3.384211e+00 1.12070730e-09
8.717949e+00 4.739474e+00 3.589474e+00 1.04788467e-09
8.717949e+00 4.739474e+00 3.794737e+00 9.77152026e-10
8.717949e+00 4.739474e+00 4.000000e+00 9.08879305e-10
8.717949e+00 5.000000e+00 1.000000e-01 1.20608889e-01
8.717949e+00 5.000000e+00 3.052632e-01 3.05008172e-04
8.717949e+00 5.000000e+00 5.105263e-01 1.21368785e-05
8.717949e+00 5.000000e+00 7.157895e-01 1.04760443e-06
8.717949e+00 5.000000e+00 9.210526e-01 1.16877601e-07
8.717949e+00 5.000000e+00 1.126316e+00 1.51339794e-08
8.717949e+00 5.000000e+00 1.331579e+00 2.52636823e-09
8.717949e+00 5.000000e+00 1.536842e+00 8.05310207e-10
8.717949e+00 5.000000e+00 1.742105e+00 5.31552746e-10
8.717949e+00 5.000000e+00 1.947368e+00 4.67186123e-10
8.717949e+00 5.000000e+00 2.152632e+00 4.37054698e-10
8.717949e+00 5.000000e+00 2.357895e+00 4.13665546e-10
8.717949e+00 5.000000e+00 2.563158e+00 3.91904648e-10
8.717949e+00 5.000000e+00 2.768421e+00 3.70620784e-10
8.717949e+00 5.000000e+00 2.973684e+00 3.49559520e-10
8.717949e+00 5.000000e+00 3.178947e+00 3.28734318e-10
8.717949e+00 5.000000e+00 3.384211e+00 3.08246567e-10
8.717949e+00 5.000000e+00 3.589474e+00 2.88217367e-10
8.717949e+00 5.000000e+00 3.794737e+00 2.68762679e-10
8.717949e+00 5.000000e+00 4.000000e+00 2.49984894e-10
8.974359e+00 5.000000e-02 1.000000e-01 3.18759707e+04
8.974359e+00 5.000000e-02 3.052632e-01 8.52990112e+01
8.974359e+00 5.000000e-02 5.105263e-01 3.89648151e+00
8.974359e+00 5.000000e-02 7.157895e-01 3.80316079e-01
8.974359e+00 5.000000e-02 9.210526e-01 5.20280190e-02
8.974359e+00 5.000000e-02 1.126316e+00 1.21776266e-02
8.974359e+00 5.000000e-02 1.331579e+00 6.37033349e-03
8.974359e+00 5.000000e-02 1.536842e+00 5.26920566e-03
8.974359e+00 5.000000e-02 1.742105e+00 4.91843047e-03
8.974359e+00 5.000000e-02 1.947368e+00 4.70132148e-03
8.974359e+00 5.000000e-02 2.152632e+00 4.50542150e-03
8.974359e+00 5.000000e-02 2.357895e+00 4.30806959e-03
8.974359e+00 5.000000e-02 2.563158e+00 4.10563825e-03
8.974359e+00 5.000000e-02 2.768421e+00 3.89910256e-03
8.974359e+00 5.000000e-02 2.973684e+00 3.69052682e-03
8.974359e+00 5.000000e-02 3.178947e+00 3.48200533e-03
8.974359e+00 5.000000e-02 3.384211e+00 3.27543775e-03
8.974359e+00 5.000000e-02 3.589474e+00 3.07245925e-03
8.974359e+00 5.000000e-02 3.794737e+00 2.87438510e-03
8.974359e+00 5.000000e-02 4.000000e+00 2.68241530e-03
8.974359e+00 3.105263e-01 1.000000e-01 3.04104277e+04
8.974359e+00 3.105263e-01 3.052632e-01 8.11634293e+01
8.974359e+00 3.105263e-01 5.105263e-01 3.68638420e+00
8.974359e+00 3.105263e-01 7.157895e-01 3.54738921e-01
8.974359e+00 3.105263e-01 9.210526e-01 4.55749929e-02
8.974359e+00 3.105263e-01 1.126316e+00 8.53953045e-03
8.974359e+00 3.105263e-01 1.331579e+00 3.32086557e-03
8.974359e+00 3.105263e-01 1.536842e+00 2.41834670e-03
8.974359e+00 3.105263e-01 1.742105e+00 2.18566065e-03
8.974359e+00 3.105263e-01 1.947368e+00 2.07207655e-03
8.974359e+00 3.105263e-01 2.152632e+00 1.98100018e-03
8.974359e+00 3.105263e-01 2.357895e+00 1.89282827e-03
8.974359e+00 3.105263e-01 2.563158e+00 1.80350151e-03
8.974359e+00 3.105263e-01 2.768421e+00 1.71274738e-03
8.974359e+00 3.105263e-01 2.973684e+00 1.62118045e-03
8.974359e+00 3.105263e-01 3.178947e+00 1.52965554e-03
8.974359e+00 3.105263e-01 3.384211e+00 1.43898104e-03
8.974359e+00 3.105263e-01 3.589474e+00 1.34986558e-03
8.974359e+00 3.105263e-01 3.794737e+00 1.26290915e-03
8.974359e+00 3.105263e-01 4.000000e+00 1.17860781e-03
8.974359e+00 5.710526e-01 1.000000e-01 2.71067578e+04
8.974359e+00 5.710526e-01 3.052632e-01 7.20778503e+01
8.974359e+00 5.710526e-01 5.105263e-01 3.25504160e+00
8.974359e+00 5.710526e-01 7.157895e-01 3.10994238e-01
8.974359e+00 5.710526e-01 9.210526e-01 3.89951617e-02
8.974359e+00 5.710526e-01 1.126316e+00 6.63429638e-03
8.974359e+00 5.710526e-01 1.331579e+00 2.14490970e-03
8.974359e+00 5.710526e-01 1.536842e+00 1.39989448e-03
8.974359e+00 5.710526e-01 1.742105e+00 1.22677570e-03
8.974359e+00 5.710526e-01 1.947368e+00 1.15399295e-03
8.974359e+00 5.710526e-01 2.152632e+00 1.10082934e-03
8.974359e+00 5.710526e-01 2.357895e+00 1.05110672e-03
8.974359e+00 5.710526e-01 2.563158e+00 1.00130064e-03
8.974359e+00 5.710526e-01 2.768421e+00 9.50875052e-04
8.974359e+00 5.710526e-01 2.973684e+00 9.00053303e-04
8.974359e+00 5.710526e-01 3.178947e+00 8.49269039e-04
8.974359e+00 5.710526e-01 3.384211e+00 7.98953522e-04
8.974359e+00 5.710526e-01 3.589474e+00 7.49498839e-04
8.974359e+00 5.710526e-01 3.794737e+00 7.01237645e-04
8.974359e+00 5.710526e-01 4.000000e+00 6.54450501e-04
8.974359e+00 8.315790e-01 1.000000e-01 2.25751074e+04
8.974359e+00 8.315790e-01 3.052632e-01 5.97338142e+01
8.974359e+00 8.315790e-01 5.105263e-01 2.67897940e+00
8.974359e+00 8.315790e-01 7.157895e-01 2.54412889e-01
8.974359e+00 8.315790e-01 9.210526e-01 3.14261541e-02
8.974359e+00 8.315790e-01 1.126316e+00 5.04321745e-03
8.974359e+00 8.315790e-01 1.331579e+00 1.42363098e-03
8.974359e+00 8.315790e-01 1.536842e+00 8.39334854e-04
8.974359e+00 8.315790e-01 1.742105e+00 7.12697220e-04
8.974359e+00 8.315790e-01 1.947368e+00 6.65143365e-04
8.974359e+00 8.315790e-01 2.152632e+00 6.33112621e-04
8.974359e+00 8.315790e-01 2.357895e+00 6.04106346e-04
8.974359e+00 8.315790e-01 2.563158e+00 5.75362006e-04
8.974359e+00 8.315790e-01 2.768421e+00 5.46357478e-04
8.974359e+00 8.315790e-01 2.973684e+00 5.17161330e-04
8.974359e+00 8.315790e-01 3.178947e+00 4.87990474e-04
8.974359e+00 8.315790e-01 3.384211e+00 4.59092145e-04
8.974359e+00 8.315790e-01 3.589474e+00 4.30685584e-04
8.974359e+00 8.315790e-01 3.794737e+00 4.02963342e-04
8.974359e+00 8.315790e-01 4.000000e+00 3.76086100e-04
8.974359e+00 1.092105e+00 1.000000e-01 1.75665449e+04
8.974359e+00 1.092105e+00 3.052632e-01 4.62131386e+01
8.974359e+00 1.092105e+00 5.105263e-01 2.05629301e+00
8.974359e+00 1.092105e+00 7.157895e-01 1.94160983e-01
8.974359e+00 1.092105e+00 9.210526e-01 2.37239599e-02
8.974359e+00 1.092105e+00 1.126316e+00 3.65842646e-03
8.974359e+00 1.092105e+00 1.331579e+00 9.29926289e-04
8.974359e+00 1.092105e+00 1.536842e+00 4.98573878e-04
8.974359e+00 1.092105e+00 1.742105e+00 4.09819419e-04
8.974359e+00 1.092105e+00 1.947368e+00 3.79386765e-04
8.974359e+00 1.092105e+00 2.152632e+00 3.60328966e-04
8.974359e+00 1.092105e+00 2.357895e+00 3.43590393e-04
8.974359e+00 1.092105e+00 2.563158e+00 3.27173591e-04
8.974359e+00 1.092105e+00 2.768421e+00 3.10663949e-04
8.974359e+00 1.092105e+00 2.973684e+00 2.94061523e-04
8.974359e+00 1.092105e+00 3.178947e+00 2.77480431e-04
8.974359e+00 1.092105e+00 3.384211e+00 2.61053821e-04
8.974359e+00 1.092105e+00 3.589474e+00 2.44906143e-04
8.974359e+00 1.092105e+00 3.794737e+00 2.29146433e-04
8.974359e+00 1.092105e+00 4.000000e+00 2.13866311e-04
8.974359e+00 1.352632e+00 1.000000e-01 1.27718857e+04
8.974359e+00 1.352632e+00 3.052632e-01 3.33889656e+01
8.974359e+00 1.352632e+00 5.105263e-01 1.47310114e+00
8.974359e+00 1.352632e+00 7.157895e-01 1.38320416e-01
8.974359e+00 1.352632e+00 9.210526e-01 1.67565588e-02
8.974359e+00 1.352632e+00 1.126316e+00 2.51014228e-03
8.974359e+00 1.352632e+00 1.331579e+00 5.87274495e-04
8.974359e+00 1.352632e+00 1.536842e+00 2.88285228e-04
8.974359e+00 1.352632e+00 1.742105e+00 2.29224883e-04
8.974359e+00 1.352632e+00 1.947368e+00 2.10444530e-04
8.974359e+00 1.352632e+00 2.152632e+00 1.99437374e-04
8.974359e+00 1.352632e+00 2.357895e+00 1.90048973e-04
8.974359e+00 1.352632e+00 2.563158e+00 1.80931238e-04
8.974359e+00 1.352632e+00 2.768421e+00 1.71791136e-04
8.974359e+00 1.352632e+00 2.973684e+00 1.62608572e-04
8.974359e+00 1.352632e+00 3.178947e+00 1.53441229e-04
8.974359e+00 1.352632e+00 3.384211e+00 1.44360107e-04
8.974359e+00 1.352632e+00 3.589474e+00 1.35432856e-04
8.974359e+00 1.352632e+00 3.794737e+00 1.26720042e-04
8.974359e+00 1.352632e+00 4.000000e+00 1.18271957e-04
8.974359e+00 1.613158e+00 1.000000e-01 8.67646484e+03
8.974359e+00 1.613158e+00 3.052632e-01 2.25363579e+01
8.974359e+00 1.613158e+00 5.105263e-01 9.85662282e-01
8.974359e+00 1.613158e+00 7.157895e-01 9.20533165e-02
8.974359e+00 1.613158e+00 9.210526e-01 1.10729327e-02
8.974359e+00 1.613158e+00 1.126316e+00 1.62265915e-03
8.974359e+00 1.613158e+00 1.331579e+00 3.55200056e-04
8.974359e+00 1.613158e+00 1.536842e+00 1.60771961e-04
8.974359e+00 1.613158e+00 1.742105e+00 1.23609934e-04
8.974359e+00 1.613158e+00 1.947368e+00 1.12521135e-04
8.974359e+00 1.613158e+00 2.152632e+00 1.06403982e-04
8.974359e+00 1.613158e+00 2.357895e+00 1.01330479e-04
8.974359e+00 1.613158e+00 2.563158e+00 9.64490828e-05
8.974359e+00 1.613158e+00 2.768421e+00 9.15709752e-05
8.974359e+00 1.613158e+00 2.973684e+00 8.66760456e-05
8.974359e+00 1.613158e+00 3.178947e+00 8.17900946e-05
8.974359e+00 1.613158e+00 3.384211e+00 7.69503604e-05
8.974359e+00 1.613158e+00 3.589474e+00 7.21928809e-05
8.974359e+00 1.613158e+00 3.794737e+00 6.75494739e-05
8.974359e+00 1.613158e+00 4.000000e+00 6.30469367e-05
8.974359e+00 1.873684e+00 1.000000e-01 5.50751172e+03
8.974359e+00 1.873684e+00 3.052632e-01 1.42146330e+01
8.974359e+00 1.873684e+00 5.105263e-01 6.16376162e-01
8.974359e+00 1.873684e+00 7.157895e-01 5.72700873e-02
8.974359e+00 1.873684e+00 9.210526e-01 6.84781419e-03
8.974359e+00 1.873684e+00 1.126316e+00 9.86437779e-04
8.974359e+00 1.873684e+00 1.331579e+00 2.04595315e-04
8.974359e+00 1.873684e+00 1.536842e+00 8.59978973e-05
8.974359e+00 1.873684e+00 1.742105e+00 6.39340724e-05
8.974359e+00 1.873684e+00 1.947368e+00 5.76975799e-05
8.974359e+00 1.873684e+00 2.152632e+00 5.44427712e-05
8.974359e+00 1.873684e+00 2.357895e+00 5.18143861e-05
8.974359e+00 1.873684e+00 2.563158e+00 4.93085754e-05
8.974359e+00 1.873684e+00 2.768421e+00 4.68119542e-05
8.974359e+00 1.873684e+00 2.973684e+00 4.43089557e-05
8.974359e+00 1.873684e+00 3.178947e+00 4.18114760e-05
8.974359e+00 1.873684e+00 3.384211e+00 3.93377341e-05
8.974359e+00 1.873684e+00 3.589474e+00 3.69061527e-05
8.974359e+00 1.873684e+00 3.794737e+00 3.45328299e-05
8.974359e+00 1.873684e+00 4.000000e+00 3.22312917e-05
8.974359e+00 2.134211e+00 1.000000e-01 3.26661035e+03
8.974359e+00 2.134211e+00 3.052632e-01 8.38027859e+00
8.974359e+00 2.134211e+00 5.105263e-01 3.60418767e-01
8.974359e+00 2.134211e+00 7.157895e-01 3.33279967e-02
8.974359e+00 2.134211e+00 9.210526e-01 3.96471890e-03
8.974359e+00 2.134211e+00 1.126316e+00 5.63394220e-04
8.974359e+00 2.134211e+00 1.331579e+00 1.11823763e-04
8.974359e+00 2.134211e+00 1.536842e+00 4.39625001e-05
8.974359e+00 2.134211e+00 1.742105e+00 3.16168298e-05
8.974359e+00 2.134211e+00 1.947368e+00 2.82851852e-05
8.974359e+00 2.134211e+00 2.152632e+00 2.66322204e-05
8.974359e+00 2.134211e+00 2.357895e+00 2.53310554e-05
8.974359e+00 2.134211e+00 2.563158e+00 2.41013586e-05
8.974359e+00 2.134211e+00 2.768421e+00 2.28797526e-05
8.974359e+00 2.134211e+00 2.973684e+00 2.16561548e-05
8.974359e+00 2.134211e+00 3.178947e+00 2.04355565e-05
8.974359e+00 2.134211e+00 3.384211e+00 1.92266616e-05
8.974359e+00 2.134211e+00 3.589474e+00 1.80383577e-05
8.974359e+00 2.134211e+00 3.794737e+00 1.68785009e-05
8.974359e+00 2.134211e+00 4.000000e+00 1.57537761e-05
8.974359e+00 2.394737e+00 1.000000e-01 1.81039062e+03
8.974359e+00 2.394737e+00 3.052632e-01 4.61875296e+00
8.974359e+00 2.394737e+00 5.105263e-01 1.97141096e-01
8.974359e+00 2.394737e+00 7.157895e-01 1.81501154e-02
8.974359e+00 2.394737e+00 9.210526e-01 2.14972370e-03
8.974359e+00 2.394737e+00 1.126316e+00 3.02152970e-04
8.974359e+00 2.394737e+00 1.331579e+00 5.78518484e-05
8.974359e+00 2.394737e+00 1.536842e+00 2.14239699e-05
8.974359e+00 2.394737e+00 1.742105e+00 1.49187254e-05
8.974359e+00 2.394737e+00 1.947368e+00 1.32313198e-05
8.974359e+00 2.394737e+00 2.152632e+00 1.24317439e-05
8.974359e+00 2.394737e+00 2.357895e+00 1.18173648e-05
8.974359e+00 2.394737e+00 2.563158e+00 1.12416246e-05
8.974359e+00 2.394737e+00 2.768421e+00 1.06711941e-05
8.974359e+00 2.394737e+00 2.973684e+00 1.01003261e-05
8.974359e+00 2.394737e+00 3.178947e+00 9.53109793e-06
8.974359e+00 2.394737e+00 3.384211e+00 8.96734309e-06
8.974359e+00 2.394737e+00 3.589474e+00 8.41321162e-06
8.974359e+00 2.394737e+00 3.794737e+00 7.87230965e-06
8.974359e+00 2.394737e+00 4.000000e+00 7.34776495e-06
8.974359e+00 2.655263e+00 1.000000e-01 9.37522095e+02
8.974359e+00 2.655263e+00 3.052632e-01 2.38001990e+00
8.974359e+00 2.655263e+00 5.105263e-01 1.00894064e-01
8.974359e+00 2.655263e+00 7.157895e-01 9.25274473e-03
8.974359e+00 2.655263e+00 9.210526e-01 1.09183521e-03
8.974359e+00 2.655263e+00 1.126316e+00 1.52110806e-04
8.974359e+00 2.655263e+00 1.331579e+00 2.82789606e-05
8.974359e+00 2.655263e+00 1.536842e+00 9.93377307e-06
8.974359e+00 2.655263e+00 1.742105e+00 6.70772397e-06
8.974359e+00 2.655263e+00 1.947368e+00 5.89866704e-06
8.974359e+00 2.655263e+00 2.152632e+00 5.53079008e-06
8.974359e+00 2.655263e+00 2.357895e+00 5.25448286e-06
8.974359e+00 2.655263e+00 2.563158e+00 4.99760199e-06
8.974359e+00 2.655263e+00 2.768421e+00 4.74374838e-06
8.974359e+00 2.655263e+00 2.973684e+00 4.48992159e-06
8.974359e+00 2.655263e+00 3.178947e+00 4.23687698e-06
8.974359e+00 2.655263e+00 3.384211e+00 3.98629436e-06
8.974359e+00 2.655263e+00 3.589474e+00 3.73998091e-06
8.974359e+00 2.655263e+00 3.794737e+00 3.49955917e-06
8.974359e+00 2.655263e+00 4.000000e+00 3.26641702e-06
8.974359e+00 2.915789e+00 1.000000e-01 4.53656067e+02
8.974359e+00 2.915789e+00 3.052632e-01 1.14670134e+00
8.974359e+00 2.915789e+00 5.105263e-01 4.83207218e-02
8.974359e+00 2.915789e+00 7.157895e-01 4.41627530e-03
8.974359e+00 2.915789e+00 9.210526e-01 5.19494177e-04
8.974359e+00 2.915789e+00 1.126316e+00 7.18590018e-05
8.974359e+00 2.915789e+00 1.331579e+00 1.30424814e-05
8.974359e+00 2.915789e+00 1.536842e+00 4.37572135e-06
8.974359e+00 2.915789e+00 1.742105e+00 2.87085618e-06
8.974359e+00 2.915789e+00 1.947368e+00 2.50403355e-06
8.974359e+00 2.915789e+00 2.152632e+00 2.34322692e-06
8.974359e+00 2.915789e+00 2.357895e+00 2.22497351e-06
8.974359e+00 2.915789e+00 2.563158e+00 2.11585052e-06
8.974359e+00 2.915789e+00 2.768421e+00 2.00826457e-06
8.974359e+00 2.915789e+00 2.973684e+00 1.90077844e-06
8.974359e+00 2.915789e+00 3.178947e+00 1.79365929e-06
8.974359e+00 2.915789e+00 3.384211e+00 1.68758731e-06
8.974359e+00 2.915789e+00 3.589474e+00 1.58331670e-06
8.974359e+00 2.915789e+00 3.794737e+00 1.48154538e-06
8.974359e+00 2.915789e+00 4.000000e+00 1.38285202e-06
8.974359e+00 3.176316e+00 1.000000e-01 2.05119736e+02
8.974359e+00 3.176316e+00 3.052632e-01 5.16579509e-01
8.974359e+00 3.176316e+00 5.105263e-01 2.16569044e-02
8.974359e+00 3.176316e+00 7.157895e-01 1.97357917e-03
8.974359e+00 3.176316e+00 9.210526e-01 2.31551399e-04
8.974359e+00 3.176316e+00 1.126316e+00 3.18459097e-05
8.974359e+00 3.176316e+00 1.331579e+00 5.66884228e-06
8.974359e+00 3.176316e+00 1.536842e+00 1.82848282e-06
8.974359e+00 3.176316e+00 1.742105e+00 1.16853880e-06
8.974359e+00 3.176316e+00 1.947368e+00 1.01143678e-06
8.974359e+00 3.176316e+00 2.152632e+00 9.44734381e-07
8.974359e+00 3.176316e+00 2.357895e+00 8.96609151e-07
8.974359e+00 3.176316e+00 2.563158e+00 8.52504400e-07
8.974359e+00 3.176316e+00 2.768421e+00 8.09117353e-07
8.974359e+00 3.176316e+00 2.973684e+00 7.65803236e-07
8.974359e+00 3.176316e+00 3.178947e+00 7.22644131e-07
8.974359e+00 3.176316e+00 3.384211e+00 6.79910897e-07
8.974359e+00 3.176316e+00 3.589474e+00 6.37907817e-07
8.974359e+00 3.176316e+00 3.794737e+00 5.96907739e-07
8.974359e+00 3.176316e+00 4.000000e+00 5.57147018e-07
8.974359e+00 3.436842e+00 1.000000e-01 8.66609726e+01
8.974359e+00 3.436842e+00 3.052632e-01 2.17586473e-01
8.974359e+00 3.436842e+00 5.105263e-01 9.08314250e-03
8.974359e+00 3.436842e+00 7.157895e-01 8.25735973e-04
8.974359e+00 3.436842e+00 9.210526e-01 9.66735315e-05
8.974359e+00 3.436842e+00 1.126316e+00 1.32350788e-05
8.974359e+00 3.436842e+00 1.331579e+00 2.31953800e-06
8.974359e+00 3.436842e+00 1.536842e+00 7.23828066e-07
8.974359e+00 3.436842e+00 1.742105e+00 4.51899695e-07
8.974359e+00 3.436842e+00 1.947368e+00 3.88416879e-07
8.974359e+00 3.436842e+00 2.152632e+00 3.62189638e-07
8.974359e+00 3.436842e+00 2.357895e+00 3.43584361e-07
8.974359e+00 3.436842e+00 2.563158e+00 3.26636695e-07
8.974359e+00 3.436842e+00 2.768421e+00 3.09999592e-07
8.974359e+00 3.436842e+00 2.973684e+00 2.93400859e-07
8.974359e+00 3.436842e+00 3.178947e+00 2.76865023e-07
8.974359e+00 3.436842e+00 3.384211e+00 2.60493778e-07
8.974359e+00 3.436842e+00 3.589474e+00 2.44402401e-07
8.974359e+00 3.436842e+00 3.794737e+00 2.28695654e-07
8.974359e+00 3.436842e+00 4.000000e+00 2.13463068e-07
8.974359e+00 3.697368e+00 1.000000e-01 3.42116585e+01
8.974359e+00 3.697368e+00 3.052632e-01 8.56864676e-02
8.974359e+00 3.697368e+00 5.105263e-01 3.56457685e-03
8.974359e+00 3.697368e+00 7.157895e-01 3.23411427e-04
8.974359e+00 3.697368e+00 9.210526e-01 3.77988508e-05
8.974359e+00 3.697368e+00 1.126316e+00 5.15622469e-06
8.974359e+00 3.697368e+00 1.331579e+00 8.92591686e-07
8.974359e+00 3.697368e+00 1.536842e+00 2.71060173e-07
8.974359e+00 3.697368e+00 1.742105e+00 1.65847155e-07
8.974359e+00 3.697368e+00 1.947368e+00 1.41669119e-07
8.974359e+00 3.697368e+00 2.152632e+00 1.31905452e-07
8.974359e+00 3.697368e+00 2.357895e+00 1.25079154e-07
8.974359e+00 3.697368e+00 2.563158e+00 1.18895173e-07
8.974359e+00 3.697368e+00 2.768421e+00 1.12834769e-07
8.974359e+00 3.697368e+00 2.973684e+00 1.06791795e-07
8.974359e+00 3.697368e+00 3.178947e+00 1.00773256e-07
8.974359e+00 3.697368e+00 3.384211e+00 9.48148440e-08
8.974359e+00 3.697368e+00 3.589474e+00 8.89581528e-08
8.974359e+00 3.697368e+00 3.794737e+00 8.32413747e-08
8.974359e+00 3.697368e+00 4.000000e+00 7.76972371e-08
8.974359e+00 3.957895e+00 1.000000e-01 1.26199427e+01
8.974359e+00 3.957895e+00 3.052632e-01 3.15463655e-02
8.974359e+00 3.957895e+00 5.105263e-01 1.30872149e-03
8.974359e+00 3.957895e+00 7.157895e-01 1.18553158e-04
8.974359e+00 3.957895e+00 9.210526e-01 1.38373016e-05
8.974359e+00 3.957895e+00 1.126316e+00 1.88230069e-06
8.974359e+00 3.957895e+00 1.331579e+00 3.22726947e-07
8.974359e+00 3.957895e+00 1.536842e+00 9.58818447e-08
8.974359e+00 3.957895e+00 1.742105e+00 5.76813974e-08
8.974359e+00 3.957895e+00 1.947368e+00 4.90116676e-08
8.974359e+00 3.957895e+00 2.152632e+00 4.55751348e-08
8.974359e+00 3.957895e+00 2.357895e+00 4.32018972e-08
8.974359e+00 3.957895e+00 2.563158e+00 4.10616607e-08
8.974359e+00 3.957895e+00 2.768421e+00 3.89672969e-08
8.974359e+00 3.957895e+00 2.973684e+00 3.68801061e-08
8.974359e+00 3.957895e+00 3.178947e+00 3.48016016e-08
8.974359e+00 3.957895e+00 3.384211e+00 3.27439338e-08
8.974359e+00 3.957895e+00 3.589474e+00 3.07214414e-08
8.974359e+00 3.957895e+00 3.794737e+00 2.87472783e-08
8.974359e+00 3.957895e+00 4.000000e+00 2.68327494e-08
8.974359e+00 4.218421e+00 1.000000e-01 4.34983110e+00
8.974359e+00 4.218421e+00 3.052632e-01 1.08570186e-02
8.974359e+00 4.218421e+00 5.105263e-01 4.49448533e-04
8.974359e+00 4.218421e+00 7.157895e-01 4.06647159e-05
8.974359e+00 4.218421e+00 9.210526e-01 4.74138096e-06
8.974359e+00 4.218421e+00 1.126316e+00 6.43598241e-07
8.974359e+00 4.218421e+00 1.331579e+00 1.09537702e-07
8.974359e+00 4.218421e+00 1.536842e+00 3.19883995e-08
8.974359e+00 4.218421e+00 1.742105e+00 1.89813818e-08
8.974359e+00 4.218421e+00 1.947368e+00 1.60578750e-08
8.974359e+00 4.218421e+00 2.152632e+00 1.49160329e-08
8.974359e+00 4.218421e+00 2.357895e+00 1.41352867e-08
8.974359e+00 4.218421e+00 2.563158e+00 1.34338496e-08
8.974359e+00 4.218421e+00 2.768421e+00 1.27483268e-08
8.974359e+00 4.218421e+00 2.973684e+00 1.20653718e-08
8.974359e+00 4.218421e+00 3.178947e+00 1.13853700e-08
8.974359e+00 4.218421e+00 3.384211e+00 1.07122400e-08
8.974359e+00 4.218421e+00 3.589474e+00 1.00505941e-08
8.974359e+00 4.218421e+00 3.794737e+00 9.40477740e-09
8.974359e+00 4.218421e+00 4.000000e+00 8.77845086e-09
8.974359e+00 4.478947e+00 1.000000e-01 1.40093434e+00
8.974359e+00 4.478947e+00 3.052632e-01 3.49271181e-03
8.974359e+00 4.478947e+00 5.105263e-01 1.44354504e-04
8.974359e+00 4.478947e+00 7.157895e-01 1.30487078e-05
8.974359e+00 4.478947e+00 9.210526e-01 1.52024768e-06
8.974359e+00 4.478947e+00 1.126316e+00 2.06029839e-07
8.974359e+00 4.478947e+00 1.331579e+00 3.48719027e-08
8.974359e+00 4.478947e+00 1.536842e+00 1.00502540e-08
8.974359e+00 4.478947e+00 1.742105e+00 5.89957994e-09
8.974359e+00 4.478947e+00 1.947368e+00 4.97349761e-09
8.974359e+00 4.478947e+00 2.152632e+00 4.61589433e-09
8.974359e+00 4.478947e+00 2.357895e+00 4.37328795e-09
8.974359e+00 4.478947e+00 2.563158e+00 4.15600043e-09
8.974359e+00 4.478947e+00 2.768421e+00 3.94382171e-09
8.974359e+00 4.478947e+00 2.973684e+00 3.73252940e-09
8.974359e+00 4.478947e+00 3.178947e+00 3.52215657e-09
8.974359e+00 4.478947e+00 3.384211e+00 3.31392380e-09
8.974359e+00 4.478947e+00 3.589474e+00 3.10924642e-09
8.974359e+00 4.478947e+00 3.794737e+00 2.90946245e-09
8.974359e+00 4.478947e+00 4.000000e+00 2.71570832e-09
8.974359e+00 4.739474e+00 1.000000e-01 4.21590656e-01
8.974359e+00 4.739474e+00 3.052632e-01 1.05020101e-03
8.974359e+00 4.739474e+00 5.105263e-01 4.33531968e-05
8.974359e+00 4.739474e+00 7.157895e-01 3.91618505e-06
8.974359e+00 4.739474e+00 9.210526e-01 4.55994353e-07
8.974359e+00 4.739474e+00 1.126316e+00 6.17255509e-08
8.974359e+00 4.739474e+00 1.331579e+00 1.04049844e-08
8.974359e+00 4.739474e+00 1.536842e+00 2.96937608e-09
8.974359e+00 4.739474e+00 1.742105e+00 1.72875070e-09
8.974359e+00 4.739474e+00 1.947368e+00 1.45344980e-09
8.974359e+00 4.739474e+00 2.152632e+00 1.34805367e-09
8.974359e+00 4.739474e+00 2.357895e+00 1.27698085e-09
8.974359e+00 4.739474e+00 2.563158e+00 1.21346877e-09
8.974359e+00 4.739474e+00 2.768421e+00 1.15149668e-09
8.974359e+00 4.739474e+00 2.973684e+00 1.08979892e-09
8.974359e+00 4.739474e+00 3.178947e+00 1.02837749e-09
8.974359e+00 4.739474e+00 3.384211e+00 9.67580127e-10
8.974359e+00 4.739474e+00 3.589474e+00 9.07821207e-10
8.974359e+00 4.739474e+00 3.794737e+00 8.49490478e-10
8.974359e+00 4.739474e+00 4.000000e+00 7.92919841e-10
8.974359e+00 5.000000e+00 1.000000e-01 1.18547477e-01
8.974359e+00 5.000000e+00 3.052632e-01 2.95128964e-04
8.974359e+00 5.000000e+00 5.105263e-01 1.21726989e-05
8.974359e+00 5.000000e+00 7.157895e-01 1.09904420e-06
8.974359e+00 5.000000e+00 9.210526e-01 1.27917872e-07
8.974359e+00 5.000000e+00 1.126316e+00 1.73009571e-08
8.974359e+00 5.000000e+00 1.331579e+00 2.90786017e-09
8.974359e+00 5.000000e+00 1.536842e+00 8.23914881e-10
8.974359e+00 5.000000e+00 1.742105e+00 4.76766182e-10
8.974359e+00 5.000000e+00 1.947368e+00 4.00036504e-10
8.974359e+00 5.000000e+00 2.152632e+00 3.70846298e-10
8.974359e+00 5.000000e+00 2.357895e+00 3.51246504e-10
8.974359e+00 5.000000e+00 2.563158e+00 3.33763184e-10
8.974359e+00 5.000000e+00 2.768421e+00 3.16714988e-10
8.974359e+00 5.000000e+00 2.973684e+00 2.99743785e-10
8.974359e+00 5.000000e+00 3.178947e+00 2.82849716e-10
8.974359e+00 5.000000e+00 3.384211e+00 2.66128175e-10
8.974359e+00 5.000000e+00 3.589474e+00 2.49692128e-10
8.974359e+00 5.000000e+00 3.794737e+00 2.33648656e-10
8.974359e+00 5.000000e+00 4.000000e+00 2.18089824e-10
9.230769e+00 5.000000e-02 1.000000e-01 3.09574414e+04
9.230769e+00 5.000000e-02 3.052632e-01 8.02275620e+01
9.230769e+00 5.000000e-02 5.105263e-01 3.80723262e+00
9.230769e+00 5.000000e-02 7.157895e-01 3.83562624e-01
9.230769e+00 5.000000e-02 9.210526e-01 5.18316142e-02
9.230769e+00 5.000000e-02 1.126316e+00 1.08507499e-02
9.230769e+00 5.000000e-02 1.331579e+00 5.14970487e-03
9.230769e+00 5.000000e-02 1.536842e+00 4.27337829e-03
9.230769e+00 5.000000e-02 1.742105e+00 4.07575071e-03
9.230769e+00 5.000000e-02 1.947368e+00 3.95272207e-03
9.230769e+00 5.000000e-02 2.152632e+00 3.81996529e-03
9.230769e+00 5.000000e-02 2.357895e+00 3.67172924e-03
9.230769e+00 5.000000e-02 2.563158e+00 3.51240882e-03
9.230769e+00 5.000000e-02 2.768421e+00 3.34644760e-03
9.230769e+00 5.000000e-02 2.973684e+00 3.17704421e-03
9.230769e+00 5.000000e-02 3.178947e+00 3.00663896e-03
9.230769e+00 5.000000e-02 3.384211e+00 2.83700461e-03
9.230769e+00 5.000000e-02 3.589474e+00 2.66957050e-03
9.230769e+00 5.000000e-02 3.794737e+00 2.50556669e-03
9.230769e+00 5.000000e-02 4.000000e+00 2.34591262e-03
9.230769e+00 3.105263e-01 1.000000e-01 2.95345156e+04
9.230769e+00 3.105263e-01 3.052632e-01 7.63702698e+01
9.230769e+00 3.105263e-01 5.105263e-01 3.61124182e+00
9.230769e+00 3.105263e-01 7.157895e-01 3.61488402e-01
9.230769e+00 3.105263e-01 9.210526e-01 4.71322015e-02
9.230769e+00 3.105263e-01 1.126316e+00 8.26095603e-03
9.230769e+00 3.105263e-01 1.331579e+00 2.80975155e-03
9.230769e+00 3.105263e-01 1.536842e+00 1.96696469e-03
9.230769e+00 3.105263e-01 1.742105e+00 1.80366565e-03
9.230769e+00 3.105263e-01 1.947368e+00 1.73665839e-03
9.230769e+00 3.105263e-01 2.152632e+00 1.67664071e-03
9.230769e+00 3.105263e-01 2.357895e+00 1.61174033e-03
9.230769e+00 3.105263e-01 2.563158e+00 1.54217577e-03
9.230769e+00 3.105263e-01 2.768421e+00 1.46958628e-03
9.230769e+00 3.105263e-01 2.973684e+00 1.39538734e-03
9.230769e+00 3.105263e-01 3.178947e+00 1.32066128e-03
9.230769e+00 3.105263e-01 3.384211e+00 1.24623079e-03
9.230769e+00 3.105263e-01 3.589474e+00 1.17274420e-03
9.230769e+00 3.105263e-01 3.794737e+00 1.10074086e-03
9.230769e+00 3.105263e-01 4.000000e+00 1.03063707e-03
9.230769e+00 5.710526e-01 1.000000e-01 2.63259805e+04
9.230769e+00 5.710526e-01 3.052632e-01 6.78037338e+01
9.230769e+00 5.710526e-01 5.105263e-01 3.18825150e+00
9.230769e+00 5.710526e-01 7.157895e-01 3.17633241e-01
9.230769e+00 5.710526e-01 9.210526e-01 4.08412777e-02
9.230769e+00 5.710526e-01 1.126316e+00 6.67862175e-03
9.230769e+00 5.710526e-01 1.331579e+00 1.88665383e-03
9.230769e+00 5.710526e-01 1.536842e+00 1.14625541e-03
9.230769e+00 5.710526e-01 1.742105e+00 1.01011887e-03
9.230769e+00 5.710526e-01 1.947368e+00 9.64995183e-04
9.230769e+00 5.710526e-01 2.152632e+00 9.30432696e-04
9.230769e+00 5.710526e-01 2.357895e+00 8.94366880e-04
9.230769e+00 5.710526e-01 2.563158e+00 8.55881430e-04
9.230769e+00 5.710526e-01 2.768421e+00 8.15709180e-04
9.230769e+00 5.710526e-01 2.973684e+00 7.74595537e-04
9.230769e+00 5.710526e-01 3.178947e+00 7.33164488e-04
9.230769e+00 5.710526e-01 3.384211e+00 6.91876921e-04
9.230769e+00 5.710526e-01 3.589474e+00 6.51107868e-04
9.230769e+00 5.710526e-01 3.794737e+00 6.11146155e-04
9.230769e+00 5.710526e-01 4.000000e+00 5.72244287e-04
9.230769e+00 8.315790e-01 1.000000e-01 2.19247754e+04
9.230769e+00 8.315790e-01 3.052632e-01 5.61642609e+01
9.230769e+00 8.315790e-01 5.105263e-01 2.62144256e+00
9.230769e+00 8.315790e-01 7.157895e-01 2.59850174e-01
9.230769e+00 8.315790e-01 9.210526e-01 3.31074446e-02
9.230769e+00 8.315790e-01 1.126316e+00 5.20301517e-03
9.230769e+00 8.315790e-01 1.331579e+00 1.29605830e-03
9.230769e+00 8.315790e-01 1.536842e+00 6.93898881e-04
9.230769e+00 8.315790e-01 1.742105e+00 5.86343696e-04
9.230769e+00 8.315790e-01 1.947368e+00 5.55258768e-04
9.230769e+00 8.315790e-01 2.152632e+00 5.34516294e-04
9.230769e+00 8.315790e-01 2.357895e+00 5.13706880e-04
9.230769e+00 8.315790e-01 2.563158e+00 4.91641869e-04
9.230769e+00 8.315790e-01 2.768421e+00 4.68607002e-04
9.230769e+00 8.315790e-01 2.973684e+00 4.45024751e-04
9.230769e+00 8.315790e-01 3.178947e+00 4.21243371e-04
9.230769e+00 8.315790e-01 3.384211e+00 3.97537893e-04
9.230769e+00 8.315790e-01 3.589474e+00 3.74123018e-04
9.230769e+00 8.315790e-01 3.794737e+00 3.51172552e-04
9.230769e+00 8.315790e-01 4.000000e+00 3.28825350e-04
9.230769e+00 1.092105e+00 1.000000e-01 1.70604355e+04
9.230769e+00 1.092105e+00 3.052632e-01 4.34260330e+01
9.230769e+00 1.092105e+00 5.105263e-01 2.00938725e+00
9.230769e+00 1.092105e+00 7.157895e-01 1.98106855e-01
9.230769e+00 1.092105e+00 9.210526e-01 2.50594672e-02
9.230769e+00 1.092105e+00 1.126316e+00 3.83587228e-03
9.230769e+00 1.092105e+00 1.331579e+00 8.72296572e-04
9.230769e+00 1.092105e+00 1.536842e+00 4.17020550e-04
9.230769e+00 1.092105e+00 1.742105e+00 3.37262230e-04
9.230769e+00 1.092105e+00 1.947368e+00 3.16308346e-04
9.230769e+00 1.092105e+00 2.152632e+00 3.03931796e-04
9.230769e+00 1.092105e+00 2.357895e+00 2.92020559e-04
9.230769e+00 1.092105e+00 2.563158e+00 2.79486529e-04
9.230769e+00 1.092105e+00 2.768421e+00 2.66412506e-04
9.230769e+00 1.092105e+00 2.973684e+00 2.53020058e-04
9.230769e+00 1.092105e+00 3.178947e+00 2.39509958e-04
9.230769e+00 1.092105e+00 3.384211e+00 2.26039076e-04
9.230769e+00 1.092105e+00 3.589474e+00 2.12730651e-04
9.230769e+00 1.092105e+00 3.794737e+00 1.99684990e-04
9.230769e+00 1.092105e+00 4.000000e+00 1.86981284e-04
9.230769e+00 1.352632e+00 1.000000e-01 1.24038799e+04
9.230769e+00 1.352632e+00 3.052632e-01 3.13559208e+01
9.230769e+00 1.352632e+00 5.105263e-01 1.43729830e+00
9.230769e+00 1.352632e+00 7.157895e-01 1.40911013e-01
9.230769e+00 1.352632e+00 9.210526e-01 1.77150089e-02
9.230769e+00 1.352632e+00 1.126316e+00 2.66080466e-03
9.230769e+00 1.352632e+00 1.331579e+00 5.65086200e-04
9.230769e+00 1.352632e+00 1.536842e+00 2.44272960e-04
9.230769e+00 1.352632e+00 1.742105e+00 1.88868318e-04
9.230769e+00 1.352632e+00 1.947368e+00 1.75297129e-04
9.230769e+00 1.352632e+00 2.152632e+00 1.68093364e-04
9.230769e+00 1.352632e+00 2.357895e+00 1.61450691e-04
9.230769e+00 1.352632e+00 2.563158e+00 1.54520210e-04
9.230769e+00 1.352632e+00 2.768421e+00 1.47299652e-04
9.230769e+00 1.352632e+00 2.973684e+00 1.39902273e-04
9.230769e+00 1.352632e+00 3.178947e+00 1.32437228e-04
9.230769e+00 1.352632e+00 3.384211e+00 1.24991682e-04
9.230769e+00 1.352632e+00 3.589474e+00 1.17635442e-04
9.230769e+00 1.352632e+00 3.794737e+00 1.10423476e-04
9.230769e+00 1.352632e+00 4.000000e+00 1.03399754e-04
9.230769e+00 1.613158e+00 1.000000e-01 8.42645117e+03
9.230769e+00 1.613158e+00 3.052632e-01 2.11513233e+01
9.230769e+00 1.613158e+00 5.105263e-01 9.60204542e-01
9.230769e+00 1.613158e+00 7.157895e-01 9.36078429e-02
9.230769e+00 1.613158e+00 9.210526e-01 1.17040956e-02
9.230769e+00 1.613158e+00 1.126316e+00 1.73292554e-03
9.230769e+00 1.613158e+00 1.331579e+00 3.49162787e-04
9.230769e+00 1.613158e+00 1.536842e+00 1.38089235e-04
9.230769e+00 1.613158e+00 1.742105e+00 1.02044338e-04
9.230769e+00 1.613158e+00 1.947368e+00 9.36720389e-05
9.230769e+00 1.613158e+00 2.152632e+00 8.96239144e-05
9.230769e+00 1.613158e+00 2.357895e+00 8.60479413e-05
9.230769e+00 1.613158e+00 2.563158e+00 8.23521041e-05
9.230769e+00 1.613158e+00 2.768421e+00 7.85067386e-05
9.230769e+00 1.613158e+00 2.973684e+00 7.45670986e-05
9.230769e+00 1.613158e+00 3.178947e+00 7.05905695e-05
9.230769e+00 1.613158e+00 3.384211e+00 6.66236156e-05
9.230769e+00 1.613158e+00 3.589474e+00 6.27036716e-05
9.230769e+00 1.613158e+00 3.794737e+00 5.88602015e-05
9.230769e+00 1.613158e+00 4.000000e+00 5.51171288e-05
9.230769e+00 1.873684e+00 1.000000e-01 5.34881006e+03
9.230769e+00 1.873684e+00 3.052632e-01 1.33334742e+01
9.230769e+00 1.873684e+00 5.105263e-01 5.99549830e-01
9.230769e+00 1.873684e+00 7.157895e-01 5.81279397e-02
9.230769e+00 1.873684e+00 9.210526e-01 7.23246858e-03
9.230769e+00 1.873684e+00 1.126316e+00 1.05885288e-03
9.230769e+00 1.873684e+00 1.331579e+00 2.04723299e-04
9.230769e+00 1.873684e+00 1.536842e+00 7.48827733e-05
9.230769e+00 1.873684e+00 1.742105e+00 5.29116296e-05
9.230769e+00 1.873684e+00 1.947368e+00 4.80152739e-05
9.230769e+00 1.873684e+00 2.152632e+00 4.58325048e-05
9.230769e+00 1.873684e+00 2.357895e+00 4.39844735e-05
9.230769e+00 1.873684e+00 2.563158e+00 4.20933284e-05
9.230769e+00 1.873684e+00 2.768421e+00 4.01289290e-05
9.230769e+00 1.873684e+00 2.973684e+00 3.81163554e-05
9.230769e+00 1.873684e+00 3.178947e+00 3.60845697e-05
9.230769e+00 1.873684e+00 3.384211e+00 3.40575352e-05
9.230769e+00 1.873684e+00 3.589474e+00 3.20541330e-05
9.230769e+00 1.873684e+00 3.794737e+00 3.00897373e-05
9.230769e+00 1.873684e+00 4.000000e+00 2.81766224e-05
9.230769e+00 2.134211e+00 1.000000e-01 3.17248218e+03
9.230769e+00 2.134211e+00 3.052632e-01 7.85674381e+00
9.230769e+00 2.134211e+00 5.105263e-01 3.50086302e-01
9.230769e+00 2.134211e+00 7.157895e-01 3.37652564e-02
9.230769e+00 2.134211e+00 9.210526e-01 4.18282906e-03
9.230769e+00 2.134211e+00 1.126316e+00 6.06857415e-04
9.230769e+00 2.134211e+00 1.331579e+00 1.13548289e-04
9.230769e+00 2.134211e+00 1.536842e+00 3.87961009e-05
9.230769e+00 2.134211e+00 1.742105e+00 2.62421290e-05
9.230769e+00 2.134211e+00 1.947368e+00 2.35349635e-05
9.230769e+00 2.134211e+00 2.152632e+00 2.24103514e-05
9.230769e+00 2.134211e+00 2.357895e+00 2.14966731e-05
9.230769e+00 2.134211e+00 2.563158e+00 2.05710821e-05
9.230769e+00 2.134211e+00 2.768421e+00 1.96113633e-05
9.230769e+00 2.134211e+00 2.973684e+00 1.86283432e-05
9.230769e+00 2.134211e+00 3.178947e+00 1.76357989e-05
9.230769e+00 2.134211e+00 3.384211e+00 1.66453865e-05
9.230769e+00 2.134211e+00 3.589474e+00 1.56664264e-05
9.230769e+00 2.134211e+00 3.794737e+00 1.47065175e-05
9.230769e+00 2.134211e+00 4.000000e+00 1.37715651e-05
9.230769e+00 2.394737e+00 1.000000e-01 1.75822510e+03
9.230769e+00 2.394737e+00 3.052632e-01 4.32823515e+00
9.230769e+00 2.394737e+00 5.105263e-01 1.91245630e-01
9.230769e+00 2.394737e+00 7.157895e-01 1.83567870e-02
9.230769e+00 2.394737e+00 9.210526e-01 2.26520863e-03
9.230769e+00 2.394737e+00 1.126316e+00 3.26229725e-04
9.230769e+00 2.394737e+00 1.331579e+00 5.94567646e-05
9.230769e+00 2.394737e+00 1.536842e+00 1.91486306e-05
9.230769e+00 2.394737e+00 1.742105e+00 1.24219223e-05
9.230769e+00 2.394737e+00 1.947368e+00 1.10091969e-05
9.230769e+00 2.394737e+00 2.152632e+00 1.04571063e-05
9.230769e+00 2.394737e+00 2.357895e+00 1.00258458e-05
9.230769e+00 2.394737e+00 2.563158e+00 9.59348927e-06
9.230769e+00 2.394737e+00 2.768421e+00 9.14601969e-06
9.230769e+00 2.394737e+00 2.973684e+00 8.68776806e-06
9.230769e+00 2.394737e+00 3.178947e+00 8.22499987e-06
9.230769e+00 2.394737e+00 3.384211e+00 7.76321849e-06
9.230769e+00 2.394737e+00 3.589474e+00 7.30673992e-06
9.230769e+00 2.394737e+00 3.794737e+00 6.85911073e-06
9.230769e+00 2.394737e+00 4.000000e+00 6.42311261e-06
9.230769e+00 2.655263e+00 1.000000e-01 9.10509094e+02
9.230769e+00 2.655263e+00 3.052632e-01 2.22943807e+00
9.230769e+00 2.655263e+00 5.105263e-01 9.77668986e-02
9.230769e+00 2.655263e+00 7.157895e-01 9.34362784e-03
9.230769e+00 2.655263e+00 9.210526e-01 1.14907557e-03
9.230769e+00 2.655263e+00 1.126316e+00 1.64491619e-04
9.230769e+00 2.655263e+00 1.331579e+00 2.93513585e-05
9.230769e+00 2.655263e+00 1.536842e+00 8.98451890e-06
9.230769e+00 2.655263e+00 1.742105e+00 5.60360877e-06
9.230769e+00 2.655263e+00 1.947368e+00 4.90855427e-06
9.230769e+00 2.655263e+00 2.152632e+00 4.65083804e-06
9.230769e+00 2.655263e+00 2.357895e+00 4.45684418e-06
9.230769e+00 2.655263e+00 2.563158e+00 4.26429142e-06
9.230769e+00 2.655263e+00 2.768421e+00 4.06541722e-06
9.230769e+00 2.655263e+00 2.973684e+00 3.86179408e-06
9.230769e+00 2.655263e+00 3.178947e+00 3.65616165e-06
9.230769e+00 2.655263e+00 3.384211e+00 3.45093258e-06
9.230769e+00 2.655263e+00 3.589474e+00 3.24805637e-06
9.230769e+00 2.655263e+00 3.794737e+00 3.04909645e-06
9.230769e+00 2.655263e+00 4.000000e+00 2.85530587e-06
9.230769e+00 2.915789e+00 1.000000e-01 4.40585571e+02
9.230769e+00 2.915789e+00 3.052632e-01 1.07379115e+00
9.230769e+00 2.915789e+00 5.105263e-01 4.67776991e-02
9.230769e+00 2.915789e+00 7.157895e-01 4.45359061e-03
9.230769e+00 2.915789e+00 9.210526e-01 5.46097057e-04
9.230769e+00 2.915789e+00 1.126316e+00 7.77899695e-05
9.230769e+00 2.915789e+00 1.331579e+00 1.36459448e-05
9.230769e+00 2.915789e+00 1.536842e+00 4.00036743e-06
9.230769e+00 2.915789e+00 1.742105e+00 2.40622398e-06
9.230769e+00 2.915789e+00 1.947368e+00 2.08411620e-06
9.230769e+00 2.915789e+00 2.152632e+00 1.96990732e-06
9.230769e+00 2.915789e+00 2.357895e+00 1.88681815e-06
9.230769e+00 2.915789e+00 2.563158e+00 1.80515440e-06
9.230769e+00 2.915789e+00 2.768421e+00 1.72096964e-06
9.230769e+00 2.915789e+00 2.973684e+00 1.63479933e-06
9.230769e+00 2.915789e+00 3.178947e+00 1.54776922e-06
9.230769e+00 2.915789e+00 3.384211e+00 1.46090849e-06
9.230769e+00 2.915789e+00 3.589474e+00 1.37503559e-06
9.230769e+00 2.915789e+00 3.794737e+00 1.29081855e-06
9.230769e+00 2.915789e+00 4.000000e+00 1.20878587e-06
9.230769e+00 3.176316e+00 1.000000e-01 1.99210190e+02
9.230769e+00 3.176316e+00 3.052632e-01 4.83599693e-01
9.230769e+00 3.176316e+00 5.105263e-01 2.09482126e-02
9.230769e+00 3.176316e+00 7.157895e-01 1.98794156e-03
9.230769e+00 3.176316e+00 9.210526e-01 2.43156930e-04
9.230769e+00 3.176316e+00 1.126316e+00 3.44984874e-05
9.230769e+00 3.176316e+00 1.331579e+00 5.96954169e-06
9.230769e+00 3.176316e+00 1.536842e+00 1.68764620e-06
9.230769e+00 3.176316e+00 1.742105e+00 9.82525762e-07
9.230769e+00 3.176316e+00 1.947368e+00 8.42023780e-07
9.230769e+00 3.176316e+00 2.152632e+00 7.94049072e-07
9.230769e+00 3.176316e+00 2.357895e+00 7.60200123e-07
9.230769e+00 3.176316e+00 2.563158e+00 7.27238785e-07
9.230769e+00 3.176316e+00 2.768421e+00 6.93322932e-07
9.230769e+00 3.176316e+00 2.973684e+00 6.58615761e-07
9.230769e+00 3.176316e+00 3.178947e+00 6.23564574e-07
9.230769e+00 3.176316e+00 3.384211e+00 5.88574380e-07
9.230769e+00 3.176316e+00 3.589474e+00 5.53983739e-07
9.230769e+00 3.176316e+00 3.794737e+00 5.20056858e-07
9.230769e+00 3.176316e+00 4.000000e+00 4.87008492e-07
9.230769e+00 3.436842e+00 1.000000e-01 8.41643524e+01
9.230769e+00 3.436842e+00 3.052632e-01 2.03648821e-01
9.230769e+00 3.436842e+00 5.105263e-01 8.77998956e-03
9.230769e+00 3.436842e+00 7.157895e-01 8.30936420e-04
9.230769e+00 3.436842e+00 9.210526e-01 1.01428217e-04
9.230769e+00 3.436842e+00 1.126316e+00 1.43440957e-05
9.230769e+00 3.436842e+00 1.331579e+00 2.45519846e-06
9.230769e+00 3.436842e+00 1.536842e+00 6.73604006e-07
9.230769e+00 3.436842e+00 1.742105e+00 3.81082884e-07
9.230769e+00 3.436842e+00 1.947368e+00 3.23441924e-07
9.230769e+00 3.436842e+00 2.152632e+00 3.04365244e-07
9.230769e+00 3.436842e+00 2.357895e+00 2.91264769e-07
9.230769e+00 3.436842e+00 2.563158e+00 2.78613840e-07
9.230769e+00 3.436842e+00 2.768421e+00 2.65619434e-07
9.230769e+00 3.436842e+00 2.973684e+00 2.52325719e-07
9.230769e+00 3.436842e+00 3.178947e+00 2.38899219e-07
9.230769e+00 3.436842e+00 3.384211e+00 2.25496549e-07
9.230769e+00 3.436842e+00 3.589474e+00 2.12245453e-07
9.230769e+00 3.436842e+00 3.794737e+00 1.99248390e-07
9.230769e+00 3.436842e+00 4.000000e+00 1.86587670e-07
9.230769e+00 3.697368e+00 1.000000e-01 3.32260895e+01
9.230769e+00 3.697368e+00 3.052632e-01 8.01832452e-02
9.230769e+00 3.697368e+00 5.105263e-01 3.44373169e-03
9.230769e+00 3.697368e+00 7.157895e-01 3.25190893e-04
9.230769e+00 3.697368e+00 9.210526e-01 3.96283358e-05
9.230769e+00 3.697368e+00 1.126316e+00 5.58998636e-06
9.230769e+00 3.697368e+00 1.331579e+00 9.48644015e-07
9.230769e+00 3.697368e+00 1.536842e+00 2.54008796e-07
9.230769e+00 3.697368e+00 1.742105e+00 1.40224557e-07
9.230769e+00 3.697368e+00 1.947368e+00 1.18000600e-07
9.230769e+00 3.697368e+00 2.152632e+00 1.10829454e-07
9.230769e+00 3.697368e+00 2.357895e+00 1.06018099e-07
9.230769e+00 3.697368e+00 2.563158e+00 1.01406073e-07
9.230769e+00 3.697368e+00 2.768421e+00 9.66762812e-08
9.230769e+00 3.697368e+00 2.973684e+00 9.18386505e-08
9.230769e+00 3.697368e+00 3.178947e+00 8.69528947e-08
9.230769e+00 3.697368e+00 3.384211e+00 8.20752533e-08
9.230769e+00 3.697368e+00 3.589474e+00 7.72524587e-08
9.230769e+00 3.697368e+00 3.794737e+00 7.25222975e-08
9.230769e+00 3.697368e+00 4.000000e+00 6.79143284e-08
9.230769e+00 3.957895e+00 1.000000e-01 1.22564001e+01
9.230769e+00 3.957895e+00 3.052632e-01 2.95160916e-02
9.230769e+00 3.957895e+00 5.105263e-01 1.26380986e-03
9.230769e+00 3.957895e+00 7.157895e-01 1.19130505e-04
9.230769e+00 3.957895e+00 9.210526e-01 1.44983223e-05
9.230769e+00 3.957895e+00 1.126316e+00 2.04105868e-06
9.230769e+00 3.957895e+00 1.331579e+00 3.44079098e-07
9.230769e+00 3.957895e+00 1.536842e+00 9.03627821e-08
9.230769e+00 3.957895e+00 1.742105e+00 4.88797660e-08
9.230769e+00 3.957895e+00 1.947368e+00 4.08328944e-08
9.230769e+00 3.957895e+00 2.152632e+00 3.82885652e-08
9.230769e+00 3.957895e+00 2.357895e+00 3.66140398e-08
9.230769e+00 3.957895e+00 2.563158e+00 3.50191733e-08
9.230769e+00 3.957895e+00 2.768421e+00 3.33856960e-08
9.230769e+00 3.957895e+00 2.973684e+00 3.17153663e-08
9.230769e+00 3.957895e+00 3.178947e+00 3.00282430e-08
9.230769e+00 3.957895e+00 3.384211e+00 2.83440205e-08
9.230769e+00 3.957895e+00 3.589474e+00 2.66786646e-08
9.230769e+00 3.957895e+00 3.794737e+00 2.50452050e-08
9.230769e+00 3.957895e+00 4.000000e+00 2.34539765e-08
9.230769e+00 4.218421e+00 1.000000e-01 4.22452927e+00
9.230769e+00 4.218421e+00 3.052632e-01 1.01571698e-02
9.230769e+00 4.218421e+00 5.105263e-01 4.33880981e-04
9.230769e+00 4.218421e+00 7.157895e-01 4.08427986e-05
9.230769e+00 4.218421e+00 9.210526e-01 4.96553685e-06
9.230769e+00 4.218421e+00 1.126316e+00 6.97975338e-07
9.230769e+00 4.218421e+00 1.331579e+00 1.17067621e-07
9.230769e+00 4.218421e+00 1.536842e+00 3.02841201e-08
9.230769e+00 4.218421e+00 1.742105e+00 1.61150115e-08
9.230769e+00 4.218421e+00 1.947368e+00 1.33809372e-08
9.230769e+00 4.218421e+00 2.152632e+00 1.25300357e-08
9.230769e+00 4.218421e+00 2.357895e+00 1.19786892e-08
9.230769e+00 4.218421e+00 2.563158e+00 1.14562884e-08
9.230769e+00 4.218421e+00 2.768421e+00 1.09218981e-08
9.230769e+00 4.218421e+00 2.973684e+00 1.03755031e-08
9.230769e+00 4.218421e+00 3.178947e+00 9.82365478e-09
9.230769e+00 4.218421e+00 3.384211e+00 9.27271504e-09
9.230769e+00 4.218421e+00 3.589474e+00 8.72791883e-09
9.230769e+00 4.218421e+00 3.794737e+00 8.19356316e-09
9.230769e+00 4.218421e+00 4.000000e+00 7.67301511e-09
9.230769e+00 4.478947e+00 1.000000e-01 1.36057961e+00
9.230769e+00 4.478947e+00 3.052632e-01 3.26730078e-03
9.230769e+00 4.478947e+00 5.105263e-01 1.39319483e-04
9.230769e+00 4.478947e+00 7.157895e-01 1.31010074e-05
9.230769e+00 4.478947e+00 9.210526e-01 1.59154638e-06
9.230769e+00 4.478947e+00 1.126316e+00 2.23457334e-07
9.230769e+00 4.478947e+00 1.331579e+00 3.73367648e-08
9.230769e+00 4.478947e+00 1.536842e+00 9.54831059e-09
9.230769e+00 4.478947e+00 1.742105e+00 5.01615105e-09
9.230769e+00 4.478947e+00 1.947368e+00 4.14506962e-09
9.230769e+00 4.478947e+00 2.152632e+00 3.87724564e-09
9.230769e+00 4.478947e+00 2.357895e+00 3.70579856e-09
9.230769e+00 4.478947e+00 2.563158e+00 3.54403529e-09
9.230769e+00 4.478947e+00 2.768421e+00 3.37870976e-09
9.230769e+00 4.478947e+00 2.973684e+00 3.20969762e-09
9.230769e+00 4.478947e+00 3.178947e+00 3.03899683e-09
9.230769e+00 4.478947e+00 3.384211e+00 2.86857138e-09
9.230769e+00 4.478947e+00 3.589474e+00 2.70004863e-09
9.230769e+00 4.478947e+00 3.794737e+00 2.53474375e-09
9.230769e+00 4.478947e+00 4.000000e+00 2.37371922e-09
9.230769e+00 4.739474e+00 1.000000e-01 4.09446597e-01
9.230769e+00 4.739474e+00 3.052632e-01 9.82364058e-04
9.230769e+00 4.739474e+00 5.105263e-01 4.18333875e-05
9.230769e+00 4.739474e+00 7.157895e-01 3.93080109e-06
9.230769e+00 4.739474e+00 9.210526e-01 4.77251945e-07
9.230769e+00 4.739474e+00 1.126316e+00 6.69508395e-08
9.230769e+00 4.739474e+00 1.331579e+00 1.11553309e-08
9.230769e+00 4.739474e+00 1.536842e+00 2.82854717e-09
9.230769e+00 4.739474e+00 1.742105e+00 1.47156587e-09
9.230769e+00 4.739474e+00 1.947368e+00 1.21151544e-09
9.230769e+00 4.739474e+00 2.152632e+00 1.13227083e-09
9.230769e+00 4.739474e+00 2.357895e+00 1.08201503e-09
9.230769e+00 4.739474e+00 2.563158e+00 1.03475162e-09
9.230769e+00 4.739474e+00 2.768421e+00 9.86477788e-10
9.230769e+00 4.739474e+00 2.973684e+00 9.37135147e-10
9.230769e+00 4.739474e+00 3.178947e+00 8.87299789e-10
9.230769e+00 4.739474e+00 3.384211e+00 8.37543090e-10
9.230769e+00 4.739474e+00 3.589474e+00 7.88341781e-10
9.230769e+00 4.739474e+00 3.794737e+00 7.40079775e-10
9.230769e+00 4.739474e+00 4.000000e+00 6.93063995e-10
9.230769e+00 5.000000e+00 1.000000e-01 1.15132719e-01
9.230769e+00 5.000000e+00 3.052632e-01 2.76053674e-04
9.230769e+00 5.000000e+00 5.105263e-01 1.17443942e-05
9.230769e+00 5.000000e+00 7.157895e-01 1.10293126e-06
9.230769e+00 5.000000e+00 9.210526e-01 1.33855139e-07
9.230769e+00 5.000000e+00 1.126316e+00 1.87663378e-08
9.230769e+00 5.000000e+00 1.331579e+00 3.12055914e-09
9.230769e+00 5.000000e+00 1.536842e+00 7.86361976e-10
9.230769e+00 5.000000e+00 1.742105e+00 4.06185668e-10
9.230769e+00 5.000000e+00 1.947368e+00 3.33480632e-10
9.230769e+00 5.000000e+00 2.152632e+00 3.11469794e-10
9.230769e+00 5.000000e+00 2.357895e+00 2.97606717e-10
9.230769e+00 5.000000e+00 2.563158e+00 2.84600732e-10
9.230769e+00 5.000000e+00 2.768421e+00 2.71322687e-10
9.230769e+00 5.000000e+00 2.973684e+00 2.57751792e-10
9.230769e+00 5.000000e+00 3.178947e+00 2.44045534e-10
9.230769e+00 5.000000e+00 3.384211e+00 2.30360883e-10
9.230769e+00 5.000000e+00 3.589474e+00 2.16828999e-10
9.230769e+00 5.000000e+00 3.794737e+00 2.03554951e-10
9.230769e+00 5.000000e+00 4.000000e+00 1.90624030e-10
9.487180e+00 5.000000e-02 1.000000e-01 3.08163809e+04
9.487180e+00 5.000000e-02 3.052632e-01 7.84699402e+01
9.487180e+00 5.000000e-02 5.105263e-01 3.80264378e+00
9.487180e+00 5.000000e-02 7.157895e-01 3.91527176e-01
9.487180e+00 5.000000e-02 9.210526e-01 5.23975939e-02
9.487180e+00 5.000000e-02 1.126316e+00 9.82950535e-03
9.487180e+00 5.000000e-02 1.331579e+00 4.17155540e-03
9.487180e+00 5.000000e-02 1.536842e+00 3.48691526e-03
9.487180e+00 5.000000e-02 1.742105e+00 3.40912910e-03
9.487180e+00 5.000000e-02 1.947368e+00 3.35215707e-03
9.487180e+00 5.000000e-02 2.152632e+00 3.26137990e-03
9.487180e+00 5.000000e-02 2.357895e+00 3.14650312e-03
9.487180e+00 5.000000e-02 2.563158e+00 3.01817455e-03
9.487180e+00 5.000000e-02 2.768421e+00 2.88272416e-03
9.487180e+00 5.000000e-02 2.973684e+00 2.74375267e-03
9.487180e+00 5.000000e-02 3.178947e+00 2.60349549e-03
9.487180e+00 5.000000e-02 3.384211e+00 2.46346393e-03
9.487180e+00 5.000000e-02 3.589474e+00 2.32482445e-03
9.487180e+00 5.000000e-02 3.794737e+00 2.18852214e-03
9.487180e+00 5.000000e-02 4.000000e+00 2.05535558e-03
9.487180e+00 3.105263e-01 1.000000e-01 2.93994805e+04
9.487180e+00 3.105263e-01 3.052632e-01 7.46451340e+01
9.487180e+00 3.105263e-01 5.105263e-01 3.60386658e+00
9.487180e+00 3.105263e-01 7.157895e-01 3.70685101e-01
9.487180e+00 3.105263e-01 9.210526e-01 4.89281677e-02
9.487180e+00 3.105263e-01 1.126316e+00 8.03704932e-03
9.487180e+00 3.105263e-01 1.331579e+00 2.36598146e-03
9.487180e+00 3.105263e-01 1.536842e+00 1.59281446e-03
9.487180e+00 3.105263e-01 1.742105e+00 1.49470684e-03
9.487180e+00 3.105263e-01 1.947368e+00 1.46560860e-03
9.487180e+00 3.105263e-01 2.152632e+00 1.42834324e-03
9.487180e+00 3.105263e-01 2.357895e+00 1.37991807e-03
9.487180e+00 3.105263e-01 2.563158e+00 1.32465980e-03
9.487180e+00 3.105263e-01 2.768421e+00 1.26571627e-03
9.487180e+00 3.105263e-01 2.973684e+00 1.20495458e-03
9.487180e+00 3.105263e-01 3.178947e+00 1.14349311e-03
9.487180e+00 3.105263e-01 3.384211e+00 1.08205911e-03
9.487180e+00 3.105263e-01 3.589474e+00 1.02121173e-03
9.487180e+00 3.105263e-01 3.794737e+00 9.61376703e-04
9.487180e+00 3.105263e-01 4.000000e+00 9.02909727e-04
9.487180e+00 5.710526e-01 1.000000e-01 2.62054551e+04
9.487180e+00 5.710526e-01 3.052632e-01 6.62368088e+01
9.487180e+00 5.710526e-01 5.105263e-01 3.17798543e+00
9.487180e+00 5.710526e-01 7.157895e-01 3.25912237e-01
9.487180e+00 5.710526e-01 9.210526e-01 4.27983589e-02
9.487180e+00 5.710526e-01 1.126316e+00 6.72022440e-03
9.487180e+00 5.710526e-01 1.331579e+00 1.64704421e-03
9.487180e+00 5.710526e-01 1.536842e+00 9.27801477e-04
9.487180e+00 5.710526e-01 1.742105e+00 8.31510057e-04
9.487180e+00 5.710526e-01 1.947368e+00 8.11157865e-04
9.487180e+00 5.710526e-01 2.152632e+00 7.91167724e-04
9.487180e+00 5.710526e-01 2.357895e+00 7.65108503e-04
9.487180e+00 5.710526e-01 2.563158e+00 7.34911358e-04
9.487180e+00 5.710526e-01 2.768421e+00 7.02437246e-04
9.487180e+00 5.710526e-01 2.973684e+00 6.68831461e-04
9.487180e+00 5.710526e-01 3.178947e+00 6.34767697e-04
9.487180e+00 5.710526e-01 3.384211e+00 6.00701373e-04
9.487180e+00 5.710526e-01 3.589474e+00 5.66940871e-04
9.487180e+00 5.710526e-01 3.794737e+00 5.33735729e-04
9.487180e+00 5.710526e-01 4.000000e+00 5.01289847e-04
9.487180e+00 8.315790e-01 1.000000e-01 2.18243750e+04
9.487180e+00 8.315790e-01 3.052632e-01 5.48376579e+01
9.487180e+00 8.315790e-01 5.105263e-01 2.60915709e+00
9.487180e+00 8.315790e-01 7.157895e-01 2.66422987e-01
9.487180e+00 8.315790e-01 9.210526e-01 3.48538011e-02
9.487180e+00 8.315790e-01 1.126316e+00 5.34714246e-03
9.487180e+00 8.315790e-01 1.331579e+00 1.16963906e-03
9.487180e+00 8.315790e-01 1.536842e+00 5.64432645e-04
9.487180e+00 8.315790e-01 1.742105e+00 4.80353745e-04
9.487180e+00 8.315790e-01 1.947368e+00 4.65166086e-04
9.487180e+00 8.315790e-01 2.152632e+00 4.53761022e-04
9.487180e+00 8.315790e-01 2.357895e+00 4.39141033e-04
9.487180e+00 8.315790e-01 2.563158e+00 4.22018435e-04
9.487180e+00 8.315790e-01 2.768421e+00 4.03479324e-04
9.487180e+00 8.315790e-01 2.973684e+00 3.84229992e-04
9.487180e+00 8.315790e-01 3.178947e+00 3.64690583e-04
9.487180e+00 8.315790e-01 3.384211e+00 3.45134264e-04
9.487180e+00 8.315790e-01 3.589474e+00 3.25746310e-04
9.487180e+00 8.315790e-01 3.794737e+00 3.06676171e-04
9.487180e+00 8.315790e-01 4.000000e+00 2.88038340e-04
9.487180e+00 1.092105e+00 1.000000e-01 1.69823613e+04
9.487180e+00 1.092105e+00 3.052632e-01 4.23792686e+01
9.487180e+00 1.092105e+00 5.105263e-01 1.99672103e+00
9.487180e+00 1.092105e+00 7.157895e-01 2.02817798e-01
9.487180e+00 1.092105e+00 9.210526e-01 2.64383890e-02
9.487180e+00 1.092105e+00 1.126316e+00 3.99886677e-03
9.487180e+00 1.092105e+00 1.331579e+00 8.10553960e-04
9.487180e+00 1.092105e+00 1.536842e+00 3.42258048e-04
9.487180e+00 1.092105e+00 1.742105e+00 2.75421859e-04
9.487180e+00 1.092105e+00 1.947368e+00 2.64225819e-04
9.487180e+00 1.092105e+00 2.152632e+00 2.57632259e-04
9.487180e+00 1.092105e+00 2.357895e+00 2.49466160e-04
9.487180e+00 1.092105e+00 2.563158e+00 2.39837856e-04
9.487180e+00 1.092105e+00 2.768421e+00 2.29355763e-04
9.487180e+00 1.092105e+00 2.973684e+00 2.18440517e-04
9.487180e+00 1.092105e+00 3.178947e+00 2.07346093e-04
9.487180e+00 1.092105e+00 3.384211e+00 1.96234614e-04
9.487180e+00 1.092105e+00 3.589474e+00 1.85216399e-04
9.487180e+00 1.092105e+00 3.794737e+00 1.74376779e-04
9.487180e+00 1.092105e+00 4.000000e+00 1.63781689e-04
9.487180e+00 1.352632e+00 1.000000e-01 1.23471973e+04
9.487180e+00 1.352632e+00 3.052632e-01 3.05863628e+01
9.487180e+00 1.352632e+00 5.105263e-01 1.42586863e+00
9.487180e+00 1.352632e+00 7.157895e-01 1.43991500e-01
9.487180e+00 1.352632e+00 9.210526e-01 1.87032837e-02
9.487180e+00 1.352632e+00 1.126316e+00 2.80162506e-03
9.487180e+00 1.352632e+00 1.331579e+00 5.38353808e-04
9.487180e+00 1.352632e+00 1.536842e+00 2.02830764e-04
9.487180e+00 1.352632e+00 1.742105e+00 1.53969100e-04
9.487180e+00 1.352632e+00 1.947368e+00 1.46078324e-04
9.487180e+00 1.352632e+00 2.152632e+00 1.42296834e-04
9.487180e+00 1.352632e+00 2.357895e+00 1.37837778e-04
9.487180e+00 1.352632e+00 2.563158e+00 1.32563262e-04
9.487180e+00 1.352632e+00 2.768421e+00 1.26795901e-04
9.487180e+00 1.352632e+00 2.973684e+00 1.20774595e-04
9.487180e+00 1.352632e+00 3.178947e+00 1.14647461e-04
9.487180e+00 1.352632e+00 3.384211e+00 1.08507396e-04
9.487180e+00 1.352632e+00 3.589474e+00 1.02417369e-04
9.487180e+00 1.352632e+00 3.794737e+00 9.64247229e-05
9.487180e+00 1.352632e+00 4.000000e+00 9.05671623e-05
9.487180e+00 1.613158e+00 1.000000e-01 8.38802148e+03
9.487180e+00 1.613158e+00 3.052632e-01 2.06241703e+01
9.487180e+00 1.613158e+00 5.105263e-01 9.51034248e-01
9.487180e+00 1.613158e+00 7.157895e-01 9.54576582e-02
9.487180e+00 1.613158e+00 9.210526e-01 1.23549728e-02
9.487180e+00 1.613158e+00 1.126316e+00 1.83751003e-03
9.487180e+00 1.613158e+00 1.331579e+00 3.39677994e-04
9.487180e+00 1.613158e+00 1.536842e+00 1.16194002e-04
9.487180e+00 1.613158e+00 1.742105e+00 8.31460347e-05
9.487180e+00 1.613158e+00 1.947368e+00 7.79008988e-05
9.487180e+00 1.613158e+00 2.152632e+00 7.57796806e-05
9.487180e+00 1.613158e+00 2.357895e+00 7.34216301e-05
9.487180e+00 1.613158e+00 2.563158e+00 7.06319115e-05
9.487180e+00 1.613158e+00 2.768421e+00 6.75710762e-05
9.487180e+00 1.613158e+00 2.973684e+00 6.43684543e-05
9.487180e+00 1.613158e+00 3.178947e+00 6.11061478e-05
9.487180e+00 1.613158e+00 3.384211e+00 5.78352265e-05
9.487180e+00 1.613158e+00 3.589474e+00 5.45902767e-05
9.487180e+00 1.613158e+00 3.794737e+00 5.13969098e-05
9.487180e+00 1.613158e+00 4.000000e+00 4.82752548e-05
9.487180e+00 1.873684e+00 1.000000e-01 5.32447412e+03
9.487180e+00 1.873684e+00 3.052632e-01 1.29968958e+01
9.487180e+00 1.873684e+00 5.105263e-01 5.92927933e-01
9.487180e+00 1.873684e+00 7.157895e-01 5.91528155e-02
9.487180e+00 1.873684e+00 9.210526e-01 7.62929767e-03
9.487180e+00 1.873684e+00 1.126316e+00 1.12837693e-03
9.487180e+00 1.873684e+00 1.331579e+00 2.02651092e-04
9.487180e+00 1.873684e+00 1.536842e+00 6.38964120e-05
9.487180e+00 1.873684e+00 1.742105e+00 4.31342123e-05
9.487180e+00 1.873684e+00 1.947368e+00 3.98645716e-05
9.487180e+00 1.873684e+00 2.152632e+00 3.87115178e-05
9.487180e+00 1.873684e+00 2.357895e+00 3.75107920e-05
9.487180e+00 1.873684e+00 2.563158e+00 3.60941922e-05
9.487180e+00 1.873684e+00 2.768421e+00 3.45352310e-05
9.487180e+00 1.873684e+00 2.973684e+00 3.29013528e-05
9.487180e+00 1.873684e+00 3.178947e+00 3.12353877e-05
9.487180e+00 1.873684e+00 3.384211e+00 2.95641748e-05
9.487180e+00 1.873684e+00 3.589474e+00 2.79058859e-05
9.487180e+00 1.873684e+00 3.794737e+00 2.62738631e-05
9.487180e+00 1.873684e+00 4.000000e+00 2.46783384e-05
9.487180e+00 2.134211e+00 1.000000e-01 3.15808545e+03
9.487180e+00 2.134211e+00 3.052632e-01 7.65635157e+00
9.487180e+00 2.134211e+00 5.105263e-01 3.45744163e-01
9.487180e+00 2.134211e+00 7.157895e-01 3.42912078e-02
9.487180e+00 2.134211e+00 9.210526e-01 4.40792087e-03
9.487180e+00 2.134211e+00 1.126316e+00 6.49005757e-04
9.487180e+00 2.134211e+00 1.331579e+00 1.14019786e-04
9.487180e+00 2.134211e+00 1.536842e+00 3.35698569e-05
9.487180e+00 2.134211e+00 1.742105e+00 2.14209904e-05
9.487180e+00 2.134211e+00 1.947368e+00 1.95131324e-05
9.487180e+00 2.134211e+00 2.152632e+00 1.89103412e-05
9.487180e+00 2.134211e+00 2.357895e+00 1.83239736e-05
9.487180e+00 2.134211e+00 2.563158e+00 1.76354170e-05
9.487180e+00 2.134211e+00 2.768421e+00 1.68760016e-05
9.487180e+00 2.134211e+00 2.973684e+00 1.60788604e-05
9.487180e+00 2.134211e+00 3.178947e+00 1.52653538e-05
9.487180e+00 2.134211e+00 3.384211e+00 1.44489713e-05
9.487180e+00 2.134211e+00 3.589474e+00 1.36387271e-05
9.487180e+00 2.134211e+00 3.794737e+00 1.28412021e-05
9.487180e+00 2.134211e+00 4.000000e+00 1.20615223e-05
9.487180e+00 2.394737e+00 1.000000e-01 1.75026672e+03
9.487180e+00 2.394737e+00 3.052632e-01 4.21693134e+00
9.487180e+00 2.394737e+00 5.105263e-01 1.88643619e-01
9.487180e+00 2.394737e+00 7.157895e-01 1.86076593e-02
9.487180e+00 2.394737e+00 9.210526e-01 2.38440721e-03
9.487180e+00 2.394737e+00 1.126316e+00 3.49770649e-04
9.487180e+00 2.394737e+00 1.331579e+00 6.04092747e-05
9.487180e+00 2.394737e+00 1.536842e+00 1.67932885e-05
9.487180e+00 2.394737e+00 1.742105e+00 1.01591686e-05
9.487180e+00 2.394737e+00 1.947368e+00 9.11772804e-06
9.487180e+00 2.394737e+00 2.152632e+00 8.81633241e-06
9.487180e+00 2.394737e+00 2.357895e+00 8.54238988e-06
9.487180e+00 2.394737e+00 2.563158e+00 8.22272796e-06
9.487180e+00 2.394737e+00 2.768421e+00 7.86961664e-06
9.487180e+00 2.394737e+00 2.973684e+00 7.49840501e-06
9.487180e+00 2.394737e+00 3.178947e+00 7.11930488e-06
9.487180e+00 2.394737e+00 3.384211e+00 6.73869135e-06
9.487180e+00 2.394737e+00 3.589474e+00 6.36090954e-06
9.487180e+00 2.394737e+00 3.794737e+00 5.98900579e-06
9.487180e+00 2.394737e+00 4.000000e+00 5.62542209e-06
9.487180e+00 2.655263e+00 1.000000e-01 9.06397827e+02
9.487180e+00 2.655263e+00 3.052632e-01 2.17173409e+00
9.487180e+00 2.655263e+00 5.105263e-01 9.63345915e-02
9.487180e+00 2.655263e+00 7.157895e-01 9.45522077e-03
9.487180e+00 2.655263e+00 9.210526e-01 1.20815274e-03
9.487180e+00 2.655263e+00 1.126316e+00 1.76678965e-04
9.487180e+00 2.655263e+00 1.331579e+00 3.01091077e-05
9.487180e+00 2.655263e+00 1.536842e+00 7.97866414e-06
9.487180e+00 2.655263e+00 1.742105e+00 4.59343983e-06
9.487180e+00 2.655263e+00 1.947368e+00 4.06158824e-06
9.487180e+00 2.655263e+00 2.152632e+00 3.91807725e-06
9.487180e+00 2.655263e+00 2.357895e+00 3.79585867e-06
9.487180e+00 2.655263e+00 2.563158e+00 3.65430583e-06
9.487180e+00 2.655263e+00 2.768421e+00 3.49774450e-06
9.487180e+00 2.655263e+00 2.973684e+00 3.33296771e-06
9.487180e+00 2.655263e+00 3.178947e+00 3.16457363e-06
9.487180e+00 2.655263e+00 3.384211e+00 2.99545582e-06
9.487180e+00 2.655263e+00 3.589474e+00 2.82755605e-06
9.487180e+00 2.655263e+00 3.794737e+00 2.66226129e-06
9.487180e+00 2.655263e+00 4.000000e+00 2.50066046e-06
9.487180e+00 2.915789e+00 1.000000e-01 4.38600677e+02
9.487180e+00 2.915789e+00 3.052632e-01 1.04585826e+00
9.487180e+00 2.915789e+00 5.105263e-01 4.60508056e-02
9.487180e+00 2.915789e+00 7.157895e-01 4.50005615e-03
9.487180e+00 2.915789e+00 9.210526e-01 5.73548488e-04
9.487180e+00 2.915789e+00 1.126316e+00 8.36602630e-05
9.487180e+00 2.915789e+00 1.331579e+00 1.41077153e-05
9.487180e+00 2.915789e+00 1.536842e+00 3.59302840e-06
9.487180e+00 2.915789e+00 1.742105e+00 1.97741997e-06
9.487180e+00 2.915789e+00 1.947368e+00 1.72326725e-06
9.487180e+00 2.915789e+00 2.152632e+00 1.65839879e-06
9.487180e+00 2.915789e+00 2.357895e+00 1.60639968e-06
9.487180e+00 2.915789e+00 2.563158e+00 1.54666782e-06
9.487180e+00 2.915789e+00 2.768421e+00 1.48054301e-06
9.487180e+00 2.915789e+00 2.973684e+00 1.41087776e-06
9.487180e+00 2.915789e+00 3.178947e+00 1.33963624e-06
9.487180e+00 2.915789e+00 3.384211e+00 1.26806856e-06
9.487180e+00 2.915789e+00 3.589474e+00 1.19700474e-06
9.487180e+00 2.915789e+00 3.794737e+00 1.12703844e-06
9.487180e+00 2.915789e+00 4.000000e+00 1.05862989e-06
9.487180e+00 3.176316e+00 1.000000e-01 1.98314484e+02
9.487180e+00 3.176316e+00 3.052632e-01 4.70971018e-01
9.487180e+00 3.176316e+00 5.105263e-01 2.06071660e-02
9.487180e+00 3.176316e+00 7.157895e-01 2.00611330e-03
9.487180e+00 3.176316e+00 9.210526e-01 2.55128572e-04
9.487180e+00 3.176316e+00 1.126316e+00 3.71355673e-05
9.487180e+00 3.176316e+00 1.331579e+00 6.21039544e-06
9.487180e+00 3.176316e+00 1.536842e+00 1.53102519e-06
9.487180e+00 3.176316e+00 1.742105e+00 8.09499909e-07
9.487180e+00 3.176316e+00 1.947368e+00 6.95833762e-07
9.487180e+00 3.176316e+00 2.152632e+00 6.68073653e-07
9.487180e+00 3.176316e+00 2.357895e+00 6.47005152e-07
9.487180e+00 3.176316e+00 2.563158e+00 6.23004212e-07
9.487180e+00 3.176316e+00 2.768421e+00 5.96420193e-07
9.487180e+00 3.176316e+00 2.973684e+00 5.68384337e-07
9.487180e+00 3.176316e+00 3.178947e+00 5.39700011e-07
9.487180e+00 3.176316e+00 3.384211e+00 5.10875736e-07
9.487180e+00 3.176316e+00 3.589474e+00 4.82249732e-07
9.487180e+00 3.176316e+00 3.794737e+00 4.54065656e-07
9.487180e+00 3.176316e+00 4.000000e+00 4.26507228e-07
9.487180e+00 3.436842e+00 1.000000e-01 8.37865601e+01
9.487180e+00 3.436842e+00 3.052632e-01 1.98315039e-01
9.487180e+00 3.436842e+00 5.105263e-01 8.63172114e-03
9.487180e+00 3.436842e+00 7.157895e-01 8.37637577e-04
9.487180e+00 3.436842e+00 9.210526e-01 1.06331296e-04
9.487180e+00 3.436842e+00 1.126316e+00 1.54505742e-05
9.487180e+00 3.436842e+00 1.331579e+00 2.56708199e-06
9.487180e+00 3.436842e+00 1.536842e+00 6.16359614e-07
9.487180e+00 3.436842e+00 1.742105e+00 3.14742664e-07
9.487180e+00 3.436842e+00 1.947368e+00 2.67164978e-07
9.487180e+00 3.436842e+00 2.152632e+00 2.55940961e-07
9.487180e+00 3.436842e+00 2.357895e+00 2.47822243e-07
9.487180e+00 3.436842e+00 2.563158e+00 2.38647090e-07
9.487180e+00 3.436842e+00 2.768421e+00 2.28480488e-07
9.487180e+00 3.436842e+00 2.973684e+00 2.17749729e-07
9.487180e+00 3.436842e+00 3.178947e+00 2.06765748e-07
9.487180e+00 3.436842e+00 3.384211e+00 1.95725818e-07
9.487180e+00 3.436842e+00 3.589474e+00 1.84760353e-07
9.487180e+00 3.436842e+00 3.794737e+00 1.73963301e-07
9.487180e+00 3.436842e+00 4.000000e+00 1.63406057e-07
9.487180e+00 3.697368e+00 1.000000e-01 3.30771484e+01
9.487180e+00 3.697368e+00 3.052632e-01 7.80783817e-02
9.487180e+00 3.697368e+00 5.105263e-01 3.38390237e-03
9.487180e+00 3.697368e+00 7.157895e-01 3.27527552e-04
9.487180e+00 3.697368e+00 9.210526e-01 4.15143331e-05
9.487180e+00 3.697368e+00 1.126316e+00 6.02396858e-06
9.487180e+00 3.697368e+00 1.331579e+00 9.95794267e-07
9.487180e+00 3.697368e+00 1.536842e+00 2.34096589e-07
9.487180e+00 3.697368e+00 1.742105e+00 1.16073046e-07
9.487180e+00 3.697368e+00 1.947368e+00 9.74342811e-08
9.487180e+00 3.697368e+00 2.152632e+00 9.31544335e-08
9.487180e+00 3.697368e+00 2.357895e+00 9.01823398e-08
9.487180e+00 3.697368e+00 2.563158e+00 8.68490133e-08
9.487180e+00 3.697368e+00 2.768421e+00 8.31543474e-08
9.487180e+00 3.697368e+00 2.973684e+00 7.92520325e-08
9.487180e+00 3.697368e+00 3.178947e+00 7.52558407e-08
9.487180e+00 3.697368e+00 3.384211e+00 7.12386736e-08
9.487180e+00 3.697368e+00 3.589474e+00 6.72479814e-08
9.487180e+00 3.697368e+00 3.794737e+00 6.33185451e-08
9.487180e+00 3.697368e+00 4.000000e+00 5.94760650e-08
9.487180e+00 3.957895e+00 1.000000e-01 1.22015219e+01
9.487180e+00 3.957895e+00 3.052632e-01 2.87399739e-02
9.487180e+00 3.957895e+00 5.105263e-01 1.24136847e-03
9.487180e+00 3.957895e+00 7.157895e-01 1.19903401e-04
9.487180e+00 3.957895e+00 9.210526e-01 1.51795130e-05
9.487180e+00 3.957895e+00 1.126316e+00 2.20024413e-06
9.487180e+00 3.957895e+00 1.331579e+00 3.62290763e-07
9.487180e+00 3.957895e+00 1.536842e+00 8.37674108e-08
9.487180e+00 3.957895e+00 1.742105e+00 4.05401011e-08
9.487180e+00 3.957895e+00 1.947368e+00 3.37067974e-08
9.487180e+00 3.957895e+00 2.152632e+00 3.21700178e-08
9.487180e+00 3.957895e+00 2.357895e+00 3.11384518e-08
9.487180e+00 3.957895e+00 2.563158e+00 2.99889891e-08
9.487180e+00 3.957895e+00 2.768421e+00 2.87146769e-08
9.487180e+00 3.957895e+00 2.973684e+00 2.73680349e-08
9.487180e+00 3.957895e+00 3.178947e+00 2.59885216e-08
9.487180e+00 3.957895e+00 3.384211e+00 2.46014480e-08
9.487180e+00 3.957895e+00 3.589474e+00 2.32235102e-08
9.487180e+00 3.957895e+00 3.794737e+00 2.18665459e-08
9.487180e+00 3.957895e+00 4.000000e+00 2.05396891e-08
9.487180e+00 4.218421e+00 1.000000e-01 4.20562983e+00
9.487180e+00 4.218421e+00 3.052632e-01 9.88974888e-03
9.487180e+00 4.218421e+00 5.105263e-01 4.26048908e-04
9.487180e+00 4.218421e+00 7.157895e-01 4.10856737e-05
9.487180e+00 4.218421e+00 9.210526e-01 5.19646892e-06
9.487180e+00 4.218421e+00 1.126316e+00 7.52589756e-07
9.487180e+00 4.218421e+00 1.331579e+00 1.23552823e-07
9.487180e+00 4.218421e+00 1.536842e+00 2.82040151e-08
9.487180e+00 4.218421e+00 1.742105e+00 1.33873126e-08
9.487180e+00 4.218421e+00 1.947368e+00 1.10433103e-08
9.487180e+00 4.218421e+00 2.152632e+00 1.05244293e-08
9.487180e+00 4.218421e+00 2.357895e+00 1.01854765e-08
9.487180e+00 4.218421e+00 2.563158e+00 9.80987558e-09
9.487180e+00 4.218421e+00 2.768421e+00 9.39343625e-09
9.487180e+00 4.218421e+00 2.973684e+00 8.95314400e-09
9.487180e+00 4.218421e+00 3.178947e+00 8.50197246e-09
9.487180e+00 4.218421e+00 3.384211e+00 8.04825895e-09
9.487180e+00 4.218421e+00 3.589474e+00 7.59751018e-09
9.487180e+00 4.218421e+00 3.794737e+00 7.15362658e-09
9.487180e+00 4.218421e+00 4.000000e+00 6.71955602e-09
9.487180e+00 4.478947e+00 1.000000e-01 1.35449660e+00
9.487180e+00 4.478947e+00 3.052632e-01 3.18119931e-03
9.487180e+00 4.478947e+00 5.105263e-01 1.36773597e-04
9.487180e+00 4.478947e+00 7.157895e-01 1.31735369e-05
9.487180e+00 4.478947e+00 9.210526e-01 1.66498444e-06
9.487180e+00 4.478947e+00 1.126316e+00 2.40982956e-07
9.487180e+00 4.478947e+00 1.331579e+00 3.94744504e-08
9.487180e+00 4.478947e+00 1.536842e+00 8.92426577e-09
9.487180e+00 4.478947e+00 1.742105e+00 4.17255430e-09
9.487180e+00 4.478947e+00 1.947368e+00 3.42039419e-09
9.487180e+00 4.478947e+00 2.152632e+00 3.25583227e-09
9.487180e+00 4.478947e+00 2.357895e+00 3.15059778e-09
9.487180e+00 4.478947e+00 2.563158e+00 3.03450687e-09
9.487180e+00 4.478947e+00 2.768421e+00 2.90578606e-09
9.487180e+00 4.478947e+00 2.973684e+00 2.76964185e-09
9.487180e+00 4.478947e+00 3.178947e+00 2.63010724e-09
9.487180e+00 4.478947e+00 3.384211e+00 2.48976573e-09
9.487180e+00 4.478947e+00 3.589474e+00 2.35033304e-09
9.487180e+00 4.478947e+00 3.794737e+00 2.21302066e-09
9.487180e+00 4.478947e+00 4.000000e+00 2.07874318e-09
9.487180e+00 4.739474e+00 1.000000e-01 4.07616913e-01
9.487180e+00 4.739474e+00 3.052632e-01 9.56458854e-04
9.487180e+00 4.739474e+00 5.105263e-01 4.10621251e-05
9.487180e+00 4.739474e+00 7.157895e-01 3.95137340e-06
9.487180e+00 4.739474e+00 9.210526e-01 4.99143880e-07
9.487180e+00 4.739474e+00 1.126316e+00 7.22104261e-08
9.487180e+00 4.739474e+00 1.331579e+00 1.18092540e-08
9.487180e+00 4.739474e+00 1.536842e+00 2.65077293e-09
9.487180e+00 4.739474e+00 1.742105e+00 1.22532207e-09
9.487180e+00 4.739474e+00 1.947368e+00 9.99582750e-10
9.487180e+00 4.739474e+00 2.152632e+00 9.50620360e-10
9.487180e+00 4.739474e+00 2.357895e+00 9.19810172e-10
9.487180e+00 4.739474e+00 2.563158e+00 8.85938600e-10
9.487180e+00 4.739474e+00 2.768421e+00 8.48378756e-10
9.487180e+00 4.739474e+00 2.973684e+00 8.08642542e-10
9.487180e+00 4.739474e+00 3.178947e+00 7.67909292e-10
9.487180e+00 4.739474e+00 3.384211e+00 7.26939176e-10
9.487180e+00 4.739474e+00 3.589474e+00 6.86230461e-10
9.487180e+00 4.739474e+00 3.794737e+00 6.46140641e-10
9.487180e+00 4.739474e+00 4.000000e+00 6.06936335e-10
9.487180e+00 5.000000e+00 1.000000e-01 1.14618391e-01
9.487180e+00 5.000000e+00 3.052632e-01 2.68770411e-04
9.487180e+00 5.000000e+00 5.105263e-01 1.15264920e-05
9.487180e+00 5.000000e+00 7.157895e-01 1.10846042e-06
9.487180e+00 5.000000e+00 9.210526e-01 1.39968805e-07
9.487180e+00 5.000000e+00 1.126316e+00 2.02423074e-08
9.487180e+00 5.000000e+00 1.331579e+00 3.30655592e-09
9.487180e+00 5.000000e+00 1.536842e+00 7.38384742e-10
9.487180e+00 5.000000e+00 1.742105e+00 3.38472306e-10
9.487180e+00 5.000000e+00 1.947368e+00 2.75119677e-10
9.487180e+00 5.000000e+00 2.152632e+00 2.61464878e-10
9.487180e+00 5.000000e+00 2.357895e+00 2.52971699e-10
9.487180e+00 5.000000e+00 2.563158e+00 2.43661175e-10
9.487180e+00 5.000000e+00 2.768421e+00 2.33335212e-10
9.487180e+00 5.000000e+00 2.973684e+00 2.22409119e-10
9.487180e+00 5.000000e+00 3.178947e+00 2.11207135e-10
9.487180e+00 5.000000e+00 3.384211e+00 1.99939537e-10
9.487180e+00 5.000000e+00 3.589474e+00 1.88743382e-10
9.487180e+00 5.000000e+00 3.794737e+00 1.77717022e-10
9.487180e+00 5.000000e+00 4.000000e+00 1.66934785e-10
9.743589e+00 5.000000e-02 1.000000e-01 3.18209883e+04
9.743589e+00 5.000000e-02 3.052632e-01 8.32469559e+01
9.743589e+00 5.000000e-02 5.105263e-01 4.06137514e+00
9.743589e+00 5.000000e-02 7.157895e-01 4.26095486e-01
9.743589e+00 5.000000e-02 9.210526e-01 5.82799949e-02
9.743589e+00 5.000000e-02 1.126316e+00 1.05808508e-02
9.743589e+00 5.000000e-02 1.331579e+00 3.97854019e-03
9.743589e+00 5.000000e-02 1.536842e+00 3.10281455e-03
9.743589e+00 5.000000e-02 1.742105e+00 2.97537306e-03
9.743589e+00 5.000000e-02 1.947368e+00 2.90535996e-03
9.743589e+00 5.000000e-02 2.152632e+00 2.81788735e-03
9.743589e+00 5.000000e-02 2.357895e+00 2.71588704e-03
9.743589e+00 5.000000e-02 2.563158e+00 2.60612508e-03
9.743589e+00 5.000000e-02 2.768421e+00 2.49246089e-03
9.743589e+00 5.000000e-02 2.973684e+00 2.37685605e-03
9.743589e+00 5.000000e-02 3.178947e+00 2.26051267e-03
9.743589e+00 5.000000e-02 3.384211e+00 2.14435440e-03
9.743589e+00 5.000000e-02 3.589474e+00 2.02910556e-03
9.743589e+00 5.000000e-02 3.794737e+00 1.91548048e-03
9.743589e+00 5.000000e-02 4.000000e+00 1.80407194e-03
9.743589e+00 3.105263e-01 1.000000e-01 3.03562617e+04
9.743589e+00 3.105263e-01 3.052632e-01 7.90808258e+01
9.743589e+00 3.105263e-01 5.105263e-01 3.83902383e+00
9.743589e+00 3.105263e-01 7.157895e-01 4.02798116e-01
9.743589e+00 3.105263e-01 9.210526e-01 5.46251312e-02
9.743589e+00 3.105263e-01 1.126316e+00 8.90069082e-03
9.743589e+00 3.105263e-01 1.331579e+00 2.35637277e-03
9.743589e+00 3.105263e-01 1.536842e+00 1.43008039e-03
9.743589e+00 3.105263e-01 1.742105e+00 1.30360632e-03
9.743589e+00 3.105263e-01 1.947368e+00 1.26944098e-03
9.743589e+00 3.105263e-01 2.152632e+00 1.23406725e-03
9.743589e+00 3.105263e-01 2.357895e+00 1.19128998e-03
9.743589e+00 3.105263e-01 2.563158e+00 1.14403374e-03
9.743589e+00 3.105263e-01 2.768421e+00 1.09449320e-03
9.743589e+00 3.105263e-01 2.973684e+00 1.04387396e-03
9.743589e+00 3.105263e-01 3.178947e+00 9.92841786e-04
9.743589e+00 3.105263e-01 3.384211e+00 9.41847335e-04
9.743589e+00 3.105263e-01 3.589474e+00 8.91255157e-04
9.743589e+00 3.105263e-01 3.794737e+00 8.41367408e-04
9.743589e+00 3.105263e-01 4.000000e+00 7.92460400e-04
9.743589e+00 5.710526e-01 1.000000e-01 2.70576367e+04
9.743589e+00 5.710526e-01 3.052632e-01 7.01216507e+01
9.743589e+00 5.710526e-01 5.105263e-01 3.37917995e+00
9.743589e+00 5.710526e-01 7.157895e-01 3.53538275e-01
9.743589e+00 5.710526e-01 9.210526e-01 4.78051826e-02
9.743589e+00 5.710526e-01 1.126316e+00 7.52654299e-03
9.743589e+00 5.710526e-01 1.331579e+00 1.69074757e-03
9.743589e+00 5.710526e-01 1.536842e+00 8.42178997e-04
9.743589e+00 5.710526e-01 1.742105e+00 7.25115475e-04
9.743589e+00 5.710526e-01 1.947368e+00 7.02090561e-04
9.743589e+00 5.710526e-01 2.152632e+00 6.83441816e-04
9.743589e+00 5.710526e-01 2.357895e+00 6.60567370e-04
9.743589e+00 5.710526e-01 2.563158e+00 6.34770899e-04
9.743589e+00 5.710526e-01 2.768421e+00 6.07461436e-04
9.743589e+00 5.710526e-01 2.973684e+00 5.79438463e-04
9.743589e+00 5.710526e-01 3.178947e+00 5.51143079e-04
9.743589e+00 5.710526e-01 3.384211e+00 5.22848510e-04
9.743589e+00 5.710526e-01 3.589474e+00 4.94771288e-04
9.743589e+00 5.710526e-01 3.794737e+00 4.67085163e-04
9.743589e+00 5.710526e-01 4.000000e+00 4.39944386e-04
9.743589e+00 8.315790e-01 1.000000e-01 2.25337109e+04
9.743589e+00 8.315790e-01 3.052632e-01 5.80191765e+01
9.743589e+00 8.315790e-01 5.105263e-01 2.76926827e+00
9.743589e+00 8.315790e-01 7.157895e-01 2.88395345e-01
9.743589e+00 8.315790e-01 9.210526e-01 3.89048271e-02
9.743589e+00 8.315790e-01 1.126316e+00 6.02482399e-03
9.743589e+00 8.315790e-01 1.331579e+00 1.22862821e-03
9.743589e+00 8.315790e-01 1.536842e+00 5.19022928e-04
9.743589e+00 8.315790e-01 1.742105e+00 4.19159624e-04
9.743589e+00 8.315790e-01 1.947368e+00 4.02344216e-04
9.743589e+00 8.315790e-01 2.152632e+00 3.91871494e-04
9.743589e+00 8.315790e-01 2.357895e+00 3.79138131e-04
9.743589e+00 8.315790e-01 2.563158e+00 3.64536565e-04
9.743589e+00 8.315790e-01 2.768421e+00 3.48945003e-04
9.743589e+00 8.315790e-01 2.973684e+00 3.32885160e-04
9.743589e+00 8.315790e-01 3.178947e+00 3.16644728e-04
9.743589e+00 8.315790e-01 3.384211e+00 3.00397369e-04
9.743589e+00 8.315790e-01 3.589474e+00 2.84270995e-04
9.743589e+00 8.315790e-01 3.794737e+00 2.68367876e-04
9.743589e+00 8.315790e-01 4.000000e+00 2.52777390e-04
9.743589e+00 1.092105e+00 1.000000e-01 1.75341094e+04
9.743589e+00 1.092105e+00 3.052632e-01 4.48148689e+01
9.743589e+00 1.092105e+00 5.105263e-01 2.11533546e+00
9.743589e+00 1.092105e+00 7.157895e-01 2.19020993e-01
9.743589e+00 1.092105e+00 9.210526e-01 2.94715203e-02
9.743589e+00 1.092105e+00 1.126316e+00 4.52091498e-03
9.743589e+00 1.092105e+00 1.331579e+00 8.66604794e-04
9.743589e+00 1.092105e+00 1.536842e+00 3.19239887e-04
9.743589e+00 1.092105e+00 1.742105e+00 2.40684836e-04
9.743589e+00 1.092105e+00 1.947368e+00 2.28407909e-04
9.743589e+00 1.092105e+00 2.152632e+00 2.22424002e-04
9.743589e+00 1.092105e+00 2.357895e+00 2.15368811e-04
9.743589e+00 1.092105e+00 2.563158e+00 2.07177014e-04
9.743589e+00 1.092105e+00 2.768421e+00 1.98364054e-04
9.743589e+00 1.092105e+00 2.973684e+00 1.89254119e-04
9.743589e+00 1.092105e+00 3.178947e+00 1.80029820e-04
9.743589e+00 1.092105e+00 3.384211e+00 1.70796440e-04
9.743589e+00 1.092105e+00 3.589474e+00 1.61629592e-04
9.743589e+00 1.092105e+00 3.794737e+00 1.52590161e-04
9.743589e+00 1.092105e+00 4.000000e+00 1.43726473e-04
9.743589e+00 1.352632e+00 1.000000e-01 1.27482441e+04
9.743589e+00 1.352632e+00 3.052632e-01 3.23300438e+01
9.743589e+00 1.352632e+00 5.105263e-01 1.50784111e+00
9.743589e+00 1.352632e+00 7.157895e-01 1.55103907e-01
9.743589e+00 1.352632e+00 9.210526e-01 2.08126120e-02
9.743589e+00 1.352632e+00 1.126316e+00 3.17312498e-03
9.743589e+00 1.352632e+00 1.331579e+00 5.83440356e-04
9.743589e+00 1.352632e+00 1.536842e+00 1.91999090e-04
9.743589e+00 1.352632e+00 1.742105e+00 1.34853108e-04
9.743589e+00 1.352632e+00 1.947368e+00 1.26219922e-04
9.743589e+00 1.352632e+00 2.152632e+00 1.22811602e-04
9.743589e+00 1.352632e+00 2.357895e+00 1.18988246e-04
9.743589e+00 1.352632e+00 2.563158e+00 1.14512281e-04
9.743589e+00 1.352632e+00 2.768421e+00 1.09664594e-04
9.743589e+00 1.352632e+00 2.973684e+00 1.04639243e-04
9.743589e+00 1.352632e+00 3.178947e+00 9.95430673e-05
9.743589e+00 1.352632e+00 3.384211e+00 9.44401691e-05
9.743589e+00 1.352632e+00 3.589474e+00 8.93726101e-05
9.743589e+00 1.352632e+00 3.794737e+00 8.43749003e-05
9.743589e+00 1.352632e+00 4.000000e+00 7.94749358e-05
9.743589e+00 1.613158e+00 1.000000e-01 8.66042578e+03
9.743589e+00 1.613158e+00 3.052632e-01 2.17920132e+01
9.743589e+00 1.613158e+00 5.105263e-01 1.00398195e+00
9.743589e+00 1.613158e+00 7.157895e-01 1.02564447e-01
9.743589e+00 1.613158e+00 9.210526e-01 1.37214437e-02
9.743589e+00 1.613158e+00 1.126316e+00 2.08288780e-03
9.743589e+00 1.613158e+00 1.331579e+00 3.71984526e-04
9.743589e+00 1.613158e+00 1.536842e+00 1.11600843e-04
9.743589e+00 1.613158e+00 1.742105e+00 7.30389584e-05
9.743589e+00 1.613158e+00 1.947368e+00 6.72909518e-05
9.743589e+00 1.613158e+00 2.152632e+00 6.53819443e-05
9.743589e+00 1.613158e+00 2.357895e+00 6.33742602e-05
9.743589e+00 1.613158e+00 2.563158e+00 6.10139105e-05
9.743589e+00 1.613158e+00 2.768421e+00 5.84427580e-05
9.743589e+00 1.613158e+00 2.973684e+00 5.57696621e-05
9.743589e+00 1.613158e+00 3.178947e+00 5.30557845e-05
9.743589e+00 1.613158e+00 3.384211e+00 5.03368465e-05
9.743589e+00 1.613158e+00 3.589474e+00 4.76364694e-05
9.743589e+00 1.613158e+00 3.794737e+00 4.49731378e-05
9.743589e+00 1.613158e+00 4.000000e+00 4.23616257e-05
9.743589e+00 1.873684e+00 1.000000e-01 5.49737500e+03
9.743589e+00 1.873684e+00 3.052632e-01 1.37288294e+01
9.743589e+00 1.873684e+00 5.105263e-01 6.24945819e-01
9.743589e+00 1.873684e+00 7.157895e-01 6.34008721e-02
9.743589e+00 1.873684e+00 9.210526e-01 8.45591724e-03
9.743589e+00 1.873684e+00 1.126316e+00 1.27930893e-03
9.743589e+00 1.873684e+00 1.331579e+00 2.23716997e-04
9.743589e+00 1.873684e+00 1.536842e+00 6.22263033e-05
9.743589e+00 1.873684e+00 1.742105e+00 3.80254533e-05
9.743589e+00 1.873684e+00 1.947368e+00 3.44301116e-05
9.743589e+00 1.873684e+00 2.152632e+00 3.33898497e-05
9.743589e+00 1.873684e+00 2.357895e+00 3.23740569e-05
9.743589e+00 1.873684e+00 2.563158e+00 3.11786935e-05
9.743589e+00 1.873684e+00 2.768421e+00 2.98702271e-05
9.743589e+00 1.873684e+00 2.973684e+00 2.85064179e-05
9.743589e+00 1.873684e+00 3.178947e+00 2.71202553e-05
9.743589e+00 1.873684e+00 3.384211e+00 2.57309312e-05
9.743589e+00 1.873684e+00 3.589474e+00 2.43508093e-05
9.743589e+00 1.873684e+00 3.794737e+00 2.29895522e-05
9.743589e+00 1.873684e+00 4.000000e+00 2.16547796e-05
9.743589e+00 2.134211e+00 1.000000e-01 3.26063477e+03
9.743589e+00 2.134211e+00 3.052632e-01 8.08566284e+00
9.743589e+00 2.134211e+00 5.105263e-01 3.63892794e-01
9.743589e+00 2.134211e+00 7.157895e-01 3.66690457e-02
9.743589e+00 2.134211e+00 9.210526e-01 4.87573957e-03
9.743589e+00 2.134211e+00 1.126316e+00 7.35674053e-04
9.743589e+00 2.134211e+00 1.331579e+00 1.26658822e-04
9.743589e+00 2.134211e+00 1.536842e+00 3.31145857e-05
9.743589e+00 2.134211e+00 1.742105e+00 1.89591465e-05
9.743589e+00 2.134211e+00 1.947368e+00 1.68530969e-05
9.743589e+00 2.134211e+00 2.152632e+00 1.63061650e-05
9.743589e+00 2.134211e+00 2.357895e+00 1.58128005e-05
9.743589e+00 2.134211e+00 2.563158e+00 1.52333268e-05
9.743589e+00 2.134211e+00 2.768421e+00 1.45964668e-05
9.743589e+00 2.134211e+00 2.973684e+00 1.39311151e-05
9.743589e+00 2.134211e+00 3.178947e+00 1.32542218e-05
9.743589e+00 2.134211e+00 3.384211e+00 1.25754250e-05
9.743589e+00 2.134211e+00 3.589474e+00 1.19010610e-05
9.743589e+00 2.134211e+00 3.794737e+00 1.12358348e-05
9.743589e+00 2.134211e+00 4.000000e+00 1.05835743e-05
9.743589e+00 2.394737e+00 1.000000e-01 1.80710217e+03
9.743589e+00 2.394737e+00 3.052632e-01 4.45259333e+00
9.743589e+00 2.394737e+00 5.105263e-01 1.98294282e-01
9.743589e+00 2.394737e+00 7.157895e-01 1.98558625e-02
9.743589e+00 2.394737e+00 9.210526e-01 2.63246824e-03
9.743589e+00 2.394737e+00 1.126316e+00 3.96311865e-04
9.743589e+00 2.394737e+00 1.331579e+00 6.74311959e-05
9.743589e+00 2.394737e+00 1.536842e+00 1.67589988e-05
9.743589e+00 2.394737e+00 1.742105e+00 9.02988722e-06
9.743589e+00 2.394737e+00 1.947368e+00 7.87576028e-06
9.743589e+00 2.394737e+00 2.152632e+00 7.60032026e-06
9.743589e+00 2.394737e+00 2.357895e+00 7.37084565e-06
9.743589e+00 2.394737e+00 2.563158e+00 7.10253971e-06
9.743589e+00 2.394737e+00 2.768421e+00 6.80660469e-06
9.743589e+00 2.394737e+00 2.973684e+00 6.49683670e-06
9.743589e+00 2.394737e+00 3.178947e+00 6.18135937e-06
9.743589e+00 2.394737e+00 3.384211e+00 5.86489841e-06
9.743589e+00 2.394737e+00 3.589474e+00 5.55043698e-06
9.743589e+00 2.394737e+00 3.794737e+00 5.24020970e-06
9.743589e+00 2.394737e+00 4.000000e+00 4.93603784e-06
9.743589e+00 2.655263e+00 1.000000e-01 9.35832153e+02
9.743589e+00 2.655263e+00 3.052632e-01 2.29279160e+00
9.743589e+00 2.655263e+00 5.105263e-01 1.01151839e-01
9.743589e+00 2.655263e+00 7.157895e-01 1.00704310e-02
9.743589e+00 2.655263e+00 9.210526e-01 1.33152318e-03
9.743589e+00 2.655263e+00 1.126316e+00 2.00080962e-04
9.743589e+00 2.655263e+00 1.331579e+00 3.37358324e-05
9.743589e+00 2.655263e+00 1.536842e+00 8.04479987e-06
9.743589e+00 2.655263e+00 1.742105e+00 4.10061057e-06
9.743589e+00 2.655263e+00 1.947368e+00 3.50911705e-06
9.743589e+00 2.655263e+00 2.152632e+00 3.37689562e-06
9.743589e+00 2.655263e+00 2.357895e+00 3.27489124e-06
9.743589e+00 2.655263e+00 2.563158e+00 3.15637226e-06
9.743589e+00 2.655263e+00 2.768421e+00 3.02528042e-06
9.743589e+00 2.655263e+00 2.973684e+00 2.88779142e-06
9.743589e+00 2.655263e+00 3.178947e+00 2.74765671e-06
9.743589e+00 2.655263e+00 3.384211e+00 2.60702313e-06
9.743589e+00 2.655263e+00 3.589474e+00 2.46726017e-06
9.743589e+00 2.655263e+00 3.794737e+00 2.32937532e-06
9.743589e+00 2.655263e+00 4.000000e+00 2.19417302e-06
9.743589e+00 2.915789e+00 1.000000e-01 4.52844452e+02
9.743589e+00 2.915789e+00 3.052632e-01 1.10404468e+00
9.743589e+00 2.915789e+00 5.105263e-01 4.83084694e-02
9.743589e+00 2.915789e+00 7.157895e-01 4.78495145e-03
9.743589e+00 2.915789e+00 9.210526e-01 6.31138042e-04
9.743589e+00 2.915789e+00 1.126316e+00 9.46877335e-05
9.743589e+00 2.915789e+00 1.331579e+00 1.58535204e-05
9.743589e+00 2.915789e+00 1.536842e+00 3.65539313e-06
9.743589e+00 2.915789e+00 1.742105e+00 1.77283061e-06
9.743589e+00 2.915789e+00 1.947368e+00 1.48929269e-06
9.743589e+00 2.915789e+00 2.152632e+00 1.42903878e-06
9.743589e+00 2.915789e+00 2.357895e+00 1.38577195e-06
9.743589e+00 2.915789e+00 2.563158e+00 1.33587685e-06
9.743589e+00 2.915789e+00 2.768421e+00 1.28055603e-06
9.743589e+00 2.915789e+00 2.973684e+00 1.22243000e-06
9.743589e+00 2.915789e+00 3.178947e+00 1.16314345e-06
9.743589e+00 2.915789e+00 3.384211e+00 1.10362726e-06
9.743589e+00 2.915789e+00 3.589474e+00 1.04446906e-06
9.743589e+00 2.915789e+00 3.794737e+00 9.86104169e-07
9.743589e+00 2.915789e+00 4.000000e+00 9.28873305e-07
9.743589e+00 3.176316e+00 1.000000e-01 2.04755234e+02
9.743589e+00 3.176316e+00 3.052632e-01 4.97136205e-01
9.743589e+00 3.176316e+00 5.105263e-01 2.16005947e-02
9.743589e+00 3.176316e+00 7.157895e-01 2.13011564e-03
9.743589e+00 3.176316e+00 9.210526e-01 2.80369452e-04
9.743589e+00 3.176316e+00 1.126316e+00 4.20073884e-05
9.743589e+00 3.176316e+00 1.331579e+00 6.99490010e-06
9.743589e+00 3.176316e+00 1.536842e+00 1.56955082e-06
9.743589e+00 3.176316e+00 1.742105e+00 7.28697614e-07
9.743589e+00 3.176316e+00 1.947368e+00 6.01554518e-07
9.743589e+00 3.176316e+00 2.152632e+00 5.75573949e-07
9.743589e+00 3.176316e+00 2.357895e+00 5.58086185e-07
9.743589e+00 3.176316e+00 2.563158e+00 5.38079746e-07
9.743589e+00 3.176316e+00 2.768421e+00 5.15853685e-07
9.743589e+00 3.176316e+00 2.973684e+00 4.92468530e-07
9.743589e+00 3.176316e+00 3.178947e+00 4.68596198e-07
9.743589e+00 3.176316e+00 3.384211e+00 4.44623396e-07
9.743589e+00 3.176316e+00 3.589474e+00 4.20793384e-07
9.743589e+00 3.176316e+00 3.794737e+00 3.97280445e-07
9.743589e+00 3.176316e+00 4.000000e+00 3.74225380e-07
9.743589e+00 3.436842e+00 1.000000e-01 8.65078659e+01
9.743589e+00 3.436842e+00 3.052632e-01 2.09321007e-01
9.743589e+00 3.436842e+00 5.105263e-01 9.04206745e-03
9.743589e+00 3.436842e+00 7.157895e-01 8.88369570e-04
9.743589e+00 3.436842e+00 9.210526e-01 1.16718853e-04
9.743589e+00 3.436842e+00 1.126316e+00 1.74688303e-05
9.743589e+00 3.436842e+00 1.331579e+00 2.89648324e-06
9.743589e+00 3.436842e+00 1.536842e+00 6.35919264e-07
9.743589e+00 3.436842e+00 1.742105e+00 2.84381855e-07
9.743589e+00 3.436842e+00 1.947368e+00 2.31045803e-07
9.743589e+00 3.436842e+00 2.152632e+00 2.20469587e-07
9.743589e+00 3.436842e+00 2.357895e+00 2.13743377e-07
9.743589e+00 3.436842e+00 2.563158e+00 2.06109405e-07
9.743589e+00 3.436842e+00 2.768421e+00 1.97615620e-07
9.743589e+00 3.436842e+00 2.973684e+00 1.88666618e-07
9.743589e+00 3.436842e+00 3.178947e+00 1.79525145e-07
9.743589e+00 3.436842e+00 3.384211e+00 1.70342716e-07
9.743589e+00 3.436842e+00 3.589474e+00 1.61214047e-07
9.743589e+00 3.436842e+00 3.794737e+00 1.52206752e-07
9.743589e+00 3.436842e+00 4.000000e+00 1.43373967e-07
9.743589e+00 3.697368e+00 1.000000e-01 3.41515121e+01
9.743589e+00 3.697368e+00 3.052632e-01 8.24081600e-02
9.743589e+00 3.697368e+00 5.105263e-01 3.54295340e-03
9.743589e+00 3.697368e+00 7.157895e-01 3.47033318e-04
9.743589e+00 3.697368e+00 9.210526e-01 4.55275731e-05
9.743589e+00 3.697368e+00 1.126316e+00 6.80794165e-06
9.743589e+00 3.697368e+00 1.331579e+00 1.12510634e-06
9.743589e+00 3.697368e+00 1.536842e+00 2.42792396e-07
9.743589e+00 3.697368e+00 1.742105e+00 1.05221268e-07
9.743589e+00 3.697368e+00 1.947368e+00 8.42890273e-08
9.743589e+00 3.697368e+00 2.152632e+00 8.02334696e-08
9.743589e+00 3.697368e+00 2.357895e+00 7.77747289e-08
9.743589e+00 3.697368e+00 2.563158e+00 7.50058646e-08
9.743589e+00 3.697368e+00 2.768421e+00 7.19208941e-08
9.743589e+00 3.697368e+00 2.973684e+00 6.86667718e-08
9.743589e+00 3.697368e+00 3.178947e+00 6.53410197e-08
9.743589e+00 3.697368e+00 3.384211e+00 6.19997920e-08
9.743589e+00 3.697368e+00 3.589474e+00 5.86774576e-08
9.743589e+00 3.697368e+00 3.794737e+00 5.53992408e-08
9.743589e+00 3.697368e+00 4.000000e+00 5.21845607e-08
9.743589e+00 3.957895e+00 1.000000e-01 1.25978527e+01
9.743589e+00 3.957895e+00 3.052632e-01 3.03328037e-02
9.743589e+00 3.957895e+00 5.105263e-01 1.29919301e-03
9.743589e+00 3.957895e+00 7.157895e-01 1.26947591e-04
9.743589e+00 3.957895e+00 9.210526e-01 1.66345453e-05
9.743589e+00 3.957895e+00 1.126316e+00 2.48570927e-06
9.743589e+00 3.957895e+00 1.331579e+00 4.09763601e-07
9.743589e+00 3.957895e+00 1.536842e+00 8.72436345e-08
9.743589e+00 3.957895e+00 1.742105e+00 3.68527004e-08
9.743589e+00 3.957895e+00 1.947368e+00 2.91679374e-08
9.743589e+00 3.957895e+00 2.152632e+00 2.77047807e-08
9.743589e+00 3.957895e+00 2.357895e+00 2.68523479e-08
9.743589e+00 3.957895e+00 2.563158e+00 2.58988901e-08
9.743589e+00 3.957895e+00 2.768421e+00 2.48354421e-08
9.743589e+00 3.957895e+00 2.973684e+00 2.37126478e-08
9.743589e+00 3.957895e+00 3.178947e+00 2.25645689e-08
9.743589e+00 3.957895e+00 3.384211e+00 2.14108464e-08
9.743589e+00 3.957895e+00 3.589474e+00 2.02636503e-08
9.743589e+00 3.957895e+00 3.794737e+00 1.91315852e-08
9.743589e+00 3.957895e+00 4.000000e+00 1.80214776e-08
9.743589e+00 4.218421e+00 1.000000e-01 4.34224272e+00
9.743589e+00 4.218421e+00 3.052632e-01 1.04376394e-02
9.743589e+00 4.218421e+00 5.105263e-01 4.45756334e-04
9.743589e+00 4.218421e+00 7.157895e-01 4.34738067e-05
9.743589e+00 4.218421e+00 9.210526e-01 5.69127815e-06
9.743589e+00 4.218421e+00 1.126316e+00 8.49990840e-07
9.743589e+00 4.218421e+00 1.331579e+00 1.39852531e-07
9.743589e+00 4.218421e+00 1.536842e+00 2.94708222e-08
9.743589e+00 4.218421e+00 1.742105e+00 1.21976393e-08
9.743589e+00 4.218421e+00 1.947368e+00 9.55869872e-09
9.743589e+00 4.218421e+00 2.152632e+00 9.06282338e-09
9.743589e+00 4.218421e+00 2.357895e+00 8.78295481e-09
9.743589e+00 4.218421e+00 2.563158e+00 8.47176551e-09
9.743589e+00 4.218421e+00 2.768421e+00 8.12437051e-09
9.743589e+00 4.218421e+00 2.973684e+00 7.75733255e-09
9.743589e+00 4.218421e+00 3.178947e+00 7.38184447e-09
9.743589e+00 4.218421e+00 3.384211e+00 7.00444991e-09
9.743589e+00 4.218421e+00 3.589474e+00 6.62917099e-09
9.743589e+00 4.218421e+00 3.794737e+00 6.25885699e-09
9.743589e+00 4.218421e+00 4.000000e+00 5.89568350e-09
9.743589e+00 4.478947e+00 1.000000e-01 1.39849603e+00
9.743589e+00 4.478947e+00 3.052632e-01 3.35738296e-03
9.743589e+00 4.478947e+00 5.105263e-01 1.43066878e-04
9.743589e+00 4.478947e+00 7.157895e-01 1.39330386e-05
9.743589e+00 4.478947e+00 9.210526e-01 1.82271867e-06
9.743589e+00 4.478947e+00 1.126316e+00 2.72111890e-07
9.743589e+00 4.478947e+00 1.331579e+00 4.47081732e-08
9.743589e+00 4.478947e+00 1.536842e+00 9.34846422e-09
9.743589e+00 4.478947e+00 1.742105e+00 3.80869114e-09
9.743589e+00 4.478947e+00 1.947368e+00 2.96118063e-09
9.743589e+00 4.478947e+00 2.152632e+00 2.80347656e-09
9.743589e+00 4.478947e+00 2.357895e+00 2.71663492e-09
9.743589e+00 4.478947e+00 2.563158e+00 2.62054756e-09
9.743589e+00 4.478947e+00 2.768421e+00 2.51321053e-09
9.743589e+00 4.478947e+00 2.973684e+00 2.39972064e-09
9.743589e+00 4.478947e+00 3.178947e+00 2.28359287e-09
9.743589e+00 4.478947e+00 3.384211e+00 2.16685758e-09
9.743589e+00 4.478947e+00 3.589474e+00 2.05077155e-09
9.743589e+00 4.478947e+00 3.794737e+00 1.93620719e-09
9.743589e+00 4.478947e+00 4.000000e+00 1.82386484e-09
9.743589e+00 4.739474e+00 1.000000e-01 4.20858204e-01
9.743589e+00 4.739474e+00 3.052632e-01 1.00941863e-03
9.743589e+00 4.739474e+00 5.105263e-01 4.29440552e-05
9.743589e+00 4.739474e+00 7.157895e-01 4.17779984e-06
9.743589e+00 4.739474e+00 9.210526e-01 5.46252011e-07
9.743589e+00 4.739474e+00 1.126316e+00 8.15248171e-08
9.743589e+00 4.739474e+00 1.331579e+00 1.33806770e-08
9.743589e+00 4.739474e+00 1.536842e+00 2.78195689e-09
9.743589e+00 4.739474e+00 1.742105e+00 1.12003140e-09
9.743589e+00 4.739474e+00 1.947368e+00 8.65525707e-10
9.743589e+00 4.739474e+00 2.152632e+00 8.18501877e-10
9.743589e+00 4.739474e+00 2.357895e+00 7.93087929e-10
9.743589e+00 4.739474e+00 2.563158e+00 7.65070507e-10
9.743589e+00 4.739474e+00 2.768421e+00 7.33760497e-10
9.743589e+00 4.739474e+00 2.973684e+00 7.00638103e-10
9.743589e+00 4.739474e+00 3.178947e+00 6.66737165e-10
9.743589e+00 4.739474e+00 3.384211e+00 6.32657260e-10
9.743589e+00 4.739474e+00 3.589474e+00 5.98765704e-10
9.743589e+00 4.739474e+00 3.794737e+00 5.65316960e-10
9.743589e+00 4.739474e+00 4.000000e+00 5.32517641e-10
9.743589e+00 5.000000e+00 1.000000e-01 1.18341774e-01
9.743589e+00 5.000000e+00 3.052632e-01 2.83650326e-04
9.743589e+00 5.000000e+00 5.105263e-01 1.20532786e-05
9.743589e+00 5.000000e+00 7.157895e-01 1.17169952e-06
9.743589e+00 5.000000e+00 9.210526e-01 1.53142565e-07
9.743589e+00 5.000000e+00 1.126316e+00 2.28506138e-08
9.743589e+00 5.000000e+00 1.331579e+00 3.74769105e-09
9.743589e+00 5.000000e+00 1.536842e+00 7.75975506e-10
9.743589e+00 5.000000e+00 1.742105e+00 3.09709064e-10
9.743589e+00 5.000000e+00 1.947368e+00 2.38252001e-10
9.743589e+00 5.000000e+00 2.152632e+00 2.25116856e-10
9.743589e+00 5.000000e+00 2.357895e+00 2.18114388e-10
9.743589e+00 5.000000e+00 2.563158e+00 2.10416989e-10
9.743589e+00 5.000000e+00 2.768421e+00 2.01810735e-10
9.743589e+00 5.000000e+00 2.973684e+00 1.92703575e-10
9.743589e+00 5.000000e+00 3.178947e+00 1.83380783e-10
9.743589e+00 5.000000e+00 3.384211e+00 1.74008030e-10
9.743589e+00 5.000000e+00 3.589474e+00 1.64686431e-10
9.743589e+00 5.000000e+00 3.794737e+00 1.55486971e-10
9.743589e+00 5.000000e+00 4.000000e+00 1.46465604e-10
1.000000e+01 5.000000e-02 1.000000e-01 3.30121562e+04
1.000000e+01 5.000000e-02 3.052632e-01 9.09419479e+01
1.000000e+01 5.000000e-02 5.105263e-01 4.48841286e+00
1.000000e+01 5.000000e-02 7.157895e-01 4.87077564e-01
1.000000e+01 5.000000e-02 9.210526e-01 7.07709864e-02
1.000000e+01 5.000000e-02 1.126316e+00 1.35764414e-02
1.000000e+01 5.000000e-02 1.331579e+00 4.66936314e-03
1.000000e+01 5.000000e-02 1.536842e+00 3.10450909e-03
1.000000e+01 5.000000e-02 1.742105e+00 2.73519126e-03
1.000000e+01 5.000000e-02 1.947368e+00 2.57621566e-03
1.000000e+01 5.000000e-02 2.152632e+00 2.46091327e-03
1.000000e+01 5.000000e-02 2.357895e+00 2.35774880e-03
1.000000e+01 5.000000e-02 2.563158e+00 2.25883210e-03
1.000000e+01 5.000000e-02 2.768421e+00 2.16141203e-03
1.000000e+01 5.000000e-02 2.973684e+00 2.06437986e-03
1.000000e+01 5.000000e-02 3.178947e+00 1.96744944e-03
1.000000e+01 5.000000e-02 3.384211e+00 1.87078572e-03
1.000000e+01 5.000000e-02 3.589474e+00 1.77473458e-03
1.000000e+01 5.000000e-02 3.794737e+00 1.67977426e-03
1.000000e+01 5.000000e-02 4.000000e+00 1.58638065e-03
1.000000e+01 3.105263e-01 1.000000e-01 3.14931387e+04
1.000000e+01 3.105263e-01 3.052632e-01 8.64524765e+01
1.000000e+01 3.105263e-01 5.105263e-01 4.24601603e+00
1.000000e+01 3.105263e-01 7.157895e-01 4.58703607e-01
1.000000e+01 3.105263e-01 9.210526e-01 6.52628988e-02
1.000000e+01 3.105263e-01 1.126316e+00 1.12408372e-02
1.000000e+01 3.105263e-01 1.331579e+00 2.89518829e-03
1.000000e+01 3.105263e-01 1.536842e+00 1.49777194e-03
1.000000e+01 3.105263e-01 1.742105e+00 1.22213387e-03
1.000000e+01 3.105263e-01 1.947368e+00 1.13506499e-03
1.000000e+01 3.105263e-01 2.152632e+00 1.08196656e-03
1.000000e+01 3.105263e-01 2.357895e+00 1.03618833e-03
1.000000e+01 3.105263e-01 2.563158e+00 9.92503134e-04
1.000000e+01 3.105263e-01 2.768421e+00 9.49542853e-04
1.000000e+01 3.105263e-01 2.973684e+00 9.06808709e-04
1.000000e+01 3.105263e-01 3.178947e+00 8.64172995e-04
1.000000e+01 3.105263e-01 3.384211e+00 8.21680762e-04
1.000000e+01 3.105263e-01 3.589474e+00 7.79489288e-04
1.000000e+01 3.105263e-01 3.794737e+00 7.37791765e-04
1.000000e+01 3.105263e-01 4.000000e+00 6.96778530e-04
1.000000e+01 5.710526e-01 1.000000e-01 2.80705938e+04
1.000000e+01 5.710526e-01 3.052632e-01 7.66439972e+01
1.000000e+01 5.710526e-01 5.105263e-01 3.73393059e+00
1.000000e+01 5.710526e-01 7.157895e-01 4.01400924e-01
1.000000e+01 5.710526e-01 9.210526e-01 5.66597283e-02
1.000000e+01 5.710526e-01 1.126316e+00 9.39934328e-03
1.000000e+01 5.710526e-01 1.331579e+00 2.11567059e-03
1.000000e+01 5.710526e-01 1.536842e+00 9.13106953e-04
1.000000e+01 5.710526e-01 1.742105e+00 6.91074238e-04
1.000000e+01 5.710526e-01 1.947368e+00 6.32051961e-04
1.000000e+01 5.710526e-01 2.152632e+00 6.01069944e-04
1.000000e+01 5.710526e-01 2.357895e+00 5.75439830e-04
1.000000e+01 5.710526e-01 2.563158e+00 5.51108969e-04
1.000000e+01 5.710526e-01 2.768421e+00 5.27197379e-04
1.000000e+01 5.710526e-01 2.973684e+00 5.03430376e-04
1.000000e+01 5.710526e-01 3.178947e+00 4.79735434e-04
1.000000e+01 5.710526e-01 3.384211e+00 4.56136710e-04
1.000000e+01 5.710526e-01 3.589474e+00 4.32710949e-04
1.000000e+01 5.710526e-01 3.794737e+00 4.09564673e-04
1.000000e+01 5.710526e-01 4.000000e+00 3.86805157e-04
1.000000e+01 8.315790e-01 1.000000e-01 2.33767383e+04
1.000000e+01 8.315790e-01 3.052632e-01 6.33874397e+01
1.000000e+01 8.315790e-01 5.105263e-01 3.05538082e+00
1.000000e+01 8.315790e-01 7.157895e-01 3.26456487e-01
1.000000e+01 8.315790e-01 9.210526e-01 4.58320901e-02
1.000000e+01 8.315790e-01 1.126316e+00 7.45360367e-03
1.000000e+01 8.315790e-01 1.331579e+00 1.54750491e-03
1.000000e+01 8.315790e-01 1.536842e+00 5.78450970e-04
1.000000e+01 8.315790e-01 1.742105e+00 4.05467261e-04
1.000000e+01 8.315790e-01 1.947368e+00 3.64388368e-04
1.000000e+01 8.315790e-01 2.152632e+00 3.45562090e-04
1.000000e+01 8.315790e-01 2.357895e+00 3.30702227e-04
1.000000e+01 8.315790e-01 2.563158e+00 3.16693389e-04
1.000000e+01 8.315790e-01 2.768421e+00 3.02930188e-04
1.000000e+01 8.315790e-01 2.973684e+00 2.89257587e-04
1.000000e+01 8.315790e-01 3.178947e+00 2.75632134e-04
1.000000e+01 8.315790e-01 3.384211e+00 2.62068526e-04
1.000000e+01 8.315790e-01 3.589474e+00 2.48608616e-04
1.000000e+01 8.315790e-01 3.794737e+00 2.35310319e-04
1.000000e+01 8.315790e-01 4.000000e+00 2.22235991e-04
1.000000e+01 1.092105e+00 1.000000e-01 1.81895820e+04
1.000000e+01 1.092105e+00 3.052632e-01 4.89343758e+01
1.000000e+01 1.092105e+00 5.105263e-01 2.32979155e+00
1.000000e+01 1.092105e+00 7.157895e-01 2.47183681e-01
1.000000e+01 1.092105e+00 9.210526e-01 3.45420837e-02
1.000000e+01 1.092105e+00 1.126316e+00 5.54830255e-03
1.000000e+01 1.092105e+00 1.331579e+00 1.09236571e-03
1.000000e+01 1.092105e+00 1.536842e+00 3.63633269e-04
1.000000e+01 1.092105e+00 1.742105e+00 2.36036140e-04
1.000000e+01 1.092105e+00 1.947368e+00 2.07993275e-04
1.000000e+01 1.092105e+00 2.152632e+00 1.96599707e-04
1.000000e+01 1.092105e+00 2.357895e+00 1.88064878e-04
1.000000e+01 1.092105e+00 2.563158e+00 1.80085612e-04
1.000000e+01 1.092105e+00 2.768421e+00 1.72251719e-04
1.000000e+01 1.092105e+00 2.973684e+00 1.64469820e-04
1.000000e+01 1.092105e+00 3.178947e+00 1.56718364e-04
1.000000e+01 1.092105e+00 3.384211e+00 1.49003768e-04
1.000000e+01 1.092105e+00 3.589474e+00 1.41350130e-04
1.000000e+01 1.092105e+00 3.794737e+00 1.33789552e-04
1.000000e+01 1.092105e+00 4.000000e+00 1.26356681e-04
1.000000e+01 1.352632e+00 1.000000e-01 1.32244209e+04
1.000000e+01 1.352632e+00 3.052632e-01 3.52814751e+01
1.000000e+01 1.352632e+00 5.105263e-01 1.65765011e+00
1.000000e+01 1.352632e+00 7.157895e-01 1.74534813e-01
1.000000e+01 1.352632e+00 9.210526e-01 2.42843498e-02
1.000000e+01 1.352632e+00 1.126316e+00 3.86738847e-03
1.000000e+01 1.352632e+00 1.331579e+00 7.33910245e-04
1.000000e+01 1.352632e+00 1.536842e+00 2.22443152e-04
1.000000e+01 1.352632e+00 1.742105e+00 1.33939509e-04
1.000000e+01 1.352632e+00 1.947368e+00 1.15519077e-04
1.000000e+01 1.352632e+00 2.152632e+00 1.08780834e-04
1.000000e+01 1.352632e+00 2.357895e+00 1.04005485e-04
1.000000e+01 1.352632e+00 2.563158e+00 9.95867231e-05
1.000000e+01 1.352632e+00 2.768421e+00 9.52518240e-05
1.000000e+01 1.352632e+00 2.973684e+00 9.09458104e-05
1.000000e+01 1.352632e+00 3.178947e+00 8.66571863e-05
1.000000e+01 1.352632e+00 3.384211e+00 8.23904993e-05
1.000000e+01 1.352632e+00 3.589474e+00 7.81582421e-05
1.000000e+01 1.352632e+00 3.794737e+00 7.39778770e-05
1.000000e+01 1.352632e+00 4.000000e+00 6.98681833e-05
1.000000e+01 1.613158e+00 1.000000e-01 8.98365820e+03
1.000000e+01 1.613158e+00 3.052632e-01 2.37680321e+01
1.000000e+01 1.613158e+00 5.105263e-01 1.10171819e+00
1.000000e+01 1.613158e+00 7.157895e-01 1.15089215e-01
1.000000e+01 1.613158e+00 9.210526e-01 1.59467123e-02
1.000000e+01 1.613158e+00 1.126316e+00 2.52348045e-03
1.000000e+01 1.613158e+00 1.331579e+00 4.66343947e-04
1.000000e+01 1.613158e+00 1.536842e+00 1.30994478e-04
1.000000e+01 1.613158e+00 1.742105e+00 7.34032219e-05
1.000000e+01 1.613158e+00 1.947368e+00 6.18761915e-05
1.000000e+01 1.613158e+00 2.152632e+00 5.80225496e-05
1.000000e+01 1.613158e+00 2.357895e+00 5.54430699e-05
1.000000e+01 1.613158e+00 2.563158e+00 5.30840989e-05
1.000000e+01 1.613158e+00 2.768421e+00 5.07723234e-05
1.000000e+01 1.613158e+00 2.973684e+00 4.84759257e-05
1.000000e+01 1.613158e+00 3.178947e+00 4.61893287e-05
1.000000e+01 1.613158e+00 3.384211e+00 4.39145551e-05
1.000000e+01 1.613158e+00 3.589474e+00 4.16585717e-05
1.000000e+01 1.613158e+00 3.794737e+00 3.94304479e-05
1.000000e+01 1.613158e+00 4.000000e+00 3.72401191e-05
1.000000e+01 1.873684e+00 1.000000e-01 5.70240137e+03
1.000000e+01 1.873684e+00 3.052632e-01 1.49658413e+01
1.000000e+01 1.873684e+00 5.105263e-01 6.84591293e-01
1.000000e+01 1.873684e+00 7.157895e-01 7.09555149e-02
1.000000e+01 1.873684e+00 9.210526e-01 9.79245640e-03
1.000000e+01 1.873684e+00 1.126316e+00 1.54191954e-03
1.000000e+01 1.873684e+00 1.331579e+00 2.79388652e-04
1.000000e+01 1.873684e+00 1.536842e+00 7.37680530e-05
1.000000e+01 1.873684e+00 1.742105e+00 3.86335341e-05
1.000000e+01 1.873684e+00 1.947368e+00 3.17996819e-05
1.000000e+01 1.873684e+00 2.152632e+00 2.96830658e-05
1.000000e+01 1.873684e+00 2.357895e+00 2.83447916e-05
1.000000e+01 1.873684e+00 2.563158e+00 2.71368299e-05
1.000000e+01 1.873684e+00 2.768421e+00 2.59547141e-05
1.000000e+01 1.873684e+00 2.973684e+00 2.47804819e-05
1.000000e+01 1.873684e+00 3.178947e+00 2.36111973e-05
1.000000e+01 1.873684e+00 3.384211e+00 2.24481755e-05
1.000000e+01 1.873684e+00 3.589474e+00 2.12948689e-05
1.000000e+01 1.873684e+00 3.794737e+00 2.01559342e-05
1.000000e+01 1.873684e+00 4.000000e+00 1.90363935e-05
1.000000e+01 2.134211e+00 1.000000e-01 3.38216016e+03
1.000000e+01 2.134211e+00 3.052632e-01 8.81004524e+00
1.000000e+01 2.134211e+00 5.105263e-01 3.97981554e-01
1.000000e+01 2.134211e+00 7.157895e-01 4.09387760e-02
1.000000e+01 2.134211e+00 9.210526e-01 5.62865240e-03
1.000000e+01 2.134211e+00 1.126316e+00 8.82730354e-04
1.000000e+01 2.134211e+00 1.331579e+00 1.57565548e-04
1.000000e+01 2.134211e+00 1.536842e+00 3.95518909e-05
1.000000e+01 2.134211e+00 1.742105e+00 1.94566455e-05
1.000000e+01 2.134211e+00 1.947368e+00 1.56305559e-05
1.000000e+01 2.134211e+00 2.152632e+00 1.45192244e-05
1.000000e+01 2.134211e+00 2.357895e+00 1.38546011e-05
1.000000e+01 2.134211e+00 2.563158e+00 1.32631549e-05
1.000000e+01 2.134211e+00 2.768421e+00 1.26852728e-05
1.000000e+01 2.134211e+00 2.973684e+00 1.21112216e-05
1.000000e+01 2.134211e+00 3.178947e+00 1.15396033e-05
1.000000e+01 2.134211e+00 3.384211e+00 1.09711364e-05
1.000000e+01 2.134211e+00 3.589474e+00 1.04074425e-05
1.000000e+01 2.134211e+00 3.794737e+00 9.85081715e-06
1.000000e+01 2.134211e+00 4.000000e+00 9.30368606e-06
1.000000e+01 2.394737e+00 1.000000e-01 1.87441541e+03
1.000000e+01 2.394737e+00 3.052632e-01 4.84948587e+00
1.000000e+01 2.394737e+00 5.105263e-01 2.16555074e-01
1.000000e+01 2.394737e+00 7.157895e-01 2.21192986e-02
1.000000e+01 2.394737e+00 9.210526e-01 3.03057116e-03
1.000000e+01 2.394737e+00 1.126316e+00 4.73704451e-04
1.000000e+01 2.394737e+00 1.331579e+00 8.35786414e-05
1.000000e+01 2.394737e+00 1.536842e+00 2.01299245e-05
1.000000e+01 2.394737e+00 1.742105e+00 9.35246408e-06
1.000000e+01 2.394737e+00 1.947368e+00 7.33325896e-06
1.000000e+01 2.394737e+00 2.152632e+00 6.77748130e-06
1.000000e+01 2.394737e+00 2.357895e+00 6.46224771e-06
1.000000e+01 2.394737e+00 2.563158e+00 6.18588319e-06
1.000000e+01 2.394737e+00 2.768421e+00 5.91629805e-06
1.000000e+01 2.394737e+00 2.973684e+00 5.64852644e-06
1.000000e+01 2.394737e+00 3.178947e+00 5.38188988e-06
1.000000e+01 2.394737e+00 3.384211e+00 5.11671851e-06
1.000000e+01 2.394737e+00 3.589474e+00 4.85380997e-06
1.000000e+01 2.394737e+00 3.794737e+00 4.59421881e-06
1.000000e+01 2.394737e+00 4.000000e+00 4.33905279e-06
1.000000e+01 2.655263e+00 1.000000e-01 9.70673889e+02
1.000000e+01 2.655263e+00 3.052632e-01 2.49627590e+00
1.000000e+01 2.655263e+00 5.105263e-01 1.10325091e-01
1.000000e+01 2.655263e+00 7.157895e-01 1.11965872e-02
1.000000e+01 2.655263e+00 9.210526e-01 1.52920152e-03
1.000000e+01 2.655263e+00 1.126316e+00 2.38368535e-04
1.000000e+01 2.655263e+00 1.331579e+00 4.16756884e-05
1.000000e+01 2.655263e+00 1.536842e+00 9.70385645e-06
1.000000e+01 2.655263e+00 1.742105e+00 4.28273597e-06
1.000000e+01 2.655263e+00 1.947368e+00 3.27950647e-06
1.000000e+01 2.655263e+00 2.152632e+00 3.01545401e-06
1.000000e+01 2.655263e+00 2.357895e+00 2.87289026e-06
1.000000e+01 2.655263e+00 2.563158e+00 2.74979197e-06
1.000000e+01 2.655263e+00 2.768421e+00 2.62994217e-06
1.000000e+01 2.655263e+00 2.973684e+00 2.51088704e-06
1.000000e+01 2.655263e+00 3.178947e+00 2.39234396e-06
1.000000e+01 2.655263e+00 3.384211e+00 2.27446571e-06
1.000000e+01 2.655263e+00 3.589474e+00 2.15759246e-06
1.000000e+01 2.655263e+00 3.794737e+00 2.04219941e-06
1.000000e+01 2.655263e+00 4.000000e+00 1.92878156e-06
1.000000e+01 2.915789e+00 1.000000e-01 4.69697174e+02
1.000000e+01 2.915789e+00 3.052632e-01 1.20166874e+00
1.000000e+01 2.915789e+00 5.105263e-01 5.26311584e-02
1.000000e+01 2.915789e+00 7.157895e-01 5.31107420e-03
1.000000e+01 2.915789e+00 9.210526e-01 7.23344041e-04
1.000000e+01 2.915789e+00 1.126316e+00 1.12494592e-04
1.000000e+01 2.915789e+00 1.331579e+00 1.95275352e-05
1.000000e+01 2.915789e+00 1.536842e+00 4.42320697e-06
1.000000e+01 2.915789e+00 1.742105e+00 1.86550153e-06
1.000000e+01 2.915789e+00 1.947368e+00 1.39663268e-06
1.000000e+01 2.915789e+00 2.152632e+00 1.27769567e-06
1.000000e+01 2.915789e+00 2.357895e+00 1.21631990e-06
1.000000e+01 2.915789e+00 2.563158e+00 1.16409683e-06
1.000000e+01 2.915789e+00 2.768421e+00 1.11335294e-06
1.000000e+01 2.915789e+00 2.973684e+00 1.06294806e-06
1.000000e+01 2.915789e+00 3.178947e+00 1.01276055e-06
1.000000e+01 2.915789e+00 3.384211e+00 9.62852141e-07
1.000000e+01 2.915789e+00 3.589474e+00 9.13373526e-07
1.000000e+01 2.915789e+00 3.794737e+00 8.64522690e-07
1.000000e+01 2.915789e+00 4.000000e+00 8.16512966e-07
1.000000e+01 3.176316e+00 1.000000e-01 2.12372665e+02
1.000000e+01 3.176316e+00 3.052632e-01 5.40960491e-01
1.000000e+01 3.176316e+00 5.105263e-01 2.35114042e-02
1.000000e+01 3.176316e+00 7.157895e-01 2.36094370e-03
1.000000e+01 3.176316e+00 9.210526e-01 3.20772175e-04
1.000000e+01 3.176316e+00 1.126316e+00 4.97921865e-05
1.000000e+01 3.176316e+00 1.331579e+00 8.59439933e-06
1.000000e+01 3.176316e+00 1.536842e+00 1.90373964e-06
1.000000e+01 3.176316e+00 1.742105e+00 7.71881446e-07
1.000000e+01 3.176316e+00 1.947368e+00 5.65903690e-07
1.000000e+01 3.176316e+00 2.152632e+00 5.15212605e-07
1.000000e+01 3.176316e+00 2.357895e+00 4.90079287e-07
1.000000e+01 3.176316e+00 2.563158e+00 4.68995722e-07
1.000000e+01 3.176316e+00 2.768421e+00 4.48549770e-07
1.000000e+01 3.176316e+00 2.973684e+00 4.28242430e-07
1.000000e+01 3.176316e+00 3.178947e+00 4.08019247e-07
1.000000e+01 3.176316e+00 3.384211e+00 3.87910461e-07
1.000000e+01 3.176316e+00 3.589474e+00 3.67976867e-07
1.000000e+01 3.176316e+00 3.794737e+00 3.48296709e-07
1.000000e+01 3.176316e+00 4.000000e+00 3.28954712e-07
1.000000e+01 3.436842e+00 1.000000e-01 8.97252960e+01
1.000000e+01 3.436842e+00 3.052632e-01 2.27727443e-01
1.000000e+01 3.436842e+00 5.105263e-01 9.83432028e-03
1.000000e+01 3.436842e+00 7.157895e-01 9.83464415e-04
1.000000e+01 3.436842e+00 9.210526e-01 1.33347217e-04
1.000000e+01 3.436842e+00 1.126316e+00 2.06669974e-05
1.000000e+01 3.436842e+00 1.331579e+00 3.55137399e-06
1.000000e+01 3.436842e+00 1.536842e+00 7.72687031e-07
1.000000e+01 3.436842e+00 1.742105e+00 3.02963912e-07
1.000000e+01 3.436842e+00 1.947368e+00 2.17966146e-07
1.000000e+01 3.436842e+00 2.152632e+00 1.97551799e-07
1.000000e+01 3.436842e+00 2.357895e+00 1.87777474e-07
1.000000e+01 3.436842e+00 2.563158e+00 1.79683695e-07
1.000000e+01 3.436842e+00 2.768421e+00 1.71849408e-07
1.000000e+01 3.436842e+00 2.973684e+00 1.64068908e-07
1.000000e+01 3.436842e+00 3.178947e+00 1.56320539e-07
1.000000e+01 3.436842e+00 3.384211e+00 1.48615911e-07
1.000000e+01 3.436842e+00 3.589474e+00 1.40978983e-07
1.000000e+01 3.436842e+00 3.794737e+00 1.33439045e-07
1.000000e+01 3.436842e+00 4.000000e+00 1.26028752e-07
1.000000e+01 3.697368e+00 1.000000e-01 3.54214058e+01
1.000000e+01 3.697368e+00 3.052632e-01 8.96402374e-02
1.000000e+01 3.697368e+00 5.105263e-01 3.85096553e-03
1.000000e+01 3.697368e+00 7.157895e-01 3.83809238e-04
1.000000e+01 3.697368e+00 9.210526e-01 5.19532769e-05
1.000000e+01 3.697368e+00 1.126316e+00 8.04206775e-06
1.000000e+01 3.697368e+00 1.331579e+00 1.37713596e-06
1.000000e+01 3.697368e+00 1.536842e+00 2.95401009e-07
1.000000e+01 3.697368e+00 1.742105e+00 1.12640947e-07
1.000000e+01 3.697368e+00 1.947368e+00 7.97131534e-08
1.000000e+01 3.697368e+00 2.152632e+00 7.19573734e-08
1.000000e+01 3.697368e+00 2.357895e+00 6.83517030e-08
1.000000e+01 3.697368e+00 2.563158e+00 6.54004211e-08
1.000000e+01 3.697368e+00 2.768421e+00 6.25489065e-08
1.000000e+01 3.697368e+00 2.973684e+00 5.97168039e-08
1.000000e+01 3.697368e+00 3.178947e+00 5.68965035e-08
1.000000e+01 3.697368e+00 3.384211e+00 5.40920944e-08
1.000000e+01 3.697368e+00 3.589474e+00 5.13122593e-08
1.000000e+01 3.697368e+00 3.794737e+00 4.85679834e-08
1.000000e+01 3.697368e+00 4.000000e+00 4.58709515e-08
1.000000e+01 3.957895e+00 1.000000e-01 1.30662098e+01
1.000000e+01 3.957895e+00 3.052632e-01 3.29906493e-02
1.000000e+01 3.957895e+00 5.105263e-01 1.41144102e-03
1.000000e+01 3.957895e+00 7.157895e-01 1.40292526e-04
1.000000e+01 3.957895e+00 9.210526e-01 1.89648654e-05
1.000000e+01 3.957895e+00 1.126316e+00 2.93278799e-06
1.000000e+01 3.957895e+00 1.331579e+00 5.00869874e-07
1.000000e+01 3.957895e+00 1.536842e+00 1.06252493e-07
1.000000e+01 3.957895e+00 1.742105e+00 3.96093114e-08
1.000000e+01 3.957895e+00 1.947368e+00 2.76419314e-08
1.000000e+01 3.957895e+00 2.152632e+00 2.48659813e-08
1.000000e+01 3.957895e+00 2.357895e+00 2.36064039e-08
1.000000e+01 3.957895e+00 2.563158e+00 2.25855743e-08
1.000000e+01 3.957895e+00 2.768421e+00 2.16007034e-08
1.000000e+01 3.957895e+00 2.973684e+00 2.06227018e-08
1.000000e+01 3.957895e+00 3.178947e+00 1.96486472e-08
1.000000e+01 3.957895e+00 3.384211e+00 1.86801099e-08
1.000000e+01 3.957895e+00 3.589474e+00 1.77201276e-08
1.000000e+01 3.957895e+00 3.794737e+00 1.67724110e-08
1.000000e+01 3.957895e+00 4.000000e+00 1.58410653e-08
1.000000e+01 4.218421e+00 1.000000e-01 4.50365353e+00
1.000000e+01 4.218421e+00 3.052632e-01 1.13511216e-02
1.000000e+01 4.218421e+00 5.105263e-01 4.84083546e-04
1.000000e+01 4.218421e+00 7.157895e-01 4.80151393e-05
1.000000e+01 4.218421e+00 9.210526e-01 6.48393143e-06
1.000000e+01 4.218421e+00 1.126316e+00 1.00194109e-06
1.000000e+01 4.218421e+00 1.331579e+00 1.70765787e-07
1.000000e+01 4.218421e+00 1.536842e+00 3.59181449e-08
1.000000e+01 4.218421e+00 1.742105e+00 1.31521407e-08
1.000000e+01 4.218421e+00 1.947368e+00 9.07417164e-09
1.000000e+01 4.218421e+00 2.152632e+00 8.13927326e-09
1.000000e+01 4.218421e+00 2.357895e+00 7.72325404e-09
1.000000e+01 4.218421e+00 2.563158e+00 7.38885308e-09
1.000000e+01 4.218421e+00 2.768421e+00 7.06662906e-09
1.000000e+01 4.218421e+00 2.973684e+00 6.74666056e-09
1.000000e+01 4.218421e+00 3.178947e+00 6.42798170e-09
1.000000e+01 4.218421e+00 3.384211e+00 6.11112716e-09
1.000000e+01 4.218421e+00 3.589474e+00 5.79706683e-09
1.000000e+01 4.218421e+00 3.794737e+00 5.48702861e-09
1.000000e+01 4.218421e+00 4.000000e+00 5.18234744e-09
1.000000e+01 4.478947e+00 1.000000e-01 1.45047641e+00
1.000000e+01 4.478947e+00 3.052632e-01 3.65095143e-03
1.000000e+01 4.478947e+00 5.105263e-01 1.55323185e-04
1.000000e+01 4.478947e+00 7.157895e-01 1.53815399e-05
1.000000e+01 4.478947e+00 9.210526e-01 2.07545804e-06
1.000000e+01 4.478947e+00 1.126316e+00 3.20531512e-07
1.000000e+01 4.478947e+00 1.331579e+00 5.45465930e-08
1.000000e+01 4.478947e+00 1.536842e+00 1.13997309e-08
1.000000e+01 4.478947e+00 1.742105e+00 4.11702050e-09
1.000000e+01 4.478947e+00 1.947368e+00 2.81491497e-09
1.000000e+01 4.478947e+00 2.152632e+00 2.51903942e-09
1.000000e+01 4.478947e+00 2.357895e+00 2.38935027e-09
1.000000e+01 4.478947e+00 2.563158e+00 2.28578689e-09
1.000000e+01 4.478947e+00 2.768421e+00 2.18610663e-09
1.000000e+01 4.478947e+00 2.973684e+00 2.08711781e-09
1.000000e+01 4.478947e+00 3.178947e+00 1.98853534e-09
1.000000e+01 4.478947e+00 3.384211e+00 1.89050930e-09
1.000000e+01 4.478947e+00 3.589474e+00 1.79335036e-09
1.000000e+01 4.478947e+00 3.794737e+00 1.69743708e-09
1.000000e+01 4.478947e+00 4.000000e+00 1.60318081e-09
1.000000e+01 4.739474e+00 1.000000e-01 4.36499953e-01
1.000000e+01 4.739474e+00 3.052632e-01 1.09762361e-03
1.000000e+01 4.739474e+00 5.105263e-01 4.66129677e-05
1.000000e+01 4.739474e+00 7.157895e-01 4.61058926e-06
1.000000e+01 4.739474e+00 9.210526e-01 6.21747802e-07
1.000000e+01 4.739474e+00 1.126316e+00 9.59816902e-08
1.000000e+01 4.739474e+00 1.331579e+00 1.63155125e-08
1.000000e+01 4.739474e+00 1.536842e+00 3.39369710e-09
1.000000e+01 4.739474e+00 1.742105e+00 1.21300414e-09
1.000000e+01 4.739474e+00 1.947368e+00 8.23636492e-10
1.000000e+01 4.739474e+00 2.152632e+00 7.35740635e-10
1.000000e+01 4.739474e+00 2.357895e+00 6.97648661e-10
1.000000e+01 4.739474e+00 2.563158e+00 6.67387312e-10
1.000000e+01 4.739474e+00 2.768421e+00 6.38281372e-10
1.000000e+01 4.739474e+00 2.973684e+00 6.09379214e-10
1.000000e+01 4.739474e+00 3.178947e+00 5.80594628e-10
1.000000e+01 4.739474e+00 3.384211e+00 5.51974633e-10
1.000000e+01 4.739474e+00 3.589474e+00 5.23606103e-10
1.000000e+01 4.739474e+00 3.794737e+00 4.95602337e-10
1.000000e+01 4.739474e+00 4.000000e+00 4.68083239e-10
1.000000e+01 5.000000e+00 1.000000e-01 1.22739851e-01
1.000000e+01 5.000000e+00 3.052632e-01 3.08424496e-04
1.000000e+01 5.000000e+00 5.105263e-01 1.30810440e-05
1.000000e+01 5.000000e+00 7.157895e-01 1.29276646e-06
1.000000e+01 5.000000e+00 9.210526e-01 1.74257735e-07
1.000000e+01 5.000000e+00 1.126316e+00 2.68927085e-08
1.000000e+01 5.000000e+00 1.331579e+00 4.56770843e-09
1.000000e+01 5.000000e+00 1.536842e+00 9.46869583e-10
1.000000e+01 5.000000e+00 1.742105e+00 3.35884903e-10
1.000000e+01 5.000000e+00 1.947368e+00 2.26898653e-10
1.000000e+01 5.000000e+00 2.152632e+00 2.02412170e-10
1.000000e+01 5.000000e+00 2.357895e+00 1.91889393e-10
1.000000e+01 5.000000e+00 2.563158e+00 1.83560750e-10
1.000000e+01 5.000000e+00 2.768421e+00 1.75555195e-10
1.000000e+01 5.000000e+00 2.973684e+00 1.67606234e-10
1.000000e+01 5.000000e+00 3.178947e+00 1.59688762e-10
1.000000e+01 5.000000e+00 3.384211e+00 1.51816573e-10
1.000000e+01 5.000000e+00 3.589474e+00 1.44014106e-10
1.000000e+01 5.000000e+00 3.794737e+00 1.36311754e-10
1.000000e+01 5.000000e+00 4.000000e+00 1.28742864e-10
