# l_r [GeV]   q [GeV]   eps_f [GeV]   I_T_inel  (Q_s^2 = 1.0 GeV^2)
0.000000e+00 5.000000e-02 1.000000e-01 4.95232324e+03
0.000000e+00 5.000000e-02 3.052632e-01 1.45762732e+03
0.000000e+00 5.000000e-02 5.105263e-01 8.11743164e+02
0.000000e+00 5.000000e-02 7.157895e-01 4.95217041e+02
0.000000e+00 5.000000e-02 9.210526e-01 3.15003998e+02
0.000000e+00 5.000000e-02 1.126316e+00 2.06910248e+02
0.000000e+00 5.000000e-02 1.331579e+00 1.39796631e+02
0.000000e+00 5.000000e-02 1.536842e+00 9.68886566e+01
0.000000e+00 5.000000e-02 1.742105e+00 6.87219467e+01
0.000000e+00 5.000000e-02 1.947368e+00 4.97807655e+01
0.000000e+00 5.000000e-02 2.152632e+00 3.67556572e+01
0.000000e+00 5.000000e-02 2.357895e+00 2.76138515e+01
0.000000e+00 5.000000e-02 2.563158e+00 2.10755978e+01
0.000000e+00 5.000000e-02 2.768421e+00 1.63180218e+01
0.000000e+00 5.000000e-02 2.973684e+00 1.28009109e+01
0.000000e+00 5.000000e-02 3.178947e+00 1.01626062e+01
0.000000e+00 5.000000e-02 3.384211e+00 8.15681744e+00
0.000000e+00 5.000000e-02 3.589474e+00 6.61287928e+00
0.000000e+00 5.000000e-02 3.794737e+00 5.41081047e+00
0.000000e+00 5.000000e-02 4.000000e+00 4.46505308e+00
0.000000e+00 3.105263e-01 1.000000e-01 4.01096558e+03
0.000000e+00 3.105263e-01 3.052632e-01 8.89487610e+02
0.000000e+00 3.105263e-01 5.105263e-01 4.44009064e+02
0.000000e+00 3.105263e-01 7.157895e-01 2.56081085e+02
0.000000e+00 3.105263e-01 9.210526e-01 1.57223465e+02
0.000000e+00 3.105263e-01 1.126316e+00 1.00757271e+02
0.000000e+00 3.105263e-01 1.331579e+00 6.68504410e+01
0.000000e+00 3.105263e-01 1.536842e+00 4.56950798e+01
0.000000e+00 3.105263e-01 1.742105e+00 3.20622597e+01
0.000000e+00 3.105263e-01 1.947368e+00 2.30255527e+01
0.000000e+00 3.105263e-01 2.152632e+00 1.68824711e+01
0.000000e+00 3.105263e-01 2.357895e+00 1.26108112e+01
0.000000e+00 3.105263e-01 2.563158e+00 9.57918549e+00
0.000000e+00 3.105263e-01 2.768421e+00 7.38726044e+00
0.000000e+00 3.105263e-01 2.973684e+00 5.77549505e+00
0.000000e+00 3.105263e-01 3.178947e+00 4.57198048e+00
0.000000e+00 3.105263e-01 3.384211e+00 3.66056204e+00
0.000000e+00 3.105263e-01 3.589474e+00 2.96135545e+00
0.000000e+00 3.105263e-01 3.794737e+00 2.41857624e+00
0.000000e+00 3.105263e-01 4.000000e+00 1.99259973e+00
0.000000e+00 5.710526e-01 1.000000e-01 3.33712427e+03
0.000000e+00 5.710526e-01 3.052632e-01 6.30061096e+02
0.000000e+00 5.710526e-01 5.105263e-01 2.90899170e+02
0.000000e+00 5.710526e-01 7.157895e-01 1.60816345e+02
0.000000e+00 5.710526e-01 9.210526e-01 9.60997467e+01
0.000000e+00 5.710526e-01 1.126316e+00 6.04348717e+01
0.000000e+00 5.710526e-01 1.331579e+00 3.95460625e+01
0.000000e+00 5.710526e-01 1.536842e+00 2.67483559e+01
0.000000e+00 5.710526e-01 1.742105e+00 1.86150875e+01
0.000000e+00 5.710526e-01 1.947368e+00 1.32816238e+01
0.000000e+00 5.710526e-01 2.152632e+00 9.68707275e+00
0.000000e+00 5.710526e-01 2.357895e+00 7.20497847e+00
0.000000e+00 5.710526e-01 2.563158e+00 5.45343542e+00
0.000000e+00 5.710526e-01 2.768421e+00 4.19308615e+00
0.000000e+00 5.710526e-01 2.973684e+00 3.27003169e+00
0.000000e+00 5.710526e-01 3.178947e+00 2.58309007e+00
0.000000e+00 5.710526e-01 3.384211e+00 2.06437469e+00
0.000000e+00 5.710526e-01 3.589474e+00 1.66743541e+00
0.000000e+00 5.710526e-01 3.794737e+00 1.35995495e+00
0.000000e+00 5.710526e-01 4.000000e+00 1.11908710e+00
0.000000e+00 8.315790e-01 1.000000e-01 2.65874829e+03
0.000000e+00 8.315790e-01 3.052632e-01 4.44971283e+02
0.000000e+00 8.315790e-01 5.105263e-01 1.92293991e+02
0.000000e+00 8.315790e-01 7.157895e-01 1.02466125e+02
0.000000e+00 8.315790e-01 9.210526e-01 5.98139992e+01
0.000000e+00 8.315790e-01 1.126316e+00 3.70121727e+01
0.000000e+00 8.315790e-01 1.331579e+00 2.39359093e+01
0.000000e+00 8.315790e-01 1.536842e+00 1.60471840e+01
0.000000e+00 8.315790e-01 1.742105e+00 1.10915174e+01
0.000000e+00 8.315790e-01 1.947368e+00 7.87101889e+00
0.000000e+00 8.315790e-01 2.152632e+00 5.71596527e+00
0.000000e+00 8.315790e-01 2.357895e+00 4.23640108e+00
0.000000e+00 8.315790e-01 2.563158e+00 3.19722676e+00
0.000000e+00 8.315790e-01 2.768421e+00 2.45235920e+00
0.000000e+00 8.315790e-01 2.973684e+00 1.90861523e+00
0.000000e+00 8.315790e-01 3.178947e+00 1.50507355e+00
0.000000e+00 8.315790e-01 3.384211e+00 1.20106125e+00
0.000000e+00 8.315790e-01 3.589474e+00 9.68885779e-01
0.000000e+00 8.315790e-01 3.794737e+00 7.89354444e-01
0.000000e+00 8.315790e-01 4.000000e+00 6.48927867e-01
0.000000e+00 1.092105e+00 1.000000e-01 2.00247656e+03
0.000000e+00 1.092105e+00 3.052632e-01 3.03704346e+02
0.000000e+00 1.092105e+00 5.105263e-01 1.23713707e+02
0.000000e+00 1.092105e+00 7.157895e-01 6.37557602e+01
0.000000e+00 1.092105e+00 9.210526e-01 3.64388123e+01
0.000000e+00 1.092105e+00 1.126316e+00 2.22247791e+01
0.000000e+00 1.092105e+00 1.331579e+00 1.42245312e+01
0.000000e+00 1.092105e+00 1.536842e+00 9.46291924e+00
0.000000e+00 1.092105e+00 1.742105e+00 6.50195074e+00
0.000000e+00 1.092105e+00 1.947368e+00 4.59268188e+00
0.000000e+00 1.092105e+00 2.152632e+00 3.32290053e+00
0.000000e+00 1.092105e+00 2.357895e+00 2.45541573e+00
0.000000e+00 1.092105e+00 2.563158e+00 1.84855855e+00
0.000000e+00 1.092105e+00 2.768421e+00 1.41500843e+00
0.000000e+00 1.092105e+00 2.973684e+00 1.09939003e+00
0.000000e+00 1.092105e+00 3.178947e+00 8.65691781e-01
0.000000e+00 1.092105e+00 3.384211e+00 6.89983428e-01
0.000000e+00 1.092105e+00 3.589474e+00 5.56018353e-01
0.000000e+00 1.092105e+00 3.794737e+00 4.52575862e-01
0.000000e+00 1.092105e+00 4.000000e+00 3.71767759e-01
0.000000e+00 1.352632e+00 1.000000e-01 1.41926904e+03
0.000000e+00 1.352632e+00 3.052632e-01 1.98038437e+02
0.000000e+00 1.352632e+00 5.105263e-01 7.64413376e+01
0.000000e+00 1.352632e+00 7.157895e-01 3.81940041e+01
0.000000e+00 1.352632e+00 9.210526e-01 2.14092121e+01
0.000000e+00 1.352632e+00 1.126316e+00 1.28876467e+01
0.000000e+00 1.352632e+00 1.331579e+00 8.17187977e+00
0.000000e+00 1.352632e+00 1.536842e+00 5.39909983e+00
0.000000e+00 1.352632e+00 1.742105e+00 3.69037390e+00
0.000000e+00 1.352632e+00 1.947368e+00 2.59614754e+00
0.000000e+00 1.352632e+00 2.152632e+00 1.87233067e+00
0.000000e+00 1.352632e+00 2.357895e+00 1.37995338e+00
0.000000e+00 1.352632e+00 2.563158e+00 1.03670597e+00
0.000000e+00 1.352632e+00 2.768421e+00 7.92180896e-01
0.000000e+00 1.352632e+00 2.973684e+00 6.14587128e-01
0.000000e+00 1.352632e+00 3.178947e+00 4.83351529e-01
0.000000e+00 1.352632e+00 3.384211e+00 3.84842753e-01
0.000000e+00 1.352632e+00 3.589474e+00 3.09844971e-01
0.000000e+00 1.352632e+00 3.794737e+00 2.52006948e-01
0.000000e+00 1.352632e+00 4.000000e+00 2.06872299e-01
0.000000e+00 1.613158e+00 1.000000e-01 9.44567200e+02
0.000000e+00 1.613158e+00 3.052632e-01 1.22690193e+02
0.000000e+00 1.613158e+00 5.105263e-01 4.50750427e+01
0.000000e+00 1.613158e+00 7.157895e-01 2.18808708e+01
0.000000e+00 1.613158e+00 9.210526e-01 1.20455170e+01
0.000000e+00 1.613158e+00 1.126316e+00 7.16398954e+00
0.000000e+00 1.613158e+00 1.331579e+00 4.50419378e+00
0.000000e+00 1.613158e+00 1.536842e+00 2.95749187e+00
0.000000e+00 1.613158e+00 1.742105e+00 2.01206899e+00
0.000000e+00 1.613158e+00 1.947368e+00 1.41038954e+00
0.000000e+00 1.613158e+00 2.152632e+00 1.01428974e+00
0.000000e+00 1.613158e+00 2.357895e+00 7.45860398e-01
0.000000e+00 1.613158e+00 2.563158e+00 5.59306085e-01
0.000000e+00 1.613158e+00 2.768421e+00 4.26735103e-01
0.000000e+00 1.613158e+00 2.973684e+00 3.30650300e-01
0.000000e+00 1.613158e+00 3.178947e+00 2.59769320e-01
0.000000e+00 1.613158e+00 3.384211e+00 2.06641957e-01
0.000000e+00 1.613158e+00 3.589474e+00 1.66244373e-01
0.000000e+00 1.613158e+00 3.794737e+00 1.35122582e-01
0.000000e+00 1.613158e+00 4.000000e+00 1.10858157e-01
0.000000e+00 1.873684e+00 1.000000e-01 5.89586731e+02
0.000000e+00 1.873684e+00 3.052632e-01 7.19881592e+01
0.000000e+00 1.873684e+00 5.105263e-01 2.52770786e+01
0.000000e+00 1.873684e+00 7.157895e-01 1.19435062e+01
0.000000e+00 1.873684e+00 9.210526e-01 6.46497345e+00
0.000000e+00 1.873684e+00 1.126316e+00 3.80221844e+00
0.000000e+00 1.873684e+00 1.331579e+00 2.37200546e+00
0.000000e+00 1.873684e+00 1.536842e+00 1.54871082e+00
0.000000e+00 1.873684e+00 1.742105e+00 1.04920661e+00
0.000000e+00 1.873684e+00 1.947368e+00 7.33084679e-01
0.000000e+00 1.873684e+00 2.152632e+00 5.25871575e-01
0.000000e+00 1.873684e+00 2.357895e+00 3.85924339e-01
0.000000e+00 1.873684e+00 2.563158e+00 2.88925320e-01
0.000000e+00 1.873684e+00 2.768421e+00 2.20149338e-01
0.000000e+00 1.873684e+00 2.973684e+00 1.70391262e-01
0.000000e+00 1.873684e+00 3.178947e+00 1.33740678e-01
0.000000e+00 1.873684e+00 3.384211e+00 1.06305078e-01
0.000000e+00 1.873684e+00 3.589474e+00 8.54659826e-02
0.000000e+00 1.873684e+00 3.794737e+00 6.94261119e-02
0.000000e+00 1.873684e+00 4.000000e+00 5.69308922e-02
0.000000e+00 2.134211e+00 1.000000e-01 3.44889801e+02
0.000000e+00 2.134211e+00 3.052632e-01 3.99234009e+01
0.000000e+00 2.134211e+00 5.105263e-01 1.34518538e+01
0.000000e+00 2.134211e+00 7.157895e-01 6.19818544e+00
0.000000e+00 2.134211e+00 9.210526e-01 3.30259681e+00
0.000000e+00 2.134211e+00 1.126316e+00 1.92225146e+00
0.000000e+00 2.134211e+00 1.331579e+00 1.19059980e+00
0.000000e+00 2.134211e+00 1.536842e+00 7.73353636e-01
0.000000e+00 2.134211e+00 1.742105e+00 5.21920264e-01
0.000000e+00 2.134211e+00 1.947368e+00 3.63605410e-01
0.000000e+00 2.134211e+00 2.152632e+00 2.60238260e-01
0.000000e+00 2.134211e+00 2.357895e+00 1.90638408e-01
0.000000e+00 2.134211e+00 2.563158e+00 1.42516345e-01
0.000000e+00 2.134211e+00 2.768421e+00 1.08463056e-01
0.000000e+00 2.134211e+00 2.973684e+00 8.38660598e-02
0.000000e+00 2.134211e+00 3.178947e+00 6.57729059e-02
0.000000e+00 2.134211e+00 3.384211e+00 5.22440784e-02
0.000000e+00 2.134211e+00 3.589474e+00 4.19778228e-02
0.000000e+00 2.134211e+00 3.794737e+00 3.40824574e-02
0.000000e+00 2.134211e+00 4.000000e+00 2.79360972e-02
0.000000e+00 2.394737e+00 1.000000e-01 1.88974503e+02
0.000000e+00 2.394737e+00 3.052632e-01 2.08973618e+01
0.000000e+00 2.394737e+00 5.105263e-01 6.78410959e+00
0.000000e+00 2.394737e+00 7.157895e-01 3.05406857e+00
0.000000e+00 2.394737e+00 9.210526e-01 1.60363972e+00
0.000000e+00 2.394737e+00 1.126316e+00 9.24423337e-01
0.000000e+00 2.394737e+00 1.331579e+00 5.68780839e-01
0.000000e+00 2.394737e+00 1.536842e+00 3.67703795e-01
0.000000e+00 2.394737e+00 1.742105e+00 2.47289553e-01
0.000000e+00 2.394737e+00 1.947368e+00 1.71823278e-01
0.000000e+00 2.394737e+00 2.152632e+00 1.22724026e-01
0.000000e+00 2.394737e+00 2.357895e+00 8.97565261e-02
0.000000e+00 2.394737e+00 2.563158e+00 6.70123026e-02
0.000000e+00 2.394737e+00 2.768421e+00 5.09460494e-02
0.000000e+00 2.394737e+00 2.973684e+00 3.93583067e-02
0.000000e+00 2.394737e+00 3.178947e+00 3.08446363e-02
0.000000e+00 2.394737e+00 3.384211e+00 2.44851559e-02
0.000000e+00 2.394737e+00 3.589474e+00 1.96634289e-02
0.000000e+00 2.394737e+00 3.794737e+00 1.59578864e-02
0.000000e+00 2.394737e+00 4.000000e+00 1.30750705e-02
0.000000e+00 2.655263e+00 1.000000e-01 9.69497070e+01
0.000000e+00 2.655263e+00 3.052632e-01 1.03125267e+01
0.000000e+00 2.655263e+00 5.105263e-01 3.23887634e+00
0.000000e+00 2.655263e+00 7.157895e-01 1.42745125e+00
0.000000e+00 2.655263e+00 9.210526e-01 7.39482522e-01
0.000000e+00 2.655263e+00 1.126316e+00 4.22504246e-01
0.000000e+00 2.655263e+00 1.331579e+00 2.58378625e-01
0.000000e+00 2.655263e+00 1.536842e+00 1.66312456e-01
0.000000e+00 2.655263e+00 1.742105e+00 1.11493118e-01
0.000000e+00 2.655263e+00 1.947368e+00 7.72820264e-02
0.000000e+00 2.655263e+00 2.152632e+00 5.50960712e-02
0.000000e+00 2.655263e+00 2.357895e+00 4.02366295e-02
0.000000e+00 2.655263e+00 2.563158e+00 3.00055724e-02
0.000000e+00 2.655263e+00 2.768421e+00 2.27899924e-02
0.000000e+00 2.655263e+00 2.973684e+00 1.75925903e-02
0.000000e+00 2.655263e+00 3.178947e+00 1.37781063e-02
0.000000e+00 2.655263e+00 3.384211e+00 1.09313717e-02
0.000000e+00 2.655263e+00 3.589474e+00 8.77461862e-03
0.000000e+00 2.655263e+00 3.794737e+00 7.11824792e-03
0.000000e+00 2.655263e+00 4.000000e+00 5.83030423e-03
0.000000e+00 2.915789e+00 1.000000e-01 4.65560036e+01
0.000000e+00 2.915789e+00 3.052632e-01 4.79327059e+00
0.000000e+00 2.915789e+00 5.105263e-01 1.46245217e+00
0.000000e+00 2.915789e+00 7.157895e-01 6.32363796e-01
0.000000e+00 2.915789e+00 9.210526e-01 3.23601276e-01
0.000000e+00 2.915789e+00 1.126316e+00 1.83398664e-01
0.000000e+00 2.915789e+00 1.331579e+00 1.11535057e-01
0.000000e+00 2.915789e+00 1.536842e+00 7.15100914e-02
0.000000e+00 2.915789e+00 1.742105e+00 4.78009507e-02
0.000000e+00 2.915789e+00 1.947368e+00 3.30615975e-02
0.000000e+00 2.915789e+00 2.152632e+00 2.35309023e-02
0.000000e+00 2.915789e+00 2.357895e+00 1.71620622e-02
0.000000e+00 2.915789e+00 2.563158e+00 1.27847809e-02
0.000000e+00 2.915789e+00 2.768421e+00 9.70207993e-03
0.000000e+00 2.915789e+00 2.973684e+00 7.48421578e-03
0.000000e+00 2.915789e+00 3.178947e+00 5.85806416e-03
0.000000e+00 2.915789e+00 3.384211e+00 4.64543374e-03
0.000000e+00 2.915789e+00 3.589474e+00 3.72734503e-03
0.000000e+00 2.915789e+00 3.794737e+00 3.02266795e-03
0.000000e+00 2.915789e+00 4.000000e+00 2.47500325e-03
0.000000e+00 3.176316e+00 1.000000e-01 2.09207821e+01
0.000000e+00 3.176316e+00 3.052632e-01 2.09657764e+00
0.000000e+00 3.176316e+00 5.105263e-01 6.23955011e-01
0.000000e+00 3.176316e+00 7.157895e-01 2.65304267e-01
0.000000e+00 3.176316e+00 9.210526e-01 1.34289324e-01
0.000000e+00 3.176316e+00 1.126316e+00 7.55573884e-02
0.000000e+00 3.176316e+00 1.331579e+00 4.57224324e-02
0.000000e+00 3.176316e+00 1.536842e+00 2.92113312e-02
0.000000e+00 3.176316e+00 1.742105e+00 1.94759518e-02
0.000000e+00 3.176316e+00 1.947368e+00 1.34444507e-02
0.000000e+00 3.176316e+00 2.152632e+00 9.55453888e-03
0.000000e+00 3.176316e+00 2.357895e+00 6.96036778e-03
0.000000e+00 3.176316e+00 2.563158e+00 5.18023642e-03
0.000000e+00 3.176316e+00 2.768421e+00 3.92819569e-03
0.000000e+00 3.176316e+00 2.973684e+00 3.02833924e-03
0.000000e+00 3.176316e+00 3.178947e+00 2.36912444e-03
0.000000e+00 3.176316e+00 3.384211e+00 1.87789998e-03
0.000000e+00 3.176316e+00 3.589474e+00 1.50621380e-03
0.000000e+00 3.176316e+00 3.794737e+00 1.22106972e-03
0.000000e+00 3.176316e+00 4.000000e+00 9.99559066e-04
0.000000e+00 3.436842e+00 1.000000e-01 8.79540730e+00
0.000000e+00 3.436842e+00 3.052632e-01 8.62257719e-01
0.000000e+00 3.436842e+00 5.105263e-01 2.51296610e-01
0.000000e+00 3.436842e+00 7.157895e-01 1.05316348e-01
0.000000e+00 3.436842e+00 9.210526e-01 5.28023764e-02
0.000000e+00 3.436842e+00 1.126316e+00 2.95205358e-02
0.000000e+00 3.436842e+00 1.331579e+00 1.77859142e-02
0.000000e+00 3.436842e+00 1.536842e+00 1.13278925e-02
0.000000e+00 3.436842e+00 1.742105e+00 7.53546739e-03
0.000000e+00 3.436842e+00 1.947368e+00 5.19294804e-03
0.000000e+00 3.436842e+00 2.152632e+00 3.68563388e-03
0.000000e+00 3.436842e+00 2.357895e+00 2.68218201e-03
0.000000e+00 3.436842e+00 2.563158e+00 1.99457537e-03
0.000000e+00 3.436842e+00 2.768421e+00 1.51149521e-03
0.000000e+00 3.436842e+00 2.973684e+00 1.16461248e-03
0.000000e+00 3.436842e+00 3.178947e+00 9.10686736e-04
0.000000e+00 3.436842e+00 3.384211e+00 7.21587334e-04
0.000000e+00 3.436842e+00 3.589474e+00 5.78581239e-04
0.000000e+00 3.436842e+00 3.794737e+00 4.68921149e-04
0.000000e+00 3.436842e+00 4.000000e+00 3.83765320e-04
0.000000e+00 3.697368e+00 1.000000e-01 3.45878816e+00
0.000000e+00 3.697368e+00 3.052632e-01 3.33164126e-01
0.000000e+00 3.697368e+00 5.105263e-01 9.54392329e-02
0.000000e+00 3.697368e+00 7.157895e-01 3.95145714e-02
0.000000e+00 3.697368e+00 9.210526e-01 1.96514651e-02
0.000000e+00 3.697368e+00 1.126316e+00 1.09269861e-02
0.000000e+00 3.697368e+00 1.331579e+00 6.55875728e-03
0.000000e+00 3.697368e+00 1.536842e+00 4.16614441e-03
0.000000e+00 3.697368e+00 1.742105e+00 2.76597077e-03
0.000000e+00 3.697368e+00 1.947368e+00 1.90333079e-03
0.000000e+00 3.697368e+00 2.152632e+00 1.34934753e-03
0.000000e+00 3.697368e+00 2.357895e+00 9.81109100e-04
0.000000e+00 3.697368e+00 2.563158e+00 7.29079242e-04
0.000000e+00 3.697368e+00 2.768421e+00 5.52183425e-04
0.000000e+00 3.697368e+00 2.973684e+00 4.25261678e-04
0.000000e+00 3.697368e+00 3.178947e+00 3.32411058e-04
0.000000e+00 3.697368e+00 3.384211e+00 2.63302034e-04
0.000000e+00 3.697368e+00 3.589474e+00 2.11062565e-04
0.000000e+00 3.697368e+00 3.794737e+00 1.71018983e-04
0.000000e+00 3.697368e+00 4.000000e+00 1.39933996e-04
0.000000e+00 3.957895e+00 1.000000e-01 1.27204883e+00
0.000000e+00 3.957895e+00 3.052632e-01 1.20846026e-01
0.000000e+00 3.957895e+00 5.105263e-01 3.41420360e-02
0.000000e+00 3.957895e+00 7.157895e-01 1.39958914e-02
0.000000e+00 3.957895e+00 9.210526e-01 6.91394508e-03
0.000000e+00 3.957895e+00 1.126316e+00 3.82703613e-03
0.000000e+00 3.957895e+00 1.331579e+00 2.28991662e-03
0.000000e+00 3.957895e+00 1.536842e+00 1.45131978e-03
0.000000e+00 3.957895e+00 1.742105e+00 9.61978978e-04
0.000000e+00 3.957895e+00 1.947368e+00 6.61148923e-04
0.000000e+00 3.957895e+00 2.152632e+00 4.68272337e-04
0.000000e+00 3.957895e+00 2.357895e+00 3.40229453e-04
0.000000e+00 3.957895e+00 2.563158e+00 2.52681348e-04
0.000000e+00 3.957895e+00 2.768421e+00 1.91282612e-04
0.000000e+00 3.957895e+00 2.973684e+00 1.47257932e-04
0.000000e+00 3.957895e+00 3.178947e+00 1.15068746e-04
0.000000e+00 3.957895e+00 3.384211e+00 9.11210082e-05
0.000000e+00 3.957895e+00 3.589474e+00 7.30256434e-05
0.000000e+00 3.957895e+00 3.794737e+00 5.91593198e-05
0.000000e+00 3.957895e+00 4.000000e+00 4.83981457e-05
0.000000e+00 4.218421e+00 1.000000e-01 4.37448114e-01
0.000000e+00 4.218421e+00 3.052632e-01 4.11180928e-02
0.000000e+00 4.218421e+00 5.105263e-01 1.14915119e-02
0.000000e+00 4.218421e+00 7.157895e-01 4.67358157e-03
0.000000e+00 4.218421e+00 9.210526e-01 2.29632435e-03
0.000000e+00 4.218421e+00 1.126316e+00 1.26641977e-03
0.000000e+00 4.218421e+00 1.331579e+00 7.55839574e-04
0.000000e+00 4.218421e+00 1.536842e+00 4.78171947e-04
0.000000e+00 4.218421e+00 1.742105e+00 3.16525140e-04
0.000000e+00 4.218421e+00 1.947368e+00 2.17324210e-04
0.000000e+00 4.218421e+00 2.152632e+00 1.53806570e-04
0.000000e+00 4.218421e+00 2.357895e+00 1.11682777e-04
0.000000e+00 4.218421e+00 2.563158e+00 8.29048367e-05
0.000000e+00 4.218421e+00 2.768421e+00 6.27354457e-05
0.000000e+00 4.218421e+00 2.973684e+00 4.82812575e-05
0.000000e+00 4.218421e+00 3.178947e+00 3.77174947e-05
0.000000e+00 4.218421e+00 3.384211e+00 2.98612431e-05
0.000000e+00 4.218421e+00 3.589474e+00 2.39266974e-05
0.000000e+00 4.218421e+00 3.794737e+00 1.93803753e-05
0.000000e+00 4.218421e+00 4.000000e+00 1.58528928e-05
0.000000e+00 4.478947e+00 1.000000e-01 1.40647024e-01
0.000000e+00 4.478947e+00 3.052632e-01 1.31145846e-02
0.000000e+00 4.478947e+00 5.105263e-01 3.63492989e-03
0.000000e+00 4.478947e+00 7.157895e-01 1.46928895e-03
0.000000e+00 4.478947e+00 9.210526e-01 7.18891737e-04
0.000000e+00 4.478947e+00 1.126316e+00 3.95328767e-04
0.000000e+00 4.478947e+00 1.331579e+00 2.35472442e-04
0.000000e+00 4.478947e+00 1.536842e+00 1.48755556e-04
0.000000e+00 4.478947e+00 1.742105e+00 9.83652644e-05
0.000000e+00 4.478947e+00 1.947368e+00 6.74836265e-05
0.000000e+00 4.478947e+00 2.152632e+00 4.77310750e-05
0.000000e+00 4.478947e+00 2.357895e+00 3.46423003e-05
0.000000e+00 4.478947e+00 2.563158e+00 2.57060437e-05
0.000000e+00 4.478947e+00 2.768421e+00 1.94462464e-05
0.000000e+00 4.478947e+00 2.973684e+00 1.49620982e-05
0.000000e+00 4.478947e+00 3.178947e+00 1.16860147e-05
0.000000e+00 4.478947e+00 3.384211e+00 9.25028235e-06
0.000000e+00 4.478947e+00 3.589474e+00 7.41081976e-06
0.000000e+00 4.478947e+00 3.794737e+00 6.00192470e-06
0.000000e+00 4.478947e+00 4.000000e+00 4.90896082e-06
0.000000e+00 4.739474e+00 1.000000e-01 4.22728136e-02
0.000000e+00 4.739474e+00 3.052632e-01 3.91849177e-03
0.000000e+00 4.739474e+00 5.105263e-01 1.07938168e-03
0.000000e+00 4.739474e+00 7.157895e-01 4.34293092e-04
0.000000e+00 4.739474e+00 9.210526e-01 2.11814273e-04
0.000000e+00 4.739474e+00 1.126316e+00 1.16225041e-04
0.000000e+00 4.739474e+00 1.331579e+00 6.91222303e-05
0.000000e+00 4.739474e+00 1.536842e+00 4.36190421e-05
0.000000e+00 4.739474e+00 1.742105e+00 2.88200645e-05
0.000000e+00 4.739474e+00 1.947368e+00 1.97601330e-05
0.000000e+00 4.739474e+00 2.152632e+00 1.39698159e-05
0.000000e+00 4.739474e+00 2.357895e+00 1.01353316e-05
0.000000e+00 4.739474e+00 2.563158e+00 7.51867947e-06
0.000000e+00 4.739474e+00 2.768421e+00 5.68642918e-06
0.000000e+00 4.739474e+00 2.973684e+00 4.37433710e-06
0.000000e+00 4.739474e+00 3.178947e+00 3.41598957e-06
0.000000e+00 4.739474e+00 3.384211e+00 2.70363262e-06
0.000000e+00 4.739474e+00 3.589474e+00 2.16575540e-06
0.000000e+00 4.739474e+00 3.794737e+00 1.75384707e-06
0.000000e+00 4.739474e+00 4.000000e+00 1.43434920e-06
0.000000e+00 5.000000e+00 1.000000e-01 1.18760942e-02
0.000000e+00 5.000000e+00 3.052632e-01 1.09618285e-03
0.000000e+00 5.000000e+00 5.105263e-01 3.00599204e-04
0.000000e+00 5.000000e+00 7.157895e-01 1.20539597e-04
0.000000e+00 5.000000e+00 9.210526e-01 5.86520982e-05
0.000000e+00 5.000000e+00 1.126316e+00 3.21311418e-05
0.000000e+00 5.000000e+00 1.331579e+00 1.90876890e-05
0.000000e+00 5.000000e+00 1.536842e+00 1.20353789e-05
0.000000e+00 5.000000e+00 1.742105e+00 7.94732023e-06
0.000000e+00 5.000000e+00 1.947368e+00 5.44653813e-06
0.000000e+00 5.000000e+00 2.152632e+00 3.84920850e-06
0.000000e+00 5.000000e+00 2.357895e+00 2.79191045e-06
0.000000e+00 5.000000e+00 2.563158e+00 2.07066932e-06
0.000000e+00 5.000000e+00 2.768421e+00 1.56579085e-06
0.000000e+00 5.000000e+00 2.973684e+00 1.20432537e-06
0.000000e+00 5.000000e+00 3.178947e+00 9.40366704e-07
0.000000e+00 5.000000e+00 3.384211e+00 7.44191652e-07
0.000000e+00 5.000000e+00 3.589474e+00 5.96087602e-07
0.000000e+00 5.000000e+00 3.794737e+00 4.82682026e-07
0.000000e+00 5.000000e+00 4.000000e+00 3.94727493e-07
2.564103e-01 5.000000e-02 1.000000e-01 4.39591846e+03
2.564103e-01 5.000000e-02 3.052632e-01 1.31227979e+03
2.564103e-01 5.000000e-02 5.105263e-01 7.39829895e+02
2.564103e-01 5.000000e-02 7.157895e-01 4.56539459e+02
2.564103e-01 5.000000e-02 9.210526e-01 2.93408661e+02
2.564103e-01 5.000000e-02 1.126316e+00 1.94469315e+02
2.564103e-01 5.000000e-02 1.331579e+00 1.32415176e+02
2.564103e-01 5.000000e-02 1.536842e+00 9.23853378e+01
2.564103e-01 5.000000e-02 1.742105e+00 6.59023895e+01
2.564103e-01 5.000000e-02 1.947368e+00 4.79707069e+01
2.564103e-01 5.000000e-02 2.152632e+00 3.55667267e+01
2.564103e-01 5.000000e-02 2.357895e+00 2.68159580e+01
2.564103e-01 5.000000e-02 2.563158e+00 2.05293713e+01
2.564103e-01 5.000000e-02 2.768421e+00 1.59373713e+01
2.564103e-01 5.000000e-02 2.973684e+00 1.25309887e+01
2.564103e-01 5.000000e-02 3.178947e+00 9.96827316e+00
2.564103e-01 5.000000e-02 3.384211e+00 8.01487541e+00
2.564103e-01 5.000000e-02 3.589474e+00 6.50772429e+00
2.564103e-01 5.000000e-02 3.794737e+00 5.33198881e+00
2.564103e-01 5.000000e-02 4.000000e+00 4.40525007e+00
2.564103e-01 3.105263e-01 1.000000e-01 3.56373218e+03
2.564103e-01 3.105263e-01 3.052632e-01 8.03191772e+02
2.564103e-01 3.105263e-01 5.105263e-01 4.05642853e+02
2.564103e-01 3.105263e-01 7.157895e-01 2.36441223e+02
2.564103e-01 3.105263e-01 9.210526e-01 1.46576080e+02
2.564103e-01 3.105263e-01 1.126316e+00 9.47455826e+01
2.564103e-01 3.105263e-01 1.331579e+00 6.33372612e+01
2.564103e-01 3.105263e-01 1.536842e+00 4.35763817e+01
2.564103e-01 3.105263e-01 1.742105e+00 3.07475758e+01
2.564103e-01 3.105263e-01 1.947368e+00 2.21879768e+01
2.564103e-01 3.105263e-01 2.152632e+00 1.63356495e+01
2.564103e-01 3.105263e-01 2.357895e+00 1.22458105e+01
2.564103e-01 3.105263e-01 2.563158e+00 9.33044052e+00
2.564103e-01 3.105263e-01 2.768421e+00 7.21452188e+00
2.564103e-01 3.105263e-01 2.973684e+00 5.65345335e+00
2.564103e-01 3.105263e-01 3.178947e+00 4.48432732e+00
2.564103e-01 3.105263e-01 3.384211e+00 3.59667635e+00
2.564103e-01 3.105263e-01 3.589474e+00 2.91415715e+00
2.564103e-01 3.105263e-01 3.794737e+00 2.38326120e+00
2.564103e-01 3.105263e-01 4.000000e+00 1.96584368e+00
2.564103e-01 5.710526e-01 1.000000e-01 2.96537354e+03
2.564103e-01 5.710526e-01 3.052632e-01 5.69698792e+02
2.564103e-01 5.710526e-01 5.105263e-01 2.66115570e+02
2.564103e-01 5.710526e-01 7.157895e-01 1.48618225e+02
2.564103e-01 5.710526e-01 9.210526e-01 8.96407471e+01
2.564103e-01 5.710526e-01 1.126316e+00 5.68464317e+01
2.564103e-01 5.710526e-01 1.331579e+00 3.74732819e+01
2.564103e-01 5.710526e-01 1.536842e+00 2.55097027e+01
2.564103e-01 5.710526e-01 1.742105e+00 1.78518810e+01
2.564103e-01 5.710526e-01 1.947368e+00 1.27981644e+01
2.564103e-01 5.710526e-01 2.152632e+00 9.37297440e+00
2.564103e-01 5.710526e-01 2.357895e+00 6.99614525e+00
2.564103e-01 5.710526e-01 2.563158e+00 5.31163406e+00
2.564103e-01 5.710526e-01 2.768421e+00 4.09488392e+00
2.564103e-01 5.710526e-01 2.973684e+00 3.20080304e+00
2.564103e-01 5.710526e-01 3.178947e+00 2.53348422e+00
2.564103e-01 5.710526e-01 3.384211e+00 2.02827787e+00
2.564103e-01 5.710526e-01 3.589474e+00 1.64081156e+00
2.564103e-01 5.710526e-01 3.794737e+00 1.34005737e+00
2.564103e-01 5.710526e-01 4.000000e+00 1.10403979e+00
2.564103e-01 8.315790e-01 1.000000e-01 2.36226538e+03
2.564103e-01 8.315790e-01 3.052632e-01 4.02592590e+02
2.564103e-01 8.315790e-01 5.105263e-01 1.76054474e+02
2.564103e-01 8.315790e-01 7.157895e-01 9.47503433e+01
2.564103e-01 8.315790e-01 9.210526e-01 5.58144188e+01
2.564103e-01 8.315790e-01 1.126316e+00 3.48214798e+01
2.564103e-01 8.315790e-01 1.331579e+00 2.26835098e+01
2.564103e-01 8.315790e-01 1.536842e+00 1.53045092e+01
2.564103e-01 8.315790e-01 1.742105e+00 1.06367245e+01
2.564103e-01 8.315790e-01 1.947368e+00 7.58429766e+00
2.564103e-01 8.315790e-01 2.152632e+00 5.53042698e+00
2.564103e-01 8.315790e-01 2.357895e+00 4.11345196e+00
2.564103e-01 8.315790e-01 2.563158e+00 3.11395979e+00
2.564103e-01 8.315790e-01 2.768421e+00 2.39483571e+00
2.564103e-01 8.315790e-01 2.973684e+00 1.86814499e+00
2.564103e-01 8.315790e-01 3.178947e+00 1.47612548e+00
2.564103e-01 8.315790e-01 3.384211e+00 1.18003154e+00
2.564103e-01 8.315790e-01 3.589474e+00 9.53393996e-01
2.564103e-01 8.315790e-01 3.794737e+00 7.77790964e-01
2.564103e-01 8.315790e-01 4.000000e+00 6.40192032e-01
2.564103e-01 1.092105e+00 1.000000e-01 1.77877820e+03
2.564103e-01 1.092105e+00 3.052632e-01 2.74838104e+02
2.564103e-01 1.092105e+00 5.105263e-01 1.13320610e+02
2.564103e-01 1.092105e+00 7.157895e-01 5.89782982e+01
2.564103e-01 1.092105e+00 9.210526e-01 3.40106773e+01
2.564103e-01 1.092105e+00 1.126316e+00 2.09121170e+01
2.564103e-01 1.092105e+00 1.331579e+00 1.34809713e+01
2.564103e-01 1.092105e+00 1.536842e+00 9.02506065e+00
2.564103e-01 1.092105e+00 1.742105e+00 6.23523426e+00
2.564103e-01 1.092105e+00 1.947368e+00 4.42526102e+00
2.564103e-01 1.092105e+00 2.152632e+00 3.21493530e+00
2.564103e-01 1.092105e+00 2.357895e+00 2.38406396e+00
2.564103e-01 1.092105e+00 2.563158e+00 1.80035150e+00
2.564103e-01 1.092105e+00 2.768421e+00 1.38177526e+00
2.564103e-01 1.092105e+00 2.973684e+00 1.07604825e+00
2.564103e-01 1.092105e+00 3.178947e+00 8.49021494e-01
2.564103e-01 1.092105e+00 3.384211e+00 6.77888751e-01
2.564103e-01 1.092105e+00 3.589474e+00 5.47115803e-01
2.564103e-01 1.092105e+00 3.794737e+00 4.45938349e-01
2.564103e-01 1.092105e+00 4.000000e+00 3.66756409e-01
2.564103e-01 1.352632e+00 1.000000e-01 1.26039758e+03
2.564103e-01 1.352632e+00 3.052632e-01 1.79209335e+02
2.564103e-01 1.352632e+00 5.105263e-01 7.00379562e+01
2.564103e-01 1.352632e+00 7.157895e-01 3.53408470e+01
2.564103e-01 1.352632e+00 9.210526e-01 1.99857845e+01
2.564103e-01 1.352632e+00 1.126316e+00 1.21274776e+01
2.564103e-01 1.352632e+00 1.331579e+00 7.74494553e+00
2.564103e-01 1.352632e+00 1.536842e+00 5.14926767e+00
2.564103e-01 1.352632e+00 1.742105e+00 3.53890467e+00
2.564103e-01 1.352632e+00 1.947368e+00 2.50142956e+00
2.564103e-01 1.352632e+00 2.152632e+00 1.81143403e+00
2.564103e-01 1.352632e+00 2.357895e+00 1.33981180e+00
2.564103e-01 1.352632e+00 2.563158e+00 1.00964344e+00
2.564103e-01 1.352632e+00 2.768421e+00 7.73551583e-01
2.564103e-01 1.352632e+00 2.973684e+00 6.01523697e-01
2.564103e-01 1.352632e+00 3.178947e+00 4.74031746e-01
2.564103e-01 1.352632e+00 3.384211e+00 3.78089190e-01
2.564103e-01 1.352632e+00 3.589474e+00 3.04879814e-01
2.564103e-01 1.352632e+00 3.794737e+00 2.48307109e-01
2.564103e-01 1.352632e+00 4.000000e+00 2.04081342e-01
2.564103e-01 1.613158e+00 1.000000e-01 8.38615662e+02
2.564103e-01 1.613158e+00 3.052632e-01 1.11004021e+02
2.564103e-01 1.613158e+00 5.105263e-01 4.13036270e+01
2.564103e-01 1.613158e+00 7.157895e-01 2.02492981e+01
2.564103e-01 1.613158e+00 9.210526e-01 1.12458000e+01
2.564103e-01 1.613158e+00 1.126316e+00 6.74173927e+00
2.564103e-01 1.613158e+00 1.331579e+00 4.26891422e+00
2.564103e-01 1.613158e+00 1.536842e+00 2.82059240e+00
2.564103e-01 1.613158e+00 1.742105e+00 1.92944324e+00
2.564103e-01 1.613158e+00 1.947368e+00 1.35888803e+00
2.564103e-01 1.613158e+00 2.152632e+00 9.81268704e-01
2.564103e-01 1.613158e+00 2.357895e+00 7.24142194e-01
2.564103e-01 1.613158e+00 2.563158e+00 5.44686794e-01
2.564103e-01 1.613158e+00 2.768421e+00 4.16690111e-01
2.564103e-01 1.613158e+00 2.973684e+00 3.23615551e-01
2.564103e-01 1.613158e+00 3.178947e+00 2.54756123e-01
2.564103e-01 1.613158e+00 3.384211e+00 2.03012004e-01
2.564103e-01 1.613158e+00 3.589474e+00 1.63577646e-01
2.564103e-01 1.613158e+00 3.794737e+00 1.33136868e-01
2.564103e-01 1.613158e+00 4.000000e+00 1.09361485e-01
2.564103e-01 1.873684e+00 1.000000e-01 5.23325256e+02
2.564103e-01 1.873684e+00 3.052632e-01 6.51131516e+01
2.564103e-01 1.873684e+00 5.105263e-01 2.31620560e+01
2.564103e-01 1.873684e+00 7.157895e-01 1.10536976e+01
2.564103e-01 1.873684e+00 9.210526e-01 6.03608131e+00
2.564103e-01 1.873684e+00 1.126316e+00 3.57818413e+00
2.564103e-01 1.873684e+00 1.331579e+00 2.24808550e+00
2.564103e-01 1.873684e+00 1.536842e+00 1.47699380e+00
2.564103e-01 1.873684e+00 1.742105e+00 1.00609076e+00
2.564103e-01 1.873684e+00 1.947368e+00 7.06295669e-01
2.564103e-01 1.873684e+00 2.152632e+00 5.08738399e-01
2.564103e-01 1.873684e+00 2.357895e+00 3.74676198e-01
2.564103e-01 1.873684e+00 2.563158e+00 2.81367391e-01
2.564103e-01 1.873684e+00 2.768421e+00 2.14962035e-01
2.564103e-01 1.873684e+00 2.973684e+00 1.66762426e-01
2.564103e-01 1.873684e+00 3.178947e+00 1.31157383e-01
2.564103e-01 1.873684e+00 3.384211e+00 1.04436234e-01
2.564103e-01 1.873684e+00 3.589474e+00 8.40939134e-02
2.564103e-01 1.873684e+00 3.794737e+00 6.84052259e-02
2.564103e-01 1.873684e+00 4.000000e+00 5.61616421e-02
2.564103e-01 2.134211e+00 1.000000e-01 3.06060577e+02
2.564103e-01 2.134211e+00 3.052632e-01 3.60991783e+01
2.564103e-01 2.134211e+00 5.105263e-01 1.23254080e+01
2.564103e-01 2.134211e+00 7.157895e-01 5.73651075e+00
2.564103e-01 2.134211e+00 9.210526e-01 3.08356380e+00
2.564103e-01 2.134211e+00 1.126316e+00 1.80899525e+00
2.564103e-01 2.134211e+00 1.331579e+00 1.12838757e+00
2.564103e-01 2.134211e+00 1.536842e+00 7.37522960e-01
2.564103e-01 2.134211e+00 1.742105e+00 5.00459075e-01
2.564103e-01 2.134211e+00 1.947368e+00 3.50308836e-01
2.564103e-01 2.134211e+00 2.152632e+00 2.51751035e-01
2.564103e-01 2.134211e+00 2.357895e+00 1.85077503e-01
2.564103e-01 2.134211e+00 2.563158e+00 1.38784900e-01
2.564103e-01 2.134211e+00 2.768421e+00 1.05905108e-01
2.564103e-01 2.134211e+00 2.973684e+00 8.20784941e-02
2.564103e-01 2.134211e+00 3.178947e+00 6.45013377e-02
2.564103e-01 2.134211e+00 3.384211e+00 5.13249226e-02
2.564103e-01 2.134211e+00 3.589474e+00 4.13033701e-02
2.564103e-01 2.134211e+00 3.794737e+00 3.35809290e-02
2.564103e-01 2.134211e+00 4.000000e+00 2.75585130e-02
2.564103e-01 2.394737e+00 1.000000e-01 1.67665924e+02
2.564103e-01 2.394737e+00 3.052632e-01 1.88893127e+01
2.564103e-01 2.394737e+00 5.105263e-01 6.21527195e+00
2.564103e-01 2.394737e+00 7.157895e-01 2.82652617e+00
2.564103e-01 2.394737e+00 9.210526e-01 1.49727511e+00
2.564103e-01 2.394737e+00 1.126316e+00 8.69948685e-01
2.564103e-01 2.394737e+00 1.331579e+00 5.39048016e-01
2.564103e-01 2.394737e+00 1.536842e+00 3.50658476e-01
2.564103e-01 2.394737e+00 1.742105e+00 2.37113848e-01
2.564103e-01 2.394737e+00 1.947368e+00 1.65534779e-01
2.564103e-01 2.394737e+00 2.152632e+00 1.18718982e-01
2.564103e-01 2.394737e+00 2.357895e+00 8.71362388e-02
2.564103e-01 2.394737e+00 2.563158e+00 6.52564764e-02
2.564103e-01 2.394737e+00 2.768421e+00 4.97437753e-02
2.564103e-01 2.394737e+00 2.973684e+00 3.85187566e-02
2.564103e-01 2.394737e+00 3.178947e+00 3.02479248e-02
2.564103e-01 2.394737e+00 3.384211e+00 2.40540728e-02
2.564103e-01 2.394737e+00 3.589474e+00 1.93473361e-02
2.564103e-01 2.394737e+00 3.794737e+00 1.57229416e-02
2.564103e-01 2.394737e+00 4.000000e+00 1.28981750e-02
2.564103e-01 2.655263e+00 1.000000e-01 8.60031204e+01
2.564103e-01 2.655263e+00 3.052632e-01 9.31859207e+00
2.564103e-01 2.655263e+00 5.105263e-01 2.96688223e+00
2.564103e-01 2.655263e+00 7.157895e-01 1.32104015e+00
2.564103e-01 2.655263e+00 9.210526e-01 6.90421104e-01
2.564103e-01 2.655263e+00 1.126316e+00 3.97598326e-01
2.564103e-01 2.655263e+00 1.331579e+00 2.44866163e-01
2.564103e-01 2.655263e+00 1.536842e+00 1.58598214e-01
2.564103e-01 2.655263e+00 1.742105e+00 1.06902391e-01
2.564103e-01 2.655263e+00 1.947368e+00 7.44517520e-02
2.564103e-01 2.655263e+00 2.152632e+00 5.32965958e-02
2.564103e-01 2.655263e+00 2.357895e+00 3.90611701e-02
2.564103e-01 2.655263e+00 2.563158e+00 2.92187855e-02
2.564103e-01 2.655263e+00 2.768421e+00 2.22517848e-02
2.564103e-01 2.655263e+00 2.973684e+00 1.72170736e-02
2.564103e-01 2.655263e+00 3.178947e+00 1.35114193e-02
2.564103e-01 2.655263e+00 3.384211e+00 1.07388077e-02
2.564103e-01 2.655263e+00 3.589474e+00 8.63350648e-03
2.564103e-01 2.655263e+00 3.794737e+00 7.01337168e-03
2.564103e-01 2.655263e+00 4.000000e+00 5.75139374e-03
2.564103e-01 2.915789e+00 1.000000e-01 4.12934227e+01
2.564103e-01 2.915789e+00 3.052632e-01 4.33000660e+00
2.564103e-01 2.915789e+00 5.105263e-01 1.33943307e+00
2.564103e-01 2.915789e+00 7.157895e-01 5.85188091e-01
2.564103e-01 2.915789e+00 9.210526e-01 3.02122861e-01
2.564103e-01 2.915789e+00 1.126316e+00 1.72583207e-01
2.564103e-01 2.915789e+00 1.331579e+00 1.05699278e-01
2.564103e-01 2.915789e+00 1.536842e+00 6.81913644e-02
2.564103e-01 2.915789e+00 1.742105e+00 4.58315015e-02
2.564103e-01 2.915789e+00 1.947368e+00 3.18499357e-02
2.564103e-01 2.915789e+00 2.152632e+00 2.27618832e-02
2.564103e-01 2.915789e+00 2.357895e+00 1.66603141e-02
2.564103e-01 2.915789e+00 2.563158e+00 1.24493102e-02
2.564103e-01 2.915789e+00 2.768421e+00 9.47280787e-03
2.564103e-01 2.915789e+00 2.973684e+00 7.32438499e-03
2.564103e-01 2.915789e+00 3.178947e+00 5.74458437e-03
2.564103e-01 2.915789e+00 3.384211e+00 4.56355559e-03
2.564103e-01 2.915789e+00 3.589474e+00 3.66736739e-03
2.564103e-01 2.915789e+00 3.794737e+00 2.97811185e-03
2.564103e-01 2.915789e+00 4.000000e+00 2.44148867e-03
2.564103e-01 3.176316e+00 1.000000e-01 1.85537357e+01
2.564103e-01 3.176316e+00 3.052632e-01 1.89344192e+00
2.564103e-01 3.176316e+00 5.105263e-01 5.71383238e-01
2.564103e-01 3.176316e+00 7.157895e-01 2.45495990e-01
2.564103e-01 3.176316e+00 9.210526e-01 1.25371471e-01
2.564103e-01 3.176316e+00 1.126316e+00 7.10993633e-02
2.564103e-01 3.176316e+00 1.331579e+00 4.33288924e-02
2.564103e-01 3.176316e+00 1.536842e+00 2.78549362e-02
2.564103e-01 3.176316e+00 1.742105e+00 1.86730362e-02
2.564103e-01 3.176316e+00 1.947368e+00 1.29514374e-02
2.564103e-01 3.176316e+00 2.152632e+00 9.24208481e-03
2.564103e-01 3.176316e+00 2.357895e+00 6.75674481e-03
2.564103e-01 3.176316e+00 2.563158e+00 5.04423864e-03
2.564103e-01 3.176316e+00 2.768421e+00 3.83532117e-03
2.564103e-01 3.176316e+00 2.973684e+00 2.96363095e-03
2.564103e-01 3.176316e+00 3.178947e+00 2.32321117e-03
2.564103e-01 3.176316e+00 3.384211e+00 1.84478262e-03
2.564103e-01 3.176316e+00 3.589474e+00 1.48196344e-03
2.564103e-01 3.176316e+00 3.794737e+00 1.20306516e-03
2.564103e-01 3.176316e+00 4.000000e+00 9.86019731e-04
2.564103e-01 3.436842e+00 1.000000e-01 7.79950762e+00
2.564103e-01 3.436842e+00 3.052632e-01 7.78537273e-01
2.564103e-01 3.436842e+00 5.105263e-01 2.30091661e-01
2.564103e-01 3.436842e+00 7.157895e-01 9.74466503e-02
2.564103e-01 3.436842e+00 9.210526e-01 4.92940769e-02
2.564103e-01 3.436842e+00 1.126316e+00 2.77780443e-02
2.564103e-01 3.436842e+00 1.331579e+00 1.68544035e-02
2.564103e-01 3.436842e+00 1.536842e+00 1.08016245e-02
2.564103e-01 3.436842e+00 1.742105e+00 7.22464360e-03
2.564103e-01 3.436842e+00 1.947368e+00 5.00241667e-03
2.564103e-01 3.436842e+00 2.152632e+00 3.56503576e-03
2.564103e-01 3.436842e+00 2.357895e+00 2.60367780e-03
2.564103e-01 3.436842e+00 2.563158e+00 1.94218173e-03
2.564103e-01 3.436842e+00 2.768421e+00 1.47573731e-03
2.564103e-01 3.436842e+00 2.973684e+00 1.13971415e-03
2.564103e-01 3.436842e+00 3.178947e+00 8.93030490e-04
2.564103e-01 3.436842e+00 3.384211e+00 7.08857202e-04
2.564103e-01 3.436842e+00 3.589474e+00 5.69263182e-04
2.564103e-01 3.436842e+00 3.794737e+00 4.62003663e-04
2.564103e-01 3.436842e+00 4.000000e+00 3.78564961e-04
2.564103e-01 3.697368e+00 1.000000e-01 3.06691146e+00
2.564103e-01 3.697368e+00 3.052632e-01 3.00758392e-01
2.564103e-01 3.697368e+00 5.105263e-01 8.73752609e-02
2.564103e-01 3.697368e+00 7.157895e-01 3.65596563e-02
2.564103e-01 3.697368e+00 9.210526e-01 1.83451548e-02
2.564103e-01 3.697368e+00 1.126316e+00 1.02817388e-02
2.564103e-01 3.697368e+00 1.331579e+00 6.21509738e-03
2.564103e-01 3.697368e+00 1.536842e+00 3.97250755e-03
2.564103e-01 3.697368e+00 1.742105e+00 2.65182415e-03
2.564103e-01 3.697368e+00 1.947368e+00 1.83346251e-03
2.564103e-01 3.697368e+00 2.152632e+00 1.30517292e-03
2.564103e-01 3.697368e+00 2.357895e+00 9.52378847e-04
2.564103e-01 3.697368e+00 2.563158e+00 7.09917978e-04
2.564103e-01 3.697368e+00 2.768421e+00 5.39115688e-04
2.564103e-01 3.697368e+00 2.973684e+00 4.16166527e-04
2.564103e-01 3.697368e+00 3.178947e+00 3.25963862e-04
2.564103e-01 3.697368e+00 3.384211e+00 2.58655578e-04
2.564103e-01 3.697368e+00 3.589474e+00 2.07661709e-04
2.564103e-01 3.697368e+00 3.794737e+00 1.68495462e-04
2.564103e-01 3.697368e+00 4.000000e+00 1.38037052e-04
2.564103e-01 3.957895e+00 1.000000e-01 1.12785876e+00
2.564103e-01 3.957895e+00 3.052632e-01 1.09075092e-01
2.564103e-01 3.957895e+00 5.105263e-01 3.12541015e-02
2.564103e-01 3.957895e+00 7.157895e-01 1.29486062e-02
2.564103e-01 3.957895e+00 9.210526e-01 6.45414880e-03
2.564103e-01 3.957895e+00 1.126316e+00 3.60095524e-03
2.564103e-01 3.957895e+00 1.331579e+00 2.16988940e-03
2.564103e-01 3.957895e+00 1.536842e+00 1.38383568e-03
2.564103e-01 3.957895e+00 1.742105e+00 9.22263367e-04
2.564103e-01 3.957895e+00 1.947368e+00 6.36869168e-04
2.564103e-01 3.957895e+00 2.152632e+00 4.52936569e-04
2.564103e-01 3.957895e+00 2.357895e+00 3.30262352e-04
2.564103e-01 3.957895e+00 2.563158e+00 2.46038457e-04
2.564103e-01 3.957895e+00 2.768421e+00 1.86753969e-04
2.564103e-01 3.957895e+00 2.973684e+00 1.44107282e-04
2.564103e-01 3.957895e+00 3.178947e+00 1.12836300e-04
2.564103e-01 3.957895e+00 3.384211e+00 8.95123521e-05
2.564103e-01 3.957895e+00 3.589474e+00 7.18487354e-05
2.564103e-01 3.957895e+00 3.794737e+00 5.82861394e-05
2.564103e-01 3.957895e+00 4.000000e+00 4.77419817e-05
2.564103e-01 4.218421e+00 1.000000e-01 3.87844026e-01
2.564103e-01 4.218421e+00 3.052632e-01 3.71084809e-02
2.564103e-01 4.218421e+00 5.105263e-01 1.05186105e-02
2.564103e-01 4.218421e+00 7.157895e-01 4.32367017e-03
2.564103e-01 4.218421e+00 9.210526e-01 2.14355811e-03
2.564103e-01 4.218421e+00 1.126316e+00 1.19158463e-03
2.564103e-01 4.218421e+00 1.331579e+00 7.16209470e-04
2.564103e-01 4.218421e+00 1.536842e+00 4.55931004e-04
2.564103e-01 4.218421e+00 1.742105e+00 3.03453329e-04
2.564103e-01 4.218421e+00 1.947368e+00 2.09340404e-04
2.564103e-01 4.218421e+00 2.152632e+00 1.48767591e-04
2.564103e-01 4.218421e+00 2.357895e+00 1.08409957e-04
2.564103e-01 4.218421e+00 2.563158e+00 8.07244942e-05
2.564103e-01 4.218421e+00 2.768421e+00 6.12497679e-05
2.564103e-01 4.218421e+00 2.973684e+00 4.72479514e-05
2.564103e-01 4.218421e+00 3.178947e+00 3.69855006e-05
2.564103e-01 4.218421e+00 3.384211e+00 2.93339726e-05
2.564103e-01 4.218421e+00 3.589474e+00 2.35410298e-05
2.564103e-01 4.218421e+00 3.794737e+00 1.90942719e-05
2.564103e-01 4.218421e+00 4.000000e+00 1.56378992e-05
2.564103e-01 4.478947e+00 1.000000e-01 1.24694139e-01
2.564103e-01 4.478947e+00 3.052632e-01 1.18346168e-02
2.564103e-01 4.478947e+00 5.105263e-01 3.32697039e-03
2.564103e-01 4.478947e+00 7.157895e-01 1.35923503e-03
2.564103e-01 4.478947e+00 9.210526e-01 6.71051384e-04
2.564103e-01 4.478947e+00 1.126316e+00 3.71961942e-04
2.564103e-01 4.478947e+00 1.331579e+00 2.23123323e-04
2.564103e-01 4.478947e+00 1.536842e+00 1.41834738e-04
2.564103e-01 4.478947e+00 1.742105e+00 9.43018167e-05
2.564103e-01 4.478947e+00 1.947368e+00 6.50038855e-05
2.564103e-01 4.478947e+00 2.152632e+00 4.61669333e-05
2.564103e-01 4.478947e+00 2.357895e+00 3.36268749e-05
2.564103e-01 4.478947e+00 2.563158e+00 2.50298508e-05
2.564103e-01 4.478947e+00 2.768421e+00 1.89856200e-05
2.564103e-01 4.478947e+00 2.973684e+00 1.46418060e-05
2.564103e-01 4.478947e+00 3.178947e+00 1.14591649e-05
2.564103e-01 4.478947e+00 3.384211e+00 9.08691618e-06
2.564103e-01 4.478947e+00 3.589474e+00 7.29133899e-06
2.564103e-01 4.478947e+00 3.794737e+00 5.91331082e-06
2.564103e-01 4.478947e+00 4.000000e+00 4.84237398e-06
2.564103e-01 4.739474e+00 1.000000e-01 3.74770463e-02
2.564103e-01 4.739474e+00 3.052632e-01 3.53581063e-03
2.564103e-01 4.739474e+00 5.105263e-01 9.87885753e-04
2.564103e-01 4.739474e+00 7.157895e-01 4.01752215e-04
2.564103e-01 4.739474e+00 9.210526e-01 1.97715257e-04
2.564103e-01 4.739474e+00 1.126316e+00 1.09353939e-04
2.564103e-01 4.739474e+00 1.331579e+00 6.54963878e-05
2.564103e-01 4.739474e+00 1.536842e+00 4.15892428e-05
2.564103e-01 4.739474e+00 1.742105e+00 2.76293158e-05
2.564103e-01 4.739474e+00 1.947368e+00 1.90338778e-05
2.564103e-01 4.739474e+00 2.152632e+00 1.35119462e-05
2.564103e-01 4.739474e+00 2.357895e+00 9.83818791e-06
2.564103e-01 4.739474e+00 2.563158e+00 7.32085209e-06
2.564103e-01 4.739474e+00 2.768421e+00 5.55170391e-06
2.564103e-01 4.739474e+00 2.973684e+00 4.28068552e-06
2.564103e-01 4.739474e+00 3.178947e+00 3.34966876e-06
2.564103e-01 4.739474e+00 3.384211e+00 2.65587596e-06
2.564103e-01 4.739474e+00 3.589474e+00 2.13083240e-06
2.564103e-01 4.739474e+00 3.794737e+00 1.72794762e-06
2.564103e-01 4.739474e+00 4.000000e+00 1.41489124e-06
2.564103e-01 5.000000e+00 1.000000e-01 1.05285794e-02
2.564103e-01 5.000000e+00 3.052632e-01 9.89079126e-04
2.564103e-01 5.000000e+00 5.105263e-01 2.75108556e-04
2.564103e-01 5.000000e+00 7.157895e-01 1.11505506e-04
2.564103e-01 5.000000e+00 9.210526e-01 5.47473064e-05
2.564103e-01 5.000000e+00 1.126316e+00 3.02312856e-05
2.564103e-01 5.000000e+00 1.331579e+00 1.80863171e-05
2.564103e-01 5.000000e+00 1.536842e+00 1.14752329e-05
2.564103e-01 5.000000e+00 1.742105e+00 7.61890169e-06
2.564103e-01 5.000000e+00 1.947368e+00 5.24632424e-06
2.564103e-01 5.000000e+00 2.152632e+00 3.72302725e-06
2.564103e-01 5.000000e+00 2.357895e+00 2.71004387e-06
2.564103e-01 5.000000e+00 2.563158e+00 2.01618263e-06
2.564103e-01 5.000000e+00 2.768421e+00 1.52868904e-06
2.564103e-01 5.000000e+00 2.973684e+00 1.17853983e-06
2.564103e-01 5.000000e+00 3.178947e+00 9.22107461e-07
2.564103e-01 5.000000e+00 3.384211e+00 7.31045191e-07
2.564103e-01 5.000000e+00 3.589474e+00 5.86474471e-07
2.564103e-01 5.000000e+00 3.794737e+00 4.75553264e-07
2.564103e-01 5.000000e+00 4.000000e+00 3.89372417e-07
5.128205e-01 5.000000e-02 1.000000e-01 3.09815405e+03
5.128205e-01 5.000000e-02 3.052632e-01 9.67907166e+02
5.128205e-01 5.000000e-02 5.105263e-01 5.65449097e+02
5.128205e-01 5.000000e-02 7.157895e-01 3.60491241e+02
5.128205e-01 5.000000e-02 9.210526e-01 2.38580322e+02
5.128205e-01 5.000000e-02 1.126316e+00 1.62259979e+02
5.128205e-01 5.000000e-02 1.331579e+00 1.12977867e+02
5.128205e-01 5.000000e-02 1.536842e+00 8.03510056e+01
5.128205e-01 5.000000e-02 1.742105e+00 5.82679405e+01
5.128205e-01 5.000000e-02 1.947368e+00 4.30151100e+01
5.128205e-01 5.000000e-02 2.152632e+00 3.22798233e+01
5.128205e-01 5.000000e-02 2.357895e+00 2.45918350e+01
5.128205e-01 5.000000e-02 2.563158e+00 1.89960461e+01
5.128205e-01 5.000000e-02 2.768421e+00 1.48617754e+01
5.128205e-01 5.000000e-02 2.973684e+00 1.17642975e+01
5.128205e-01 5.000000e-02 3.178947e+00 9.41330528e+00
5.128205e-01 5.000000e-02 3.384211e+00 7.60759735e+00
5.128205e-01 5.000000e-02 3.589474e+00 6.20503807e+00
5.128205e-01 5.000000e-02 3.794737e+00 5.10428572e+00
5.128205e-01 5.000000e-02 4.000000e+00 4.23202944e+00
5.128205e-01 3.105263e-01 1.000000e-01 2.51540601e+03
5.128205e-01 3.105263e-01 3.052632e-01 5.97129272e+02
5.128205e-01 3.105263e-01 5.105263e-01 3.12170105e+02
5.128205e-01 3.105263e-01 7.157895e-01 1.87544357e+02
5.128205e-01 3.105263e-01 9.210526e-01 1.19510124e+02
5.128205e-01 3.105263e-01 1.126316e+00 7.91749191e+01
5.128205e-01 3.105263e-01 1.331579e+00 5.40836105e+01
5.128205e-01 3.105263e-01 1.536842e+00 3.79143600e+01
5.128205e-01 3.105263e-01 1.742105e+00 2.71890316e+01
5.128205e-01 3.105263e-01 1.947368e+00 1.98953667e+01
5.128205e-01 3.105263e-01 2.152632e+00 1.48246613e+01
5.128205e-01 3.105263e-01 2.357895e+00 1.12286930e+01
5.128205e-01 3.105263e-01 2.563158e+00 8.63226986e+00
5.128205e-01 3.105263e-01 2.768421e+00 6.72662354e+00
5.128205e-01 3.105263e-01 2.973684e+00 5.30674982e+00
5.128205e-01 3.105263e-01 3.178947e+00 4.23414898e+00
5.128205e-01 3.105263e-01 3.384211e+00 3.41354370e+00
5.128205e-01 3.105263e-01 3.589474e+00 2.77832460e+00
5.128205e-01 3.105263e-01 3.794737e+00 2.28125429e+00
5.128205e-01 3.105263e-01 4.000000e+00 1.88838017e+00
5.128205e-01 5.710526e-01 1.000000e-01 2.09237646e+03
5.128205e-01 5.710526e-01 3.052632e-01 4.24895874e+02
5.128205e-01 5.710526e-01 5.105263e-01 2.05540665e+02
5.128205e-01 5.710526e-01 7.157895e-01 1.18192863e+02
5.128205e-01 5.710526e-01 9.210526e-01 7.32079086e+01
5.128205e-01 5.710526e-01 1.126316e+00 4.75482826e+01
5.128205e-01 5.710526e-01 1.331579e+00 3.20137482e+01
5.128205e-01 5.710526e-01 1.536842e+00 2.21996346e+01
5.128205e-01 5.710526e-01 1.742105e+00 1.57864180e+01
5.128205e-01 5.710526e-01 1.947368e+00 1.14752626e+01
5.128205e-01 5.710526e-01 2.152632e+00 8.50518894e+00
5.128205e-01 5.710526e-01 2.357895e+00 6.41430807e+00
5.128205e-01 5.710526e-01 2.563158e+00 4.91360044e+00
5.128205e-01 5.710526e-01 2.768421e+00 3.81750655e+00
5.128205e-01 5.710526e-01 2.973684e+00 3.00418830e+00
5.128205e-01 5.710526e-01 3.178947e+00 2.39190650e+00
5.128205e-01 5.710526e-01 3.384211e+00 1.92484069e+00
5.128205e-01 5.710526e-01 3.589474e+00 1.56421030e+00
5.128205e-01 5.710526e-01 3.794737e+00 1.28261304e+00
5.128205e-01 5.710526e-01 4.000000e+00 1.06046653e+00
5.128205e-01 8.315790e-01 1.000000e-01 1.66539893e+03
5.128205e-01 8.315790e-01 3.052632e-01 3.00610352e+02
5.128205e-01 8.315790e-01 5.105263e-01 1.36262604e+02
5.128205e-01 8.315790e-01 7.157895e-01 7.54779510e+01
5.128205e-01 8.315790e-01 9.210526e-01 4.56308746e+01
5.128205e-01 8.315790e-01 1.126316e+00 2.91434326e+01
5.128205e-01 8.315790e-01 1.331579e+00 1.93844681e+01
5.128205e-01 8.315790e-01 1.536842e+00 1.33199978e+01
5.128205e-01 8.315790e-01 1.742105e+00 9.40601540e+00
5.128205e-01 8.315790e-01 1.947368e+00 6.79991961e+00
5.128205e-01 8.315790e-01 2.152632e+00 5.01794672e+00
5.128205e-01 8.315790e-01 2.357895e+00 3.77096891e+00
5.128205e-01 8.315790e-01 2.563158e+00 2.88031554e+00
5.128205e-01 8.315790e-01 2.768421e+00 2.23239279e+00
5.128205e-01 8.315790e-01 2.973684e+00 1.75322831e+00
5.128205e-01 8.315790e-01 3.178947e+00 1.39351177e+00
5.128205e-01 8.315790e-01 3.384211e+00 1.11976445e+00
5.128205e-01 8.315790e-01 3.589474e+00 9.08824146e-01
5.128205e-01 8.315790e-01 3.794737e+00 7.44408011e-01
5.128205e-01 8.315790e-01 4.000000e+00 6.14893019e-01
5.128205e-01 1.092105e+00 1.000000e-01 1.25275366e+03
5.128205e-01 1.092105e+00 3.052632e-01 2.05221619e+02
5.128205e-01 1.092105e+00 5.105263e-01 8.78052979e+01
5.128205e-01 1.092105e+00 7.157895e-01 4.70305023e+01
5.128205e-01 1.092105e+00 9.210526e-01 2.78247337e+01
5.128205e-01 1.092105e+00 1.126316e+00 1.75089302e+01
5.128205e-01 1.092105e+00 1.331579e+00 1.15223131e+01
5.128205e-01 1.092105e+00 1.536842e+00 7.85513163e+00
5.128205e-01 1.092105e+00 1.742105e+00 5.51360464e+00
5.128205e-01 1.092105e+00 1.947368e+00 3.96729541e+00
5.128205e-01 1.092105e+00 2.152632e+00 2.91675448e+00
5.128205e-01 1.092105e+00 2.357895e+00 2.18535924e+00
5.128205e-01 1.092105e+00 2.563158e+00 1.66511476e+00
5.128205e-01 1.092105e+00 2.768421e+00 1.28793919e+00
5.128205e-01 1.092105e+00 2.973684e+00 1.00977767e+00
5.128205e-01 1.092105e+00 3.178947e+00 8.01449955e-01
5.128205e-01 1.092105e+00 3.384211e+00 6.43224537e-01
5.128205e-01 1.092105e+00 3.589474e+00 5.21511018e-01
5.128205e-01 1.092105e+00 3.794737e+00 4.26776081e-01
5.128205e-01 1.092105e+00 4.000000e+00 3.52247953e-01
5.128205e-01 1.352632e+00 1.000000e-01 8.86739502e+02
5.128205e-01 1.352632e+00 3.052632e-01 1.33727921e+02
5.128205e-01 1.352632e+00 5.105263e-01 5.42932587e+01
5.128205e-01 1.352632e+00 7.157895e-01 2.81984901e+01
5.128205e-01 1.352632e+00 9.210526e-01 1.63577919e+01
5.128205e-01 1.352632e+00 1.126316e+00 1.01562662e+01
5.128205e-01 1.352632e+00 1.331579e+00 6.62027597e+00
5.128205e-01 1.352632e+00 1.536842e+00 4.48175383e+00
5.128205e-01 1.352632e+00 1.742105e+00 3.12917471e+00
5.128205e-01 1.352632e+00 1.947368e+00 2.24237728e+00
5.128205e-01 1.352632e+00 2.152632e+00 1.64328134e+00
5.128205e-01 1.352632e+00 2.357895e+00 1.22803295e+00
5.128205e-01 1.352632e+00 2.563158e+00 9.33718920e-01
5.128205e-01 1.352632e+00 2.768421e+00 7.20964015e-01
5.128205e-01 1.352632e+00 2.973684e+00 5.64437211e-01
5.128205e-01 1.352632e+00 3.178947e+00 4.47443068e-01
5.128205e-01 1.352632e+00 3.384211e+00 3.58736247e-01
5.128205e-01 1.352632e+00 3.589474e+00 2.90596098e-01
5.128205e-01 1.352632e+00 3.794737e+00 2.37627983e-01
5.128205e-01 1.352632e+00 4.000000e+00 1.96000665e-01
5.128205e-01 1.613158e+00 1.000000e-01 5.89411133e+02
5.128205e-01 1.613158e+00 3.052632e-01 8.27459030e+01
5.128205e-01 1.613158e+00 5.105263e-01 3.20190735e+01
5.128205e-01 1.613158e+00 7.157895e-01 1.61617699e+01
5.128205e-01 1.613158e+00 9.210526e-01 9.20657825e+00
5.128205e-01 1.613158e+00 1.126316e+00 5.64664650e+00
5.128205e-01 1.613158e+00 1.331579e+00 3.64911985e+00
5.128205e-01 1.613158e+00 1.536842e+00 2.45487618e+00
5.128205e-01 1.613158e+00 1.742105e+00 1.70593905e+00
5.128205e-01 1.613158e+00 1.947368e+00 1.21806419e+00
5.128205e-01 1.613158e+00 2.152632e+00 8.90100896e-01
5.128205e-01 1.613158e+00 2.357895e+00 6.63675129e-01
5.128205e-01 1.613158e+00 2.563158e+00 5.03690720e-01
5.128205e-01 1.613158e+00 2.768421e+00 3.88334811e-01
5.128205e-01 1.613158e+00 2.973684e+00 3.03644478e-01
5.128205e-01 1.613158e+00 3.178947e+00 2.40453944e-01
5.128205e-01 1.613158e+00 3.384211e+00 1.92611322e-01
5.128205e-01 1.613158e+00 3.589474e+00 1.55907422e-01
5.128205e-01 1.613158e+00 3.794737e+00 1.27405927e-01
5.128205e-01 1.613158e+00 4.000000e+00 1.05027758e-01
5.128205e-01 1.873684e+00 1.000000e-01 3.67477814e+02
5.128205e-01 1.873684e+00 3.052632e-01 4.84768257e+01
5.128205e-01 1.873684e+00 5.105263e-01 1.79505138e+01
5.128205e-01 1.873684e+00 7.157895e-01 8.82305431e+00
5.128205e-01 1.873684e+00 9.210526e-01 4.94204855e+00
5.128205e-01 1.873684e+00 1.126316e+00 2.99710202e+00
5.128205e-01 1.873684e+00 1.331579e+00 1.92167175e+00
5.128205e-01 1.873684e+00 1.536842e+00 1.28541911e+00
5.128205e-01 1.873684e+00 1.742105e+00 8.89481306e-01
5.128205e-01 1.873684e+00 1.947368e+00 6.33048415e-01
5.128205e-01 1.873684e+00 2.152632e+00 4.61435080e-01
5.128205e-01 1.873684e+00 2.357895e+00 3.43363464e-01
5.128205e-01 1.873684e+00 2.563158e+00 2.60171443e-01
5.128205e-01 1.873684e+00 2.768421e+00 2.00321645e-01
5.128205e-01 1.873684e+00 2.973684e+00 1.56462923e-01
5.128205e-01 1.873684e+00 3.178947e+00 1.23787880e-01
5.128205e-01 1.873684e+00 3.384211e+00 9.90814790e-02
5.128205e-01 1.873684e+00 3.589474e+00 8.01474527e-02
5.128205e-01 1.873684e+00 3.794737e+00 6.54586852e-02
5.128205e-01 1.873684e+00 4.000000e+00 5.39346784e-02
5.128205e-01 2.134211e+00 1.000000e-01 2.14740784e+02
5.128205e-01 2.134211e+00 3.052632e-01 2.68402843e+01
5.128205e-01 2.134211e+00 5.105263e-01 9.54763031e+00
5.128205e-01 2.134211e+00 7.157895e-01 4.57852697e+00
5.128205e-01 2.134211e+00 9.210526e-01 2.52468252e+00
5.128205e-01 2.134211e+00 1.126316e+00 1.51519990e+00
5.128205e-01 2.134211e+00 1.331579e+00 9.64505136e-01
5.128205e-01 2.134211e+00 1.536842e+00 6.41819775e-01
5.128205e-01 2.134211e+00 1.742105e+00 4.42418814e-01
5.128205e-01 2.134211e+00 1.947368e+00 3.13953578e-01
5.128205e-01 2.134211e+00 2.152632e+00 2.28325427e-01
5.128205e-01 2.134211e+00 2.357895e+00 1.69597700e-01
5.128205e-01 2.134211e+00 2.563158e+00 1.28321663e-01
5.128205e-01 2.134211e+00 2.768421e+00 9.86865908e-02
5.128205e-01 2.134211e+00 2.973684e+00 7.70050138e-02
5.128205e-01 2.134211e+00 3.178947e+00 6.08744621e-02
5.128205e-01 2.134211e+00 3.384211e+00 4.86914814e-02
5.128205e-01 2.134211e+00 3.589474e+00 3.93639393e-02
5.128205e-01 2.134211e+00 3.794737e+00 3.21335085e-02
5.128205e-01 2.134211e+00 4.000000e+00 2.64649689e-02
5.128205e-01 2.394737e+00 1.000000e-01 1.17556114e+02
5.128205e-01 2.394737e+00 3.052632e-01 1.40261230e+01
5.128205e-01 2.394737e+00 5.105263e-01 4.81172323e+00
5.128205e-01 2.394737e+00 7.157895e-01 2.25553823e+00
5.128205e-01 2.394737e+00 9.210526e-01 1.22582114e+00
5.128205e-01 2.394737e+00 1.126316e+00 7.28623271e-01
5.128205e-01 2.394737e+00 1.331579e+00 4.60729003e-01
5.128205e-01 2.394737e+00 1.536842e+00 3.05132508e-01
5.128205e-01 2.394737e+00 1.742105e+00 2.09598437e-01
5.128205e-01 2.394737e+00 1.947368e+00 1.48343861e-01
5.128205e-01 2.394737e+00 2.152632e+00 1.07663803e-01
5.128205e-01 2.394737e+00 2.357895e+00 7.98426718e-02
5.128205e-01 2.394737e+00 2.563158e+00 6.03330545e-02
5.128205e-01 2.394737e+00 2.768421e+00 4.63507399e-02
5.128205e-01 2.394737e+00 2.973684e+00 3.61361988e-02
5.128205e-01 2.394737e+00 3.178947e+00 2.85459738e-02
5.128205e-01 2.394737e+00 3.384211e+00 2.28190832e-02
5.128205e-01 2.394737e+00 3.589474e+00 1.84382331e-02
5.128205e-01 2.394737e+00 3.794737e+00 1.50448531e-02
5.128205e-01 2.394737e+00 4.000000e+00 1.23861320e-02
5.128205e-01 2.655263e+00 1.000000e-01 6.02632675e+01
5.128205e-01 2.655263e+00 3.052632e-01 6.91089773e+00
5.128205e-01 2.655263e+00 5.105263e-01 2.29542971e+00
5.128205e-01 2.655263e+00 7.157895e-01 1.05391300e+00
5.128205e-01 2.655263e+00 9.210526e-01 5.65186262e-01
5.128205e-01 2.655263e+00 1.126316e+00 3.32980752e-01
5.128205e-01 2.655263e+00 1.331579e+00 2.09272340e-01
5.128205e-01 2.655263e+00 1.536842e+00 1.37996465e-01
5.128205e-01 2.655263e+00 1.742105e+00 9.44893360e-02
5.128205e-01 2.655263e+00 1.947368e+00 6.67148605e-02
5.128205e-01 2.655263e+00 2.152632e+00 4.83303517e-02
5.128205e-01 2.655263e+00 2.357895e+00 3.57893929e-02
5.128205e-01 2.655263e+00 2.563158e+00 2.70128138e-02
5.128205e-01 2.655263e+00 2.768421e+00 2.07330212e-02
5.128205e-01 2.655263e+00 2.973684e+00 1.61514375e-02
5.128205e-01 2.655263e+00 3.178947e+00 1.27507141e-02
5.128205e-01 2.655263e+00 3.384211e+00 1.01871556e-02
5.128205e-01 2.655263e+00 3.589474e+00 8.22761189e-03
5.128205e-01 2.655263e+00 3.794737e+00 6.71074819e-03
5.128205e-01 2.655263e+00 4.000000e+00 5.52295707e-03
5.128205e-01 2.915789e+00 1.000000e-01 2.89200783e+01
5.128205e-01 2.915789e+00 3.052632e-01 3.20763254e+00
5.128205e-01 2.915789e+00 5.105263e-01 1.03563726e+00
5.128205e-01 2.915789e+00 7.157895e-01 4.66726571e-01
5.128205e-01 2.915789e+00 9.210526e-01 2.47286588e-01
5.128205e-01 2.915789e+00 1.126316e+00 1.44521281e-01
5.128205e-01 2.915789e+00 1.331579e+00 9.03271213e-02
5.128205e-01 2.915789e+00 1.536842e+00 5.93284220e-02
5.128205e-01 2.915789e+00 1.742105e+00 4.05065976e-02
5.128205e-01 2.915789e+00 1.947368e+00 2.85381302e-02
5.128205e-01 2.915789e+00 2.152632e+00 2.06395276e-02
5.128205e-01 2.915789e+00 2.357895e+00 1.52640147e-02
5.128205e-01 2.915789e+00 2.563158e+00 1.15088513e-02
5.128205e-01 2.915789e+00 2.768421e+00 8.82587302e-03
5.128205e-01 2.915789e+00 2.973684e+00 6.87077548e-03
5.128205e-01 2.915789e+00 3.178947e+00 5.42099308e-03
5.128205e-01 2.915789e+00 3.384211e+00 4.32899641e-03
5.128205e-01 2.915789e+00 3.589474e+00 3.49486526e-03
5.128205e-01 2.915789e+00 3.794737e+00 2.84954952e-03
5.128205e-01 2.915789e+00 4.000000e+00 2.34447978e-03
5.128205e-01 3.176316e+00 1.000000e-01 1.29887676e+01
5.128205e-01 3.176316e+00 3.052632e-01 1.40126133e+00
5.128205e-01 3.176316e+00 5.105263e-01 4.41522360e-01
5.128205e-01 3.176316e+00 7.157895e-01 1.95743233e-01
5.128205e-01 3.176316e+00 9.210526e-01 1.02600999e-01
5.128205e-01 3.176316e+00 1.126316e+00 5.95327802e-02
5.128205e-01 3.176316e+00 1.331579e+00 3.70242856e-02
5.128205e-01 3.176316e+00 1.536842e+00 2.42326465e-02
5.128205e-01 3.176316e+00 1.742105e+00 1.65023152e-02
5.128205e-01 3.176316e+00 1.947368e+00 1.16039440e-02
5.128205e-01 3.176316e+00 2.152632e+00 8.37984774e-03
5.128205e-01 3.176316e+00 2.357895e+00 6.19013701e-03
5.128205e-01 3.176316e+00 2.563158e+00 4.66296170e-03
5.128205e-01 3.176316e+00 2.768421e+00 3.57324490e-03
5.128205e-01 3.176316e+00 2.973684e+00 2.77999952e-03
5.128205e-01 3.176316e+00 3.178947e+00 2.19227886e-03
5.128205e-01 3.176316e+00 3.384211e+00 1.74992415e-03
5.128205e-01 3.176316e+00 3.589474e+00 1.41222891e-03
5.128205e-01 3.176316e+00 3.794737e+00 1.15110667e-03
5.128205e-01 3.176316e+00 4.000000e+00 9.46827000e-04
5.128205e-01 3.436842e+00 1.000000e-01 5.45829391e+00
5.128205e-01 3.436842e+00 3.052632e-01 5.75680196e-01
5.128205e-01 3.436842e+00 5.105263e-01 1.77700907e-01
5.128205e-01 3.436842e+00 7.157895e-01 7.76767433e-02
5.128205e-01 3.436842e+00 9.210526e-01 4.03351448e-02
5.128205e-01 3.436842e+00 1.126316e+00 2.32567247e-02
5.128205e-01 3.436842e+00 1.331579e+00 1.44008202e-02
5.128205e-01 3.436842e+00 1.536842e+00 9.39628016e-03
5.128205e-01 3.436842e+00 1.742105e+00 6.38436014e-03
5.128205e-01 3.436842e+00 1.947368e+00 4.48168209e-03
5.128205e-01 3.436842e+00 2.152632e+00 3.23226745e-03
5.128205e-01 3.436842e+00 2.357895e+00 2.38522305e-03
5.128205e-01 3.436842e+00 2.563158e+00 1.79530738e-03
5.128205e-01 3.436842e+00 2.768421e+00 1.37485156e-03
5.128205e-01 3.436842e+00 2.973684e+00 1.06906518e-03
5.128205e-01 3.436842e+00 3.178947e+00 8.42679699e-04
5.128205e-01 3.436842e+00 3.384211e+00 6.72393769e-04
5.128205e-01 3.436842e+00 3.589474e+00 5.42464957e-04
5.128205e-01 3.436842e+00 3.794737e+00 4.42043383e-04
5.128205e-01 3.436842e+00 4.000000e+00 3.63512081e-04
5.128205e-01 3.697368e+00 1.000000e-01 2.14572334e+00
5.128205e-01 3.697368e+00 3.052632e-01 2.22237185e-01
5.128205e-01 3.697368e+00 5.105263e-01 6.74483553e-02
5.128205e-01 3.697368e+00 7.157895e-01 2.91352719e-02
5.128205e-01 3.697368e+00 9.210526e-01 1.50089776e-02
5.128205e-01 3.697368e+00 1.126316e+00 8.60742945e-03
5.128205e-01 3.697368e+00 1.331579e+00 5.30993612e-03
5.128205e-01 3.697368e+00 1.536842e+00 3.45544121e-03
5.128205e-01 3.697368e+00 1.742105e+00 2.34325905e-03
5.128205e-01 3.697368e+00 1.947368e+00 1.64252054e-03
5.128205e-01 3.697368e+00 2.152632e+00 1.18328969e-03
5.128205e-01 3.697368e+00 2.357895e+00 8.72437493e-04
5.128205e-01 3.697368e+00 2.563158e+00 6.56209362e-04
5.128205e-01 3.697368e+00 2.768421e+00 5.02244104e-04
5.128205e-01 3.697368e+00 2.973684e+00 3.90357833e-04
5.128205e-01 3.697368e+00 3.178947e+00 3.07578419e-04
5.128205e-01 3.697368e+00 3.384211e+00 2.45345087e-04
5.128205e-01 3.697368e+00 3.589474e+00 1.97883128e-04
5.128205e-01 3.697368e+00 3.794737e+00 1.61213553e-04
5.128205e-01 3.697368e+00 4.000000e+00 1.32546673e-04
5.128205e-01 3.957895e+00 1.000000e-01 7.88924217e-01
5.128205e-01 3.957895e+00 3.052632e-01 8.05525631e-02
5.128205e-01 3.957895e+00 5.105263e-01 2.41167173e-02
5.128205e-01 3.957895e+00 7.157895e-01 1.03168525e-02
5.128205e-01 3.957895e+00 9.210526e-01 5.27979713e-03
5.128205e-01 3.957895e+00 1.126316e+00 3.01432540e-03
5.128205e-01 3.957895e+00 1.331579e+00 1.85374927e-03
5.128205e-01 3.957895e+00 1.536842e+00 1.20364758e-03
5.128205e-01 3.957895e+00 1.742105e+00 8.14909057e-04
5.128205e-01 3.957895e+00 1.947368e+00 5.70518780e-04
5.128205e-01 3.957895e+00 2.152632e+00 4.10623354e-04
5.128205e-01 3.957895e+00 2.357895e+00 3.02530301e-04
5.128205e-01 3.957895e+00 2.563158e+00 2.27417389e-04
5.128205e-01 3.957895e+00 2.768421e+00 1.73977169e-04
5.128205e-01 3.957895e+00 2.973684e+00 1.35167851e-04
5.128205e-01 3.957895e+00 3.178947e+00 1.06469968e-04
5.128205e-01 3.957895e+00 3.384211e+00 8.49048738e-05
5.128205e-01 3.957895e+00 3.589474e+00 6.84645056e-05
5.128205e-01 3.957895e+00 3.794737e+00 5.57665480e-05
5.128205e-01 3.957895e+00 4.000000e+00 4.58426330e-05
5.128205e-01 4.218421e+00 1.000000e-01 2.71248639e-01
5.128205e-01 4.218421e+00 3.052632e-01 2.73927208e-02
5.128205e-01 4.218421e+00 5.105263e-01 8.11393652e-03
5.128205e-01 4.218421e+00 7.157895e-01 3.44430376e-03
5.128205e-01 4.218421e+00 9.210526e-01 1.75336178e-03
5.128205e-01 4.218421e+00 1.126316e+00 9.97395138e-04
5.128205e-01 4.218421e+00 1.331579e+00 6.11829164e-04
5.128205e-01 4.218421e+00 1.536842e+00 3.96545656e-04
5.128205e-01 4.218421e+00 1.742105e+00 2.68119300e-04
5.128205e-01 4.218421e+00 1.947368e+00 1.87524070e-04
5.128205e-01 4.218421e+00 2.152632e+00 1.34865433e-04
5.128205e-01 4.218421e+00 2.357895e+00 9.93040230e-05
5.128205e-01 4.218421e+00 2.563158e+00 7.46133228e-05
5.128205e-01 4.218421e+00 2.768421e+00 5.70582197e-05
5.128205e-01 4.218421e+00 2.973684e+00 4.43162317e-05
5.128205e-01 4.218421e+00 3.178947e+00 3.48982321e-05
5.128205e-01 4.218421e+00 3.384211e+00 2.78236603e-05
5.128205e-01 4.218421e+00 3.589474e+00 2.24319501e-05
5.128205e-01 4.218421e+00 3.794737e+00 1.82686872e-05
5.128205e-01 4.218421e+00 4.000000e+00 1.50156211e-05
5.128205e-01 4.478947e+00 1.000000e-01 8.71974230e-02
5.128205e-01 4.478947e+00 3.052632e-01 8.73313751e-03
5.128205e-01 4.478947e+00 5.105263e-01 2.56574596e-03
5.128205e-01 4.478947e+00 7.157895e-01 1.08263688e-03
5.128205e-01 4.478947e+00 9.210526e-01 5.48853772e-04
5.128205e-01 4.478947e+00 1.126316e+00 3.11327807e-04
5.128205e-01 4.478947e+00 1.331579e+00 1.90597042e-04
5.128205e-01 4.478947e+00 1.536842e+00 1.23356178e-04
5.128205e-01 4.478947e+00 1.742105e+00 8.33186423e-05
5.128205e-01 4.478947e+00 1.947368e+00 5.82278226e-05
5.128205e-01 4.478947e+00 2.152632e+00 4.18516611e-05
5.128205e-01 4.478947e+00 2.357895e+00 3.08016861e-05
5.128205e-01 4.478947e+00 2.563158e+00 2.31345348e-05
5.128205e-01 4.478947e+00 2.768421e+00 1.76860704e-05
5.128205e-01 4.478947e+00 2.973684e+00 1.37330944e-05
5.128205e-01 4.478947e+00 3.178947e+00 1.08123340e-05
5.128205e-01 4.478947e+00 3.384211e+00 8.61898206e-06
5.128205e-01 4.478947e+00 3.589474e+00 6.94776236e-06
5.128205e-01 4.478947e+00 3.794737e+00 5.65758637e-06
5.128205e-01 4.478947e+00 4.000000e+00 4.64965751e-06
5.128205e-01 4.739474e+00 1.000000e-01 2.62050200e-02
5.128205e-01 4.739474e+00 3.052632e-01 2.60852533e-03
5.128205e-01 4.739474e+00 5.105263e-01 7.61709642e-04
5.128205e-01 4.739474e+00 7.157895e-01 3.19963729e-04
5.128205e-01 4.739474e+00 9.210526e-01 1.61701391e-04
5.128205e-01 4.739474e+00 1.126316e+00 9.15241617e-05
5.128205e-01 4.739474e+00 1.331579e+00 5.59466789e-05
5.128205e-01 4.739474e+00 1.536842e+00 3.61698476e-05
5.128205e-01 4.739474e+00 1.742105e+00 2.44107614e-05
5.128205e-01 4.739474e+00 1.947368e+00 1.70493950e-05
5.128205e-01 4.739474e+00 2.152632e+00 1.22487309e-05
5.128205e-01 4.739474e+00 2.357895e+00 9.01148087e-06
5.128205e-01 4.739474e+00 2.563158e+00 6.76640548e-06
5.128205e-01 4.739474e+00 2.768421e+00 5.17163517e-06
5.128205e-01 4.739474e+00 2.973684e+00 4.01496709e-06
5.128205e-01 4.739474e+00 3.178947e+00 3.16056594e-06
5.128205e-01 4.739474e+00 3.384211e+00 2.51908909e-06
5.128205e-01 4.739474e+00 3.589474e+00 2.03041418e-06
5.128205e-01 4.739474e+00 3.794737e+00 1.65321512e-06
5.128205e-01 4.739474e+00 4.000000e+00 1.35857431e-06
5.128205e-01 5.000000e+00 1.000000e-01 7.36140832e-03
5.128205e-01 5.000000e+00 3.052632e-01 7.29555963e-04
5.128205e-01 5.000000e+00 5.105263e-01 2.12093277e-04
5.128205e-01 5.000000e+00 7.157895e-01 8.87982751e-05
5.128205e-01 5.000000e+00 9.210526e-01 4.47730599e-05
5.128205e-01 5.000000e+00 1.126316e+00 2.53013968e-05
5.128205e-01 5.000000e+00 1.331579e+00 1.54488334e-05
5.128205e-01 5.000000e+00 1.536842e+00 9.97970528e-06
5.128205e-01 5.000000e+00 1.742105e+00 6.73124305e-06
5.128205e-01 5.000000e+00 1.947368e+00 4.69925772e-06
5.128205e-01 5.000000e+00 2.152632e+00 3.37491815e-06
5.128205e-01 5.000000e+00 2.357895e+00 2.48228775e-06
5.128205e-01 5.000000e+00 2.563158e+00 1.86346574e-06
5.128205e-01 5.000000e+00 2.768421e+00 1.42402052e-06
5.128205e-01 5.000000e+00 2.973684e+00 1.10537417e-06
5.128205e-01 5.000000e+00 3.178947e+00 8.70044516e-07
5.128205e-01 5.000000e+00 3.384211e+00 6.93390234e-07
5.128205e-01 5.000000e+00 3.589474e+00 5.58833392e-07
5.128205e-01 5.000000e+00 3.794737e+00 4.54983876e-07
5.128205e-01 5.000000e+00 4.000000e+00 3.73872325e-07
7.692308e-01 5.000000e-02 1.000000e-01 1.79089087e+03
7.692308e-01 5.000000e-02 3.052632e-01 6.07788574e+02
7.692308e-01 5.000000e-02 5.105263e-01 3.74581360e+02
7.692308e-01 5.000000e-02 7.157895e-01 2.50271210e+02
7.692308e-01 5.000000e-02 9.210526e-01 1.72852615e+02
7.692308e-01 5.000000e-02 1.126316e+00 1.22122871e+02
7.692308e-01 5.000000e-02 1.331579e+00 8.79245911e+01
7.692308e-01 5.000000e-02 1.536842e+00 6.43795090e+01
7.692308e-01 5.000000e-02 1.742105e+00 4.78766747e+01
7.692308e-01 5.000000e-02 1.947368e+00 3.61213684e+01
7.692308e-01 5.000000e-02 2.152632e+00 2.76205711e+01
7.692308e-01 5.000000e-02 2.357895e+00 2.13869209e+01
7.692308e-01 5.000000e-02 2.563158e+00 1.67547913e+01
7.692308e-01 5.000000e-02 2.768421e+00 1.32698212e+01
7.692308e-01 5.000000e-02 2.973684e+00 1.06168566e+01
7.692308e-01 5.000000e-02 3.178947e+00 8.57507515e+00
7.692308e-01 5.000000e-02 3.384211e+00 6.98726416e+00
7.692308e-01 5.000000e-02 3.589474e+00 5.74046421e+00
7.692308e-01 5.000000e-02 3.794737e+00 4.75244093e+00
7.692308e-01 5.000000e-02 4.000000e+00 3.96274805e+00
7.692308e-01 3.105263e-01 1.000000e-01 1.44955371e+03
7.692308e-01 3.105263e-01 3.052632e-01 3.77894592e+02
7.692308e-01 3.105263e-01 5.105263e-01 2.08720123e+02
7.692308e-01 3.105263e-01 7.157895e-01 1.31089478e+02
7.692308e-01 3.105263e-01 9.210526e-01 8.69641571e+01
7.692308e-01 3.105263e-01 1.126316e+00 5.97450371e+01
7.692308e-01 3.105263e-01 1.331579e+00 4.21516685e+01
7.692308e-01 3.105263e-01 1.536842e+00 3.04004765e+01
7.692308e-01 3.105263e-01 1.742105e+00 2.23471260e+01
7.692308e-01 3.105263e-01 1.947368e+00 1.67076988e+01
7.692308e-01 3.105263e-01 2.152632e+00 1.26837158e+01
7.692308e-01 3.105263e-01 2.357895e+00 9.76369667e+00
7.692308e-01 3.105263e-01 2.563158e+00 7.61230469e+00
7.692308e-01 3.105263e-01 2.768421e+00 6.00481939e+00
7.692308e-01 3.105263e-01 2.973684e+00 4.78820896e+00
7.692308e-01 3.105263e-01 3.178947e+00 3.85634804e+00
7.692308e-01 3.105263e-01 3.384211e+00 3.13463330e+00
7.692308e-01 3.105263e-01 3.589474e+00 2.56989694e+00
7.692308e-01 3.105263e-01 3.794737e+00 2.12369418e+00
7.692308e-01 3.105263e-01 4.000000e+00 1.76799881e+00
7.692308e-01 5.710526e-01 1.000000e-01 1.20196594e+03
7.692308e-01 5.710526e-01 3.052632e-01 2.69336731e+02
7.692308e-01 5.710526e-01 5.105263e-01 1.38012283e+02
7.692308e-01 5.710526e-01 7.157895e-01 8.29140396e+01
7.692308e-01 5.710526e-01 9.210526e-01 5.34030876e+01
7.692308e-01 5.710526e-01 1.126316e+00 3.59342079e+01
7.692308e-01 5.710526e-01 1.331579e+00 2.49719105e+01
7.692308e-01 5.710526e-01 1.536842e+00 1.78074093e+01
7.692308e-01 5.710526e-01 1.742105e+00 1.29769659e+01
7.692308e-01 5.710526e-01 1.947368e+00 9.63653564e+00
7.692308e-01 5.710526e-01 2.152632e+00 7.27616835e+00
7.692308e-01 5.710526e-01 2.357895e+00 5.57664824e+00
7.692308e-01 5.710526e-01 2.563158e+00 4.33229876e+00
7.692308e-01 5.710526e-01 2.768421e+00 3.40731168e+00
7.692308e-01 5.710526e-01 2.973684e+00 2.71020651e+00
7.692308e-01 5.710526e-01 3.178947e+00 2.17815614e+00
7.692308e-01 5.710526e-01 3.384211e+00 1.76732922e+00
7.692308e-01 5.710526e-01 3.589474e+00 1.44668376e+00
7.692308e-01 5.710526e-01 3.794737e+00 1.19389975e+00
7.692308e-01 5.710526e-01 4.000000e+00 9.92766738e-01
7.692308e-01 8.315790e-01 1.000000e-01 9.53692200e+02
7.692308e-01 8.315790e-01 3.052632e-01 1.90360565e+02
7.692308e-01 8.315790e-01 5.105263e-01 9.16638718e+01
7.692308e-01 8.315790e-01 7.157895e-01 5.30567894e+01
7.692308e-01 8.315790e-01 9.210526e-01 3.33366470e+01
7.692308e-01 8.315790e-01 1.126316e+00 2.20454483e+01
7.692308e-01 8.315790e-01 1.331579e+00 1.51282301e+01
7.692308e-01 8.315790e-01 1.536842e+00 1.06870260e+01
7.692308e-01 8.315790e-01 1.742105e+00 7.73239899e+00
7.692308e-01 8.315790e-01 1.947368e+00 5.70999622e+00
7.692308e-01 8.315790e-01 2.152632e+00 4.29234266e+00
7.692308e-01 8.315790e-01 2.357895e+00 3.27805114e+00
7.692308e-01 8.315790e-01 2.563158e+00 2.53918505e+00
7.692308e-01 8.315790e-01 2.768421e+00 1.99223626e+00
7.692308e-01 8.315790e-01 2.973684e+00 1.58144855e+00
7.692308e-01 8.315790e-01 3.178947e+00 1.26883042e+00
7.692308e-01 8.315790e-01 3.384211e+00 1.02802205e+00
7.692308e-01 8.315790e-01 3.589474e+00 8.40455949e-01
7.692308e-01 8.315790e-01 3.794737e+00 6.92854881e-01
7.692308e-01 8.315790e-01 4.000000e+00 5.75592995e-01
7.692308e-01 1.092105e+00 1.000000e-01 7.15274109e+02
7.692308e-01 1.092105e+00 3.052632e-01 1.29642395e+02
7.692308e-01 1.092105e+00 5.105263e-01 5.90903969e+01
7.692308e-01 1.092105e+00 7.157895e-01 3.30941734e+01
7.692308e-01 1.092105e+00 9.210526e-01 2.03456116e+01
7.692308e-01 1.092105e+00 1.126316e+00 1.32519922e+01
7.692308e-01 1.092105e+00 1.331579e+00 8.99497890e+00
7.692308e-01 1.092105e+00 1.536842e+00 6.30302048e+00
7.692308e-01 1.092105e+00 1.742105e+00 4.53249359e+00
7.692308e-01 1.092105e+00 1.947368e+00 3.33111954e+00
7.692308e-01 1.092105e+00 2.152632e+00 2.49469304e+00
7.692308e-01 1.092105e+00 2.357895e+00 1.89945686e+00
7.692308e-01 1.092105e+00 2.563158e+00 1.46771741e+00
7.692308e-01 1.092105e+00 2.768421e+00 1.14923775e+00
7.692308e-01 1.092105e+00 2.973684e+00 9.10736203e-01
7.692308e-01 1.092105e+00 3.178947e+00 7.29662418e-01
7.692308e-01 1.092105e+00 3.384211e+00 5.90467632e-01
7.692308e-01 1.092105e+00 3.589474e+00 4.82236534e-01
7.692308e-01 1.092105e+00 3.794737e+00 3.97190660e-01
7.692308e-01 1.092105e+00 4.000000e+00 3.29712451e-01
7.692308e-01 1.352632e+00 1.000000e-01 5.04934875e+02
7.692308e-01 1.352632e+00 3.052632e-01 8.42111816e+01
7.692308e-01 1.352632e+00 5.105263e-01 3.65185966e+01
7.692308e-01 1.352632e+00 7.157895e-01 1.98498516e+01
7.692308e-01 1.352632e+00 9.210526e-01 1.19662399e+01
7.692308e-01 1.352632e+00 1.126316e+00 7.68926954e+00
7.692308e-01 1.352632e+00 1.331579e+00 5.16887236e+00
7.692308e-01 1.352632e+00 1.536842e+00 3.59625816e+00
7.692308e-01 1.352632e+00 1.742105e+00 2.57221317e+00
7.692308e-01 1.352632e+00 1.947368e+00 1.88261616e+00
7.692308e-01 1.352632e+00 2.152632e+00 1.40532720e+00
7.692308e-01 1.352632e+00 2.357895e+00 1.06724083e+00
7.692308e-01 1.352632e+00 2.563158e+00 8.22929204e-01
7.692308e-01 1.352632e+00 2.768421e+00 6.43250346e-01
7.692308e-01 1.352632e+00 2.973684e+00 5.09022295e-01
7.692308e-01 1.352632e+00 3.178947e+00 4.07326251e-01
7.692308e-01 1.352632e+00 3.384211e+00 3.29285413e-01
7.692308e-01 1.352632e+00 3.589474e+00 2.68692166e-01
7.692308e-01 1.352632e+00 3.794737e+00 2.21140236e-01
7.692308e-01 1.352632e+00 4.000000e+00 1.83450639e-01
7.692308e-01 1.613158e+00 1.000000e-01 3.34825500e+02
7.692308e-01 1.613158e+00 3.052632e-01 5.19235611e+01
7.692308e-01 1.613158e+00 5.105263e-01 2.15123348e+01
7.692308e-01 1.613158e+00 7.157895e-01 1.13756437e+01
7.692308e-01 1.613158e+00 9.210526e-01 6.73585653e+00
7.692308e-01 1.613158e+00 1.126316e+00 4.27554703e+00
7.692308e-01 1.613158e+00 1.331579e+00 2.84919834e+00
7.692308e-01 1.613158e+00 1.536842e+00 1.96976995e+00
7.692308e-01 1.613158e+00 1.742105e+00 1.40217698e+00
7.692308e-01 1.613158e+00 1.947368e+00 1.02252936e+00
7.692308e-01 1.613158e+00 2.152632e+00 7.61120021e-01
7.692308e-01 1.613158e+00 2.357895e+00 5.76708496e-01
7.692308e-01 1.613158e+00 2.563158e+00 4.43874419e-01
7.692308e-01 1.613158e+00 2.768421e+00 3.46440345e-01
7.692308e-01 1.613158e+00 2.973684e+00 2.73807764e-01
7.692308e-01 1.613158e+00 3.178947e+00 2.18877181e-01
7.692308e-01 1.613158e+00 3.384211e+00 1.76785886e-01
7.692308e-01 1.613158e+00 3.589474e+00 1.44146904e-01
7.692308e-01 1.613158e+00 3.794737e+00 1.18559532e-01
7.692308e-01 1.613158e+00 4.000000e+00 9.82980132e-02
7.692308e-01 1.873684e+00 1.000000e-01 2.08315842e+02
7.692308e-01 1.873684e+00 3.052632e-01 3.03097534e+01
7.692308e-01 1.873684e+00 5.105263e-01 1.20420752e+01
7.692308e-01 1.873684e+00 7.157895e-01 6.20760822e+00
7.692308e-01 1.873684e+00 9.210526e-01 3.61551237e+00
7.692308e-01 1.873684e+00 1.126316e+00 2.26930904e+00
7.692308e-01 1.873684e+00 1.331579e+00 1.50035608e+00
7.692308e-01 1.873684e+00 1.536842e+00 1.03132927e+00
7.692308e-01 1.873684e+00 1.742105e+00 7.31023908e-01
7.692308e-01 1.873684e+00 1.947368e+00 5.31365812e-01
7.692308e-01 1.873684e+00 2.152632e+00 3.94523978e-01
7.692308e-01 1.873684e+00 2.357895e+00 2.98336983e-01
7.692308e-01 1.873684e+00 2.563158e+00 2.29251400e-01
7.692308e-01 1.873684e+00 2.768421e+00 1.78693786e-01
7.692308e-01 1.873684e+00 2.973684e+00 1.41076893e-01
7.692308e-01 1.873684e+00 3.178947e+00 1.12671778e-01
7.692308e-01 1.873684e+00 3.384211e+00 9.09346342e-02
7.692308e-01 1.873684e+00 3.589474e+00 7.40974769e-02
7.692308e-01 1.873684e+00 3.794737e+00 6.09103180e-02
7.692308e-01 1.873684e+00 4.000000e+00 5.04764803e-02
7.692308e-01 2.134211e+00 1.000000e-01 1.21512817e+02
7.692308e-01 2.134211e+00 3.052632e-01 1.67224617e+01
7.692308e-01 2.134211e+00 5.105263e-01 6.39402390e+00
7.692308e-01 2.134211e+00 7.157895e-01 3.21924186e+00
7.692308e-01 2.134211e+00 9.210526e-01 1.84659183e+00
7.692308e-01 2.134211e+00 1.126316e+00 1.14713466e+00
7.692308e-01 2.134211e+00 1.331579e+00 7.52968609e-01
7.692308e-01 2.134211e+00 1.536842e+00 5.14894962e-01
7.692308e-01 2.134211e+00 1.742105e+00 3.63563180e-01
7.692308e-01 2.134211e+00 1.947368e+00 2.63494581e-01
7.692308e-01 2.134211e+00 2.152632e+00 1.95195377e-01
7.692308e-01 2.134211e+00 2.357895e+00 1.47342503e-01
7.692308e-01 2.134211e+00 2.563158e+00 1.13060541e-01
7.692308e-01 2.134211e+00 2.768421e+00 8.80241469e-02
7.692308e-01 2.134211e+00 2.973684e+00 6.94275722e-02
7.692308e-01 2.134211e+00 3.178947e+00 5.54042198e-02
7.692308e-01 2.134211e+00 3.384211e+00 4.46852483e-02
7.692308e-01 2.134211e+00 3.589474e+00 3.63905728e-02
7.692308e-01 2.134211e+00 3.794737e+00 2.98994128e-02
7.692308e-01 2.134211e+00 4.000000e+00 2.47671045e-02
7.692308e-01 2.394737e+00 1.000000e-01 6.64179688e+01
7.692308e-01 2.394737e+00 3.052632e-01 8.70974922e+00
7.692308e-01 2.394737e+00 5.105263e-01 3.21658778e+00
7.692308e-01 2.394737e+00 7.157895e-01 1.58469653e+00
7.692308e-01 2.394737e+00 9.210526e-01 8.96292388e-01
7.692308e-01 2.394737e+00 1.126316e+00 5.51532567e-01
7.692308e-01 2.394737e+00 1.331579e+00 3.59634578e-01
7.692308e-01 2.394737e+00 1.536842e+00 2.44760171e-01
7.692308e-01 2.394737e+00 1.742105e+00 1.72219247e-01
7.692308e-01 2.394737e+00 1.947368e+00 1.24487691e-01
7.692308e-01 2.394737e+00 2.152632e+00 9.20321122e-02
7.692308e-01 2.394737e+00 2.357895e+00 6.93587810e-02
7.692308e-01 2.394737e+00 2.563158e+00 5.31531610e-02
7.692308e-01 2.394737e+00 2.768421e+00 4.13396247e-02
7.692308e-01 2.394737e+00 2.973684e+00 3.25780436e-02
7.692308e-01 2.394737e+00 3.178947e+00 2.59792767e-02
7.692308e-01 2.394737e+00 3.384211e+00 2.09405087e-02
7.692308e-01 2.394737e+00 3.589474e+00 1.70447715e-02
7.692308e-01 2.394737e+00 3.794737e+00 1.39983157e-02
7.692308e-01 2.394737e+00 4.000000e+00 1.15911104e-02
7.692308e-01 2.655263e+00 1.000000e-01 3.40041771e+01
7.692308e-01 2.655263e+00 3.052632e-01 4.27840996e+00
7.692308e-01 2.655263e+00 5.105263e-01 1.53172255e+00
7.692308e-01 2.655263e+00 7.157895e-01 7.39845335e-01
7.692308e-01 2.655263e+00 9.210526e-01 4.13092434e-01
7.692308e-01 2.655263e+00 1.126316e+00 2.51997054e-01
7.692308e-01 2.655263e+00 1.331579e+00 1.63328275e-01
7.692308e-01 2.655263e+00 1.536842e+00 1.10678546e-01
7.692308e-01 2.655263e+00 1.742105e+00 7.76290521e-02
7.692308e-01 2.655263e+00 1.947368e+00 5.59797287e-02
7.692308e-01 2.655263e+00 2.152632e+00 4.13090698e-02
7.692308e-01 2.655263e+00 2.357895e+00 3.10871508e-02
7.692308e-01 2.655263e+00 2.563158e+00 2.37961989e-02
7.692308e-01 2.655263e+00 2.768421e+00 1.84902027e-02
7.692308e-01 2.655263e+00 2.973684e+00 1.45601882e-02
7.692308e-01 2.655263e+00 3.178947e+00 1.16035892e-02
7.692308e-01 2.655263e+00 3.384211e+00 9.34805162e-03
7.692308e-01 2.655263e+00 3.589474e+00 7.60549400e-03
7.692308e-01 2.655263e+00 3.794737e+00 6.24371553e-03
7.692308e-01 2.655263e+00 4.000000e+00 5.16829500e-03
7.692308e-01 2.915789e+00 1.000000e-01 1.63009987e+01
7.692308e-01 2.915789e+00 3.052632e-01 1.98042893e+00
7.692308e-01 2.915789e+00 5.105263e-01 6.89898431e-01
7.692308e-01 2.915789e+00 7.157895e-01 3.27367008e-01
7.692308e-01 2.915789e+00 9.210526e-01 1.80666864e-01
7.692308e-01 2.915789e+00 1.126316e+00 1.09347112e-01
7.692308e-01 2.915789e+00 1.331579e+00 7.04848766e-02
7.692308e-01 2.915789e+00 1.536842e+00 4.75774072e-02
7.692308e-01 2.915789e+00 1.742105e+00 3.32748815e-02
7.692308e-01 2.915789e+00 1.947368e+00 2.39435155e-02
7.692308e-01 2.915789e+00 2.152632e+00 1.76394135e-02
7.692308e-01 2.915789e+00 2.357895e+00 1.32573787e-02
7.692308e-01 2.915789e+00 2.563158e+00 1.01376502e-02
7.692308e-01 2.915789e+00 2.768421e+00 7.87061546e-03
7.692308e-01 2.915789e+00 2.973684e+00 6.19351678e-03
7.692308e-01 2.915789e+00 3.178947e+00 4.93305456e-03
7.692308e-01 2.915789e+00 3.384211e+00 3.97225190e-03
7.692308e-01 2.915789e+00 3.589474e+00 3.23048537e-03
7.692308e-01 2.915789e+00 3.794737e+00 2.65115174e-03
7.692308e-01 2.915789e+00 4.000000e+00 2.19386211e-03
7.692308e-01 3.176316e+00 1.000000e-01 7.31480503e+00
7.692308e-01 3.176316e+00 3.052632e-01 8.63133073e-01
7.692308e-01 3.176316e+00 5.105263e-01 2.93665528e-01
7.692308e-01 3.176316e+00 7.157895e-01 1.37186259e-01
7.692308e-01 3.176316e+00 9.210526e-01 7.49294758e-02
7.692308e-01 3.176316e+00 1.126316e+00 4.50328737e-02
7.692308e-01 3.176316e+00 1.331579e+00 2.88864989e-02
7.692308e-01 3.176316e+00 1.536842e+00 1.94304306e-02
7.692308e-01 3.176316e+00 1.742105e+00 1.35546355e-02
7.692308e-01 3.176316e+00 1.947368e+00 9.73476004e-03
7.692308e-01 3.176316e+00 2.152632e+00 7.16114603e-03
7.692308e-01 3.176316e+00 2.357895e+00 5.37596270e-03
7.692308e-01 3.176316e+00 2.563158e+00 4.10712743e-03
7.692308e-01 3.176316e+00 2.768421e+00 3.18631623e-03
7.692308e-01 3.176316e+00 2.973684e+00 2.50584213e-03
7.692308e-01 3.176316e+00 3.178947e+00 1.99486711e-03
7.692308e-01 3.176316e+00 3.384211e+00 1.60565390e-03
7.692308e-01 3.176316e+00 3.589474e+00 1.30535359e-03
7.692308e-01 3.176316e+00 3.794737e+00 1.07093202e-03
7.692308e-01 3.176316e+00 4.000000e+00 8.85978516e-04
7.692308e-01 3.436842e+00 1.000000e-01 3.07174373e+00
7.692308e-01 3.436842e+00 3.052632e-01 3.53900880e-01
7.692308e-01 3.436842e+00 5.105263e-01 1.18029937e-01
7.692308e-01 3.436842e+00 7.157895e-01 5.43995760e-02
7.692308e-01 3.436842e+00 9.210526e-01 2.94454861e-02
7.692308e-01 3.436842e+00 1.126316e+00 1.75883397e-02
7.692308e-01 3.436842e+00 1.331579e+00 1.12338485e-02
7.692308e-01 3.436842e+00 1.536842e+00 7.53329974e-03
7.692308e-01 3.436842e+00 1.742105e+00 5.24342665e-03
7.692308e-01 3.436842e+00 1.947368e+00 3.75942909e-03
7.692308e-01 3.436842e+00 2.152632e+00 2.76197051e-03
7.692308e-01 3.436842e+00 2.357895e+00 2.07135966e-03
7.692308e-01 3.436842e+00 2.563158e+00 1.58121099e-03
7.692308e-01 3.436842e+00 2.768421e+00 1.22591050e-03
7.692308e-01 3.436842e+00 2.973684e+00 9.63592611e-04
7.692308e-01 3.436842e+00 3.178947e+00 7.66766956e-04
7.692308e-01 3.436842e+00 3.384211e+00 6.16939273e-04
7.692308e-01 3.436842e+00 3.589474e+00 5.01397939e-04
7.692308e-01 3.436842e+00 3.794737e+00 4.11245041e-04
7.692308e-01 3.436842e+00 4.000000e+00 3.40143626e-04
7.692308e-01 3.697368e+00 1.000000e-01 1.20686507e+00
7.692308e-01 3.697368e+00 3.052632e-01 1.36398792e-01
7.692308e-01 3.697368e+00 5.105263e-01 4.47470024e-02
7.692308e-01 3.697368e+00 7.157895e-01 2.03912184e-02
7.692308e-01 3.697368e+00 9.210526e-01 1.09530771e-02
7.692308e-01 3.697368e+00 1.126316e+00 6.50821859e-03
7.692308e-01 3.697368e+00 1.331579e+00 4.14162595e-03
7.692308e-01 3.697368e+00 1.536842e+00 2.77003925e-03
7.692308e-01 3.697368e+00 1.742105e+00 1.92432955e-03
7.692308e-01 3.697368e+00 1.947368e+00 1.37770898e-03
7.692308e-01 3.697368e+00 2.152632e+00 1.01105438e-03
7.692308e-01 3.697368e+00 2.357895e+00 7.57591799e-04
7.692308e-01 3.697368e+00 2.563158e+00 5.77923784e-04
7.692308e-01 3.697368e+00 2.768421e+00 4.47815197e-04
7.692308e-01 3.697368e+00 2.973684e+00 3.51832685e-04
7.692308e-01 3.697368e+00 3.178947e+00 2.79861182e-04
7.692308e-01 3.697368e+00 3.384211e+00 2.25104843e-04
7.692308e-01 3.697368e+00 3.589474e+00 1.82897886e-04
7.692308e-01 3.697368e+00 3.794737e+00 1.49978136e-04
7.692308e-01 3.697368e+00 4.000000e+00 1.24023572e-04
7.692308e-01 3.957895e+00 1.000000e-01 4.43538517e-01
7.692308e-01 3.957895e+00 3.052632e-01 4.93748896e-02
7.692308e-01 3.957895e+00 5.105263e-01 1.59841143e-02
7.692308e-01 3.957895e+00 7.157895e-01 7.21662398e-03
7.692308e-01 3.957895e+00 9.210526e-01 3.85188218e-03
7.692308e-01 3.957895e+00 1.126316e+00 2.27877893e-03
7.692308e-01 3.957895e+00 1.331579e+00 1.44570612e-03
7.692308e-01 3.957895e+00 1.536842e+00 9.64807579e-04
7.692308e-01 3.957895e+00 1.742105e+00 6.69165864e-04
7.692308e-01 3.957895e+00 1.947368e+00 4.78506001e-04
7.692308e-01 3.957895e+00 2.152632e+00 3.50833812e-04
7.692308e-01 3.957895e+00 2.357895e+00 2.62692542e-04
7.692308e-01 3.957895e+00 2.563158e+00 2.00278213e-04
7.692308e-01 3.957895e+00 2.768421e+00 1.55117406e-04
7.692308e-01 3.957895e+00 2.973684e+00 1.21823730e-04
7.692308e-01 3.957895e+00 3.178947e+00 9.68727472e-05
7.692308e-01 3.957895e+00 3.384211e+00 7.78983303e-05
7.692308e-01 3.957895e+00 3.589474e+00 6.32784868e-05
7.692308e-01 3.957895e+00 3.794737e+00 5.18791821e-05
7.692308e-01 3.957895e+00 4.000000e+00 4.28941239e-05
7.692308e-01 4.218421e+00 1.000000e-01 1.52447075e-01
7.692308e-01 4.218421e+00 3.052632e-01 1.67732798e-02
7.692308e-01 4.218421e+00 5.105263e-01 5.37357479e-03
7.692308e-01 4.218421e+00 7.157895e-01 2.40820833e-03
7.692308e-01 4.218421e+00 9.210526e-01 1.27885188e-03
7.692308e-01 4.218421e+00 1.126316e+00 7.53903645e-04
7.692308e-01 4.218421e+00 1.331579e+00 4.77106805e-04
7.692308e-01 4.218421e+00 1.536842e+00 3.17834434e-04
7.692308e-01 4.218421e+00 1.742105e+00 2.20153350e-04
7.692308e-01 4.218421e+00 1.947368e+00 1.57272094e-04
7.692308e-01 4.218421e+00 2.152632e+00 1.15222727e-04
7.692308e-01 4.218421e+00 2.357895e+00 8.62240413e-05
7.692308e-01 4.218421e+00 2.563158e+00 6.57068667e-05
7.692308e-01 4.218421e+00 2.768421e+00 5.08712546e-05
7.692308e-01 4.218421e+00 2.973684e+00 3.99402161e-05
7.692308e-01 4.218421e+00 3.178947e+00 3.17517806e-05
7.692308e-01 4.218421e+00 3.384211e+00 2.55271225e-05
7.692308e-01 4.218421e+00 3.589474e+00 2.07324338e-05
7.692308e-01 4.218421e+00 3.794737e+00 1.69949271e-05
7.692308e-01 4.218421e+00 4.000000e+00 1.40496877e-05
7.692308e-01 4.478947e+00 1.000000e-01 4.89944667e-02
7.692308e-01 4.478947e+00 3.052632e-01 5.34335664e-03
7.692308e-01 4.478947e+00 5.105263e-01 1.69817684e-03
7.692308e-01 4.478947e+00 7.157895e-01 7.56697264e-04
7.692308e-01 4.478947e+00 9.210526e-01 4.00240562e-04
7.692308e-01 4.478947e+00 1.126316e+00 2.35296669e-04
7.692308e-01 4.478947e+00 1.331579e+00 1.48616440e-04
7.692308e-01 4.478947e+00 1.536842e+00 9.88648899e-05
7.692308e-01 4.478947e+00 1.742105e+00 6.84096158e-05
7.692308e-01 4.478947e+00 1.947368e+00 4.88321493e-05
7.692308e-01 4.478947e+00 2.152632e+00 3.57547142e-05
7.692308e-01 4.478947e+00 2.357895e+00 2.67436753e-05
7.692308e-01 4.478947e+00 2.563158e+00 2.03724430e-05
7.692308e-01 4.478947e+00 2.768421e+00 1.57679533e-05
7.692308e-01 4.478947e+00 2.973684e+00 1.23767404e-05
7.692308e-01 4.478947e+00 3.178947e+00 9.83731843e-06
7.692308e-01 4.478947e+00 3.384211e+00 7.90744252e-06
7.692308e-01 4.478947e+00 3.589474e+00 6.42129862e-06
7.692308e-01 4.478947e+00 3.794737e+00 5.26306076e-06
7.692308e-01 4.478947e+00 4.000000e+00 4.35050060e-06
7.692308e-01 4.739474e+00 1.000000e-01 1.47213805e-02
7.692308e-01 4.739474e+00 3.052632e-01 1.59509841e-03
7.692308e-01 4.739474e+00 5.105263e-01 5.03919378e-04
7.692308e-01 4.739474e+00 7.157895e-01 2.23575349e-04
7.692308e-01 4.739474e+00 9.210526e-01 1.17899945e-04
7.692308e-01 4.739474e+00 1.126316e+00 6.91661917e-05
7.692308e-01 4.739474e+00 1.331579e+00 4.36212358e-05
7.692308e-01 4.739474e+00 1.536842e+00 2.89872387e-05
7.692308e-01 4.739474e+00 1.742105e+00 2.00418835e-05
7.692308e-01 4.739474e+00 1.947368e+00 1.42977979e-05
7.692308e-01 4.739474e+00 2.152632e+00 1.04640385e-05
7.692308e-01 4.739474e+00 2.357895e+00 7.82405732e-06
7.692308e-01 4.739474e+00 2.563158e+00 5.95841220e-06
7.692308e-01 4.739474e+00 2.768421e+00 4.61066611e-06
7.692308e-01 4.739474e+00 2.973684e+00 3.61837078e-06
7.692308e-01 4.739474e+00 3.178947e+00 2.87551325e-06
7.692308e-01 4.739474e+00 3.384211e+00 2.31110107e-06
7.692308e-01 4.739474e+00 3.589474e+00 1.87653791e-06
7.692308e-01 4.739474e+00 3.794737e+00 1.53791575e-06
7.692308e-01 4.739474e+00 4.000000e+00 1.27115584e-06
7.692308e-01 5.000000e+00 1.000000e-01 4.13492834e-03
7.692308e-01 5.000000e+00 3.052632e-01 4.45930898e-04
7.692308e-01 5.000000e+00 5.105263e-01 1.40266216e-04
7.692308e-01 5.000000e+00 7.157895e-01 6.20357023e-05
7.692308e-01 5.000000e+00 9.210526e-01 3.26413719e-05
7.692308e-01 5.000000e+00 1.126316e+00 1.91193812e-05
7.692308e-01 5.000000e+00 1.331579e+00 1.20447985e-05
7.692308e-01 5.000000e+00 1.536842e+00 7.99765439e-06
7.692308e-01 5.000000e+00 1.742105e+00 5.52637039e-06
7.692308e-01 5.000000e+00 1.947368e+00 3.94075687e-06
7.692308e-01 5.000000e+00 2.152632e+00 2.88311685e-06
7.692308e-01 5.000000e+00 2.357895e+00 2.15516116e-06
7.692308e-01 5.000000e+00 2.563158e+00 1.64091762e-06
7.692308e-01 5.000000e+00 2.768421e+00 1.26953853e-06
7.692308e-01 5.000000e+00 2.973684e+00 9.96174094e-07
7.692308e-01 5.000000e+00 3.178947e+00 7.91567459e-07
7.692308e-01 5.000000e+00 3.384211e+00 6.36133791e-07
7.692308e-01 5.000000e+00 3.589474e+00 5.16477769e-07
7.692308e-01 5.000000e+00 3.794737e+00 4.23249759e-07
7.692308e-01 5.000000e+00 4.000000e+00 3.49813604e-07
1.025641e+00 5.000000e-02 1.000000e-01 9.33927490e+02
1.025641e+00 5.000000e-02 3.052632e-01 3.51669281e+02
1.025641e+00 5.000000e-02 5.105263e-01 2.29720490e+02
1.025641e+00 5.000000e-02 7.157895e-01 1.60767380e+02
1.025641e+00 5.000000e-02 9.210526e-01 1.16005997e+02
1.025641e+00 5.000000e-02 1.126316e+00 8.54019089e+01
1.025641e+00 5.000000e-02 1.331579e+00 6.38500481e+01
1.025641e+00 5.000000e-02 1.536842e+00 4.83652191e+01
1.025641e+00 5.000000e-02 1.742105e+00 3.70673790e+01
1.025641e+00 5.000000e-02 1.947368e+00 2.87180901e+01
1.025641e+00 5.000000e-02 2.152632e+00 2.24774036e+01
1.025641e+00 5.000000e-02 2.357895e+00 1.77637711e+01
1.025641e+00 5.000000e-02 2.563158e+00 1.41677771e+01
1.025641e+00 5.000000e-02 2.768421e+00 1.13985224e+01
1.025641e+00 5.000000e-02 2.973684e+00 9.24664593e+00
1.025641e+00 5.000000e-02 3.178947e+00 7.55978775e+00
1.025641e+00 5.000000e-02 3.384211e+00 6.22666073e+00
1.025641e+00 5.000000e-02 3.589474e+00 5.16458750e+00
1.025641e+00 5.000000e-02 3.794737e+00 4.31204128e+00
1.025641e+00 5.000000e-02 4.000000e+00 3.62278223e+00
1.025641e+00 3.105263e-01 1.000000e-01 7.43812500e+02
1.025641e+00 3.105263e-01 3.052632e-01 2.17388535e+02
1.025641e+00 3.105263e-01 5.105263e-01 1.28593262e+02
1.025641e+00 3.105263e-01 7.157895e-01 8.46962280e+01
1.025641e+00 3.105263e-01 9.210526e-01 5.86323128e+01
1.025641e+00 3.105263e-01 1.126316e+00 4.19117012e+01
1.025641e+00 3.105263e-01 1.331579e+00 3.06702347e+01
1.025641e+00 3.105263e-01 1.536842e+00 2.28641815e+01
1.025641e+00 3.105263e-01 1.742105e+00 1.73116589e+01
1.025641e+00 3.105263e-01 1.947368e+00 1.32865391e+01
1.025641e+00 3.105263e-01 2.152632e+00 1.03220882e+01
1.025641e+00 3.105263e-01 2.357895e+00 8.10876369e+00
1.025641e+00 3.105263e-01 2.563158e+00 6.43577862e+00
1.025641e+00 3.105263e-01 2.768421e+00 5.15700912e+00
1.025641e+00 3.105263e-01 2.973684e+00 4.16932821e+00
1.025641e+00 3.105263e-01 3.178947e+00 3.39904666e+00
1.025641e+00 3.105263e-01 3.384211e+00 2.79283381e+00
1.025641e+00 3.105263e-01 3.589474e+00 2.31163764e+00
1.025641e+00 3.105263e-01 3.794737e+00 1.92656839e+00
1.025641e+00 3.105263e-01 4.000000e+00 1.61606157e+00
1.025641e+00 5.710526e-01 1.000000e-01 6.11026917e+02
1.025641e+00 5.710526e-01 3.052632e-01 1.53746597e+02
1.025641e+00 5.710526e-01 5.105263e-01 8.50471420e+01
1.025641e+00 5.710526e-01 7.157895e-01 5.36929665e+01
1.025641e+00 5.710526e-01 9.210526e-01 3.60859489e+01
1.025641e+00 5.710526e-01 1.126316e+00 2.52497883e+01
1.025641e+00 5.710526e-01 1.331579e+00 1.81891899e+01
1.025641e+00 5.710526e-01 1.536842e+00 1.34009304e+01
1.025641e+00 5.710526e-01 1.742105e+00 1.00557232e+01
1.025641e+00 5.710526e-01 1.947368e+00 7.66385031e+00
1.025641e+00 5.710526e-01 2.152632e+00 5.92110682e+00
1.025641e+00 5.710526e-01 2.357895e+00 4.63086224e+00
1.025641e+00 5.710526e-01 2.563158e+00 3.66215277e+00
1.025641e+00 5.710526e-01 2.768421e+00 2.92573166e+00
1.025641e+00 5.710526e-01 2.973684e+00 2.35949802e+00
1.025641e+00 5.710526e-01 3.178947e+00 1.91954446e+00
1.025641e+00 5.710526e-01 3.384211e+00 1.57437909e+00
1.025641e+00 5.710526e-01 3.589474e+00 1.30110836e+00
1.025641e+00 5.710526e-01 3.794737e+00 1.08293045e+00
1.025641e+00 5.710526e-01 4.000000e+00 9.07342553e-01
1.025641e+00 8.315790e-01 1.000000e-01 4.81331787e+02
1.025641e+00 8.315790e-01 3.052632e-01 1.07714325e+02
1.025641e+00 8.315790e-01 5.105263e-01 5.63765793e+01
1.025641e+00 8.315790e-01 7.157895e-01 3.43758583e+01
1.025641e+00 8.315790e-01 9.210526e-01 2.25496273e+01
1.025641e+00 8.315790e-01 1.126316e+00 1.55042219e+01
1.025641e+00 8.315790e-01 1.331579e+00 1.10256109e+01
1.025641e+00 8.315790e-01 1.536842e+00 8.04501724e+00
1.025641e+00 8.315790e-01 1.742105e+00 5.99247456e+00
1.025641e+00 8.315790e-01 1.947368e+00 4.54108763e+00
1.025641e+00 8.315790e-01 2.152632e+00 3.49268866e+00
1.025641e+00 8.315790e-01 2.357895e+00 2.72175169e+00
1.025641e+00 8.315790e-01 2.563158e+00 2.14609647e+00
1.025641e+00 8.315790e-01 2.768421e+00 1.71040249e+00
1.025641e+00 8.315790e-01 2.973684e+00 1.37660074e+00
1.025641e+00 8.315790e-01 3.178947e+00 1.11802351e+00
1.025641e+00 8.315790e-01 3.384211e+00 9.15661573e-01
1.025641e+00 8.315790e-01 3.589474e+00 7.55794108e-01
1.025641e+00 8.315790e-01 3.794737e+00 6.28386974e-01
1.025641e+00 8.315790e-01 4.000000e+00 5.26012897e-01
1.025641e+00 1.092105e+00 1.000000e-01 3.58878784e+02
1.025641e+00 1.092105e+00 3.052632e-01 7.26853256e+01
1.025641e+00 1.092105e+00 5.105263e-01 3.62280083e+01
1.025641e+00 1.092105e+00 7.157895e-01 2.14303017e+01
1.025641e+00 1.092105e+00 9.210526e-01 1.37660437e+01
1.025641e+00 1.092105e+00 1.126316e+00 9.32351112e+00
1.025641e+00 1.092105e+00 1.331579e+00 6.55742979e+00
1.025641e+00 1.092105e+00 1.536842e+00 4.74544334e+00
1.025641e+00 1.092105e+00 1.742105e+00 3.51265478e+00
1.025641e+00 1.092105e+00 1.947368e+00 2.64904094e+00
1.025641e+00 1.092105e+00 2.152632e+00 2.02971530e+00
1.025641e+00 1.092105e+00 2.357895e+00 1.57689989e+00
1.025641e+00 1.092105e+00 2.563158e+00 1.24033046e+00
1.025641e+00 1.092105e+00 2.768421e+00 9.86520946e-01
1.025641e+00 1.092105e+00 2.973684e+00 7.92659581e-01
1.025641e+00 1.092105e+00 3.178947e+00 6.42858982e-01
1.025641e+00 1.092105e+00 3.384211e+00 5.25872231e-01
1.025641e+00 1.092105e+00 3.589474e+00 4.33615476e-01
1.025641e+00 1.092105e+00 3.794737e+00 3.60200495e-01
1.025641e+00 1.092105e+00 4.000000e+00 3.01286876e-01
1.025641e+00 1.352632e+00 1.000000e-01 2.52106644e+02
1.025641e+00 1.352632e+00 3.052632e-01 4.67810860e+01
1.025641e+00 1.352632e+00 5.105263e-01 2.23026257e+01
1.025641e+00 1.352632e+00 7.157895e-01 1.28381596e+01
1.025641e+00 1.352632e+00 9.210526e-01 8.09469604e+00
1.025641e+00 1.352632e+00 1.126316e+00 5.41011333e+00
1.025641e+00 1.352632e+00 1.331579e+00 3.76842952e+00
1.025641e+00 1.352632e+00 1.536842e+00 2.70758867e+00
1.025641e+00 1.352632e+00 1.742105e+00 1.99334562e+00
1.025641e+00 1.352632e+00 1.947368e+00 1.49698901e+00
1.025641e+00 1.352632e+00 2.152632e+00 1.14325714e+00
1.025641e+00 1.352632e+00 2.357895e+00 8.85892510e-01
1.025641e+00 1.352632e+00 2.563158e+00 6.95342898e-01
1.025641e+00 1.352632e+00 2.768421e+00 5.52103937e-01
1.025641e+00 1.352632e+00 2.973684e+00 4.42976236e-01
1.025641e+00 1.352632e+00 3.178947e+00 3.58829945e-01
1.025641e+00 1.352632e+00 3.384211e+00 2.93233454e-01
1.025641e+00 1.352632e+00 3.589474e+00 2.41580531e-01
1.025641e+00 1.352632e+00 3.794737e+00 2.00529441e-01
1.025641e+00 1.352632e+00 4.000000e+00 1.67622834e-01
1.025641e+00 1.613158e+00 1.000000e-01 1.66492905e+02
1.025641e+00 1.613158e+00 3.052632e-01 2.85878334e+01
1.025641e+00 1.613158e+00 5.105263e-01 1.30818863e+01
1.025641e+00 1.613158e+00 7.157895e-01 7.34512234e+00
1.025641e+00 1.613158e+00 9.210526e-01 4.55398035e+00
1.025641e+00 1.613158e+00 1.126316e+00 3.00772572e+00
1.025641e+00 1.613158e+00 1.331579e+00 2.07708144e+00
1.025641e+00 1.613158e+00 1.536842e+00 1.48291481e+00
1.025641e+00 1.613158e+00 1.742105e+00 1.08652222e+00
1.025641e+00 1.613158e+00 1.947368e+00 8.12986791e-01
1.025641e+00 1.613158e+00 2.152632e+00 6.19108677e-01
1.025641e+00 1.613158e+00 2.357895e+00 4.78652775e-01
1.025641e+00 1.613158e+00 2.563158e+00 3.75011176e-01
1.025641e+00 1.613158e+00 2.768421e+00 2.97316074e-01
1.025641e+00 1.613158e+00 2.973684e+00 2.38255665e-01
1.025641e+00 1.613158e+00 3.178947e+00 1.92798689e-01
1.025641e+00 1.613158e+00 3.384211e+00 1.57416463e-01
1.025641e+00 1.613158e+00 3.589474e+00 1.29591331e-01
1.025641e+00 1.613158e+00 3.794737e+00 1.07502058e-01
1.025641e+00 1.613158e+00 4.000000e+00 8.98114368e-02
1.025641e+00 1.873684e+00 1.000000e-01 1.03234528e+02
1.025641e+00 1.873684e+00 3.052632e-01 1.65467644e+01
1.025641e+00 1.873684e+00 5.105263e-01 7.29037762e+00
1.025641e+00 1.873684e+00 7.157895e-01 4.00043774e+00
1.025641e+00 1.873684e+00 9.210526e-01 2.44245911e+00
1.025641e+00 1.873684e+00 1.126316e+00 1.59587824e+00
1.025641e+00 1.873684e+00 1.331579e+00 1.09358025e+00
1.025641e+00 1.873684e+00 1.536842e+00 7.76319861e-01
1.025641e+00 1.873684e+00 1.742105e+00 5.66386461e-01
1.025641e+00 1.873684e+00 1.947368e+00 4.22420561e-01
1.025641e+00 1.873684e+00 2.152632e+00 3.20871562e-01
1.025641e+00 1.873684e+00 2.357895e+00 2.47581318e-01
1.025641e+00 1.873684e+00 2.563158e+00 1.93662599e-01
1.025641e+00 1.873684e+00 2.768421e+00 1.53339326e-01
1.025641e+00 1.873684e+00 2.973684e+00 1.22746795e-01
1.025641e+00 1.873684e+00 3.178947e+00 9.92386863e-02
1.025641e+00 1.873684e+00 3.384211e+00 8.09651688e-02
1.025641e+00 1.873684e+00 3.589474e+00 6.66108504e-02
1.025641e+00 1.873684e+00 3.794737e+00 5.52261174e-02
1.025641e+00 1.873684e+00 4.000000e+00 4.61160243e-02
1.025641e+00 2.134211e+00 1.000000e-01 6.00483780e+01
1.025641e+00 2.134211e+00 3.052632e-01 9.05743980e+00
1.025641e+00 2.134211e+00 5.105263e-01 3.85377645e+00
1.025641e+00 2.134211e+00 7.157895e-01 2.07029080e+00
1.025641e+00 2.134211e+00 9.210526e-01 1.24631393e+00
1.025641e+00 2.134211e+00 1.126316e+00 8.06366086e-01
1.025641e+00 2.134211e+00 1.331579e+00 5.48695266e-01
1.025641e+00 2.134211e+00 1.536842e+00 3.87516320e-01
1.025641e+00 2.134211e+00 1.742105e+00 2.81642556e-01
1.025641e+00 2.134211e+00 1.947368e+00 2.09443092e-01
1.025641e+00 2.134211e+00 2.152632e+00 1.58735067e-01
1.025641e+00 2.134211e+00 2.357895e+00 1.22260906e-01
1.025641e+00 2.134211e+00 2.563158e+00 9.54988152e-02
1.025641e+00 2.134211e+00 2.768421e+00 7.55271912e-02
1.025641e+00 2.134211e+00 2.973684e+00 6.04016222e-02
1.025641e+00 2.134211e+00 3.178947e+00 4.87949848e-02
1.025641e+00 2.134211e+00 3.384211e+00 3.97834852e-02
1.025641e+00 2.134211e+00 3.589474e+00 3.27117629e-02
1.025641e+00 2.134211e+00 3.794737e+00 2.71077119e-02
1.025641e+00 2.134211e+00 4.000000e+00 2.26265937e-02
1.025641e+00 2.394737e+00 1.000000e-01 3.27457695e+01
1.025641e+00 2.394737e+00 3.052632e-01 4.68368387e+00
1.025641e+00 2.394737e+00 5.105263e-01 1.93031526e+00
1.025641e+00 2.394737e+00 7.157895e-01 1.01694655e+00
1.025641e+00 2.394737e+00 9.210526e-01 6.04324043e-01
1.025641e+00 2.394737e+00 1.126316e+00 3.87502939e-01
1.025641e+00 2.394737e+00 1.331579e+00 2.61995435e-01
1.025641e+00 2.394737e+00 1.536842e+00 1.84174150e-01
1.025641e+00 2.394737e+00 1.742105e+00 1.33392826e-01
1.025641e+00 2.394737e+00 1.947368e+00 9.89376232e-02
1.025641e+00 2.394737e+00 2.152632e+00 7.48321638e-02
1.025641e+00 2.394737e+00 2.357895e+00 5.75456508e-02
1.025641e+00 2.394737e+00 2.563158e+00 4.48922515e-02
1.025641e+00 2.394737e+00 2.768421e+00 3.54674570e-02
1.025641e+00 2.394737e+00 2.973684e+00 2.83404086e-02
1.025641e+00 2.394737e+00 3.178947e+00 2.28784718e-02
1.025641e+00 2.394737e+00 3.384211e+00 1.86422709e-02
1.025641e+00 2.394737e+00 3.589474e+00 1.53208049e-02
1.025641e+00 2.394737e+00 3.794737e+00 1.26906577e-02
1.025641e+00 2.394737e+00 4.000000e+00 1.05888639e-02
1.025641e+00 2.655263e+00 1.000000e-01 1.67330017e+01
1.025641e+00 2.655263e+00 3.052632e-01 2.28597116e+00
1.025641e+00 2.655263e+00 5.105263e-01 9.15459692e-01
1.025641e+00 2.655263e+00 7.157895e-01 4.73783612e-01
1.025641e+00 2.655263e+00 9.210526e-01 2.78239936e-01
1.025641e+00 2.655263e+00 1.126316e+00 1.76958695e-01
1.025641e+00 2.655263e+00 1.331579e+00 1.18949912e-01
1.025641e+00 2.655263e+00 1.536842e+00 8.32650959e-02
1.025641e+00 2.655263e+00 1.742105e+00 6.01183549e-02
1.025641e+00 2.655263e+00 1.947368e+00 4.44845036e-02
1.025641e+00 2.655263e+00 2.152632e+00 3.35848108e-02
1.025641e+00 2.655263e+00 2.357895e+00 2.57897172e-02
1.025641e+00 2.655263e+00 2.563158e+00 2.00960115e-02
1.025641e+00 2.655263e+00 2.768421e+00 1.58623811e-02
1.025641e+00 2.655263e+00 2.973684e+00 1.26653062e-02
1.025641e+00 2.655263e+00 3.178947e+00 1.02179665e-02
1.025641e+00 2.655263e+00 3.384211e+00 8.32160283e-03
1.025641e+00 2.655263e+00 3.589474e+00 6.83590816e-03
1.025641e+00 2.655263e+00 3.794737e+00 5.66021912e-03
1.025641e+00 2.655263e+00 4.000000e+00 4.72123735e-03
1.025641e+00 2.915789e+00 1.000000e-01 8.00907612e+00
1.025641e+00 2.915789e+00 3.052632e-01 1.05220366e+00
1.025641e+00 2.915789e+00 5.105263e-01 4.10784245e-01
1.025641e+00 2.915789e+00 7.157895e-01 2.09221482e-01
1.025641e+00 2.915789e+00 9.210526e-01 1.21566042e-01
1.025641e+00 2.915789e+00 1.126316e+00 7.67457560e-02
1.025641e+00 2.915789e+00 1.331579e+00 5.13175726e-02
1.025641e+00 2.915789e+00 1.536842e+00 3.57858799e-02
1.025641e+00 2.915789e+00 1.742105e+00 2.57650912e-02
1.025641e+00 2.915789e+00 1.947368e+00 1.90242864e-02
1.025641e+00 2.915789e+00 2.152632e+00 1.43394936e-02
1.025641e+00 2.915789e+00 2.357895e+00 1.09971780e-02
1.025641e+00 2.915789e+00 2.563158e+00 8.56055133e-03
1.025641e+00 2.915789e+00 2.768421e+00 6.75152428e-03
1.025641e+00 2.915789e+00 2.973684e+00 5.38712926e-03
1.025641e+00 2.915789e+00 3.178947e+00 4.34372993e-03
1.025641e+00 2.915789e+00 3.384211e+00 3.53591354e-03
1.025641e+00 2.915789e+00 3.589474e+00 2.90347380e-03
1.025641e+00 2.915789e+00 3.794737e+00 2.40329443e-03
1.025641e+00 2.915789e+00 4.000000e+00 2.00402108e-03
1.025641e+00 3.176316e+00 1.000000e-01 3.58945680e+00
1.025641e+00 3.176316e+00 3.052632e-01 4.56371248e-01
1.025641e+00 3.176316e+00 5.105263e-01 1.74270391e-01
1.025641e+00 3.176316e+00 7.157895e-01 8.75146165e-02
1.025641e+00 3.176316e+00 9.210526e-01 5.03700450e-02
1.025641e+00 3.176316e+00 1.126316e+00 3.15905139e-02
1.025641e+00 3.176316e+00 1.331579e+00 2.10249871e-02
1.025641e+00 3.176316e+00 1.536842e+00 1.46119436e-02
1.025641e+00 3.176316e+00 1.742105e+00 1.04939295e-02
1.025641e+00 3.176316e+00 1.947368e+00 7.73382047e-03
1.025641e+00 3.176316e+00 2.152632e+00 5.82085829e-03
1.025641e+00 3.176316e+00 2.357895e+00 4.45902860e-03
1.025641e+00 3.176316e+00 2.563158e+00 3.46791535e-03
1.025641e+00 3.176316e+00 2.768421e+00 2.73307739e-03
1.025641e+00 3.176316e+00 2.973684e+00 2.17945408e-03
1.025641e+00 3.176316e+00 3.178947e+00 1.75646273e-03
1.025641e+00 3.176316e+00 3.384211e+00 1.42921123e-03
1.025641e+00 3.176316e+00 3.589474e+00 1.17316772e-03
1.025641e+00 3.176316e+00 3.794737e+00 9.70777764e-04
1.025641e+00 3.176316e+00 4.000000e+00 8.09286837e-04
1.025641e+00 3.436842e+00 1.000000e-01 1.50584102e+00
1.025641e+00 3.436842e+00 3.052632e-01 1.86362788e-01
1.025641e+00 3.436842e+00 5.105263e-01 6.98384792e-02
1.025641e+00 3.436842e+00 7.157895e-01 3.46458144e-02
1.025641e+00 3.436842e+00 9.210526e-01 1.97770130e-02
1.025641e+00 3.436842e+00 1.126316e+00 1.23324227e-02
1.025641e+00 3.436842e+00 1.331579e+00 8.17428902e-03
1.025641e+00 3.436842e+00 1.536842e+00 5.66411251e-03
1.025641e+00 3.436842e+00 1.742105e+00 4.05889191e-03
1.025641e+00 3.436842e+00 1.947368e+00 2.98636639e-03
1.025641e+00 3.436842e+00 2.152632e+00 2.24483362e-03
1.025641e+00 3.436842e+00 2.357895e+00 1.71792810e-03
1.025641e+00 3.436842e+00 2.563158e+00 1.33502646e-03
1.025641e+00 3.436842e+00 2.768421e+00 1.05146714e-03
1.025641e+00 3.436842e+00 2.973684e+00 8.38040374e-04
1.025641e+00 3.436842e+00 3.178947e+00 6.75099844e-04
1.025641e+00 3.436842e+00 3.384211e+00 5.49121469e-04
1.025641e+00 3.436842e+00 3.589474e+00 4.50608437e-04
1.025641e+00 3.436842e+00 3.794737e+00 3.72773444e-04
1.025641e+00 3.436842e+00 4.000000e+00 3.10692238e-04
1.025641e+00 3.697368e+00 1.000000e-01 5.91172099e-01
1.025641e+00 3.697368e+00 3.052632e-01 7.15883598e-02
1.025641e+00 3.697368e+00 5.105263e-01 2.64115371e-02
1.025641e+00 3.697368e+00 7.157895e-01 1.29682291e-02
1.025641e+00 3.697368e+00 9.210526e-01 7.35100964e-03
1.025641e+00 3.697368e+00 1.126316e+00 4.56147455e-03
1.025641e+00 3.697368e+00 1.331579e+00 3.01290629e-03
1.025641e+00 3.697368e+00 1.536842e+00 2.08238675e-03
1.025641e+00 3.697368e+00 1.742105e+00 1.48942298e-03
1.025641e+00 3.697368e+00 1.947368e+00 1.09430100e-03
1.025641e+00 3.697368e+00 2.152632e+00 8.21682159e-04
1.025641e+00 3.697368e+00 2.357895e+00 6.28281559e-04
1.025641e+00 3.697368e+00 2.563158e+00 4.87915240e-04
1.025641e+00 3.697368e+00 2.768421e+00 3.84072715e-04
1.025641e+00 3.697368e+00 2.973684e+00 3.05975962e-04
1.025641e+00 3.697368e+00 3.178947e+00 2.46393785e-04
1.025641e+00 3.697368e+00 3.384211e+00 2.00353083e-04
1.025641e+00 3.697368e+00 3.589474e+00 1.64366036e-04
1.025641e+00 3.697368e+00 3.794737e+00 1.35944123e-04
1.025641e+00 3.697368e+00 4.000000e+00 1.13282375e-04
1.025641e+00 3.957895e+00 1.000000e-01 2.17132092e-01
1.025641e+00 3.957895e+00 3.052632e-01 2.58451756e-02
1.025641e+00 3.957895e+00 5.105263e-01 9.41535924e-03
1.025641e+00 3.957895e+00 7.157895e-01 4.58411500e-03
1.025641e+00 3.957895e+00 9.210526e-01 2.58346670e-03
1.025641e+00 3.957895e+00 1.126316e+00 1.59657805e-03
1.025641e+00 3.957895e+00 1.331579e+00 1.05148403e-03
1.025641e+00 3.957895e+00 1.536842e+00 7.25196034e-04
1.025641e+00 3.957895e+00 1.742105e+00 5.17879147e-04
1.025641e+00 3.957895e+00 1.947368e+00 3.80040554e-04
1.025641e+00 3.957895e+00 2.152632e+00 2.85102637e-04
1.025641e+00 3.957895e+00 2.357895e+00 2.17841793e-04
1.025641e+00 3.957895e+00 2.563158e+00 1.69077073e-04
1.025641e+00 3.957895e+00 2.768421e+00 1.33031761e-04
1.025641e+00 3.957895e+00 2.973684e+00 1.05941712e-04
1.025641e+00 3.957895e+00 3.178947e+00 8.52852827e-05
1.025641e+00 3.957895e+00 3.384211e+00 6.93310285e-05
1.025641e+00 3.957895e+00 3.589474e+00 5.68654214e-05
1.025641e+00 3.957895e+00 3.794737e+00 4.70235464e-05
1.025641e+00 3.957895e+00 4.000000e+00 3.91784670e-05
1.025641e+00 4.218421e+00 1.000000e-01 7.45954439e-02
1.025641e+00 4.218421e+00 3.052632e-01 8.76164902e-03
1.025641e+00 4.218421e+00 5.105263e-01 3.16016073e-03
1.025641e+00 4.218421e+00 7.157895e-01 1.52825937e-03
1.025641e+00 4.218421e+00 9.210526e-01 8.57274164e-04
1.025641e+00 4.218421e+00 1.126316e+00 5.28052507e-04
1.025641e+00 4.218421e+00 1.331579e+00 3.46946472e-04
1.025641e+00 4.218421e+00 1.536842e+00 2.38872017e-04
1.025641e+00 4.218421e+00 1.742105e+00 1.70365704e-04
1.025641e+00 4.218421e+00 1.947368e+00 1.24900514e-04
1.025641e+00 4.218421e+00 2.152632e+00 9.36293873e-05
1.025641e+00 4.218421e+00 2.357895e+00 7.14990892e-05
1.025641e+00 4.218421e+00 2.563158e+00 5.54681465e-05
1.025641e+00 4.218421e+00 2.768421e+00 4.36266200e-05
1.025641e+00 4.218421e+00 2.973684e+00 3.47320965e-05
1.025641e+00 4.218421e+00 3.178947e+00 2.79530232e-05
1.025641e+00 4.218421e+00 3.384211e+00 2.27190540e-05
1.025641e+00 4.218421e+00 3.589474e+00 1.86308989e-05
1.025641e+00 4.218421e+00 3.794737e+00 1.54040445e-05
1.025641e+00 4.218421e+00 4.000000e+00 1.28324336e-05
1.025641e+00 4.478947e+00 1.000000e-01 2.39657667e-02
1.025641e+00 4.478947e+00 3.052632e-01 2.78670550e-03
1.025641e+00 4.478947e+00 5.105263e-01 9.97434137e-04
1.025641e+00 4.478947e+00 7.157895e-01 4.79841401e-04
1.025641e+00 4.478947e+00 9.210526e-01 2.68187927e-04
1.025641e+00 4.478947e+00 1.126316e+00 1.64768586e-04
1.025641e+00 4.478947e+00 1.331579e+00 1.08056920e-04
1.025641e+00 4.478947e+00 1.536842e+00 7.42960256e-05
1.025641e+00 4.478947e+00 1.742105e+00 5.29352110e-05
1.025641e+00 4.478947e+00 1.947368e+00 3.87789005e-05
1.025641e+00 4.478947e+00 2.152632e+00 2.90528278e-05
1.025641e+00 4.478947e+00 2.357895e+00 2.21756491e-05
1.025641e+00 4.478947e+00 2.563158e+00 1.71973879e-05
1.025641e+00 4.478947e+00 2.768421e+00 1.35220262e-05
1.025641e+00 4.478947e+00 2.973684e+00 1.07625847e-05
1.025641e+00 4.478947e+00 3.178947e+00 8.66020218e-06
1.025641e+00 4.478947e+00 3.384211e+00 7.03746628e-06
1.025641e+00 4.478947e+00 3.589474e+00 5.77030642e-06
1.025641e+00 4.478947e+00 3.794737e+00 4.77032154e-06
1.025641e+00 4.478947e+00 4.000000e+00 3.97353460e-06
1.025641e+00 4.739474e+00 1.000000e-01 7.19918590e-03
1.025641e+00 4.739474e+00 3.052632e-01 8.30904639e-04
1.025641e+00 4.739474e+00 5.105263e-01 2.95700389e-04
1.025641e+00 4.739474e+00 7.157895e-01 1.41693643e-04
1.025641e+00 4.739474e+00 9.210526e-01 7.89755941e-05
1.025641e+00 4.739474e+00 1.126316e+00 4.84255943e-05
1.025641e+00 4.739474e+00 1.331579e+00 3.17129925e-05
1.025641e+00 4.739474e+00 1.536842e+00 2.17820816e-05
1.025641e+00 4.739474e+00 1.742105e+00 1.55075522e-05
1.025641e+00 4.739474e+00 1.947368e+00 1.13537772e-05
1.025641e+00 4.739474e+00 2.152632e+00 8.50234755e-06
1.025641e+00 4.739474e+00 2.357895e+00 6.48746391e-06
1.025641e+00 4.739474e+00 2.563158e+00 5.02965986e-06
1.025641e+00 4.739474e+00 2.768421e+00 3.95385132e-06
1.025641e+00 4.739474e+00 2.973684e+00 3.14640715e-06
1.025641e+00 4.739474e+00 3.178947e+00 2.53139660e-06
1.025641e+00 4.739474e+00 3.384211e+00 2.05680544e-06
1.025641e+00 4.739474e+00 3.589474e+00 1.68627594e-06
1.025641e+00 4.739474e+00 3.794737e+00 1.39391602e-06
1.025641e+00 4.739474e+00 4.000000e+00 1.16099852e-06
1.025641e+00 5.000000e+00 1.000000e-01 2.02173810e-03
1.025641e+00 5.000000e+00 3.052632e-01 2.32091348e-04
1.025641e+00 5.000000e+00 5.105263e-01 8.22515140e-05
1.025641e+00 5.000000e+00 7.157895e-01 3.92992879e-05
1.025641e+00 5.000000e+00 9.210526e-01 2.18597197e-05
1.025641e+00 5.000000e+00 1.126316e+00 1.33843350e-05
1.025641e+00 5.000000e+00 1.331579e+00 8.75596015e-06
1.025641e+00 5.000000e+00 1.536842e+00 6.00941530e-06
1.025641e+00 5.000000e+00 1.742105e+00 4.27590203e-06
1.025641e+00 5.000000e+00 1.947368e+00 3.12922816e-06
1.025641e+00 5.000000e+00 2.152632e+00 2.34255708e-06
1.025641e+00 5.000000e+00 2.357895e+00 1.78695234e-06
1.025641e+00 5.000000e+00 2.563158e+00 1.38511803e-06
1.025641e+00 5.000000e+00 2.768421e+00 1.08866789e-06
1.025641e+00 5.000000e+00 2.973684e+00 8.66224923e-07
1.025641e+00 5.000000e+00 3.178947e+00 6.96828806e-07
1.025641e+00 5.000000e+00 3.384211e+00 5.66132769e-07
1.025641e+00 5.000000e+00 3.589474e+00 4.64107558e-07
1.025641e+00 5.000000e+00 3.794737e+00 3.83616054e-07
1.025641e+00 5.000000e+00 4.000000e+00 3.19496934e-07
1.282051e+00 5.000000e-02 1.000000e-01 5.43996216e+02
1.282051e+00 5.000000e-02 3.052632e-01 2.08658844e+02
1.282051e+00 5.000000e-02 5.105263e-01 1.42762909e+02
1.282051e+00 5.000000e-02 7.157895e-01 1.02774254e+02
1.282051e+00 5.000000e-02 9.210526e-01 7.63225098e+01
1.282051e+00 5.000000e-02 1.126316e+00 5.79559326e+01
1.282051e+00 5.000000e-02 1.331579e+00 4.47311325e+01
1.282051e+00 5.000000e-02 1.536842e+00 3.49535751e+01
1.282051e+00 5.000000e-02 1.742105e+00 2.75867920e+01
1.282051e+00 5.000000e-02 1.947368e+00 2.19595242e+01
1.282051e+00 5.000000e-02 2.152632e+00 1.76156483e+01
1.282051e+00 5.000000e-02 2.357895e+00 1.42331839e+01
1.282051e+00 5.000000e-02 2.563158e+00 1.15791683e+01
1.282051e+00 5.000000e-02 2.768421e+00 9.48229599e+00
1.282051e+00 5.000000e-02 2.973684e+00 7.81446123e+00
1.282051e+00 5.000000e-02 3.178947e+00 6.47947836e+00
1.282051e+00 5.000000e-02 3.384211e+00 5.40431452e+00
1.282051e+00 5.000000e-02 3.589474e+00 4.53312016e+00
1.282051e+00 5.000000e-02 3.794737e+00 3.82303286e+00
1.282051e+00 5.000000e-02 4.000000e+00 3.24104404e+00
1.282051e+00 3.105263e-01 1.000000e-01 4.24739685e+02
1.282051e+00 3.105263e-01 3.052632e-01 1.24376770e+02
1.282051e+00 3.105263e-01 5.105263e-01 7.89590988e+01
1.282051e+00 3.105263e-01 7.157895e-01 5.40226212e+01
1.282051e+00 3.105263e-01 9.210526e-01 3.86197052e+01
1.282051e+00 3.105263e-01 1.126316e+00 2.84955196e+01
1.282051e+00 3.105263e-01 1.331579e+00 2.15216770e+01
1.282051e+00 3.105263e-01 1.536842e+00 1.65431557e+01
1.282051e+00 3.105263e-01 1.742105e+00 1.28933916e+01
1.282051e+00 3.105263e-01 1.947368e+00 1.01636515e+01
1.282051e+00 3.105263e-01 2.152632e+00 8.09072590e+00
1.282051e+00 3.105263e-01 2.357895e+00 6.49712420e+00
1.282051e+00 3.105263e-01 2.563158e+00 5.25938225e+00
1.282051e+00 3.105263e-01 2.768421e+00 4.28936291e+00
1.282051e+00 3.105263e-01 2.973684e+00 3.52292633e+00
1.282051e+00 3.105263e-01 3.178947e+00 2.91273689e+00
1.282051e+00 3.105263e-01 3.384211e+00 2.42351747e+00
1.282051e+00 3.105263e-01 3.589474e+00 2.02860069e+00
1.282051e+00 3.105263e-01 3.794737e+00 1.70777929e+00
1.282051e+00 3.105263e-01 4.000000e+00 1.44553041e+00
1.282051e+00 5.710526e-01 1.000000e-01 3.45893494e+02
1.282051e+00 5.710526e-01 3.052632e-01 8.56838226e+01
1.282051e+00 5.710526e-01 5.105263e-01 5.16613235e+01
1.282051e+00 5.710526e-01 7.157895e-01 3.41289101e+01
1.282051e+00 5.710526e-01 9.210526e-01 2.37582760e+01
1.282051e+00 5.710526e-01 1.126316e+00 1.71766167e+01
1.282051e+00 5.710526e-01 1.331579e+00 1.27723522e+01
1.282051e+00 5.710526e-01 1.536842e+00 9.70140648e+00
1.282051e+00 5.710526e-01 1.742105e+00 7.49179840e+00
1.282051e+00 5.710526e-01 1.947368e+00 5.86348391e+00
1.282051e+00 5.710526e-01 2.152632e+00 4.64126205e+00
1.282051e+00 5.710526e-01 2.357895e+00 3.71024680e+00
1.282051e+00 5.710526e-01 2.563158e+00 2.99242377e+00
1.282051e+00 5.710526e-01 2.768421e+00 2.43315482e+00
1.282051e+00 5.710526e-01 2.973684e+00 1.99338102e+00
1.282051e+00 5.710526e-01 3.178947e+00 1.64465690e+00
1.282051e+00 5.710526e-01 3.384211e+00 1.36596787e+00
1.282051e+00 5.710526e-01 3.589474e+00 1.14163756e+00
1.282051e+00 5.710526e-01 3.794737e+00 9.59819198e-01
1.282051e+00 5.710526e-01 4.000000e+00 8.11494231e-01
1.282051e+00 8.315790e-01 1.000000e-01 2.71112061e+02
1.282051e+00 8.315790e-01 3.052632e-01 5.86830254e+01
1.282051e+00 8.315790e-01 5.105263e-01 3.38886261e+01
1.282051e+00 8.315790e-01 7.157895e-01 2.17595463e+01
1.282051e+00 8.315790e-01 9.210526e-01 1.48271561e+01
1.282051e+00 8.315790e-01 1.126316e+00 1.05453663e+01
1.282051e+00 8.315790e-01 1.331579e+00 7.74351358e+00
1.282051e+00 8.315790e-01 1.536842e+00 5.82524157e+00
1.282051e+00 8.315790e-01 1.742105e+00 4.46511793e+00
1.282051e+00 8.315790e-01 1.947368e+00 3.47442698e+00
1.282051e+00 8.315790e-01 2.152632e+00 2.73762822e+00
1.282051e+00 8.315790e-01 2.357895e+00 2.18048263e+00
1.282051e+00 8.315790e-01 2.563158e+00 1.75341094e+00
1.282051e+00 8.315790e-01 2.768421e+00 1.42224467e+00
1.282051e+00 8.315790e-01 2.973684e+00 1.16283596e+00
1.282051e+00 8.315790e-01 3.178947e+00 9.57783818e-01
1.282051e+00 8.315790e-01 3.384211e+00 7.94347048e-01
1.282051e+00 8.315790e-01 3.589474e+00 6.63078785e-01
1.282051e+00 8.315790e-01 3.794737e+00 5.56885242e-01
1.282051e+00 8.315790e-01 4.000000e+00 4.70397264e-01
1.282051e+00 1.092105e+00 1.000000e-01 2.01529083e+02
1.282051e+00 1.092105e+00 3.052632e-01 3.87945175e+01
1.282051e+00 1.092105e+00 5.105263e-01 2.15553627e+01
1.282051e+00 1.092105e+00 7.157895e-01 1.35037041e+01
1.282051e+00 1.092105e+00 9.210526e-01 9.03558159e+00
1.282051e+00 1.092105e+00 1.126316e+00 6.33783579e+00
1.282051e+00 1.092105e+00 1.331579e+00 4.60483837e+00
1.282051e+00 1.092105e+00 1.536842e+00 3.43606520e+00
1.282051e+00 1.092105e+00 1.742105e+00 2.61732674e+00
1.282051e+00 1.092105e+00 1.947368e+00 2.02670574e+00
1.282051e+00 1.092105e+00 2.152632e+00 1.59079754e+00
1.282051e+00 1.092105e+00 2.357895e+00 1.26317012e+00
1.282051e+00 1.092105e+00 2.563158e+00 1.01325548e+00
1.282051e+00 1.092105e+00 2.768421e+00 8.20215642e-01
1.282051e+00 1.092105e+00 2.973684e+00 6.69486403e-01
1.282051e+00 1.092105e+00 3.178947e+00 5.50654233e-01
1.282051e+00 1.092105e+00 3.384211e+00 4.56146985e-01
1.282051e+00 1.092105e+00 3.589474e+00 3.80381614e-01
1.282051e+00 1.092105e+00 3.794737e+00 3.19183379e-01
1.282051e+00 1.092105e+00 4.000000e+00 2.69407958e-01
1.282051e+00 1.352632e+00 1.000000e-01 1.41319275e+02
1.282051e+00 1.352632e+00 3.052632e-01 2.45028267e+01
1.282051e+00 1.352632e+00 5.105263e-01 1.31387110e+01
1.282051e+00 1.352632e+00 7.157895e-01 8.05154705e+00
1.282051e+00 1.352632e+00 9.210526e-01 5.30212450e+00
1.282051e+00 1.352632e+00 1.126316e+00 3.67454910e+00
1.282051e+00 1.352632e+00 1.331579e+00 2.64544368e+00
1.282051e+00 1.352632e+00 1.536842e+00 1.96022034e+00
1.282051e+00 1.352632e+00 1.742105e+00 1.48512864e+00
1.282051e+00 1.352632e+00 1.947368e+00 1.14519858e+00
1.282051e+00 1.352632e+00 2.152632e+00 8.95936728e-01
1.282051e+00 1.352632e+00 2.357895e+00 7.09557354e-01
1.282051e+00 1.352632e+00 2.563158e+00 5.67974150e-01
1.282051e+00 1.352632e+00 2.768421e+00 4.58975732e-01
1.282051e+00 1.352632e+00 2.973684e+00 3.74098092e-01
1.282051e+00 1.352632e+00 3.178947e+00 3.07329774e-01
1.282051e+00 1.352632e+00 3.384211e+00 2.54328460e-01
1.282051e+00 1.352632e+00 3.589474e+00 2.11902067e-01
1.282051e+00 1.352632e+00 3.794737e+00 1.77679852e-01
1.282051e+00 1.352632e+00 4.000000e+00 1.49875045e-01
1.282051e+00 1.613158e+00 1.000000e-01 9.32384796e+01
1.282051e+00 1.613158e+00 3.052632e-01 1.47166586e+01
1.282051e+00 1.613158e+00 5.105263e-01 7.63319540e+00
1.282051e+00 1.613158e+00 7.157895e-01 4.58468485e+00
1.282051e+00 1.613158e+00 9.210526e-01 2.97629404e+00
1.282051e+00 1.613158e+00 1.126316e+00 2.04080725e+00
1.282051e+00 1.613158e+00 1.331579e+00 1.45744884e+00
1.282051e+00 1.613158e+00 1.536842e+00 1.07333982e+00
1.282051e+00 1.613158e+00 1.742105e+00 8.09383571e-01
1.282051e+00 1.613158e+00 1.947368e+00 6.21857345e-01
1.282051e+00 1.613158e+00 2.152632e+00 4.85118091e-01
1.282051e+00 1.613158e+00 2.357895e+00 3.83332163e-01
1.282051e+00 1.613158e+00 2.563158e+00 3.06282938e-01
1.282051e+00 1.613158e+00 2.768421e+00 2.47138023e-01
1.282051e+00 1.613158e+00 2.973684e+00 2.01187894e-01
1.282051e+00 1.613158e+00 3.178947e+00 1.65111333e-01
1.282051e+00 1.613158e+00 3.384211e+00 1.36518925e-01
1.282051e+00 1.613158e+00 3.589474e+00 1.13661997e-01
1.282051e+00 1.613158e+00 3.794737e+00 9.52452719e-02
1.282051e+00 1.613158e+00 4.000000e+00 8.02970231e-02
1.282051e+00 1.873684e+00 1.000000e-01 5.77881012e+01
1.282051e+00 1.873684e+00 3.052632e-01 8.38400173e+00
1.282051e+00 1.873684e+00 5.105263e-01 4.21512175e+00
1.282051e+00 1.873684e+00 7.157895e-01 2.48526311e+00
1.282051e+00 1.873684e+00 9.210526e-01 1.59262788e+00
1.282051e+00 1.873684e+00 1.126316e+00 1.08164978e+00
1.282051e+00 1.873684e+00 1.331579e+00 7.66936123e-01
1.282051e+00 1.873684e+00 1.536842e+00 5.61742008e-01
1.282051e+00 1.873684e+00 1.742105e+00 4.21839029e-01
1.282051e+00 1.873684e+00 1.947368e+00 3.23065072e-01
1.282051e+00 1.873684e+00 2.152632e+00 2.51394778e-01
1.282051e+00 1.873684e+00 2.357895e+00 1.98253751e-01
1.282051e+00 1.873684e+00 2.563158e+00 1.58152416e-01
1.282051e+00 1.873684e+00 2.768421e+00 1.27446800e-01
1.282051e+00 1.873684e+00 2.973684e+00 1.03639849e-01
1.282051e+00 1.873684e+00 3.178947e+00 8.49799067e-02
1.282051e+00 1.873684e+00 3.384211e+00 7.02111796e-02
1.282051e+00 1.873684e+00 3.589474e+00 5.84186539e-02
1.282051e+00 1.873684e+00 3.794737e+00 4.89264280e-02
1.282051e+00 1.873684e+00 4.000000e+00 4.12281901e-02
1.282051e+00 2.134211e+00 1.000000e-01 3.36106796e+01
1.282051e+00 2.134211e+00 3.052632e-01 4.52349758e+00
1.282051e+00 2.134211e+00 5.105263e-01 2.20894241e+00
1.282051e+00 2.134211e+00 7.157895e-01 1.28028476e+00
1.282051e+00 2.134211e+00 9.210526e-01 8.10795069e-01
1.282051e+00 2.134211e+00 1.126316e+00 5.45913875e-01
1.282051e+00 2.134211e+00 1.331579e+00 3.84580493e-01
1.282051e+00 2.134211e+00 1.536842e+00 2.80314118e-01
1.282051e+00 2.134211e+00 1.742105e+00 2.09720850e-01
1.282051e+00 2.134211e+00 1.947368e+00 1.60155609e-01
1.282051e+00 2.134211e+00 2.152632e+00 1.24348477e-01
1.282051e+00 2.134211e+00 2.357895e+00 9.78905186e-02
1.282051e+00 2.134211e+00 2.563158e+00 7.79797733e-02
1.282051e+00 2.134211e+00 2.768421e+00 6.27677515e-02
1.282051e+00 2.134211e+00 2.973684e+00 5.09947836e-02
1.282051e+00 2.134211e+00 3.178947e+00 4.17806804e-02
1.282051e+00 2.134211e+00 3.384211e+00 3.44967991e-02
1.282051e+00 2.134211e+00 3.589474e+00 2.86868215e-02
1.282051e+00 2.134211e+00 3.794737e+00 2.40140762e-02
1.282051e+00 2.134211e+00 4.000000e+00 2.02273075e-02
1.282051e+00 2.394737e+00 1.000000e-01 1.83308487e+01
1.282051e+00 2.394737e+00 3.052632e-01 2.30894160e+00
1.282051e+00 2.394737e+00 5.105263e-01 1.09751081e+00
1.282051e+00 2.394737e+00 7.157895e-01 6.26129448e-01
1.282051e+00 2.394737e+00 9.210526e-01 3.92256320e-01
1.282051e+00 2.394737e+00 1.126316e+00 2.62039334e-01
1.282051e+00 2.394737e+00 1.331579e+00 1.83522150e-01
1.282051e+00 2.394737e+00 1.536842e+00 1.33179232e-01
1.282051e+00 2.394737e+00 1.742105e+00 9.93075073e-02
1.282051e+00 2.394737e+00 1.947368e+00 7.56428689e-02
1.282051e+00 2.394737e+00 2.152632e+00 5.86138815e-02
1.282051e+00 2.394737e+00 2.357895e+00 4.60697077e-02
1.282051e+00 2.394737e+00 2.563158e+00 3.66531163e-02
1.282051e+00 2.394737e+00 2.768421e+00 2.94728503e-02
1.282051e+00 2.394737e+00 2.973684e+00 2.39247940e-02
1.282051e+00 2.394737e+00 3.178947e+00 1.95882656e-02
1.282051e+00 2.394737e+00 3.384211e+00 1.61638912e-02
1.282051e+00 2.394737e+00 3.589474e+00 1.34348851e-02
1.282051e+00 2.394737e+00 3.794737e+00 1.12417759e-02
1.282051e+00 2.394737e+00 4.000000e+00 9.46561061e-03
1.282051e+00 2.655263e+00 1.000000e-01 9.36915874e+00
1.282051e+00 2.655263e+00 3.052632e-01 1.11400175e+00
1.282051e+00 2.655263e+00 5.105263e-01 5.16631603e-01
1.282051e+00 2.655263e+00 7.157895e-01 2.90502995e-01
1.282051e+00 2.655263e+00 9.210526e-01 1.80208519e-01
1.282051e+00 2.655263e+00 1.126316e+00 1.19528823e-01
1.282051e+00 2.655263e+00 1.331579e+00 8.32716748e-02
1.282051e+00 2.655263e+00 1.536842e+00 6.01895303e-02
1.282051e+00 2.655263e+00 1.742105e+00 4.47466485e-02
1.282051e+00 2.655263e+00 1.947368e+00 3.40051763e-02
1.282051e+00 2.655263e+00 2.152632e+00 2.63026338e-02
1.282051e+00 2.655263e+00 2.357895e+00 2.06443705e-02
1.282051e+00 2.655263e+00 2.563158e+00 1.64062232e-02
1.282051e+00 2.655263e+00 2.768421e+00 1.31802773e-02
1.282051e+00 2.655263e+00 2.973684e+00 1.06911743e-02
1.282051e+00 2.655263e+00 3.178947e+00 8.74789245e-03
1.282051e+00 2.655263e+00 3.384211e+00 7.21486239e-03
1.282051e+00 2.655263e+00 3.589474e+00 5.99411875e-03
1.282051e+00 2.655263e+00 3.794737e+00 5.01375133e-03
1.282051e+00 2.655263e+00 4.000000e+00 4.22022957e-03
1.282051e+00 2.915789e+00 1.000000e-01 4.48568583e+00
1.282051e+00 2.915789e+00 3.052632e-01 5.07618904e-01
1.282051e+00 2.915789e+00 5.105263e-01 2.30265066e-01
1.282051e+00 2.915789e+00 7.157895e-01 1.27796441e-01
1.282051e+00 2.915789e+00 9.210526e-01 7.85742402e-02
1.282051e+00 2.915789e+00 1.126316e+00 5.17830923e-02
1.282051e+00 2.915789e+00 1.331579e+00 3.59043181e-02
1.282051e+00 2.915789e+00 1.536842e+00 2.58596763e-02
1.282051e+00 2.915789e+00 1.742105e+00 1.91730540e-02
1.282051e+00 2.915789e+00 1.947368e+00 1.45404832e-02
1.282051e+00 2.915789e+00 2.152632e+00 1.12288883e-02
1.282051e+00 2.915789e+00 2.357895e+00 8.80222023e-03
1.282051e+00 2.915789e+00 2.563158e+00 6.98814727e-03
1.282051e+00 2.915789e+00 2.768421e+00 5.60950441e-03
1.282051e+00 2.915789e+00 2.973684e+00 4.54712054e-03
1.282051e+00 2.915789e+00 3.178947e+00 3.71856126e-03
1.282051e+00 2.915789e+00 3.384211e+00 3.06548201e-03
1.282051e+00 2.915789e+00 3.589474e+00 2.54581287e-03
1.282051e+00 2.915789e+00 3.794737e+00 2.12872052e-03
1.282051e+00 2.915789e+00 4.000000e+00 1.79129199e-03
1.282051e+00 3.176316e+00 1.000000e-01 2.01092863e+00
1.282051e+00 3.176316e+00 3.052632e-01 2.18273968e-01
1.282051e+00 3.176316e+00 5.105263e-01 9.71063301e-02
1.282051e+00 3.176316e+00 7.157895e-01 5.32718636e-02
1.282051e+00 3.176316e+00 9.210526e-01 3.24957334e-02
1.282051e+00 3.176316e+00 1.126316e+00 2.12938767e-02
1.282051e+00 3.176316e+00 1.331579e+00 1.47021133e-02
1.282051e+00 3.176316e+00 1.536842e+00 1.05555793e-02
1.282051e+00 3.176316e+00 1.742105e+00 7.80745083e-03
1.282051e+00 3.176316e+00 1.947368e+00 5.91017399e-03
1.282051e+00 3.176316e+00 2.152632e+00 4.55765193e-03
1.282051e+00 3.176316e+00 2.357895e+00 3.56871146e-03
1.282051e+00 3.176316e+00 2.563158e+00 2.83070328e-03
1.282051e+00 3.176316e+00 2.768421e+00 2.27061776e-03
1.282051e+00 3.176316e+00 2.973684e+00 1.83950108e-03
1.282051e+00 3.176316e+00 3.178947e+00 1.50358072e-03
1.282051e+00 3.176316e+00 3.384211e+00 1.23900385e-03
1.282051e+00 3.176316e+00 3.589474e+00 1.02860993e-03
1.282051e+00 3.176316e+00 3.794737e+00 8.59833148e-04
1.282051e+00 3.176316e+00 4.000000e+00 7.23356963e-04
1.282051e+00 3.436842e+00 1.000000e-01 8.43840182e-01
1.282051e+00 3.436842e+00 3.052632e-01 8.84890184e-02
1.282051e+00 3.436842e+00 5.105263e-01 3.87149639e-02
1.282051e+00 3.436842e+00 7.157895e-01 2.10257713e-02
1.282051e+00 3.436842e+00 9.210526e-01 1.27376691e-02
1.282051e+00 3.436842e+00 1.126316e+00 8.30530468e-03
1.282051e+00 3.436842e+00 1.331579e+00 5.71317924e-03
1.282051e+00 3.436842e+00 1.536842e+00 4.09052521e-03
1.282051e+00 3.436842e+00 1.742105e+00 3.01923743e-03
1.282051e+00 3.436842e+00 1.947368e+00 2.28187814e-03
1.282051e+00 3.436842e+00 2.152632e+00 1.75749126e-03
1.282051e+00 3.436842e+00 2.357895e+00 1.37480092e-03
1.282051e+00 3.436842e+00 2.563158e+00 1.08964171e-03
1.282051e+00 3.436842e+00 2.768421e+00 8.73495301e-04
1.282051e+00 3.436842e+00 2.973684e+00 7.07283325e-04
1.282051e+00 3.436842e+00 3.178947e+00 5.77876461e-04
1.282051e+00 3.436842e+00 3.384211e+00 4.76021582e-04
1.282051e+00 3.436842e+00 3.589474e+00 3.95069452e-04
1.282051e+00 3.436842e+00 3.794737e+00 3.30160517e-04
1.282051e+00 3.436842e+00 4.000000e+00 2.77694606e-04
1.282051e+00 3.697368e+00 1.000000e-01 3.31355155e-01
1.282051e+00 3.697368e+00 3.052632e-01 3.37893814e-02
1.282051e+00 3.697368e+00 5.105263e-01 1.45777510e-02
1.282051e+00 3.697368e+00 7.157895e-01 7.84975290e-03
1.282051e+00 3.697368e+00 9.210526e-01 4.72769607e-03
1.282051e+00 3.697368e+00 1.126316e+00 3.06951324e-03
1.282051e+00 3.697368e+00 1.331579e+00 2.10485794e-03
1.282051e+00 3.697368e+00 1.536842e+00 1.50347571e-03
1.282051e+00 3.697368e+00 1.742105e+00 1.10773707e-03
1.282051e+00 3.697368e+00 1.947368e+00 8.36055377e-04
1.282051e+00 3.697368e+00 2.152632e+00 6.43241277e-04
1.282051e+00 3.697368e+00 2.357895e+00 5.02754992e-04
1.282051e+00 3.697368e+00 2.563158e+00 3.98209173e-04
1.282051e+00 3.697368e+00 2.768421e+00 3.19046463e-04
1.282051e+00 3.697368e+00 2.973684e+00 2.58223299e-04
1.282051e+00 3.697368e+00 3.178947e+00 2.10900820e-04
1.282051e+00 3.697368e+00 3.384211e+00 1.73674998e-04
1.282051e+00 3.697368e+00 3.589474e+00 1.44102625e-04
1.282051e+00 3.697368e+00 3.794737e+00 1.20400706e-04
1.282051e+00 3.697368e+00 4.000000e+00 1.01248479e-04
1.282051e+00 3.957895e+00 1.000000e-01 1.21726699e-01
1.282051e+00 3.957895e+00 3.052632e-01 1.21404873e-02
1.282051e+00 3.957895e+00 5.105263e-01 5.17829275e-03
1.282051e+00 3.957895e+00 7.157895e-01 2.76881736e-03
1.282051e+00 3.957895e+00 9.210526e-01 1.65950786e-03
1.282051e+00 3.957895e+00 1.126316e+00 1.07365742e-03
1.282051e+00 3.957895e+00 1.331579e+00 7.34309200e-04
1.282051e+00 3.957895e+00 1.536842e+00 5.23473951e-04
1.282051e+00 3.957895e+00 1.742105e+00 3.85110237e-04
1.282051e+00 3.957895e+00 1.947368e+00 2.90325726e-04
1.282051e+00 3.957895e+00 2.152632e+00 2.23170820e-04
1.282051e+00 3.957895e+00 2.357895e+00 1.74307585e-04
1.282051e+00 3.957895e+00 2.563158e+00 1.37983734e-04
1.282051e+00 3.957895e+00 2.768421e+00 1.10503446e-04
1.282051e+00 3.957895e+00 2.973684e+00 8.94039331e-05
1.282051e+00 3.957895e+00 3.178947e+00 7.29974781e-05
1.282051e+00 3.957895e+00 3.384211e+00 6.00974381e-05
1.282051e+00 3.957895e+00 3.589474e+00 4.98536174e-05
1.282051e+00 3.957895e+00 3.794737e+00 4.16459952e-05
1.282051e+00 3.957895e+00 4.000000e+00 3.50157934e-05
1.282051e+00 4.218421e+00 1.000000e-01 4.18253578e-02
1.282051e+00 4.218421e+00 3.052632e-01 4.10026638e-03
1.282051e+00 4.218421e+00 5.105263e-01 1.73310190e-03
1.282051e+00 4.218421e+00 7.157895e-01 9.21471044e-04
1.282051e+00 4.218421e+00 9.210526e-01 5.50133351e-04
1.282051e+00 4.218421e+00 1.126316e+00 3.54907854e-04
1.282051e+00 4.218421e+00 1.331579e+00 2.42217138e-04
1.282051e+00 4.218421e+00 1.536842e+00 1.72395768e-04
1.282051e+00 4.218421e+00 1.742105e+00 1.26674116e-04
1.282051e+00 4.218421e+00 1.947368e+00 9.54076677e-05
1.282051e+00 4.218421e+00 2.152632e+00 7.32860499e-05
1.282051e+00 4.218421e+00 2.357895e+00 5.72074678e-05
1.282051e+00 4.218421e+00 2.563158e+00 4.52655659e-05
1.282051e+00 4.218421e+00 2.768421e+00 3.62373175e-05
1.282051e+00 4.218421e+00 2.973684e+00 2.93093763e-05
1.282051e+00 4.218421e+00 3.178947e+00 2.39248820e-05
1.282051e+00 4.218421e+00 3.384211e+00 1.96928031e-05
1.282051e+00 4.218421e+00 3.589474e+00 1.63332352e-05
1.282051e+00 4.218421e+00 3.794737e+00 1.36421804e-05
1.282051e+00 4.218421e+00 4.000000e+00 1.14688191e-05
1.282051e+00 4.478947e+00 1.000000e-01 1.34390658e-02
1.282051e+00 4.478947e+00 3.052632e-01 1.30038382e-03
1.282051e+00 4.478947e+00 5.105263e-01 5.45811607e-04
1.282051e+00 4.478947e+00 7.157895e-01 2.88929819e-04
1.282051e+00 4.478947e+00 9.210526e-01 1.71968917e-04
1.282051e+00 4.478947e+00 1.126316e+00 1.10694571e-04
1.282051e+00 4.478947e+00 1.331579e+00 7.54206267e-05
1.282051e+00 4.478947e+00 1.536842e+00 5.36122498e-05
1.282051e+00 4.478947e+00 1.742105e+00 3.93559021e-05
1.282051e+00 4.478947e+00 1.947368e+00 2.96200251e-05
1.282051e+00 4.478947e+00 2.152632e+00 2.27392120e-05
1.282051e+00 4.478947e+00 2.357895e+00 1.77423553e-05
1.282051e+00 4.478947e+00 2.563158e+00 1.40336670e-05
1.282051e+00 4.478947e+00 2.768421e+00 1.12313764e-05
1.282051e+00 4.478947e+00 2.973684e+00 9.08200400e-06
1.282051e+00 4.478947e+00 3.178947e+00 7.41205577e-06
1.282051e+00 4.478947e+00 3.384211e+00 6.09993640e-06
1.282051e+00 4.478947e+00 3.589474e+00 5.05858725e-06
1.282051e+00 4.478947e+00 3.794737e+00 4.22463836e-06
1.282051e+00 4.478947e+00 4.000000e+00 3.55124325e-06
1.282051e+00 4.739474e+00 1.000000e-01 4.03737649e-03
1.282051e+00 4.739474e+00 3.052632e-01 3.86903906e-04
1.282051e+00 4.739474e+00 5.105263e-01 1.61543634e-04
1.282051e+00 4.739474e+00 7.157895e-01 8.52308949e-05
1.282051e+00 4.739474e+00 9.210526e-01 5.06111646e-05
1.282051e+00 4.739474e+00 1.126316e+00 3.25223918e-05
1.282051e+00 4.739474e+00 1.331579e+00 2.21306345e-05
1.282051e+00 4.739474e+00 1.536842e+00 1.57162740e-05
1.282051e+00 4.739474e+00 1.742105e+00 1.15286239e-05
1.282051e+00 4.739474e+00 1.947368e+00 8.67179097e-06
1.282051e+00 4.739474e+00 2.152632e+00 6.65439893e-06
1.282051e+00 4.739474e+00 2.357895e+00 5.19033574e-06
1.282051e+00 4.739474e+00 2.563158e+00 4.10427037e-06
1.282051e+00 4.739474e+00 2.768421e+00 3.28398710e-06
1.282051e+00 4.739474e+00 2.973684e+00 2.65504423e-06
1.282051e+00 4.739474e+00 3.178947e+00 2.16652188e-06
1.282051e+00 4.739474e+00 3.384211e+00 1.78276798e-06
1.282051e+00 4.739474e+00 3.589474e+00 1.47826722e-06
1.282051e+00 4.739474e+00 3.794737e+00 1.23445113e-06
1.282051e+00 4.739474e+00 4.000000e+00 1.03760112e-06
1.282051e+00 5.000000e+00 1.000000e-01 1.13388244e-03
1.282051e+00 5.000000e+00 3.052632e-01 1.07903667e-04
1.282051e+00 5.000000e+00 5.105263e-01 4.48801911e-05
1.282051e+00 5.000000e+00 7.157895e-01 2.36211672e-05
1.282051e+00 5.000000e+00 9.210526e-01 1.40025777e-05
1.282051e+00 5.000000e+00 1.126316e+00 8.98664894e-06
1.282051e+00 5.000000e+00 1.331579e+00 6.10941925e-06
1.282051e+00 5.000000e+00 1.536842e+00 4.33557216e-06
1.282051e+00 5.000000e+00 1.742105e+00 3.17862259e-06
1.282051e+00 5.000000e+00 1.947368e+00 2.38995040e-06
1.282051e+00 5.000000e+00 2.152632e+00 1.83335953e-06
1.282051e+00 5.000000e+00 2.357895e+00 1.42963040e-06
1.282051e+00 5.000000e+00 2.563158e+00 1.13025214e-06
1.282051e+00 5.000000e+00 2.768421e+00 9.04211333e-07
1.282051e+00 5.000000e+00 2.973684e+00 7.30938154e-07
1.282051e+00 5.000000e+00 3.178947e+00 5.96381085e-07
1.282051e+00 5.000000e+00 3.384211e+00 4.90698881e-07
1.282051e+00 5.000000e+00 3.589474e+00 4.06853957e-07
1.282051e+00 5.000000e+00 3.794737e+00 3.39727109e-07
1.282051e+00 5.000000e+00 4.000000e+00 2.85536657e-07
1.538462e+00 5.000000e-02 1.000000e-01 4.35758392e+02
1.538462e+00 5.000000e-02 3.052632e-01 1.35059357e+02
1.538462e+00 5.000000e-02 5.105263e-01 9.56172867e+01
1.538462e+00 5.000000e-02 7.157895e-01 6.95503082e+01
1.538462e+00 5.000000e-02 9.210526e-01 5.20681152e+01
1.538462e+00 5.000000e-02 1.126316e+00 4.00251923e+01
1.538462e+00 5.000000e-02 1.331579e+00 3.14241142e+01
1.538462e+00 5.000000e-02 1.536842e+00 2.50641193e+01
1.538462e+00 5.000000e-02 1.742105e+00 2.02264462e+01
1.538462e+00 5.000000e-02 1.947368e+00 1.64682140e+01
1.538462e+00 5.000000e-02 2.152632e+00 1.35039778e+01
1.538462e+00 5.000000e-02 2.357895e+00 1.11405745e+01
1.538462e+00 5.000000e-02 2.563158e+00 9.24053097e+00
1.538462e+00 5.000000e-02 2.768421e+00 7.70325375e+00
1.538462e+00 5.000000e-02 2.973684e+00 6.45259094e+00
1.538462e+00 5.000000e-02 3.178947e+00 5.43011379e+00
1.538462e+00 5.000000e-02 3.384211e+00 4.59028101e+00
1.538462e+00 5.000000e-02 3.589474e+00 3.89742351e+00
1.538462e+00 5.000000e-02 3.794737e+00 3.32334638e+00
1.538462e+00 5.000000e-02 4.000000e+00 2.84566641e+00
1.538462e+00 3.105263e-01 1.000000e-01 3.47693420e+02
1.538462e+00 3.105263e-01 3.052632e-01 7.55748062e+01
1.538462e+00 3.105263e-01 5.105263e-01 5.11595650e+01
1.538462e+00 3.105263e-01 7.157895e-01 3.59750824e+01
1.538462e+00 3.105263e-01 9.210526e-01 2.61672916e+01
1.538462e+00 3.105263e-01 1.126316e+00 1.96341801e+01
1.538462e+00 3.105263e-01 1.331579e+00 1.51137772e+01
1.538462e+00 3.105263e-01 1.536842e+00 1.18664227e+01
1.538462e+00 3.105263e-01 1.742105e+00 9.45746899e+00
1.538462e+00 3.105263e-01 1.947368e+00 7.62477398e+00
1.538462e+00 3.105263e-01 2.152632e+00 6.20364761e+00
1.538462e+00 3.105263e-01 2.357895e+00 5.08589697e+00
1.538462e+00 3.105263e-01 2.563158e+00 4.19714451e+00
1.538462e+00 3.105263e-01 2.768421e+00 3.48436737e+00
1.538462e+00 3.105263e-01 2.973684e+00 2.90861177e+00
1.538462e+00 3.105263e-01 3.178947e+00 2.44064569e+00
1.538462e+00 3.105263e-01 3.384211e+00 2.05814457e+00
1.538462e+00 3.105263e-01 3.589474e+00 1.74385226e+00
1.538462e+00 3.105263e-01 3.794737e+00 1.48431683e+00
1.538462e+00 3.105263e-01 4.000000e+00 1.26899409e+00
1.538462e+00 5.710526e-01 1.000000e-01 2.87311615e+02
1.538462e+00 5.710526e-01 3.052632e-01 4.98837547e+01
1.538462e+00 5.710526e-01 5.105263e-01 3.26837807e+01
1.538462e+00 5.710526e-01 7.157895e-01 2.24464703e+01
1.538462e+00 5.710526e-01 9.210526e-01 1.60034580e+01
1.538462e+00 5.710526e-01 1.126316e+00 1.18064852e+01
1.538462e+00 5.710526e-01 1.331579e+00 8.96237659e+00
1.538462e+00 5.710526e-01 1.536842e+00 6.95786953e+00
1.538462e+00 5.710526e-01 1.742105e+00 5.49578333e+00
1.538462e+00 5.710526e-01 1.947368e+00 4.39920139e+00
1.538462e+00 5.710526e-01 2.152632e+00 3.55892444e+00
1.538462e+00 5.710526e-01 2.357895e+00 2.90434003e+00
1.538462e+00 5.710526e-01 2.563158e+00 2.38790321e+00
1.538462e+00 5.710526e-01 2.768421e+00 1.97634125e+00
1.538462e+00 5.710526e-01 2.973684e+00 1.64559436e+00
1.538462e+00 5.710526e-01 3.178947e+00 1.37790942e+00
1.538462e+00 5.710526e-01 3.384211e+00 1.15987957e+00
1.538462e+00 5.710526e-01 3.589474e+00 9.81253564e-01
1.538462e+00 5.710526e-01 3.794737e+00 8.34122479e-01
1.538462e+00 5.710526e-01 4.000000e+00 7.12305069e-01
1.538462e+00 8.315790e-01 1.000000e-01 2.28072021e+02
1.538462e+00 8.315790e-01 3.052632e-01 3.29939995e+01
1.538462e+00 8.315790e-01 5.105263e-01 2.10146046e+01
1.538462e+00 8.315790e-01 7.157895e-01 1.41563454e+01
1.538462e+00 8.315790e-01 9.210526e-01 9.93288231e+00
1.538462e+00 8.315790e-01 1.126316e+00 7.23020363e+00
1.538462e+00 8.315790e-01 1.331579e+00 5.42797422e+00
1.538462e+00 8.315790e-01 1.536842e+00 4.17632151e+00
1.538462e+00 8.315790e-01 1.742105e+00 3.27511239e+00
1.538462e+00 8.315790e-01 1.947368e+00 2.60666800e+00
1.538462e+00 8.315790e-01 2.152632e+00 2.09914374e+00
1.538462e+00 8.315790e-01 2.357895e+00 1.70676005e+00
1.538462e+00 8.315790e-01 2.563158e+00 1.39907980e+00
1.538462e+00 8.315790e-01 2.768421e+00 1.15510762e+00
1.538462e+00 8.315790e-01 2.973684e+00 9.59851325e-01
1.538462e+00 8.315790e-01 3.178947e+00 8.02352667e-01
1.538462e+00 8.315790e-01 3.384211e+00 6.74422383e-01
1.538462e+00 8.315790e-01 3.589474e+00 5.69862366e-01
1.538462e+00 8.315790e-01 3.794737e+00 4.83906657e-01
1.538462e+00 8.315790e-01 4.000000e+00 4.12859410e-01
1.538462e+00 1.092105e+00 1.000000e-01 1.71485657e+02
1.538462e+00 1.092105e+00 3.052632e-01 2.11622581e+01
1.538462e+00 1.092105e+00 5.105263e-01 1.31318674e+01
1.538462e+00 1.092105e+00 7.157895e-01 8.69901085e+00
1.538462e+00 1.092105e+00 9.210526e-01 6.02182102e+00
1.538462e+00 1.092105e+00 1.126316e+00 4.33439350e+00
1.538462e+00 1.092105e+00 1.331579e+00 3.22407579e+00
1.538462e+00 1.092105e+00 1.536842e+00 2.46216321e+00
1.538462e+00 1.092105e+00 1.742105e+00 1.91934037e+00
1.538462e+00 1.092105e+00 1.947368e+00 1.52033794e+00
1.538462e+00 1.092105e+00 2.152632e+00 1.21967232e+00
1.538462e+00 1.092105e+00 2.357895e+00 9.88647819e-01
1.538462e+00 1.092105e+00 2.563158e+00 8.08417737e-01
1.538462e+00 1.092105e+00 2.768421e+00 6.66088402e-01
1.538462e+00 1.092105e+00 2.973684e+00 5.52563906e-01
1.538462e+00 1.092105e+00 3.178947e+00 4.61243957e-01
1.538462e+00 1.092105e+00 3.384211e+00 3.87242824e-01
1.538462e+00 1.092105e+00 3.589474e+00 3.26875448e-01
1.538462e+00 1.092105e+00 3.794737e+00 2.77328789e-01
1.538462e+00 1.092105e+00 4.000000e+00 2.36433804e-01
1.538462e+00 1.352632e+00 1.000000e-01 1.21494354e+02
1.538462e+00 1.352632e+00 3.052632e-01 1.30105171e+01
1.538462e+00 1.352632e+00 5.105263e-01 7.87680149e+00
1.538462e+00 1.352632e+00 7.157895e-01 5.13989496e+00
1.538462e+00 1.352632e+00 9.210526e-01 3.51638269e+00
1.538462e+00 1.352632e+00 1.126316e+00 2.50671911e+00
1.538462e+00 1.352632e+00 1.331579e+00 1.84993947e+00
1.538462e+00 1.352632e+00 1.536842e+00 1.40379465e+00
1.538462e+00 1.352632e+00 1.742105e+00 1.08875203e+00
1.538462e+00 1.352632e+00 1.947368e+00 8.58927011e-01
1.538462e+00 1.352632e+00 2.152632e+00 6.86835051e-01
1.538462e+00 1.352632e+00 2.357895e+00 5.55294991e-01
1.538462e+00 1.352632e+00 2.563158e+00 4.53108609e-01
1.538462e+00 1.352632e+00 2.768421e+00 3.72693002e-01
1.538462e+00 1.352632e+00 2.973684e+00 3.08733165e-01
1.538462e+00 1.352632e+00 3.178947e+00 2.57404000e-01
1.538462e+00 1.352632e+00 3.384211e+00 2.15890229e-01
1.538462e+00 1.352632e+00 3.589474e+00 1.82079986e-01
1.538462e+00 1.352632e+00 3.794737e+00 1.54367805e-01
1.538462e+00 1.352632e+00 4.000000e+00 1.31521970e-01
1.538462e+00 1.613158e+00 1.000000e-01 8.08951874e+01
1.538462e+00 1.613158e+00 3.052632e-01 7.62610054e+00
1.538462e+00 1.613158e+00 5.105263e-01 4.50927496e+00
1.538462e+00 1.613158e+00 7.157895e-01 2.90219879e+00
1.538462e+00 1.613158e+00 9.210526e-01 1.96478486e+00
1.538462e+00 1.613158e+00 1.126316e+00 1.38882506e+00
1.538462e+00 1.613158e+00 1.331579e+00 1.01792324e+00
1.538462e+00 1.613158e+00 1.536842e+00 7.68178046e-01
1.538462e+00 1.613158e+00 1.742105e+00 5.93161285e-01
1.538462e+00 1.613158e+00 1.947368e+00 4.66314793e-01
1.538462e+00 1.613158e+00 2.152632e+00 3.71844798e-01
1.538462e+00 1.613158e+00 2.357895e+00 2.99957186e-01
1.538462e+00 1.613158e+00 2.563158e+00 2.44315863e-01
1.538462e+00 1.613158e+00 2.768421e+00 2.00658485e-01
1.538462e+00 1.613158e+00 2.973684e+00 1.66019708e-01
1.538462e+00 1.613158e+00 3.178947e+00 1.38277367e-01
1.538462e+00 1.613158e+00 3.384211e+00 1.15876146e-01
1.538462e+00 1.613158e+00 3.589474e+00 9.76580605e-02
1.538462e+00 1.613158e+00 3.794737e+00 8.27431977e-02
1.538462e+00 1.613158e+00 4.000000e+00 7.04594254e-02
1.538462e+00 1.873684e+00 1.000000e-01 5.05428162e+01
1.538462e+00 1.873684e+00 3.052632e-01 4.24943876e+00
1.538462e+00 1.873684e+00 5.105263e-01 2.45642304e+00
1.538462e+00 1.873684e+00 7.157895e-01 1.56092310e+00
1.538462e+00 1.873684e+00 9.210526e-01 1.04677927e+00
1.538462e+00 1.873684e+00 1.126316e+00 7.34365702e-01
1.538462e+00 1.873684e+00 1.331579e+00 5.34988284e-01
1.538462e+00 1.873684e+00 1.536842e+00 4.01772529e-01
1.538462e+00 1.873684e+00 1.742105e+00 3.09037596e-01
1.538462e+00 1.873684e+00 1.947368e+00 2.42205337e-01
1.538462e+00 1.873684e+00 2.152632e+00 1.92665845e-01
1.538462e+00 1.873684e+00 2.357895e+00 1.55115023e-01
1.538462e+00 1.873684e+00 2.563158e+00 1.26142099e-01
1.538462e+00 1.873684e+00 2.768421e+00 1.03467949e-01
1.538462e+00 1.873684e+00 2.973684e+00 8.55159014e-02
1.538462e+00 1.873684e+00 3.178947e+00 7.11630061e-02
1.538462e+00 1.873684e+00 3.384211e+00 5.95903434e-02
1.538462e+00 1.873684e+00 3.589474e+00 5.01897298e-02
1.538462e+00 1.873684e+00 3.794737e+00 4.25016433e-02
1.538462e+00 1.873684e+00 4.000000e+00 3.61750685e-02
1.538462e+00 2.134211e+00 1.000000e-01 2.96027260e+01
1.538462e+00 2.134211e+00 3.052632e-01 2.24716425e+00
1.538462e+00 2.134211e+00 5.105263e-01 1.27120566e+00
1.538462e+00 2.134211e+00 7.157895e-01 7.98248589e-01
1.538462e+00 2.134211e+00 9.210526e-01 5.30717075e-01
1.538462e+00 2.134211e+00 1.126316e+00 3.69806826e-01
1.538462e+00 2.134211e+00 1.331579e+00 2.67948359e-01
1.538462e+00 2.134211e+00 1.536842e+00 2.00358361e-01
1.538462e+00 2.134211e+00 1.742105e+00 1.53584793e-01
1.538462e+00 2.134211e+00 1.947368e+00 1.20043777e-01
1.538462e+00 2.134211e+00 2.152632e+00 9.52846855e-02
1.538462e+00 2.134211e+00 2.357895e+00 7.65809864e-02
1.538462e+00 2.134211e+00 2.563158e+00 6.21902533e-02
1.538462e+00 2.134211e+00 2.768421e+00 5.09536900e-02
1.538462e+00 2.134211e+00 2.973684e+00 4.20736820e-02
1.538462e+00 2.134211e+00 3.178947e+00 3.49848829e-02
1.538462e+00 2.134211e+00 3.384211e+00 2.92765722e-02
1.538462e+00 2.134211e+00 3.589474e+00 2.46443935e-02
1.538462e+00 2.134211e+00 3.794737e+00 2.08594445e-02
1.538462e+00 2.134211e+00 4.000000e+00 1.77471824e-02
1.538462e+00 2.394737e+00 1.000000e-01 1.62419281e+01
1.538462e+00 2.394737e+00 3.052632e-01 1.12644970e+00
1.538462e+00 2.394737e+00 5.105263e-01 6.24331117e-01
1.538462e+00 2.394737e+00 7.157895e-01 3.87744159e-01
1.538462e+00 2.394737e+00 9.210526e-01 2.55766690e-01
1.538462e+00 2.394737e+00 1.126316e+00 1.77129984e-01
1.538462e+00 2.394737e+00 1.331579e+00 1.27717271e-01
1.538462e+00 2.394737e+00 1.536842e+00 9.51315090e-02
1.538462e+00 2.394737e+00 1.742105e+00 7.26993680e-02
1.538462e+00 2.394737e+00 1.947368e+00 5.66851050e-02
1.538462e+00 2.394737e+00 2.152632e+00 4.49071489e-02
1.538462e+00 2.394737e+00 2.357895e+00 3.60367112e-02
1.538462e+00 2.394737e+00 2.563158e+00 2.92286891e-02
1.538462e+00 2.394737e+00 2.768421e+00 2.39234865e-02
1.538462e+00 2.394737e+00 2.973684e+00 1.97378937e-02
1.538462e+00 2.394737e+00 3.178947e+00 1.64010245e-02
1.538462e+00 2.394737e+00 3.384211e+00 1.37170181e-02
1.538462e+00 2.394737e+00 3.589474e+00 1.15410518e-02
1.538462e+00 2.394737e+00 3.794737e+00 9.76449344e-03
1.538462e+00 2.394737e+00 4.000000e+00 8.30463786e-03
1.538462e+00 2.655263e+00 1.000000e-01 8.34363651e+00
1.538462e+00 2.655263e+00 3.052632e-01 5.34776390e-01
1.538462e+00 2.655263e+00 5.105263e-01 2.90805221e-01
1.538462e+00 2.655263e+00 7.157895e-01 1.78778142e-01
1.538462e+00 2.655263e+00 9.210526e-01 1.17081963e-01
1.538462e+00 2.655263e+00 1.126316e+00 8.06360096e-02
1.538462e+00 2.655263e+00 1.331579e+00 5.78870885e-02
1.538462e+00 2.655263e+00 1.536842e+00 4.29679602e-02
1.538462e+00 2.655263e+00 1.742105e+00 3.27458642e-02
1.538462e+00 2.655263e+00 1.947368e+00 2.54770909e-02
1.538462e+00 2.655263e+00 2.152632e+00 2.01488286e-02
1.538462e+00 2.655263e+00 2.357895e+00 1.61466710e-02
1.538462e+00 2.655263e+00 2.563158e+00 1.30817620e-02
1.538462e+00 2.655263e+00 2.768421e+00 1.06977401e-02
1.538462e+00 2.655263e+00 2.973684e+00 8.81955214e-03
1.538462e+00 2.655263e+00 3.178947e+00 7.32406462e-03
1.538462e+00 2.655263e+00 3.384211e+00 6.12233812e-03
1.538462e+00 2.655263e+00 3.589474e+00 5.14889834e-03
1.538462e+00 2.655263e+00 3.794737e+00 4.35469160e-03
1.538462e+00 2.655263e+00 4.000000e+00 3.70245520e-03
1.538462e+00 2.915789e+00 1.000000e-01 4.01160288e+00
1.538462e+00 2.915789e+00 3.052632e-01 2.40246952e-01
1.538462e+00 2.915789e+00 5.105263e-01 1.28387719e-01
1.538462e+00 2.915789e+00 7.157895e-01 7.82011449e-02
1.538462e+00 2.915789e+00 9.210526e-01 5.08823171e-02
1.538462e+00 2.915789e+00 1.126316e+00 3.48690860e-02
1.538462e+00 2.915789e+00 1.331579e+00 2.49336697e-02
1.538462e+00 2.915789e+00 1.536842e+00 1.84500311e-02
1.538462e+00 2.915789e+00 1.742105e+00 1.40262805e-02
1.538462e+00 2.915789e+00 1.947368e+00 1.08916378e-02
1.538462e+00 2.915789e+00 2.152632e+00 8.60052276e-03
1.538462e+00 2.915789e+00 2.357895e+00 6.88377069e-03
1.538462e+00 2.915789e+00 2.563158e+00 5.57162706e-03
1.538462e+00 2.915789e+00 2.768421e+00 4.55259951e-03
1.538462e+00 2.915789e+00 2.973684e+00 3.75085557e-03
1.538462e+00 2.915789e+00 3.178947e+00 3.11313616e-03
1.538462e+00 2.915789e+00 3.384211e+00 2.60115182e-03
1.538462e+00 2.915789e+00 3.589474e+00 2.18673167e-03
1.538462e+00 2.915789e+00 3.794737e+00 1.84882490e-03
1.538462e+00 2.915789e+00 4.000000e+00 1.57146493e-03
1.538462e+00 3.176316e+00 1.000000e-01 1.80465066e+00
1.538462e+00 3.176316e+00 3.052632e-01 1.02045476e-01
1.538462e+00 3.176316e+00 5.105263e-01 5.36902919e-02
1.538462e+00 3.176316e+00 7.157895e-01 3.24329212e-02
1.538462e+00 3.176316e+00 9.210526e-01 2.09810790e-02
1.538462e+00 3.176316e+00 1.126316e+00 1.43146245e-02
1.538462e+00 3.176316e+00 1.331579e+00 1.02002779e-02
1.538462e+00 3.176316e+00 1.536842e+00 7.52706919e-03
1.538462e+00 3.176316e+00 1.742105e+00 5.70986373e-03
1.538462e+00 3.176316e+00 1.947368e+00 4.42619668e-03
1.538462e+00 3.176316e+00 2.152632e+00 3.49037419e-03
1.538462e+00 3.176316e+00 2.357895e+00 2.79063336e-03
1.538462e+00 3.176316e+00 2.563158e+00 2.25672778e-03
1.538462e+00 3.176316e+00 2.768421e+00 1.84268225e-03
1.538462e+00 3.176316e+00 2.973684e+00 1.51728641e-03
1.538462e+00 3.176316e+00 3.178947e+00 1.25871412e-03
1.538462e+00 3.176316e+00 3.384211e+00 1.05128263e-03
1.538462e+00 3.176316e+00 3.589474e+00 8.83490080e-04
1.538462e+00 3.176316e+00 3.794737e+00 7.46750098e-04
1.538462e+00 3.176316e+00 4.000000e+00 6.34563738e-04
1.538462e+00 3.436842e+00 1.000000e-01 7.59408236e-01
1.538462e+00 3.436842e+00 3.052632e-01 4.09419388e-02
1.538462e+00 3.436842e+00 5.105263e-01 2.12505683e-02
1.538462e+00 3.436842e+00 7.157895e-01 1.27442079e-02
1.538462e+00 3.436842e+00 9.210526e-01 8.20271391e-03
1.538462e+00 3.436842e+00 1.126316e+00 5.57484990e-03
1.538462e+00 3.436842e+00 1.331579e+00 3.96045903e-03
1.538462e+00 3.436842e+00 1.536842e+00 2.91552092e-03
1.538462e+00 3.436842e+00 1.742105e+00 2.20745406e-03
1.538462e+00 3.436842e+00 1.947368e+00 1.70862256e-03
1.538462e+00 3.436842e+00 2.152632e+00 1.34577195e-03
1.538462e+00 3.436842e+00 2.357895e+00 1.07495859e-03
1.538462e+00 3.436842e+00 2.563158e+00 8.68636416e-04
1.538462e+00 3.436842e+00 2.768421e+00 7.08827924e-04
1.538462e+00 3.436842e+00 2.973684e+00 5.83363231e-04
1.538462e+00 3.436842e+00 3.178947e+00 4.83743934e-04
1.538462e+00 3.436842e+00 3.384211e+00 4.03882965e-04
1.538462e+00 3.436842e+00 3.589474e+00 3.39319173e-04
1.538462e+00 3.436842e+00 3.794737e+00 2.86729162e-04
1.538462e+00 3.436842e+00 4.000000e+00 2.43599934e-04
1.538462e+00 3.697368e+00 1.000000e-01 2.98866361e-01
1.538462e+00 3.697368e+00 3.052632e-01 1.54996831e-02
1.538462e+00 3.697368e+00 5.105263e-01 7.95275625e-03
1.538462e+00 3.697368e+00 7.157895e-01 4.73994482e-03
1.538462e+00 3.697368e+00 9.210526e-01 3.03769414e-03
1.538462e+00 3.697368e+00 1.126316e+00 2.05773115e-03
1.538462e+00 3.697368e+00 1.331579e+00 1.45805627e-03
1.538462e+00 3.697368e+00 1.536842e+00 1.07115693e-03
1.538462e+00 3.697368e+00 1.742105e+00 8.09699879e-04
1.538462e+00 3.697368e+00 1.947368e+00 6.25924033e-04
1.538462e+00 3.697368e+00 2.152632e+00 4.92499559e-04
1.538462e+00 3.697368e+00 2.357895e+00 3.93074646e-04
1.538462e+00 3.697368e+00 2.563158e+00 3.17423110e-04
1.538462e+00 3.697368e+00 2.768421e+00 2.58887972e-04
1.538462e+00 3.697368e+00 2.973684e+00 2.12971325e-04
1.538462e+00 3.697368e+00 3.178947e+00 1.76539572e-04
1.538462e+00 3.697368e+00 3.384211e+00 1.47350394e-04
1.538462e+00 3.697368e+00 3.589474e+00 1.23763719e-04
1.538462e+00 3.697368e+00 3.794737e+00 1.04559447e-04
1.538462e+00 3.697368e+00 4.000000e+00 8.88153445e-05
1.538462e+00 3.957895e+00 1.000000e-01 1.09982833e-01
1.538462e+00 3.957895e+00 3.052632e-01 5.53042302e-03
1.538462e+00 3.957895e+00 5.105263e-01 2.81074527e-03
1.538462e+00 3.957895e+00 7.157895e-01 1.66666100e-03
1.538462e+00 3.957895e+00 9.210526e-01 1.06429355e-03
1.538462e+00 3.957895e+00 1.126316e+00 7.18977826e-04
1.538462e+00 3.957895e+00 1.331579e+00 5.08350611e-04
1.538462e+00 3.957895e+00 1.536842e+00 3.72819544e-04
1.538462e+00 3.957895e+00 1.742105e+00 2.81437533e-04
1.538462e+00 3.957895e+00 1.947368e+00 2.17327353e-04
1.538462e+00 3.957895e+00 2.152632e+00 1.70856103e-04
1.538462e+00 3.957895e+00 2.357895e+00 1.36271541e-04
1.538462e+00 3.957895e+00 2.563158e+00 1.09984867e-04
1.538462e+00 3.957895e+00 2.768421e+00 8.96631609e-05
1.538462e+00 3.957895e+00 2.973684e+00 7.37336522e-05
1.538462e+00 3.957895e+00 3.178947e+00 6.11021387e-05
1.538462e+00 3.957895e+00 3.384211e+00 5.09866295e-05
1.538462e+00 3.957895e+00 3.589474e+00 4.28160347e-05
1.538462e+00 3.957895e+00 3.794737e+00 3.61657367e-05
1.538462e+00 3.957895e+00 4.000000e+00 3.07152986e-05
1.538462e+00 4.218421e+00 1.000000e-01 3.78404893e-02
1.538462e+00 4.218421e+00 3.052632e-01 1.85760460e-03
1.538462e+00 4.218421e+00 5.105263e-01 9.36928904e-04
1.538462e+00 4.218421e+00 7.157895e-01 5.53268590e-04
1.538462e+00 4.218421e+00 9.210526e-01 3.52282746e-04
1.538462e+00 4.218421e+00 1.126316e+00 2.37455926e-04
1.538462e+00 4.218421e+00 1.331579e+00 1.67598861e-04
1.538462e+00 4.218421e+00 1.536842e+00 1.22745099e-04
1.538462e+00 4.218421e+00 1.742105e+00 9.25572458e-05
1.538462e+00 4.218421e+00 1.947368e+00 7.14111156e-05
1.538462e+00 4.218421e+00 2.152632e+00 5.61024608e-05
1.538462e+00 4.218421e+00 2.357895e+00 4.47216444e-05
1.538462e+00 4.218421e+00 2.563158e+00 3.60788872e-05
1.538462e+00 4.218421e+00 2.768421e+00 2.94021083e-05
1.538462e+00 4.218421e+00 2.973684e+00 2.41714533e-05
1.538462e+00 4.218421e+00 3.178947e+00 2.00256454e-05
1.538462e+00 4.218421e+00 3.384211e+00 1.67069666e-05
1.538462e+00 4.218421e+00 3.589474e+00 1.40272423e-05
1.538462e+00 4.218421e+00 3.794737e+00 1.18467533e-05
1.538462e+00 4.218421e+00 4.000000e+00 1.00600846e-05
1.538462e+00 4.478947e+00 1.000000e-01 1.21708196e-02
1.538462e+00 4.478947e+00 3.052632e-01 5.86656271e-04
1.538462e+00 4.478947e+00 5.105263e-01 2.94145430e-04
1.538462e+00 4.478947e+00 7.157895e-01 1.73135515e-04
1.538462e+00 4.478947e+00 9.210526e-01 1.09990753e-04
1.538462e+00 4.478947e+00 1.126316e+00 7.40102842e-05
1.538462e+00 4.478947e+00 1.331579e+00 5.21654838e-05
1.538462e+00 4.478947e+00 1.536842e+00 3.81630089e-05
1.538462e+00 4.478947e+00 1.742105e+00 2.87522962e-05
1.538462e+00 4.478947e+00 1.947368e+00 2.21681748e-05
1.538462e+00 4.478947e+00 2.152632e+00 1.74064407e-05
1.538462e+00 4.478947e+00 2.357895e+00 1.38693995e-05
1.538462e+00 4.478947e+00 2.563158e+00 1.11851386e-05
1.538462e+00 4.478947e+00 2.768421e+00 9.11260850e-06
1.538462e+00 4.478947e+00 2.973684e+00 7.48973252e-06
1.538462e+00 4.478947e+00 3.178947e+00 6.20392530e-06
1.538462e+00 4.478947e+00 3.384211e+00 5.17495755e-06
1.538462e+00 4.478947e+00 3.589474e+00 4.34432923e-06
1.538462e+00 4.478947e+00 3.794737e+00 3.66858853e-06
1.538462e+00 4.478947e+00 4.000000e+00 3.11499593e-06
1.538462e+00 4.739474e+00 1.000000e-01 3.65904812e-03
1.538462e+00 4.739474e+00 3.052632e-01 1.73999113e-04
1.538462e+00 4.739474e+00 5.105263e-01 8.68521311e-05
1.538462e+00 4.739474e+00 7.157895e-01 5.09962410e-05
1.538462e+00 4.739474e+00 9.210526e-01 3.23413697e-05
1.538462e+00 4.739474e+00 1.126316e+00 2.17329507e-05
1.538462e+00 4.739474e+00 1.331579e+00 1.53022247e-05
1.538462e+00 4.739474e+00 1.536842e+00 1.11853997e-05
1.538462e+00 4.739474e+00 1.742105e+00 8.42160534e-06
1.538462e+00 4.739474e+00 1.947368e+00 6.48969171e-06
1.538462e+00 4.739474e+00 2.152632e+00 5.09358733e-06
1.538462e+00 4.739474e+00 2.357895e+00 4.05720584e-06
1.538462e+00 4.739474e+00 2.563158e+00 3.27110320e-06
1.538462e+00 4.739474e+00 2.768421e+00 2.66441793e-06
1.538462e+00 4.739474e+00 2.973684e+00 2.18951209e-06
1.538462e+00 4.739474e+00 3.178947e+00 1.81335679e-06
1.538462e+00 4.739474e+00 3.384211e+00 1.51241204e-06
1.538462e+00 4.739474e+00 3.589474e+00 1.26952261e-06
1.538462e+00 4.739474e+00 3.794737e+00 1.07195763e-06
1.538462e+00 4.739474e+00 4.000000e+00 9.10129131e-07
1.538462e+00 5.000000e+00 1.000000e-01 1.02817127e-03
1.538462e+00 5.000000e+00 3.052632e-01 4.84153425e-05
1.538462e+00 5.000000e+00 5.105263e-01 2.40873542e-05
1.538462e+00 5.000000e+00 7.157895e-01 1.41176379e-05
1.538462e+00 5.000000e+00 9.210526e-01 8.94187360e-06
1.538462e+00 5.000000e+00 1.126316e+00 6.00293379e-06
1.538462e+00 5.000000e+00 1.331579e+00 4.22340690e-06
1.538462e+00 5.000000e+00 1.536842e+00 3.08525546e-06
1.538462e+00 5.000000e+00 1.742105e+00 2.32178240e-06
1.538462e+00 5.000000e+00 1.947368e+00 1.78847222e-06
1.538462e+00 5.000000e+00 2.152632e+00 1.40329257e-06
1.538462e+00 5.000000e+00 2.357895e+00 1.11749148e-06
1.538462e+00 5.000000e+00 2.563158e+00 9.00792315e-07
1.538462e+00 5.000000e+00 2.768421e+00 7.33605589e-07
1.538462e+00 5.000000e+00 2.973684e+00 6.02768523e-07
1.538462e+00 5.000000e+00 3.178947e+00 4.99158546e-07
1.538462e+00 5.000000e+00 3.384211e+00 4.16280415e-07
1.538462e+00 5.000000e+00 3.589474e+00 3.49399244e-07
1.538462e+00 5.000000e+00 3.794737e+00 2.95006117e-07
1.538462e+00 5.000000e+00 4.000000e+00 2.50456139e-07
1.794872e+00 5.000000e-02 1.000000e-01 4.45618622e+02
1.794872e+00 5.000000e-02 3.052632e-01 9.30791779e+01
1.794872e+00 5.000000e-02 5.105263e-01 6.83248215e+01
1.794872e+00 5.000000e-02 7.157895e-01 5.03373985e+01
1.794872e+00 5.000000e-02 9.210526e-01 3.77458038e+01
1.794872e+00 5.000000e-02 1.126316e+00 2.90074177e+01
1.794872e+00 5.000000e-02 1.331579e+00 2.28354149e+01
1.794872e+00 5.000000e-02 1.536842e+00 1.83451176e+01
1.794872e+00 5.000000e-02 1.742105e+00 1.49719877e+01
1.794872e+00 5.000000e-02 1.947368e+00 1.23638639e+01
1.794872e+00 5.000000e-02 2.152632e+00 1.03001604e+01
1.794872e+00 5.000000e-02 2.357895e+00 8.63884640e+00
1.794872e+00 5.000000e-02 2.563158e+00 7.28448105e+00
1.794872e+00 5.000000e-02 2.768421e+00 6.17028713e+00
1.794872e+00 5.000000e-02 2.973684e+00 5.24748850e+00
1.794872e+00 5.000000e-02 3.178947e+00 4.47920370e+00
1.794872e+00 5.000000e-02 3.384211e+00 3.83687973e+00
1.794872e+00 5.000000e-02 3.589474e+00 3.29786110e+00
1.794872e+00 5.000000e-02 3.794737e+00 2.84398222e+00
1.794872e+00 5.000000e-02 4.000000e+00 2.46054339e+00
1.794872e+00 3.105263e-01 1.000000e-01 3.75218414e+02
1.794872e+00 3.105263e-01 3.052632e-01 4.88822098e+01
1.794872e+00 3.105263e-01 5.105263e-01 3.50321617e+01
1.794872e+00 3.105263e-01 7.157895e-01 2.53516960e+01
1.794872e+00 3.105263e-01 9.210526e-01 1.86775227e+01
1.794872e+00 3.105263e-01 1.126316e+00 1.41122780e+01
1.794872e+00 3.105263e-01 1.331579e+00 1.09391460e+01
1.794872e+00 3.105263e-01 1.536842e+00 8.67052460e+00
1.794872e+00 3.105263e-01 1.742105e+00 6.99633408e+00
1.794872e+00 3.105263e-01 1.947368e+00 5.72369909e+00
1.794872e+00 3.105263e-01 2.152632e+00 4.73198700e+00
1.794872e+00 3.105263e-01 2.357895e+00 3.94405556e+00
1.794872e+00 3.105263e-01 2.563158e+00 3.30877113e+00
1.794872e+00 3.105263e-01 2.768421e+00 2.79092193e+00
1.794872e+00 3.105263e-01 2.973684e+00 2.36525345e+00
1.794872e+00 3.105263e-01 3.178947e+00 2.01308751e+00
1.794872e+00 3.105263e-01 3.384211e+00 1.72016513e+00
1.794872e+00 3.105263e-01 3.589474e+00 1.47540295e+00
1.794872e+00 3.105263e-01 3.794737e+00 1.27005672e+00
1.794872e+00 3.105263e-01 4.000000e+00 1.09711266e+00
1.794872e+00 5.710526e-01 1.000000e-01 3.18568207e+02
1.794872e+00 5.710526e-01 3.052632e-01 3.08967495e+01
1.794872e+00 5.710526e-01 5.105263e-01 2.17236729e+01
1.794872e+00 5.710526e-01 7.157895e-01 1.55189667e+01
1.794872e+00 5.710526e-01 9.210526e-01 1.12923794e+01
1.794872e+00 5.710526e-01 1.126316e+00 8.43179512e+00
1.794872e+00 5.710526e-01 1.331579e+00 6.46535540e+00
1.794872e+00 5.710526e-01 1.536842e+00 5.07596970e+00
1.794872e+00 5.710526e-01 1.742105e+00 4.06282043e+00
1.794872e+00 5.710526e-01 1.947368e+00 3.30149221e+00
1.794872e+00 5.710526e-01 2.152632e+00 2.71441412e+00
1.794872e+00 5.710526e-01 2.357895e+00 2.25219560e+00
1.794872e+00 5.710526e-01 2.563158e+00 1.88240373e+00
1.794872e+00 5.710526e-01 2.768421e+00 1.58292925e+00
1.794872e+00 5.710526e-01 2.973684e+00 1.33809042e+00
1.794872e+00 5.710526e-01 3.178947e+00 1.13643146e+00
1.794872e+00 5.710526e-01 3.384211e+00 9.69322383e-01
1.794872e+00 5.710526e-01 3.589474e+00 8.30122948e-01
1.794872e+00 5.710526e-01 3.794737e+00 7.13641167e-01
1.794872e+00 5.710526e-01 4.000000e+00 6.15759313e-01
1.794872e+00 8.315790e-01 1.000000e-01 2.57784882e+02
1.794872e+00 8.315790e-01 3.052632e-01 1.97375336e+01
1.794872e+00 8.315790e-01 5.105263e-01 1.36341009e+01
1.794872e+00 8.315790e-01 7.157895e-01 9.63582516e+00
1.794872e+00 8.315790e-01 9.210526e-01 6.94206095e+00
1.794872e+00 8.315790e-01 1.126316e+00 5.13517714e+00
1.794872e+00 8.315790e-01 1.331579e+00 3.90406299e+00
1.794872e+00 8.315790e-01 1.536842e+00 3.04213405e+00
1.794872e+00 8.315790e-01 1.742105e+00 2.41940475e+00
1.794872e+00 8.315790e-01 1.947368e+00 1.95556509e+00
1.794872e+00 8.315790e-01 2.152632e+00 1.60075927e+00
1.794872e+00 8.315790e-01 2.357895e+00 1.32338905e+00
1.794872e+00 8.315790e-01 2.563158e+00 1.10282743e+00
1.794872e+00 8.315790e-01 2.768421e+00 9.25106108e-01
1.794872e+00 8.315790e-01 2.973684e+00 7.80425966e-01
1.794872e+00 8.315790e-01 3.178947e+00 6.61682546e-01
1.794872e+00 8.315790e-01 3.384211e+00 5.63571036e-01
1.794872e+00 8.315790e-01 3.589474e+00 4.82048512e-01
1.794872e+00 8.315790e-01 3.794737e+00 4.13974375e-01
1.794872e+00 8.315790e-01 4.000000e+00 3.56870592e-01
1.794872e+00 1.092105e+00 1.000000e-01 1.96738846e+02
1.794872e+00 1.092105e+00 3.052632e-01 1.22905655e+01
1.794872e+00 1.092105e+00 5.105263e-01 8.34507084e+00
1.794872e+00 1.092105e+00 7.157895e-01 5.84231424e+00
1.794872e+00 1.092105e+00 9.210526e-01 4.17372751e+00
1.794872e+00 1.092105e+00 1.126316e+00 3.06343293e+00
1.794872e+00 1.092105e+00 1.331579e+00 2.31262112e+00
1.794872e+00 1.092105e+00 1.536842e+00 1.79091990e+00
1.794872e+00 1.092105e+00 1.742105e+00 1.41681659e+00
1.794872e+00 1.092105e+00 1.947368e+00 1.14015698e+00
1.794872e+00 1.092105e+00 2.152632e+00 9.29904997e-01
1.794872e+00 1.092105e+00 2.357895e+00 7.66486704e-01
1.794872e+00 1.092105e+00 2.563158e+00 6.37176037e-01
1.794872e+00 1.092105e+00 2.768421e+00 5.33415139e-01
1.794872e+00 1.092105e+00 2.973684e+00 4.49236184e-01
1.794872e+00 1.092105e+00 3.178947e+00 3.80348593e-01
1.794872e+00 1.092105e+00 3.384211e+00 3.23568165e-01
1.794872e+00 1.092105e+00 3.589474e+00 2.76483357e-01
1.794872e+00 1.092105e+00 3.794737e+00 2.37232119e-01
1.794872e+00 1.092105e+00 4.000000e+00 2.04356715e-01
1.794872e+00 1.352632e+00 1.000000e-01 1.41066879e+02
1.794872e+00 1.352632e+00 3.052632e-01 7.36308241e+00
1.794872e+00 1.352632e+00 5.105263e-01 4.91477299e+00
1.794872e+00 1.352632e+00 7.157895e-01 3.41143847e+00
1.794872e+00 1.352632e+00 9.210526e-01 2.41927338e+00
1.794872e+00 1.352632e+00 1.126316e+00 1.76390588e+00
1.794872e+00 1.352632e+00 1.331579e+00 1.32364666e+00
1.794872e+00 1.352632e+00 1.536842e+00 1.01969719e+00
1.794872e+00 1.352632e+00 1.742105e+00 8.03107440e-01
1.794872e+00 1.352632e+00 1.947368e+00 6.43886149e-01
1.794872e+00 1.352632e+00 2.152632e+00 5.23542404e-01
1.794872e+00 1.352632e+00 2.357895e+00 4.30451065e-01
1.794872e+00 1.352632e+00 2.563158e+00 3.57093245e-01
1.794872e+00 1.352632e+00 2.768421e+00 2.98431754e-01
1.794872e+00 1.352632e+00 2.973684e+00 2.50980794e-01
1.794872e+00 1.352632e+00 3.178947e+00 2.12242395e-01
1.794872e+00 1.352632e+00 3.384211e+00 1.80377796e-01
1.794872e+00 1.352632e+00 3.589474e+00 1.53998852e-01
1.794872e+00 1.352632e+00 3.794737e+00 1.32040337e-01
1.794872e+00 1.352632e+00 4.000000e+00 1.13670558e-01
1.794872e+00 1.613158e+00 1.000000e-01 9.48501740e+01
1.794872e+00 1.613158e+00 3.052632e-01 4.21754885e+00
1.794872e+00 1.613158e+00 5.105263e-01 2.76762295e+00
1.794872e+00 1.613158e+00 7.157895e-01 1.90594530e+00
1.794872e+00 1.613158e+00 9.210526e-01 1.34281182e+00
1.794872e+00 1.613158e+00 1.126316e+00 9.73373473e-01
1.794872e+00 1.613158e+00 1.331579e+00 7.26654112e-01
1.794872e+00 1.613158e+00 1.536842e+00 5.57275534e-01
1.794872e+00 1.613158e+00 1.742105e+00 4.37231332e-01
1.794872e+00 1.613158e+00 1.947368e+00 3.49431247e-01
1.794872e+00 1.613158e+00 2.152632e+00 2.83375174e-01
1.794872e+00 1.613158e+00 2.357895e+00 2.32486084e-01
1.794872e+00 1.613158e+00 2.563158e+00 1.92523494e-01
1.794872e+00 1.613158e+00 2.768421e+00 1.60662383e-01
1.794872e+00 1.613158e+00 2.973684e+00 1.34953186e-01
1.794872e+00 1.613158e+00 3.178947e+00 1.14007816e-01
1.794872e+00 1.613158e+00 3.384211e+00 9.68087241e-02
1.794872e+00 1.613158e+00 3.589474e+00 8.25914890e-02
1.794872e+00 1.613158e+00 3.794737e+00 7.07709193e-02
1.794872e+00 1.613158e+00 4.000000e+00 6.08925037e-02
1.794872e+00 1.873684e+00 1.000000e-01 5.97391663e+01
1.794872e+00 1.873684e+00 3.052632e-01 2.30201769e+00
1.794872e+00 1.873684e+00 5.105263e-01 1.48522854e+00
1.794872e+00 1.873684e+00 7.157895e-01 1.01529789e+00
1.794872e+00 1.873684e+00 9.210526e-01 7.11103320e-01
1.794872e+00 1.873684e+00 1.126316e+00 5.12809515e-01
1.794872e+00 1.873684e+00 1.331579e+00 3.81093144e-01
1.794872e+00 1.873684e+00 1.536842e+00 2.91115016e-01
1.794872e+00 1.873684e+00 1.742105e+00 2.27644145e-01
1.794872e+00 1.873684e+00 1.947368e+00 1.81426197e-01
1.794872e+00 1.873684e+00 2.152632e+00 1.46793276e-01
1.794872e+00 1.873684e+00 2.357895e+00 1.20206140e-01
1.794872e+00 1.873684e+00 2.563158e+00 9.93906409e-02
1.794872e+00 1.873684e+00 2.768421e+00 8.28370824e-02
1.794872e+00 1.873684e+00 2.973684e+00 6.95083961e-02
1.794872e+00 1.873684e+00 3.178947e+00 5.86689450e-02
1.794872e+00 1.873684e+00 3.384211e+00 4.97816242e-02
1.794872e+00 1.873684e+00 3.589474e+00 4.24439721e-02
1.794872e+00 1.873684e+00 3.794737e+00 3.63499634e-02
1.794872e+00 1.873684e+00 4.000000e+00 3.12616751e-02
1.794872e+00 2.134211e+00 1.000000e-01 3.52203407e+01
1.794872e+00 2.134211e+00 3.052632e-01 1.19489825e+00
1.794872e+00 2.134211e+00 5.105263e-01 7.58131564e-01
1.794872e+00 2.134211e+00 7.157895e-01 5.14688790e-01
1.794872e+00 2.134211e+00 9.210526e-01 3.58543813e-01
1.794872e+00 2.134211e+00 1.126316e+00 2.57370055e-01
1.794872e+00 2.134211e+00 1.331579e+00 1.90492764e-01
1.794872e+00 2.134211e+00 1.536842e+00 1.45010576e-01
1.794872e+00 2.134211e+00 1.742105e+00 1.13061145e-01
1.794872e+00 2.134211e+00 1.947368e+00 8.98862258e-02
1.794872e+00 2.134211e+00 2.152632e+00 7.25814477e-02
1.794872e+00 2.134211e+00 2.357895e+00 5.93376085e-02
1.794872e+00 2.134211e+00 2.563158e+00 4.89960499e-02
1.794872e+00 2.134211e+00 2.768421e+00 4.07903120e-02
1.794872e+00 2.134211e+00 2.973684e+00 3.41956168e-02
1.794872e+00 2.134211e+00 3.178947e+00 2.88408212e-02
1.794872e+00 2.134211e+00 3.384211e+00 2.44560093e-02
1.794872e+00 2.134211e+00 3.589474e+00 2.08399016e-02
1.794872e+00 2.134211e+00 3.794737e+00 1.78393982e-02
1.794872e+00 2.134211e+00 4.000000e+00 1.53360339e-02
1.794872e+00 2.394737e+00 1.000000e-01 1.94287910e+01
1.794872e+00 2.394737e+00 3.052632e-01 5.89050889e-01
1.794872e+00 2.394737e+00 5.105263e-01 3.67691219e-01
1.794872e+00 2.394737e+00 7.157895e-01 2.48012021e-01
1.794872e+00 2.394737e+00 9.210526e-01 1.71920896e-01
1.794872e+00 2.394737e+00 1.126316e+00 1.22894086e-01
1.794872e+00 2.394737e+00 1.331579e+00 9.06321034e-02
1.794872e+00 2.394737e+00 1.536842e+00 6.87786713e-02
1.794872e+00 2.394737e+00 1.742105e+00 5.34849055e-02
1.794872e+00 2.394737e+00 1.947368e+00 4.24294695e-02
1.794872e+00 2.394737e+00 2.152632e+00 3.41997817e-02
1.794872e+00 2.394737e+00 2.357895e+00 2.79185176e-02
1.794872e+00 2.394737e+00 2.563158e+00 2.30251662e-02
1.794872e+00 2.394737e+00 2.768421e+00 1.91501025e-02
1.794872e+00 2.394737e+00 2.973684e+00 1.60409305e-02
1.794872e+00 2.394737e+00 3.178947e+00 1.35198412e-02
1.794872e+00 2.394737e+00 3.384211e+00 1.14578316e-02
1.794872e+00 2.394737e+00 3.589474e+00 9.75893158e-03
1.794872e+00 2.394737e+00 3.794737e+00 8.35040305e-03
1.794872e+00 2.394737e+00 4.000000e+00 7.17605138e-03
1.794872e+00 2.655263e+00 1.000000e-01 1.00248556e+01
1.794872e+00 2.655263e+00 3.052632e-01 2.75515616e-01
1.794872e+00 2.655263e+00 5.105263e-01 1.69315606e-01
1.794872e+00 2.655263e+00 7.157895e-01 1.13520026e-01
1.794872e+00 2.655263e+00 9.210526e-01 7.83378184e-02
1.794872e+00 2.655263e+00 1.126316e+00 5.57874590e-02
1.794872e+00 2.655263e+00 1.331579e+00 4.10088785e-02
1.794872e+00 2.655263e+00 1.536842e+00 3.10345851e-02
1.794872e+00 2.655263e+00 1.742105e+00 2.40773186e-02
1.794872e+00 2.655263e+00 1.947368e+00 1.90635286e-02
1.794872e+00 2.655263e+00 2.152632e+00 1.53414663e-02
1.794872e+00 2.655263e+00 2.357895e+00 1.25074787e-02
1.794872e+00 2.655263e+00 2.563158e+00 1.03042815e-02
1.794872e+00 2.655263e+00 2.768421e+00 8.56257696e-03
1.794872e+00 2.655263e+00 2.973684e+00 7.16718799e-03
1.794872e+00 2.655263e+00 3.178947e+00 6.03710860e-03
1.794872e+00 2.655263e+00 3.384211e+00 5.11374185e-03
1.794872e+00 2.655263e+00 3.589474e+00 4.35362989e-03
1.794872e+00 2.655263e+00 3.794737e+00 3.72388819e-03
1.794872e+00 2.655263e+00 4.000000e+00 3.19917942e-03
1.794872e+00 2.915789e+00 1.000000e-01 4.83718157e+00
1.794872e+00 2.915789e+00 3.052632e-01 1.22161038e-01
1.794872e+00 2.915789e+00 5.105263e-01 7.39835128e-02
1.794872e+00 2.915789e+00 7.157895e-01 4.93297577e-02
1.794872e+00 2.915789e+00 9.210526e-01 3.39027196e-02
1.794872e+00 2.915789e+00 1.126316e+00 2.40618922e-02
1.794872e+00 2.915789e+00 1.331579e+00 1.76364928e-02
1.794872e+00 2.915789e+00 1.536842e+00 1.33138970e-02
1.794872e+00 2.915789e+00 1.742105e+00 1.03077460e-02
1.794872e+00 2.915789e+00 1.947368e+00 8.14721733e-03
1.794872e+00 2.915789e+00 2.152632e+00 6.54723914e-03
1.794872e+00 2.915789e+00 2.357895e+00 5.33159776e-03
1.794872e+00 2.915789e+00 2.563158e+00 4.38826671e-03
1.794872e+00 2.915789e+00 2.768421e+00 3.64369457e-03
1.794872e+00 2.915789e+00 2.973684e+00 3.04793613e-03
1.794872e+00 2.915789e+00 3.178947e+00 2.56597647e-03
1.794872e+00 2.915789e+00 3.384211e+00 2.17253761e-03
1.794872e+00 2.915789e+00 3.589474e+00 1.84890407e-03
1.794872e+00 2.915789e+00 3.794737e+00 1.58095115e-03
1.794872e+00 2.915789e+00 4.000000e+00 1.35780580e-03
1.794872e+00 3.176316e+00 1.000000e-01 2.18229604e+00
1.794872e+00 3.176316e+00 3.052632e-01 5.13010062e-02
1.794872e+00 3.176316e+00 5.105263e-01 3.06570213e-02
1.794872e+00 3.176316e+00 7.157895e-01 2.03393139e-02
1.794872e+00 3.176316e+00 9.210526e-01 1.39276404e-02
1.794872e+00 3.176316e+00 1.126316e+00 9.85520519e-03
1.794872e+00 3.176316e+00 1.331579e+00 7.20500480e-03
1.794872e+00 3.176316e+00 1.536842e+00 5.42721804e-03
1.794872e+00 3.176316e+00 1.742105e+00 4.19408875e-03
1.794872e+00 3.176316e+00 1.947368e+00 3.30995792e-03
1.794872e+00 3.176316e+00 2.152632e+00 2.65660556e-03
1.794872e+00 3.176316e+00 2.357895e+00 2.16113403e-03
1.794872e+00 3.176316e+00 2.563158e+00 1.77727174e-03
1.794872e+00 3.176316e+00 2.768421e+00 1.47470087e-03
1.794872e+00 3.176316e+00 2.973684e+00 1.23288098e-03
1.794872e+00 3.176316e+00 3.178947e+00 1.03743630e-03
1.794872e+00 3.176316e+00 3.384211e+00 8.78016755e-04
1.794872e+00 3.176316e+00 3.589474e+00 7.46973325e-04
1.794872e+00 3.176316e+00 3.794737e+00 6.38533733e-04
1.794872e+00 3.176316e+00 4.000000e+00 5.48271637e-04
1.794872e+00 3.436842e+00 1.000000e-01 9.20418978e-01
1.794872e+00 3.436842e+00 3.052632e-01 2.03841310e-02
1.794872e+00 3.436842e+00 5.105263e-01 1.20377615e-02
1.794872e+00 3.436842e+00 7.157895e-01 7.95134157e-03
1.794872e+00 3.436842e+00 9.210526e-01 5.42739127e-03
1.794872e+00 3.436842e+00 1.126316e+00 3.83035140e-03
1.794872e+00 3.436842e+00 1.331579e+00 2.79405946e-03
1.794872e+00 3.436842e+00 1.536842e+00 2.10064184e-03
1.794872e+00 3.436842e+00 1.742105e+00 1.62075751e-03
1.794872e+00 3.436842e+00 1.947368e+00 1.27739552e-03
1.794872e+00 3.436842e+00 2.152632e+00 1.02413516e-03
1.794872e+00 3.436842e+00 2.357895e+00 8.32385034e-04
1.794872e+00 3.436842e+00 2.563158e+00 6.84036466e-04
1.794872e+00 3.436842e+00 2.768421e+00 5.67242387e-04
1.794872e+00 3.436842e+00 2.973684e+00 4.73991298e-04
1.794872e+00 3.436842e+00 3.178947e+00 3.98686738e-04
1.794872e+00 3.436842e+00 3.384211e+00 3.37305188e-04
1.794872e+00 3.436842e+00 3.589474e+00 2.86877883e-04
1.794872e+00 3.436842e+00 3.794737e+00 2.45170260e-04
1.794872e+00 3.436842e+00 4.000000e+00 2.10468483e-04
1.794872e+00 3.697368e+00 1.000000e-01 3.62880290e-01
1.794872e+00 3.697368e+00 3.052632e-01 7.65495468e-03
1.794872e+00 3.697368e+00 5.105263e-01 4.47461009e-03
1.794872e+00 3.697368e+00 7.157895e-01 2.94445734e-03
1.794872e+00 3.697368e+00 9.210526e-01 2.00431375e-03
1.794872e+00 3.697368e+00 1.126316e+00 1.41136011e-03
1.794872e+00 3.697368e+00 1.331579e+00 1.02755602e-03
1.794872e+00 3.697368e+00 1.536842e+00 7.71288062e-04
1.794872e+00 3.697368e+00 1.742105e+00 5.94276527e-04
1.794872e+00 3.697368e+00 1.947368e+00 4.67846752e-04
1.794872e+00 3.697368e+00 2.152632e+00 3.74740688e-04
1.794872e+00 3.697368e+00 2.357895e+00 3.04345478e-04
1.794872e+00 3.697368e+00 2.563158e+00 2.49948527e-04
1.794872e+00 3.697368e+00 2.768421e+00 2.07165285e-04
1.794872e+00 3.697368e+00 2.973684e+00 1.73035194e-04
1.794872e+00 3.697368e+00 3.178947e+00 1.45493148e-04
1.794872e+00 3.697368e+00 3.384211e+00 1.23056772e-04
1.794872e+00 3.697368e+00 3.589474e+00 1.04633422e-04
1.794872e+00 3.697368e+00 3.794737e+00 8.94020486e-05
1.794872e+00 3.697368e+00 4.000000e+00 7.67338206e-05
1.794872e+00 3.957895e+00 1.000000e-01 1.33724347e-01
1.794872e+00 3.957895e+00 3.052632e-01 2.71349284e-03
1.794872e+00 3.957895e+00 5.105263e-01 1.57264213e-03
1.794872e+00 3.957895e+00 7.157895e-01 1.03158469e-03
1.794872e+00 3.957895e+00 9.210526e-01 7.00603472e-04
1.794872e+00 3.957895e+00 1.126316e+00 4.92416380e-04
1.794872e+00 3.957895e+00 1.331579e+00 3.57939367e-04
1.794872e+00 3.957895e+00 1.536842e+00 2.68306874e-04
1.794872e+00 3.957895e+00 1.742105e+00 2.06495024e-04
1.794872e+00 3.957895e+00 1.947368e+00 1.62410593e-04
1.794872e+00 3.957895e+00 2.152632e+00 1.29987966e-04
1.794872e+00 3.957895e+00 2.357895e+00 1.05502615e-04
1.794872e+00 3.957895e+00 2.563158e+00 8.66003975e-05
1.794872e+00 3.957895e+00 2.768421e+00 7.17464791e-05
1.794872e+00 3.957895e+00 2.973684e+00 5.99051600e-05
1.794872e+00 3.957895e+00 3.178947e+00 5.03551528e-05
1.794872e+00 3.957895e+00 3.384211e+00 4.25793260e-05
1.794872e+00 3.957895e+00 3.589474e+00 3.61970378e-05
1.794872e+00 3.957895e+00 3.794737e+00 3.09223797e-05
1.794872e+00 3.957895e+00 4.000000e+00 2.65366052e-05
1.794872e+00 4.218421e+00 1.000000e-01 4.60572094e-02
1.794872e+00 4.218421e+00 3.052632e-01 9.06703586e-04
1.794872e+00 4.218421e+00 5.105263e-01 5.21869690e-04
1.794872e+00 4.218421e+00 7.157895e-01 3.41446197e-04
1.794872e+00 4.218421e+00 9.210526e-01 2.31464408e-04
1.794872e+00 4.218421e+00 1.126316e+00 1.62437675e-04
1.794872e+00 4.218421e+00 1.331579e+00 1.17924523e-04
1.794872e+00 4.218421e+00 1.536842e+00 8.82978202e-05
1.794872e+00 4.218421e+00 1.742105e+00 6.78932047e-05
1.794872e+00 4.218421e+00 1.947368e+00 5.33577077e-05
1.794872e+00 4.218421e+00 2.152632e+00 4.26788501e-05
1.794872e+00 4.218421e+00 2.357895e+00 3.46215784e-05
1.794872e+00 4.218421e+00 2.563158e+00 2.84066300e-05
1.794872e+00 4.218421e+00 2.768421e+00 2.35260468e-05
1.794872e+00 4.218421e+00 2.973684e+00 1.96375422e-05
1.794872e+00 4.218421e+00 3.178947e+00 1.65029960e-05
1.794872e+00 4.218421e+00 3.384211e+00 1.39518033e-05
1.794872e+00 4.218421e+00 3.589474e+00 1.18585322e-05
1.794872e+00 4.218421e+00 3.794737e+00 1.01290125e-05
1.794872e+00 4.218421e+00 4.000000e+00 8.69131145e-06
1.794872e+00 4.478947e+00 1.000000e-01 1.48251820e-02
1.794872e+00 4.478947e+00 3.052632e-01 2.85202230e-04
1.794872e+00 4.478947e+00 5.105263e-01 1.63265038e-04
1.794872e+00 4.478947e+00 7.157895e-01 1.06605068e-04
1.794872e+00 4.478947e+00 9.210526e-01 7.21616452e-05
1.794872e+00 4.478947e+00 1.126316e+00 5.05814714e-05
1.794872e+00 4.478947e+00 1.331579e+00 3.66834101e-05
1.794872e+00 4.478947e+00 1.536842e+00 2.74435115e-05
1.794872e+00 4.478947e+00 1.742105e+00 2.10862800e-05
1.794872e+00 4.478947e+00 1.947368e+00 1.65618312e-05
1.794872e+00 4.478947e+00 2.152632e+00 1.32405776e-05
1.794872e+00 4.478947e+00 2.357895e+00 1.07365413e-05
1.794872e+00 4.478947e+00 2.563158e+00 8.80626521e-06
1.794872e+00 4.478947e+00 2.768421e+00 7.29124031e-06
1.794872e+00 4.478947e+00 2.973684e+00 6.08472101e-06
1.794872e+00 4.478947e+00 3.178947e+00 5.11250892e-06
1.794872e+00 4.478947e+00 3.384211e+00 4.32147499e-06
1.794872e+00 4.478947e+00 3.589474e+00 3.67260418e-06
1.794872e+00 4.478947e+00 3.794737e+00 3.13660712e-06
1.794872e+00 4.478947e+00 4.000000e+00 2.69113775e-06
1.794872e+00 4.739474e+00 1.000000e-01 4.45960602e-03
1.794872e+00 4.739474e+00 3.052632e-01 8.43348607e-05
1.794872e+00 4.739474e+00 5.105263e-01 4.80789749e-05
1.794872e+00 4.739474e+00 7.157895e-01 3.13452765e-05
1.794872e+00 4.739474e+00 9.210526e-01 2.11942970e-05
1.794872e+00 4.739474e+00 1.126316e+00 1.48425770e-05
1.794872e+00 4.739474e+00 1.331579e+00 1.07560054e-05
1.794872e+00 4.739474e+00 1.536842e+00 8.04145930e-06
1.794872e+00 4.739474e+00 1.742105e+00 6.17524938e-06
1.794872e+00 4.739474e+00 1.947368e+00 4.84798875e-06
1.794872e+00 4.739474e+00 2.152632e+00 3.87431464e-06
1.794872e+00 4.739474e+00 2.357895e+00 3.14062413e-06
1.794872e+00 4.739474e+00 2.563158e+00 2.57532815e-06
1.794872e+00 4.739474e+00 2.768421e+00 2.13182193e-06
1.794872e+00 4.739474e+00 2.973684e+00 1.77874801e-06
1.794872e+00 4.739474e+00 3.178947e+00 1.49432287e-06
1.794872e+00 4.739474e+00 3.384211e+00 1.26295913e-06
1.794872e+00 4.739474e+00 3.589474e+00 1.07321580e-06
1.794872e+00 4.739474e+00 3.794737e+00 9.16505201e-07
1.794872e+00 4.739474e+00 4.000000e+00 7.86280680e-07
1.794872e+00 5.000000e+00 1.000000e-01 1.25363690e-03
1.794872e+00 5.000000e+00 3.052632e-01 2.34145664e-05
1.794872e+00 5.000000e+00 5.105263e-01 1.33080202e-05
1.794872e+00 5.000000e+00 7.157895e-01 8.66637038e-06
1.794872e+00 5.000000e+00 9.210526e-01 5.85500129e-06
1.794872e+00 5.000000e+00 1.126316e+00 4.09756512e-06
1.794872e+00 5.000000e+00 1.331579e+00 2.96769122e-06
1.794872e+00 5.000000e+00 1.536842e+00 2.21763753e-06
1.794872e+00 5.000000e+00 1.742105e+00 1.70227759e-06
1.794872e+00 5.000000e+00 1.947368e+00 1.33594654e-06
1.794872e+00 5.000000e+00 2.152632e+00 1.06733182e-06
1.794872e+00 5.000000e+00 2.357895e+00 8.65008303e-07
1.794872e+00 5.000000e+00 2.563158e+00 7.09176618e-07
1.794872e+00 5.000000e+00 2.768421e+00 5.86954059e-07
1.794872e+00 5.000000e+00 2.973684e+00 4.89679167e-07
1.794872e+00 5.000000e+00 3.178947e+00 4.11334042e-07
1.794872e+00 5.000000e+00 3.384211e+00 3.47616748e-07
1.794872e+00 5.000000e+00 3.589474e+00 2.95368636e-07
1.794872e+00 5.000000e+00 3.794737e+00 2.52222776e-07
1.794872e+00 5.000000e+00 4.000000e+00 2.16372513e-07
2.051282e+00 5.000000e-02 1.000000e-01 4.85261414e+02
2.051282e+00 5.000000e-02 3.052632e-01 6.53220367e+01
2.051282e+00 5.000000e-02 5.105263e-01 4.99410172e+01
2.051282e+00 5.000000e-02 7.157895e-01 3.78114014e+01
2.051282e+00 5.000000e-02 9.210526e-01 2.86780548e+01
2.051282e+00 5.000000e-02 1.126316e+00 2.20789337e+01
2.051282e+00 5.000000e-02 1.331579e+00 1.73512783e+01
2.051282e+00 5.000000e-02 1.536842e+00 1.39255495e+01
2.051282e+00 5.000000e-02 1.742105e+00 1.13861685e+01
2.051282e+00 5.000000e-02 1.947368e+00 9.45188808e+00
2.051282e+00 5.000000e-02 2.152632e+00 7.93874931e+00
2.051282e+00 5.000000e-02 2.357895e+00 6.72737360e+00
2.051282e+00 5.000000e-02 2.563158e+00 5.73928595e+00
2.051282e+00 5.000000e-02 2.768421e+00 4.92191505e+00
2.051282e+00 5.000000e-02 2.973684e+00 4.23867750e+00
2.051282e+00 5.000000e-02 3.178947e+00 3.66317296e+00
2.051282e+00 5.000000e-02 3.384211e+00 3.17562389e+00
2.051282e+00 5.000000e-02 3.589474e+00 2.76080084e+00
2.051282e+00 5.000000e-02 3.794737e+00 2.40661168e+00
2.051282e+00 5.000000e-02 4.000000e+00 2.10327792e+00
2.051282e+00 3.105263e-01 1.000000e-01 4.27590881e+02
2.051282e+00 3.105263e-01 3.052632e-01 3.28116913e+01
2.051282e+00 3.105263e-01 5.105263e-01 2.46337566e+01
2.051282e+00 3.105263e-01 7.157895e-01 1.85079212e+01
2.051282e+00 3.105263e-01 9.210526e-01 1.39119682e+01
2.051282e+00 3.105263e-01 1.126316e+00 1.06039877e+01
2.051282e+00 3.105263e-01 1.331579e+00 8.24737930e+00
2.051282e+00 3.105263e-01 1.536842e+00 6.55271769e+00
2.051282e+00 3.105263e-01 1.742105e+00 5.30837822e+00
2.051282e+00 3.105263e-01 1.947368e+00 4.37067080e+00
2.051282e+00 3.105263e-01 2.152632e+00 3.64527106e+00
2.051282e+00 3.105263e-01 2.357895e+00 3.07072520e+00
2.051282e+00 3.105263e-01 2.563158e+00 2.60670328e+00
2.051282e+00 3.105263e-01 2.768421e+00 2.22618961e+00
2.051282e+00 3.105263e-01 2.973684e+00 1.91049170e+00
2.051282e+00 3.105263e-01 3.178947e+00 1.64626098e+00
2.051282e+00 3.105263e-01 3.384211e+00 1.42361927e+00
2.051282e+00 3.105263e-01 3.589474e+00 1.23503935e+00
2.051282e+00 3.105263e-01 3.794737e+00 1.07464147e+00
2.051282e+00 3.105263e-01 4.000000e+00 9.37727869e-01
2.051282e+00 5.710526e-01 1.000000e-01 3.70256836e+02
2.051282e+00 5.710526e-01 3.052632e-01 2.01319408e+01
2.051282e+00 5.710526e-01 5.105263e-01 1.48644686e+01
2.051282e+00 5.710526e-01 7.157895e-01 1.11035728e+01
2.051282e+00 5.710526e-01 9.210526e-01 8.29259014e+00
2.051282e+00 5.710526e-01 1.126316e+00 6.27635193e+00
2.051282e+00 5.710526e-01 1.331579e+00 4.84606409e+00
2.051282e+00 5.710526e-01 1.536842e+00 3.82305646e+00
2.051282e+00 5.710526e-01 1.742105e+00 3.07681251e+00
2.051282e+00 5.710526e-01 1.947368e+00 2.51857638e+00
2.051282e+00 5.710526e-01 2.152632e+00 2.08999896e+00
2.051282e+00 5.710526e-01 2.357895e+00 1.75306690e+00
2.051282e+00 5.710526e-01 2.563158e+00 1.48281503e+00
2.051282e+00 5.710526e-01 2.768421e+00 1.26254189e+00
2.051282e+00 5.710526e-01 2.973684e+00 1.08075774e+00
2.051282e+00 5.710526e-01 3.178947e+00 9.29295838e-01
2.051282e+00 5.710526e-01 3.384211e+00 8.02167416e-01
2.051282e+00 5.710526e-01 3.589474e+00 6.94836676e-01
2.051282e+00 5.710526e-01 3.794737e+00 6.03795052e-01
2.051282e+00 5.710526e-01 4.000000e+00 5.26265025e-01
2.051282e+00 8.315790e-01 1.000000e-01 3.03389587e+02
2.051282e+00 8.315790e-01 3.052632e-01 1.25760098e+01
2.051282e+00 8.315790e-01 5.105263e-01 9.12672043e+00
2.051282e+00 8.315790e-01 7.157895e-01 6.78385830e+00
2.051282e+00 8.315790e-01 9.210526e-01 5.04000425e+00
2.051282e+00 8.315790e-01 1.126316e+00 3.79329085e+00
2.051282e+00 8.315790e-01 1.331579e+00 2.91211653e+00
2.051282e+00 8.315790e-01 1.536842e+00 2.28461576e+00
2.051282e+00 8.315790e-01 1.742105e+00 1.82920623e+00
2.051282e+00 8.315790e-01 1.947368e+00 1.49047482e+00
2.051282e+00 8.315790e-01 2.152632e+00 1.23193455e+00
2.051282e+00 8.315790e-01 2.357895e+00 1.02983809e+00
2.051282e+00 8.315790e-01 2.563158e+00 8.68597388e-01
2.051282e+00 8.315790e-01 2.768421e+00 7.37795651e-01
2.051282e+00 8.315790e-01 2.973684e+00 6.30294740e-01
2.051282e+00 8.315790e-01 3.178947e+00 5.41045368e-01
2.051282e+00 8.315790e-01 3.384211e+00 4.66356933e-01
2.051282e+00 8.315790e-01 3.589474e+00 4.03463721e-01
2.051282e+00 8.315790e-01 3.794737e+00 3.50231618e-01
2.051282e+00 8.315790e-01 4.000000e+00 3.04982036e-01
2.051282e+00 1.092105e+00 1.000000e-01 2.33625031e+02
2.051282e+00 1.092105e+00 3.052632e-01 7.69544077e+00
2.051282e+00 1.092105e+00 5.105263e-01 5.48327255e+00
2.051282e+00 1.092105e+00 7.157895e-01 4.05761385e+00
2.051282e+00 1.092105e+00 9.210526e-01 3.00112200e+00
2.051282e+00 1.092105e+00 1.126316e+00 2.24825573e+00
2.051282e+00 1.092105e+00 1.331579e+00 1.71786773e+00
2.051282e+00 1.092105e+00 1.536842e+00 1.34156394e+00
2.051282e+00 1.092105e+00 1.742105e+00 1.06961882e+00
2.051282e+00 1.092105e+00 1.947368e+00 8.68271053e-01
2.051282e+00 1.092105e+00 2.152632e+00 7.15320289e-01
2.051282e+00 1.092105e+00 2.357895e+00 5.96312523e-01
2.051282e+00 1.092105e+00 2.563158e+00 5.01769066e-01
2.051282e+00 1.092105e+00 2.768421e+00 4.25368220e-01
2.051282e+00 1.092105e+00 2.973684e+00 3.62787813e-01
2.051282e+00 1.092105e+00 3.178947e+00 3.10981572e-01
2.051282e+00 1.092105e+00 3.384211e+00 2.67735809e-01
2.051282e+00 1.092105e+00 3.589474e+00 2.31395394e-01
2.051282e+00 1.092105e+00 3.794737e+00 2.00692192e-01
2.051282e+00 1.092105e+00 4.000000e+00 1.74632549e-01
2.051282e+00 1.352632e+00 1.000000e-01 1.68644608e+02
2.051282e+00 1.352632e+00 3.052632e-01 4.54720545e+00
2.051282e+00 1.352632e+00 5.105263e-01 3.17735648e+00
2.051282e+00 1.352632e+00 7.157895e-01 2.34163785e+00
2.051282e+00 1.352632e+00 9.210526e-01 1.72516680e+00
2.051282e+00 1.352632e+00 1.126316e+00 1.28724837e+00
2.051282e+00 1.352632e+00 1.331579e+00 9.79656279e-01
2.051282e+00 1.352632e+00 1.536842e+00 7.62132466e-01
2.051282e+00 1.352632e+00 1.742105e+00 6.05496049e-01
2.051282e+00 1.352632e+00 1.947368e+00 4.89967525e-01
2.051282e+00 1.352632e+00 2.152632e+00 4.02554661e-01
2.051282e+00 1.352632e+00 2.357895e+00 3.34798455e-01
2.051282e+00 1.352632e+00 2.563158e+00 2.81163216e-01
2.051282e+00 1.352632e+00 2.768421e+00 2.37958834e-01
2.051282e+00 1.352632e+00 2.973684e+00 2.02668056e-01
2.051282e+00 1.352632e+00 3.178947e+00 1.73523068e-01
2.051282e+00 1.352632e+00 3.384211e+00 1.49243981e-01
2.051282e+00 1.352632e+00 3.589474e+00 1.28877670e-01
2.051282e+00 1.352632e+00 3.794737e+00 1.11696377e-01
2.051282e+00 1.352632e+00 4.000000e+00 9.71323326e-02
2.051282e+00 1.613158e+00 1.000000e-01 1.13982330e+02
2.051282e+00 1.613158e+00 3.052632e-01 2.57662201e+00
2.051282e+00 1.613158e+00 5.105263e-01 1.76362360e+00
2.051282e+00 1.613158e+00 7.157895e-01 1.29477358e+00
2.051282e+00 1.613158e+00 9.210526e-01 9.50576901e-01
2.051282e+00 1.613158e+00 1.126316e+00 7.06817269e-01
2.051282e+00 1.613158e+00 1.331579e+00 5.36079049e-01
2.051282e+00 1.613158e+00 1.536842e+00 4.15679365e-01
2.051282e+00 1.613158e+00 1.742105e+00 3.29249322e-01
2.051282e+00 1.613158e+00 1.947368e+00 2.65712768e-01
2.051282e+00 1.613158e+00 2.152632e+00 2.17798591e-01
2.051282e+00 1.613158e+00 2.357895e+00 1.80779994e-01
2.051282e+00 1.613158e+00 2.563158e+00 1.51563376e-01
2.051282e+00 1.613158e+00 2.768421e+00 1.28092900e-01
2.051282e+00 1.613158e+00 2.973684e+00 1.08966812e-01
2.051282e+00 1.613158e+00 3.178947e+00 9.32035819e-02
2.051282e+00 1.613158e+00 3.384211e+00 8.00951123e-02
2.051282e+00 1.613158e+00 3.589474e+00 6.91150129e-02
2.051282e+00 1.613158e+00 3.794737e+00 5.98638505e-02
2.051282e+00 1.613158e+00 4.000000e+00 5.20305969e-02
2.051282e+00 1.873684e+00 1.000000e-01 7.20815887e+01
2.051282e+00 1.873684e+00 3.052632e-01 1.39457929e+00
2.051282e+00 1.873684e+00 5.105263e-01 9.34204459e-01
2.051282e+00 1.873684e+00 7.157895e-01 6.83377922e-01
2.051282e+00 1.873684e+00 9.210526e-01 5.00124276e-01
2.051282e+00 1.873684e+00 1.126316e+00 3.70732635e-01
2.051282e+00 1.873684e+00 1.331579e+00 2.80333042e-01
2.051282e+00 1.873684e+00 1.536842e+00 2.16752172e-01
2.051282e+00 1.873684e+00 1.742105e+00 1.71234533e-01
2.051282e+00 1.873684e+00 1.947368e+00 1.37868926e-01
2.051282e+00 1.873684e+00 2.152632e+00 1.12779714e-01
2.051282e+00 1.873684e+00 2.357895e+00 9.34498459e-02
2.051282e+00 1.873684e+00 2.563158e+00 7.82333985e-02
2.051282e+00 1.873684e+00 2.768421e+00 6.60378784e-02
2.051282e+00 1.873684e+00 2.973684e+00 5.61197922e-02
2.051282e+00 1.873684e+00 3.178947e+00 4.79600355e-02
2.051282e+00 1.873684e+00 3.384211e+00 4.11846414e-02
2.051282e+00 1.873684e+00 3.589474e+00 3.55167687e-02
2.051282e+00 1.873684e+00 3.794737e+00 3.07463873e-02
2.051282e+00 1.873684e+00 4.000000e+00 2.67108567e-02
2.051282e+00 2.134211e+00 1.000000e-01 4.26340256e+01
2.051282e+00 2.134211e+00 3.052632e-01 7.19199300e-01
2.051282e+00 2.134211e+00 5.105263e-01 4.71256286e-01
2.051282e+00 2.134211e+00 7.157895e-01 3.43548536e-01
2.051282e+00 2.134211e+00 9.210526e-01 2.50695646e-01
2.051282e+00 2.134211e+00 1.126316e+00 1.85323313e-01
2.051282e+00 2.134211e+00 1.331579e+00 1.39761135e-01
2.051282e+00 2.134211e+00 1.536842e+00 1.07791223e-01
2.051282e+00 2.134211e+00 1.742105e+00 8.49594027e-02
2.051282e+00 2.134211e+00 1.947368e+00 6.82648569e-02
2.051282e+00 2.134211e+00 2.152632e+00 5.57434112e-02
2.051282e+00 2.134211e+00 2.357895e+00 4.61196005e-02
2.051282e+00 2.134211e+00 2.563158e+00 3.85608748e-02
2.051282e+00 2.134211e+00 2.768421e+00 3.25149707e-02
2.051282e+00 2.134211e+00 2.973684e+00 2.76069026e-02
2.051282e+00 2.134211e+00 3.178947e+00 2.35751048e-02
2.051282e+00 2.134211e+00 3.384211e+00 2.02316381e-02
2.051282e+00 2.134211e+00 3.589474e+00 1.74378678e-02
2.051282e+00 2.134211e+00 3.794737e+00 1.50887128e-02
2.051282e+00 2.134211e+00 4.000000e+00 1.31030474e-02
2.051282e+00 2.394737e+00 1.000000e-01 2.35786972e+01
2.051282e+00 2.394737e+00 3.052632e-01 3.52806032e-01
2.051282e+00 2.394737e+00 5.105263e-01 2.26104707e-01
2.051282e+00 2.394737e+00 7.157895e-01 1.64298028e-01
2.051282e+00 2.394737e+00 9.210526e-01 1.19574077e-01
2.051282e+00 2.394737e+00 1.126316e+00 8.81733224e-02
2.051282e+00 2.394737e+00 1.331579e+00 6.63376674e-02
2.051282e+00 2.394737e+00 1.536842e+00 5.10489158e-02
2.051282e+00 2.394737e+00 1.742105e+00 4.01539244e-02
2.051282e+00 2.394737e+00 1.947368e+00 3.22054513e-02
2.051282e+00 2.394737e+00 2.152632e+00 2.62569692e-02
2.051282e+00 2.394737e+00 2.357895e+00 2.16949172e-02
2.051282e+00 2.394737e+00 2.563158e+00 1.81188583e-02
2.051282e+00 2.394737e+00 2.768421e+00 1.52636096e-02
2.051282e+00 2.394737e+00 2.973684e+00 1.29493475e-02
2.051282e+00 2.394737e+00 3.178947e+00 1.10508129e-02
2.051282e+00 2.394737e+00 3.384211e+00 9.47822817e-03
2.051282e+00 2.394737e+00 3.589474e+00 8.16547032e-03
2.051282e+00 2.394737e+00 3.794737e+00 7.06256879e-03
2.051282e+00 2.394737e+00 4.000000e+00 6.13097334e-03
2.051282e+00 2.655263e+00 1.000000e-01 1.21909285e+01
2.051282e+00 2.655263e+00 3.052632e-01 1.64412320e-01
2.051282e+00 2.655263e+00 5.105263e-01 1.03099965e-01
2.051282e+00 2.655263e+00 7.157895e-01 7.46892989e-02
2.051282e+00 2.655263e+00 9.210526e-01 5.42255566e-02
2.051282e+00 2.655263e+00 1.126316e+00 3.98958772e-02
2.051282e+00 2.655263e+00 1.331579e+00 2.99519803e-02
2.051282e+00 2.655263e+00 1.536842e+00 2.30030324e-02
2.051282e+00 2.655263e+00 1.742105e+00 1.80608667e-02
2.051282e+00 2.655263e+00 1.947368e+00 1.44623881e-02
2.051282e+00 2.655263e+00 2.152632e+00 1.17747635e-02
2.051282e+00 2.655263e+00 2.357895e+00 9.71740857e-03
2.051282e+00 2.655263e+00 2.563158e+00 8.10756441e-03
2.051282e+00 2.655263e+00 2.768421e+00 6.82421401e-03
2.051282e+00 2.655263e+00 2.973684e+00 5.78546664e-03
2.051282e+00 2.655263e+00 3.178947e+00 4.93432628e-03
2.051282e+00 2.655263e+00 3.384211e+00 4.23004199e-03
2.051282e+00 2.655263e+00 3.589474e+00 3.64262145e-03
2.051282e+00 2.655263e+00 3.794737e+00 3.14947148e-03
2.051282e+00 2.655263e+00 4.000000e+00 2.73318170e-03
2.051282e+00 2.915789e+00 1.000000e-01 5.89187670e+00
2.051282e+00 2.915789e+00 3.052632e-01 7.27024674e-02
2.051282e+00 2.915789e+00 5.105263e-01 4.46526483e-02
2.051282e+00 2.915789e+00 7.157895e-01 3.22566889e-02
2.051282e+00 2.915789e+00 9.210526e-01 2.33669803e-02
2.051282e+00 2.915789e+00 1.126316e+00 1.71572529e-02
2.051282e+00 2.915789e+00 1.331579e+00 1.28563968e-02
2.051282e+00 2.915789e+00 1.536842e+00 9.85616073e-03
2.051282e+00 2.915789e+00 1.742105e+00 7.72609096e-03
2.051282e+00 2.915789e+00 1.947368e+00 6.17792504e-03
2.051282e+00 2.915789e+00 2.152632e+00 5.02364337e-03
2.051282e+00 2.915789e+00 2.357895e+00 4.14152583e-03
2.051282e+00 2.915789e+00 2.563158e+00 3.45235737e-03
2.051282e+00 2.915789e+00 2.768421e+00 2.90371850e-03
2.051282e+00 2.915789e+00 2.973684e+00 2.46019405e-03
2.051282e+00 2.915789e+00 3.178947e+00 2.09715730e-03
2.051282e+00 2.915789e+00 3.384211e+00 1.79703406e-03
2.051282e+00 2.915789e+00 3.589474e+00 1.54689758e-03
2.051282e+00 2.915789e+00 3.794737e+00 1.33704254e-03
2.051282e+00 2.915789e+00 4.000000e+00 1.15999440e-03
2.051282e+00 3.176316e+00 1.000000e-01 2.66152430e+00
2.051282e+00 3.176316e+00 3.052632e-01 3.04713584e-02
2.051282e+00 3.176316e+00 5.105263e-01 1.83575656e-02
2.051282e+00 3.176316e+00 7.157895e-01 1.32272420e-02
2.051282e+00 3.176316e+00 9.210526e-01 9.56289098e-03
2.051282e+00 3.176316e+00 1.126316e+00 7.00895162e-03
2.051282e+00 3.176316e+00 1.331579e+00 5.24314260e-03
2.051282e+00 3.176316e+00 1.536842e+00 4.01328923e-03
2.051282e+00 3.176316e+00 1.742105e+00 3.14148772e-03
2.051282e+00 3.176316e+00 1.947368e+00 2.50883121e-03
2.051282e+00 3.176316e+00 2.152632e+00 2.03786069e-03
2.051282e+00 3.176316e+00 2.357895e+00 1.67847355e-03
2.051282e+00 3.176316e+00 2.563158e+00 1.39807072e-03
2.051282e+00 3.176316e+00 2.768421e+00 1.17512699e-03
2.051282e+00 3.176316e+00 2.973684e+00 9.95085342e-04
2.051282e+00 3.176316e+00 3.178947e+00 8.47855583e-04
2.051282e+00 3.176316e+00 3.384211e+00 7.26231781e-04
2.051282e+00 3.176316e+00 3.589474e+00 6.24937704e-04
2.051282e+00 3.176316e+00 3.794737e+00 5.40005218e-04
2.051282e+00 3.176316e+00 4.000000e+00 4.68384649e-04
2.051282e+00 3.436842e+00 1.000000e-01 1.12366807e+00
2.051282e+00 3.436842e+00 3.052632e-01 1.20906299e-02
2.051282e+00 3.436842e+00 5.105263e-01 7.15875998e-03
2.051282e+00 3.436842e+00 7.157895e-01 5.14633115e-03
2.051282e+00 3.436842e+00 9.210526e-01 3.71411978e-03
2.051282e+00 3.436842e+00 1.126316e+00 2.71791755e-03
2.051282e+00 3.436842e+00 1.331579e+00 2.03019287e-03
2.051282e+00 3.436842e+00 1.536842e+00 1.55186176e-03
2.051282e+00 3.436842e+00 1.742105e+00 1.21325161e-03
2.051282e+00 3.436842e+00 1.947368e+00 9.67858825e-04
2.051282e+00 3.436842e+00 2.152632e+00 7.85422744e-04
2.051282e+00 3.436842e+00 2.357895e+00 6.46388100e-04
2.051282e+00 3.436842e+00 2.563158e+00 5.38038730e-04
2.051282e+00 3.436842e+00 2.768421e+00 4.51981876e-04
2.051282e+00 3.436842e+00 2.973684e+00 3.82550352e-04
2.051282e+00 3.436842e+00 3.178947e+00 3.25817469e-04
2.051282e+00 3.436842e+00 3.384211e+00 2.78985593e-04
2.051282e+00 3.436842e+00 3.589474e+00 2.40003617e-04
2.051282e+00 3.436842e+00 3.794737e+00 2.07334102e-04
2.051282e+00 3.436842e+00 4.000000e+00 1.79797396e-04
2.051282e+00 3.697368e+00 1.000000e-01 4.43357617e-01
2.051282e+00 3.697368e+00 3.052632e-01 4.53591393e-03
2.051282e+00 3.697368e+00 5.105263e-01 2.64540524e-03
2.051282e+00 3.697368e+00 7.157895e-01 1.89796498e-03
2.051282e+00 3.697368e+00 9.210526e-01 1.36770634e-03
2.051282e+00 3.697368e+00 1.126316e+00 9.99511452e-04
2.051282e+00 3.697368e+00 1.331579e+00 7.45664875e-04
2.051282e+00 3.697368e+00 1.536842e+00 5.69318363e-04
2.051282e+00 3.697368e+00 1.742105e+00 4.44625650e-04
2.051282e+00 3.697368e+00 1.947368e+00 3.54363874e-04
2.051282e+00 3.697368e+00 2.152632e+00 2.87336152e-04
2.051282e+00 3.697368e+00 2.357895e+00 2.36309512e-04
2.051282e+00 3.697368e+00 2.563158e+00 1.96584282e-04
2.051282e+00 3.697368e+00 2.768421e+00 1.65061094e-04
2.051282e+00 3.697368e+00 2.973684e+00 1.39647993e-04
2.051282e+00 3.697368e+00 3.178947e+00 1.18897064e-04
2.051282e+00 3.697368e+00 3.384211e+00 1.01777303e-04
2.051282e+00 3.697368e+00 3.589474e+00 8.75346668e-05
2.051282e+00 3.697368e+00 3.794737e+00 7.56033842e-05
2.051282e+00 3.697368e+00 4.000000e+00 6.55502008e-05
2.051282e+00 3.957895e+00 1.000000e-01 1.63478494e-01
2.051282e+00 3.957895e+00 3.052632e-01 1.60673016e-03
2.051282e+00 3.957895e+00 5.105263e-01 9.25213099e-04
2.051282e+00 3.957895e+00 7.157895e-01 6.62694045e-04
2.051282e+00 3.957895e+00 9.210526e-01 4.76946647e-04
2.051282e+00 3.957895e+00 1.126316e+00 3.48157308e-04
2.051282e+00 3.957895e+00 1.331579e+00 2.59464199e-04
2.051282e+00 3.957895e+00 1.536842e+00 1.97909671e-04
2.051282e+00 3.957895e+00 1.742105e+00 1.54427384e-04
2.051282e+00 3.957895e+00 1.947368e+00 1.22982077e-04
2.051282e+00 3.957895e+00 2.152632e+00 9.96527451e-05
2.051282e+00 3.957895e+00 2.357895e+00 8.19087072e-05
2.051282e+00 3.957895e+00 2.563158e+00 6.81063757e-05
2.051282e+00 3.957895e+00 2.768421e+00 5.71618402e-05
2.051282e+00 3.957895e+00 2.973684e+00 4.83446056e-05
2.051282e+00 3.957895e+00 3.178947e+00 4.11490146e-05
2.051282e+00 3.957895e+00 3.384211e+00 3.52155766e-05
2.051282e+00 3.957895e+00 3.589474e+00 3.02812205e-05
2.051282e+00 3.957895e+00 3.794737e+00 2.61492023e-05
2.051282e+00 3.957895e+00 4.000000e+00 2.26686752e-05
2.051282e+00 4.218421e+00 1.000000e-01 5.63305169e-02
2.051282e+00 4.218421e+00 3.052632e-01 5.36613807e-04
2.051282e+00 4.218421e+00 5.105263e-01 3.05813621e-04
2.051282e+00 4.218421e+00 7.157895e-01 2.18743909e-04
2.051282e+00 4.218421e+00 9.210526e-01 1.57270668e-04
2.051282e+00 4.218421e+00 1.126316e+00 1.14698138e-04
2.051282e+00 4.218421e+00 1.331579e+00 8.54061655e-05
2.051282e+00 4.218421e+00 1.536842e+00 6.50935181e-05
2.051282e+00 4.218421e+00 1.742105e+00 5.07557997e-05
2.051282e+00 4.218421e+00 1.947368e+00 4.03950071e-05
2.051282e+00 4.218421e+00 2.152632e+00 3.27143607e-05
2.051282e+00 4.218421e+00 2.357895e+00 2.68767672e-05
2.051282e+00 4.218421e+00 2.563158e+00 2.23389525e-05
2.051282e+00 4.218421e+00 2.768421e+00 1.87429341e-05
2.051282e+00 4.218421e+00 2.973684e+00 1.58474195e-05
2.051282e+00 4.218421e+00 3.178947e+00 1.34855572e-05
2.051282e+00 4.218421e+00 3.384211e+00 1.15387438e-05
2.051282e+00 4.218421e+00 3.589474e+00 9.92028527e-06
2.051282e+00 4.218421e+00 3.794737e+00 8.56537099e-06
2.051282e+00 4.218421e+00 4.000000e+00 7.42437669e-06
2.051282e+00 4.478947e+00 1.000000e-01 1.81380995e-02
2.051282e+00 4.478947e+00 3.052632e-01 1.68731116e-04
2.051282e+00 4.478947e+00 5.105263e-01 9.53765993e-05
2.051282e+00 4.478947e+00 7.157895e-01 6.81479360e-05
2.051282e+00 4.478947e+00 9.210526e-01 4.89567610e-05
2.051282e+00 4.478947e+00 1.126316e+00 3.56787568e-05
2.051282e+00 4.478947e+00 1.331579e+00 2.65492781e-05
2.051282e+00 4.478947e+00 1.536842e+00 2.02224073e-05
2.051282e+00 4.478947e+00 1.742105e+00 1.57592294e-05
2.051282e+00 4.478947e+00 1.947368e+00 1.25360921e-05
2.051282e+00 4.478947e+00 2.152632e+00 1.01481264e-05
2.051282e+00 4.478947e+00 2.357895e+00 8.33419017e-06
2.051282e+00 4.478947e+00 2.563158e+00 6.92491631e-06
2.051282e+00 4.478947e+00 2.768421e+00 5.80866163e-06
2.051282e+00 4.478947e+00 2.973684e+00 4.91023093e-06
2.051282e+00 4.478947e+00 3.178947e+00 4.17765023e-06
2.051282e+00 4.478947e+00 3.384211e+00 3.57398540e-06
2.051282e+00 4.478947e+00 3.589474e+00 3.07228424e-06
2.051282e+00 4.478947e+00 3.794737e+00 2.65237168e-06
2.051282e+00 4.478947e+00 4.000000e+00 2.29882198e-06
2.051282e+00 4.739474e+00 1.000000e-01 5.45750838e-03
2.051282e+00 4.739474e+00 3.052632e-01 4.98815607e-05
2.051282e+00 4.739474e+00 5.105263e-01 2.80207823e-05
2.051282e+00 4.739474e+00 7.157895e-01 2.00047543e-05
2.051282e+00 4.739474e+00 9.210526e-01 1.43623211e-05
2.051282e+00 4.739474e+00 1.126316e+00 1.04612282e-05
2.051282e+00 4.739474e+00 1.331579e+00 7.78043704e-06
2.051282e+00 4.739474e+00 1.536842e+00 5.92350671e-06
2.051282e+00 4.739474e+00 1.742105e+00 4.61418813e-06
2.051282e+00 4.739474e+00 1.947368e+00 3.66907216e-06
2.051282e+00 4.739474e+00 2.152632e+00 2.96918074e-06
2.051282e+00 4.739474e+00 2.357895e+00 2.43776640e-06
2.051282e+00 4.739474e+00 2.563158e+00 2.02507090e-06
2.051282e+00 4.739474e+00 2.768421e+00 1.69830048e-06
2.051282e+00 4.739474e+00 2.973684e+00 1.43538159e-06
2.051282e+00 4.739474e+00 3.178947e+00 1.22105746e-06
2.051282e+00 4.739474e+00 3.384211e+00 1.04449157e-06
2.051282e+00 4.739474e+00 3.589474e+00 8.97779955e-07
2.051282e+00 4.739474e+00 3.794737e+00 7.75005731e-07
2.051282e+00 4.739474e+00 4.000000e+00 6.71650469e-07
2.051282e+00 5.000000e+00 1.000000e-01 1.53442484e-03
2.051282e+00 5.000000e+00 3.052632e-01 1.38465884e-05
2.051282e+00 5.000000e+00 5.105263e-01 7.74252021e-06
2.051282e+00 5.000000e+00 7.157895e-01 5.52419942e-06
2.051282e+00 5.000000e+00 9.210526e-01 3.96426594e-06
2.051282e+00 5.000000e+00 1.126316e+00 2.88631918e-06
2.051282e+00 5.000000e+00 1.331579e+00 2.14585702e-06
2.051282e+00 5.000000e+00 1.536842e+00 1.63314098e-06
2.051282e+00 5.000000e+00 1.742105e+00 1.27174928e-06
2.051282e+00 5.000000e+00 1.947368e+00 1.01097623e-06
2.051282e+00 5.000000e+00 2.152632e+00 8.17925695e-07
2.051282e+00 5.000000e+00 2.357895e+00 6.71396720e-07
2.051282e+00 5.000000e+00 2.563158e+00 5.57635076e-07
2.051282e+00 5.000000e+00 2.768421e+00 4.67584783e-07
2.051282e+00 5.000000e+00 2.973684e+00 3.95147282e-07
2.051282e+00 5.000000e+00 3.178947e+00 3.36110503e-07
2.051282e+00 5.000000e+00 3.384211e+00 2.87483374e-07
2.051282e+00 5.000000e+00 3.589474e+00 2.47083733e-07
2.051282e+00 5.000000e+00 3.794737e+00 2.13280344e-07
2.051282e+00 5.000000e+00 4.000000e+00 1.84827229e-07
2.307692e+00 5.000000e-02 1.000000e-01 5.17477234e+02
2.307692e+00 5.000000e-02 3.052632e-01 4.60678482e+01
2.307692e+00 5.000000e-02 5.105263e-01 3.64409218e+01
2.307692e+00 5.000000e-02 7.157895e-01 2.86464176e+01
2.307692e+00 5.000000e-02 9.210526e-01 2.22514172e+01
2.307692e+00 5.000000e-02 1.126316e+00 1.73347111e+01
2.307692e+00 5.000000e-02 1.331579e+00 1.36702061e+01
2.307692e+00 5.000000e-02 1.536842e+00 1.09624281e+01
2.307692e+00 5.000000e-02 1.742105e+00 8.94835472e+00
2.307692e+00 5.000000e-02 1.947368e+00 7.42521572e+00
2.307692e+00 5.000000e-02 2.152632e+00 6.24809313e+00
2.307692e+00 5.000000e-02 2.357895e+00 5.31715584e+00
2.307692e+00 5.000000e-02 2.563158e+00 4.56495571e+00
2.307692e+00 5.000000e-02 2.768421e+00 3.94576359e+00
2.307692e+00 5.000000e-02 2.973684e+00 3.42850852e+00
2.307692e+00 5.000000e-02 3.178947e+00 2.99135447e+00
2.307692e+00 5.000000e-02 3.384211e+00 2.61870909e+00
2.307692e+00 5.000000e-02 3.589474e+00 2.29895806e+00
2.307692e+00 5.000000e-02 3.794737e+00 2.02326322e+00
2.307692e+00 5.000000e-02 4.000000e+00 1.78464448e+00
2.307692e+00 3.105263e-01 1.000000e-01 4.69339874e+02
2.307692e+00 3.105263e-01 3.052632e-01 2.26879921e+01
2.307692e+00 3.105263e-01 5.105263e-01 1.74462795e+01
2.307692e+00 3.105263e-01 7.157895e-01 1.36816177e+01
2.307692e+00 3.105263e-01 9.210526e-01 1.05877476e+01
2.307692e+00 3.105263e-01 1.126316e+00 8.20655632e+00
2.307692e+00 3.105263e-01 1.331579e+00 6.43247223e+00
2.307692e+00 3.105263e-01 1.536842e+00 5.12417459e+00
2.307692e+00 3.105263e-01 1.742105e+00 4.15452003e+00
2.307692e+00 3.105263e-01 1.947368e+00 3.42509508e+00
2.307692e+00 3.105263e-01 2.152632e+00 2.86498666e+00
2.307692e+00 3.105263e-01 2.357895e+00 2.42523527e+00
2.307692e+00 3.105263e-01 2.563158e+00 2.07253885e+00
2.307692e+00 3.105263e-01 2.768421e+00 1.78433859e+00
2.307692e+00 3.105263e-01 2.973684e+00 1.54517543e+00
2.307692e+00 3.105263e-01 3.178947e+00 1.34426904e+00
2.307692e+00 3.105263e-01 3.384211e+00 1.17390466e+00
2.307692e+00 3.105263e-01 3.589474e+00 1.02839255e+00
2.307692e+00 3.105263e-01 3.794737e+00 9.03419256e-01
2.307692e+00 3.105263e-01 4.000000e+00 7.95624614e-01
2.307692e+00 5.710526e-01 1.000000e-01 4.11044647e+02
2.307692e+00 5.710526e-01 3.052632e-01 1.37872448e+01
2.307692e+00 5.710526e-01 5.105263e-01 1.03066349e+01
2.307692e+00 5.710526e-01 7.157895e-01 8.06639671e+00
2.307692e+00 5.710526e-01 9.210526e-01 6.22508097e+00
2.307692e+00 5.710526e-01 1.126316e+00 4.80755091e+00
2.307692e+00 5.710526e-01 1.331579e+00 3.75207877e+00
2.307692e+00 5.710526e-01 1.536842e+00 2.97495151e+00
2.307692e+00 5.710526e-01 1.742105e+00 2.40052629e+00
2.307692e+00 5.710526e-01 1.947368e+00 1.96995676e+00
2.307692e+00 5.710526e-01 2.152632e+00 1.64081681e+00
2.307692e+00 5.710526e-01 2.357895e+00 1.38370895e+00
2.307692e+00 5.710526e-01 2.563158e+00 1.17856300e+00
2.307692e+00 5.710526e-01 2.768421e+00 1.01176763e+00
2.307692e+00 5.710526e-01 2.973684e+00 8.74006867e-01
2.307692e+00 5.710526e-01 3.178947e+00 7.58775175e-01
2.307692e+00 5.710526e-01 3.384211e+00 6.61424816e-01
2.307692e+00 5.710526e-01 3.589474e+00 5.78546405e-01
2.307692e+00 5.710526e-01 3.794737e+00 5.07569134e-01
2.307692e+00 5.710526e-01 4.000000e+00 4.46492761e-01
2.307692e+00 8.315790e-01 1.000000e-01 3.39084839e+02
2.307692e+00 8.315790e-01 3.052632e-01 8.58442688e+00
2.307692e+00 8.315790e-01 5.105263e-01 6.22185135e+00
2.307692e+00 8.315790e-01 7.157895e-01 4.86044216e+00
2.307692e+00 8.315790e-01 9.210526e-01 3.74236727e+00
2.307692e+00 8.315790e-01 1.126316e+00 2.88179016e+00
2.307692e+00 8.315790e-01 1.331579e+00 2.24148822e+00
2.307692e+00 8.315790e-01 1.536842e+00 1.77071309e+00
2.307692e+00 8.315790e-01 1.742105e+00 1.42347002e+00
2.307692e+00 8.315790e-01 1.947368e+00 1.16394734e+00
2.307692e+00 8.315790e-01 2.152632e+00 9.66254711e-01
2.307692e+00 8.315790e-01 2.357895e+00 8.12415659e-01
2.307692e+00 8.315790e-01 2.563158e+00 6.90156281e-01
2.307692e+00 8.315790e-01 2.768421e+00 5.91144621e-01
2.307692e+00 8.315790e-01 2.973684e+00 5.09665132e-01
2.307692e+00 8.315790e-01 3.178947e+00 4.41735178e-01
2.307692e+00 8.315790e-01 3.384211e+00 3.84512663e-01
2.307692e+00 8.315790e-01 3.589474e+00 3.35922569e-01
2.307692e+00 8.315790e-01 3.794737e+00 2.94401407e-01
2.307692e+00 8.315790e-01 4.000000e+00 2.58740306e-01
2.307692e+00 1.092105e+00 1.000000e-01 2.62301086e+02
2.307692e+00 1.092105e+00 3.052632e-01 5.26123619e+00
2.307692e+00 1.092105e+00 5.105263e-01 3.68530130e+00
2.307692e+00 1.092105e+00 7.157895e-01 2.87377882e+00
2.307692e+00 1.092105e+00 9.210526e-01 2.20831299e+00
2.307692e+00 1.092105e+00 1.126316e+00 1.69636250e+00
2.307692e+00 1.092105e+00 1.331579e+00 1.31576383e+00
2.307692e+00 1.092105e+00 1.536842e+00 1.03629148e+00
2.307692e+00 1.092105e+00 1.742105e+00 8.30534697e-01
2.307692e+00 1.092105e+00 1.947368e+00 6.77117646e-01
2.307692e+00 1.092105e+00 2.152632e+00 5.60584366e-01
2.307692e+00 1.092105e+00 2.357895e+00 4.70182031e-01
2.307692e+00 1.092105e+00 2.563158e+00 3.98571998e-01
2.307692e+00 1.092105e+00 2.768421e+00 3.40759575e-01
2.307692e+00 1.092105e+00 2.973684e+00 2.93323398e-01
2.307692e+00 1.092105e+00 3.178947e+00 2.53881365e-01
2.307692e+00 1.092105e+00 3.384211e+00 2.20736980e-01
2.307692e+00 1.092105e+00 3.589474e+00 1.92649886e-01
2.307692e+00 1.092105e+00 3.794737e+00 1.68691888e-01
2.307692e+00 1.092105e+00 4.000000e+00 1.48148119e-01
2.307692e+00 1.352632e+00 1.000000e-01 1.89963043e+02
2.307692e+00 1.352632e+00 3.052632e-01 3.12586308e+00
2.307692e+00 1.352632e+00 5.105263e-01 2.10954070e+00
2.307692e+00 1.352632e+00 7.157895e-01 1.64214766e+00
2.307692e+00 1.352632e+00 9.210526e-01 1.25965607e+00
2.307692e+00 1.352632e+00 1.126316e+00 9.65608239e-01
2.307692e+00 1.352632e+00 1.331579e+00 7.47196138e-01
2.307692e+00 1.352632e+00 1.536842e+00 5.87005198e-01
2.307692e+00 1.352632e+00 1.742105e+00 4.69256490e-01
2.307692e+00 1.352632e+00 1.947368e+00 3.81637722e-01
2.307692e+00 1.352632e+00 2.152632e+00 3.15239966e-01
2.307692e+00 1.352632e+00 2.357895e+00 2.63864785e-01
2.307692e+00 1.352632e+00 2.563158e+00 2.23277330e-01
2.307692e+00 1.352632e+00 2.768421e+00 1.90594971e-01
2.307692e+00 1.352632e+00 2.973684e+00 1.63844794e-01
2.307692e+00 1.352632e+00 3.178947e+00 1.41651526e-01
2.307692e+00 1.352632e+00 3.384211e+00 1.23038381e-01
2.307692e+00 1.352632e+00 3.589474e+00 1.07293092e-01
2.307692e+00 1.352632e+00 3.794737e+00 9.38824788e-02
2.307692e+00 1.352632e+00 4.000000e+00 8.23978856e-02
2.307692e+00 1.613158e+00 1.000000e-01 1.28702454e+02
2.307692e+00 1.613158e+00 3.052632e-01 1.78638351e+00
2.307692e+00 1.613158e+00 5.105263e-01 1.15842628e+00
2.307692e+00 1.613158e+00 7.157895e-01 9.00223613e-01
2.307692e+00 1.613158e+00 9.210526e-01 6.89439595e-01
2.307692e+00 1.613158e+00 1.126316e+00 5.27532995e-01
2.307692e+00 1.613158e+00 1.331579e+00 4.07378703e-01
2.307692e+00 1.613158e+00 1.536842e+00 3.19352508e-01
2.307692e+00 1.613158e+00 1.742105e+00 2.54738510e-01
2.307692e+00 1.613158e+00 1.947368e+00 2.06742197e-01
2.307692e+00 1.613158e+00 2.152632e+00 1.70444414e-01
2.307692e+00 1.613158e+00 2.357895e+00 1.42419592e-01
2.307692e+00 1.613158e+00 2.563158e+00 1.20329589e-01
2.307692e+00 1.613158e+00 2.768421e+00 1.02581166e-01
2.307692e+00 1.613158e+00 2.973684e+00 8.80842060e-02
2.307692e+00 1.613158e+00 3.178947e+00 7.60792121e-02
2.307692e+00 1.613158e+00 3.384211e+00 6.60277233e-02
2.307692e+00 1.613158e+00 3.589474e+00 5.75370602e-02
2.307692e+00 1.613158e+00 3.794737e+00 5.03146760e-02
2.307692e+00 1.613158e+00 4.000000e+00 4.41361293e-02
2.307692e+00 1.873684e+00 1.000000e-01 8.15405807e+01
2.307692e+00 1.873684e+00 3.052632e-01 9.77359474e-01
2.307692e+00 1.873684e+00 5.105263e-01 6.07802451e-01
2.307692e+00 1.873684e+00 7.157895e-01 4.71531004e-01
2.307692e+00 1.873684e+00 9.210526e-01 3.60598743e-01
2.307692e+00 1.873684e+00 1.126316e+00 2.75467753e-01
2.307692e+00 1.873684e+00 1.331579e+00 2.12346643e-01
2.307692e+00 1.873684e+00 1.536842e+00 1.66151717e-01
2.307692e+00 1.873684e+00 1.742105e+00 1.32286161e-01
2.307692e+00 1.873684e+00 1.947368e+00 1.07168503e-01
2.307692e+00 1.873684e+00 2.152632e+00 8.82057771e-02
2.307692e+00 1.873684e+00 2.357895e+00 7.35930502e-02
2.307692e+00 1.873684e+00 2.563158e+00 6.20968379e-02
2.307692e+00 1.873684e+00 2.768421e+00 5.28777316e-02
2.307692e+00 1.873684e+00 2.973684e+00 4.53605652e-02
2.307692e+00 1.873684e+00 3.178947e+00 3.91456895e-02
2.307692e+00 1.873684e+00 3.384211e+00 3.39494757e-02
2.307692e+00 1.873684e+00 3.589474e+00 2.95657832e-02
2.307692e+00 1.873684e+00 3.794737e+00 2.58408356e-02
2.307692e+00 1.873684e+00 4.000000e+00 2.26573870e-02
2.307692e+00 2.134211e+00 1.000000e-01 4.82973022e+01
2.307692e+00 2.134211e+00 3.052632e-01 5.10285854e-01
2.307692e+00 2.134211e+00 5.105263e-01 3.03985685e-01
2.307692e+00 2.134211e+00 7.157895e-01 2.35440075e-01
2.307692e+00 2.134211e+00 9.210526e-01 1.79808617e-01
2.307692e+00 2.134211e+00 1.126316e+00 1.37159064e-01
2.307692e+00 2.134211e+00 1.331579e+00 1.05563678e-01
2.307692e+00 2.134211e+00 1.536842e+00 8.24626014e-02
2.307692e+00 2.134211e+00 1.742105e+00 6.55470788e-02
2.307692e+00 2.134211e+00 1.947368e+00 5.30179068e-02
2.307692e+00 2.134211e+00 2.152632e+00 4.35735025e-02
2.307692e+00 2.134211e+00 2.357895e+00 3.63075063e-02
2.307692e+00 2.134211e+00 2.563158e+00 3.06008272e-02
2.307692e+00 2.134211e+00 2.768421e+00 2.60318257e-02
2.307692e+00 2.134211e+00 2.973684e+00 2.23121159e-02
2.307692e+00 2.134211e+00 3.178947e+00 1.92410760e-02
2.307692e+00 2.134211e+00 3.384211e+00 1.66766383e-02
2.307692e+00 2.134211e+00 3.589474e+00 1.45154754e-02
2.307692e+00 2.134211e+00 3.794737e+00 1.26808807e-02
2.307692e+00 2.134211e+00 4.000000e+00 1.11142760e-02
2.307692e+00 2.394737e+00 1.000000e-01 2.67403297e+01
2.307692e+00 2.394737e+00 3.052632e-01 2.53632039e-01
2.307692e+00 2.394737e+00 5.105263e-01 1.44724503e-01
2.307692e+00 2.394737e+00 7.157895e-01 1.11908667e-01
2.307692e+00 2.394737e+00 9.210526e-01 8.53601545e-02
2.307692e+00 2.394737e+00 1.126316e+00 6.50271699e-02
2.307692e+00 2.394737e+00 1.331579e+00 4.99773771e-02
2.307692e+00 2.394737e+00 1.536842e+00 3.89836840e-02
2.307692e+00 2.394737e+00 1.742105e+00 3.09419110e-02
2.307692e+00 2.394737e+00 1.947368e+00 2.49927454e-02
2.307692e+00 2.394737e+00 2.152632e+00 2.05143206e-02
2.307692e+00 2.394737e+00 2.357895e+00 1.70739070e-02
2.307692e+00 2.394737e+00 2.563158e+00 1.43757490e-02
2.307692e+00 2.394737e+00 2.768421e+00 1.22186709e-02
2.307692e+00 2.394737e+00 2.973684e+00 1.04648797e-02
2.307692e+00 2.394737e+00 3.178947e+00 9.01871268e-03
2.307692e+00 2.394737e+00 3.384211e+00 7.81239476e-03
2.307692e+00 2.394737e+00 3.589474e+00 6.79679448e-03
2.307692e+00 2.394737e+00 3.794737e+00 5.93535230e-03
2.307692e+00 2.394737e+00 4.000000e+00 5.20025240e-03
2.307692e+00 2.655263e+00 1.000000e-01 1.38375568e+01
2.307692e+00 2.655263e+00 3.052632e-01 1.19776025e-01
2.307692e+00 2.655263e+00 5.105263e-01 6.55315742e-02
2.307692e+00 2.655263e+00 7.157895e-01 5.05931228e-02
2.307692e+00 2.655263e+00 9.210526e-01 3.85466889e-02
2.307692e+00 2.655263e+00 1.126316e+00 2.93296725e-02
2.307692e+00 2.655263e+00 1.331579e+00 2.25131940e-02
2.307692e+00 2.655263e+00 1.536842e+00 1.75380688e-02
2.307692e+00 2.655263e+00 1.742105e+00 1.39023047e-02
2.307692e+00 2.655263e+00 1.947368e+00 1.12155005e-02
2.307692e+00 2.655263e+00 2.152632e+00 9.19536129e-03
2.307692e+00 2.655263e+00 2.357895e+00 7.64541794e-03
2.307692e+00 2.655263e+00 2.563158e+00 6.43149158e-03
2.307692e+00 2.655263e+00 2.768421e+00 5.46221016e-03
2.307692e+00 2.655263e+00 2.973684e+00 4.67510149e-03
2.307692e+00 2.655263e+00 3.178947e+00 4.02674312e-03
2.307692e+00 2.655263e+00 3.384211e+00 3.48644424e-03
2.307692e+00 2.655263e+00 3.589474e+00 3.03194765e-03
2.307692e+00 2.655263e+00 3.794737e+00 2.64672050e-03
2.307692e+00 2.655263e+00 4.000000e+00 2.31820857e-03
2.307692e+00 2.915789e+00 1.000000e-01 6.69222784e+00
2.307692e+00 2.915789e+00 3.052632e-01 5.36487289e-02
2.307692e+00 2.915789e+00 5.105263e-01 2.82037575e-02
2.307692e+00 2.915789e+00 7.157895e-01 2.17421409e-02
2.307692e+00 2.915789e+00 9.210526e-01 1.65478997e-02
2.307692e+00 2.915789e+00 1.126316e+00 1.25775533e-02
2.307692e+00 2.915789e+00 1.331579e+00 9.64353140e-03
2.307692e+00 2.915789e+00 1.536842e+00 7.50374096e-03
2.307692e+00 2.915789e+00 1.742105e+00 5.94136212e-03
2.307692e+00 2.915789e+00 1.947368e+00 4.78787953e-03
2.307692e+00 2.915789e+00 2.152632e+00 3.92154325e-03
2.307692e+00 2.915789e+00 2.357895e+00 3.25760688e-03
2.307692e+00 2.915789e+00 2.563158e+00 2.73819501e-03
2.307692e+00 2.915789e+00 2.768421e+00 2.32393667e-03
2.307692e+00 2.915789e+00 2.973684e+00 1.98788219e-03
2.307692e+00 2.915789e+00 3.178947e+00 1.71133585e-03
2.307692e+00 2.915789e+00 3.384211e+00 1.48107507e-03
2.307692e+00 2.915789e+00 3.589474e+00 1.28752319e-03
2.307692e+00 2.915789e+00 3.794737e+00 1.12358131e-03
2.307692e+00 2.915789e+00 4.000000e+00 9.83851496e-04
2.307692e+00 3.176316e+00 1.000000e-01 3.02466631e+00
2.307692e+00 3.176316e+00 3.052632e-01 2.27551498e-02
2.307692e+00 3.176316e+00 5.105263e-01 1.15304459e-02
2.307692e+00 3.176316e+00 7.157895e-01 8.87650810e-03
2.307692e+00 3.176316e+00 9.210526e-01 6.74952846e-03
2.307692e+00 3.176316e+00 1.126316e+00 5.12518501e-03
2.307692e+00 3.176316e+00 1.331579e+00 3.92568344e-03
2.307692e+00 3.176316e+00 1.536842e+00 3.05150705e-03
2.307692e+00 3.176316e+00 1.742105e+00 2.41370266e-03
2.307692e+00 3.176316e+00 1.947368e+00 1.94322981e-03
2.307692e+00 3.176316e+00 2.152632e+00 1.59020443e-03
2.307692e+00 3.176316e+00 2.357895e+00 1.31993135e-03
2.307692e+00 3.176316e+00 2.563158e+00 1.10870099e-03
2.307692e+00 3.176316e+00 2.768421e+00 9.40398138e-04
2.307692e+00 3.176316e+00 2.973684e+00 8.03993724e-04
2.307692e+00 3.176316e+00 3.178947e+00 6.91838039e-04
2.307692e+00 3.176316e+00 3.384211e+00 5.98523940e-04
2.307692e+00 3.176316e+00 3.589474e+00 5.20137837e-04
2.307692e+00 3.176316e+00 3.794737e+00 4.53780900e-04
2.307692e+00 3.176316e+00 4.000000e+00 3.97252734e-04
2.307692e+00 3.436842e+00 1.000000e-01 1.27750897e+00
2.307692e+00 3.436842e+00 3.052632e-01 9.12574213e-03
2.307692e+00 3.436842e+00 5.105263e-01 4.47454164e-03
2.307692e+00 3.436842e+00 7.157895e-01 3.44034424e-03
2.307692e+00 3.436842e+00 9.210526e-01 2.61379406e-03
2.307692e+00 3.436842e+00 1.126316e+00 1.98308122e-03
2.307692e+00 3.436842e+00 1.331579e+00 1.51763775e-03
2.307692e+00 3.436842e+00 1.536842e+00 1.17864064e-03
2.307692e+00 3.436842e+00 1.742105e+00 9.31471295e-04
2.307692e+00 3.436842e+00 1.947368e+00 7.49286672e-04
2.307692e+00 3.436842e+00 2.152632e+00 6.12693490e-04
2.307692e+00 3.436842e+00 2.357895e+00 5.08206896e-04
2.307692e+00 3.436842e+00 2.563158e+00 4.26619925e-04
2.307692e+00 3.436842e+00 2.768421e+00 3.61668557e-04
2.307692e+00 3.436842e+00 2.973684e+00 3.09068739e-04
2.307692e+00 3.436842e+00 3.178947e+00 2.65852141e-04
2.307692e+00 3.436842e+00 3.384211e+00 2.29918587e-04
2.307692e+00 3.436842e+00 3.589474e+00 1.99750633e-04
2.307692e+00 3.436842e+00 3.794737e+00 1.74224624e-04
2.307692e+00 3.436842e+00 4.000000e+00 1.52489243e-04
2.307692e+00 3.697368e+00 1.000000e-01 5.04217505e-01
2.307692e+00 3.697368e+00 3.052632e-01 3.45526100e-03
2.307692e+00 3.697368e+00 5.105263e-01 1.64660648e-03
2.307692e+00 3.697368e+00 7.157895e-01 1.26464153e-03
2.307692e+00 3.697368e+00 9.210526e-01 9.60114645e-04
2.307692e+00 3.697368e+00 1.126316e+00 7.27911887e-04
2.307692e+00 3.697368e+00 1.331579e+00 5.56650397e-04
2.307692e+00 3.697368e+00 1.536842e+00 4.31982015e-04
2.307692e+00 3.697368e+00 1.742105e+00 3.41137871e-04
2.307692e+00 3.697368e+00 1.947368e+00 2.74219725e-04
2.307692e+00 3.697368e+00 2.152632e+00 2.24083153e-04
2.307692e+00 3.697368e+00 2.357895e+00 1.85759520e-04
2.307692e+00 3.697368e+00 2.563158e+00 1.55856862e-04
2.307692e+00 3.697368e+00 2.768421e+00 1.32069152e-04
2.307692e+00 3.697368e+00 2.973684e+00 1.12818132e-04
2.307692e+00 3.697368e+00 3.178947e+00 9.70108595e-05
2.307692e+00 3.697368e+00 3.384211e+00 8.38746855e-05
2.307692e+00 3.697368e+00 3.589474e+00 7.28517844e-05
2.307692e+00 3.697368e+00 3.794737e+00 6.35289180e-05
2.307692e+00 3.697368e+00 4.000000e+00 5.55934421e-05
2.307692e+00 3.957895e+00 1.000000e-01 1.85964316e-01
2.307692e+00 3.957895e+00 3.052632e-01 1.23336574e-03
2.307692e+00 3.957895e+00 5.105263e-01 5.73892205e-04
2.307692e+00 3.957895e+00 7.157895e-01 4.40355449e-04
2.307692e+00 3.957895e+00 9.210526e-01 3.34114477e-04
2.307692e+00 3.957895e+00 1.126316e+00 2.53156002e-04
2.307692e+00 3.957895e+00 1.331579e+00 1.93473374e-04
2.307692e+00 3.957895e+00 1.536842e+00 1.50047752e-04
2.307692e+00 3.957895e+00 1.742105e+00 1.18419317e-04
2.307692e+00 3.957895e+00 1.947368e+00 9.51335969e-05
2.307692e+00 3.957895e+00 2.152632e+00 7.76973393e-05
2.307692e+00 3.957895e+00 2.357895e+00 6.43777239e-05
2.307692e+00 3.957895e+00 2.563158e+00 5.39913162e-05
2.307692e+00 3.957895e+00 2.768421e+00 4.57336719e-05
2.307692e+00 3.957895e+00 2.973684e+00 3.90547684e-05
2.307692e+00 3.957895e+00 3.178947e+00 3.35734221e-05
2.307692e+00 3.957895e+00 3.384211e+00 2.90204734e-05
2.307692e+00 3.957895e+00 3.589474e+00 2.52014979e-05
2.307692e+00 3.957895e+00 3.794737e+00 2.19726262e-05
2.307692e+00 3.957895e+00 4.000000e+00 1.92250864e-05
2.307692e+00 4.218421e+00 1.000000e-01 6.40902370e-02
2.307692e+00 4.218421e+00 3.052632e-01 4.14474431e-04
2.307692e+00 4.218421e+00 5.105263e-01 1.89157014e-04
2.307692e+00 4.218421e+00 7.157895e-01 1.45031416e-04
2.307692e+00 4.218421e+00 9.210526e-01 1.09986344e-04
2.307692e+00 4.218421e+00 1.126316e+00 8.32950245e-05
2.307692e+00 4.218421e+00 1.331579e+00 6.36256227e-05
2.307692e+00 4.218421e+00 1.536842e+00 4.93193620e-05
2.307692e+00 4.218421e+00 1.742105e+00 3.89036977e-05
2.307692e+00 4.218421e+00 1.947368e+00 3.12386946e-05
2.307692e+00 4.218421e+00 2.152632e+00 2.55018804e-05
2.307692e+00 4.218421e+00 2.357895e+00 2.11216720e-05
2.307692e+00 4.218421e+00 2.563158e+00 1.77077873e-05
2.307692e+00 4.218421e+00 2.768421e+00 1.49949337e-05
2.307692e+00 4.218421e+00 2.973684e+00 1.28017527e-05
2.307692e+00 4.218421e+00 3.178947e+00 1.10025703e-05
2.307692e+00 4.218421e+00 3.384211e+00 9.50865615e-06
2.307692e+00 4.218421e+00 3.589474e+00 8.25599363e-06
2.307692e+00 4.218421e+00 3.794737e+00 7.19720310e-06
2.307692e+00 4.218421e+00 4.000000e+00 6.29647775e-06
2.307692e+00 4.478947e+00 1.000000e-01 2.06394736e-02
2.307692e+00 4.478947e+00 3.052632e-01 1.30957284e-04
2.307692e+00 4.478947e+00 5.105263e-01 5.88633848e-05
2.307692e+00 4.478947e+00 7.157895e-01 4.51045926e-05
2.307692e+00 4.478947e+00 9.210526e-01 3.41922678e-05
2.307692e+00 4.478947e+00 1.126316e+00 2.58844448e-05
2.307692e+00 4.478947e+00 1.331579e+00 1.97641875e-05
2.307692e+00 4.478947e+00 1.536842e+00 1.53140190e-05
2.307692e+00 4.478947e+00 1.742105e+00 1.20750583e-05
2.307692e+00 4.478947e+00 1.947368e+00 9.69229131e-06
2.307692e+00 4.478947e+00 2.152632e+00 7.90957802e-06
2.307692e+00 4.478947e+00 2.357895e+00 6.54897849e-06
2.307692e+00 4.478947e+00 2.563158e+00 5.48894695e-06
2.307692e+00 4.478947e+00 2.768421e+00 4.64692357e-06
2.307692e+00 4.478947e+00 2.973684e+00 3.96643190e-06
2.307692e+00 4.478947e+00 3.178947e+00 3.40837960e-06
2.307692e+00 4.478947e+00 3.384211e+00 2.94515416e-06
2.307692e+00 4.478947e+00 3.589474e+00 2.55682585e-06
2.307692e+00 4.478947e+00 3.794737e+00 2.22868016e-06
2.307692e+00 4.478947e+00 4.000000e+00 1.94957352e-06
2.307692e+00 4.739474e+00 1.000000e-01 6.21074904e-03
2.307692e+00 4.739474e+00 3.052632e-01 3.88565022e-05
2.307692e+00 4.739474e+00 5.105263e-01 1.72643449e-05
2.307692e+00 4.739474e+00 7.157895e-01 1.32227542e-05
2.307692e+00 4.739474e+00 9.210526e-01 1.00207144e-05
2.307692e+00 4.739474e+00 1.126316e+00 7.58369424e-06
2.307692e+00 4.739474e+00 1.331579e+00 5.78880054e-06
2.307692e+00 4.739474e+00 1.536842e+00 4.48399123e-06
2.307692e+00 4.739474e+00 1.742105e+00 3.53453765e-06
2.307692e+00 4.739474e+00 1.947368e+00 2.83624377e-06
2.307692e+00 4.739474e+00 2.152632e+00 2.31395211e-06
2.307692e+00 4.739474e+00 2.357895e+00 1.91544677e-06
2.307692e+00 4.739474e+00 2.563158e+00 1.60506977e-06
2.307692e+00 4.739474e+00 2.768421e+00 1.35859602e-06
2.307692e+00 4.739474e+00 2.973684e+00 1.15946204e-06
2.307692e+00 4.739474e+00 3.178947e+00 9.96197969e-07
2.307692e+00 4.739474e+00 3.384211e+00 8.60706280e-07
2.307692e+00 4.739474e+00 3.589474e+00 7.47145805e-07
2.307692e+00 4.739474e+00 3.794737e+00 6.51200253e-07
2.307692e+00 4.739474e+00 4.000000e+00 5.69604538e-07
2.307692e+00 5.000000e+00 1.000000e-01 1.74632692e-03
2.307692e+00 5.000000e+00 3.052632e-01 1.08151817e-05
2.307692e+00 5.000000e+00 5.105263e-01 4.76441119e-06
2.307692e+00 5.000000e+00 7.157895e-01 3.64778475e-06
2.307692e+00 5.000000e+00 9.210526e-01 2.76382343e-06
2.307692e+00 5.000000e+00 1.126316e+00 2.09120481e-06
2.307692e+00 5.000000e+00 1.331579e+00 1.59590240e-06
2.307692e+00 5.000000e+00 1.536842e+00 1.23589837e-06
2.307692e+00 5.000000e+00 1.742105e+00 9.73985607e-07
2.307692e+00 5.000000e+00 1.947368e+00 7.81393965e-07
2.307692e+00 5.000000e+00 2.152632e+00 6.37374342e-07
2.307692e+00 5.000000e+00 2.357895e+00 5.27512384e-07
2.307692e+00 5.000000e+00 2.563158e+00 4.41965170e-07
2.307692e+00 5.000000e+00 2.768421e+00 3.74046607e-07
2.307692e+00 5.000000e+00 2.973684e+00 3.19183869e-07
2.307692e+00 5.000000e+00 3.178947e+00 2.74211914e-07
2.307692e+00 5.000000e+00 3.384211e+00 2.36896113e-07
2.307692e+00 5.000000e+00 3.589474e+00 2.05625469e-07
2.307692e+00 5.000000e+00 3.794737e+00 1.79208556e-07
2.307692e+00 5.000000e+00 4.000000e+00 1.56745102e-07
2.564103e+00 5.000000e-02 1.000000e-01 5.32167786e+02
2.564103e+00 5.000000e-02 3.052632e-01 3.30281601e+01
2.564103e+00 5.000000e-02 5.105263e-01 2.64858398e+01
2.564103e+00 5.000000e-02 7.157895e-01 2.16524258e+01
2.564103e+00 5.000000e-02 9.210526e-01 1.73404179e+01
2.564103e+00 5.000000e-02 1.126316e+00 1.37888889e+01
2.564103e+00 5.000000e-02 1.331579e+00 1.09989843e+01
2.564103e+00 5.000000e-02 1.536842e+00 8.86064529e+00
2.564103e+00 5.000000e-02 1.742105e+00 7.23554325e+00
2.564103e+00 5.000000e-02 1.947368e+00 5.99634600e+00
2.564103e+00 5.000000e-02 2.152632e+00 5.04029894e+00
2.564103e+00 5.000000e-02 2.357895e+00 4.29015636e+00
2.564103e+00 5.000000e-02 2.563158e+00 3.69029403e+00
2.564103e+00 5.000000e-02 2.768421e+00 3.20135140e+00
2.564103e+00 5.000000e-02 2.973684e+00 2.79589009e+00
2.564103e+00 5.000000e-02 3.178947e+00 2.45468140e+00
2.564103e+00 5.000000e-02 3.384211e+00 2.16404581e+00
2.564103e+00 5.000000e-02 3.589474e+00 1.91417730e+00
2.564103e+00 5.000000e-02 3.794737e+00 1.69779718e+00
2.564103e+00 5.000000e-02 4.000000e+00 1.50933778e+00
2.564103e+00 3.105263e-01 1.000000e-01 4.91028015e+02
2.564103e+00 3.105263e-01 3.052632e-01 1.63823032e+01
2.564103e+00 3.105263e-01 5.105263e-01 1.24144144e+01
2.564103e+00 3.105263e-01 7.157895e-01 1.01457205e+01
2.564103e+00 3.105263e-01 9.210526e-01 8.11717701e+00
2.564103e+00 3.105263e-01 1.126316e+00 6.44098616e+00
2.564103e+00 3.105263e-01 1.331579e+00 5.12164640e+00
2.564103e+00 3.105263e-01 1.536842e+00 4.10971975e+00
2.564103e+00 3.105263e-01 1.742105e+00 3.34103012e+00
2.564103e+00 3.105263e-01 1.947368e+00 2.75590134e+00
2.564103e+00 3.105263e-01 2.152632e+00 2.30577707e+00
2.564103e+00 3.105263e-01 2.357895e+00 1.95400476e+00
2.564103e+00 3.105263e-01 2.563158e+00 1.67402399e+00
2.564103e+00 3.105263e-01 2.768421e+00 1.44699776e+00
2.564103e+00 3.105263e-01 2.973684e+00 1.25973213e+00
2.564103e+00 3.105263e-01 3.178947e+00 1.10292518e+00
2.564103e+00 3.105263e-01 3.384211e+00 9.70013916e-01
2.564103e+00 3.105263e-01 3.589474e+00 8.56227815e-01
2.564103e+00 3.105263e-01 3.794737e+00 7.58059442e-01
2.564103e+00 3.105263e-01 4.000000e+00 6.72863364e-01
2.564103e+00 5.710526e-01 1.000000e-01 4.32771881e+02
2.564103e+00 5.710526e-01 3.052632e-01 1.00874844e+01
2.564103e+00 5.710526e-01 5.105263e-01 7.22453022e+00
2.564103e+00 5.710526e-01 7.157895e-01 5.90098858e+00
2.564103e+00 5.710526e-01 9.210526e-01 4.71734142e+00
2.564103e+00 5.710526e-01 1.126316e+00 3.73735714e+00
2.564103e+00 5.710526e-01 1.331579e+00 2.96515465e+00
2.564103e+00 5.710526e-01 1.536842e+00 2.37264681e+00
2.564103e+00 5.710526e-01 1.742105e+00 1.92278790e+00
2.564103e+00 5.710526e-01 1.947368e+00 1.58077455e+00
2.564103e+00 5.710526e-01 2.152632e+00 1.31823230e+00
2.564103e+00 5.710526e-01 2.357895e+00 1.11362255e+00
2.564103e+00 5.710526e-01 2.563158e+00 9.51305687e-01
2.564103e+00 5.710526e-01 2.768421e+00 8.20163727e-01
2.564103e+00 5.710526e-01 2.973684e+00 7.12385237e-01
2.564103e+00 5.710526e-01 3.178947e+00 6.22466326e-01
2.564103e+00 5.710526e-01 3.384211e+00 5.46499014e-01
2.564103e+00 5.710526e-01 3.589474e+00 4.81663764e-01
2.564103e+00 5.710526e-01 3.794737e+00 4.25884962e-01
2.564103e+00 5.710526e-01 4.000000e+00 3.77586842e-01
2.564103e+00 8.315790e-01 1.000000e-01 3.58292694e+02
2.564103e+00 8.315790e-01 3.052632e-01 6.39710617e+00
2.564103e+00 8.315790e-01 5.105263e-01 4.30979776e+00
2.564103e+00 8.315790e-01 7.157895e-01 3.51756763e+00
2.564103e+00 8.315790e-01 9.210526e-01 2.81000876e+00
2.564103e+00 8.315790e-01 1.126316e+00 2.22341394e+00
2.564103e+00 8.315790e-01 1.331579e+00 1.76085937e+00
2.564103e+00 8.315790e-01 1.536842e+00 1.40590680e+00
2.564103e+00 8.315790e-01 1.742105e+00 1.13652539e+00
2.564103e+00 8.315790e-01 1.947368e+00 9.31949615e-01
2.564103e+00 8.315790e-01 2.152632e+00 7.75161147e-01
2.564103e+00 8.315790e-01 2.357895e+00 6.53237879e-01
2.564103e+00 8.315790e-01 2.563158e+00 5.56761026e-01
2.564103e+00 8.315790e-01 2.768421e+00 4.79033649e-01
2.564103e+00 8.315790e-01 2.973684e+00 4.15331006e-01
2.564103e+00 8.315790e-01 3.178947e+00 3.62334013e-01
2.564103e+00 8.315790e-01 3.384211e+00 3.17676455e-01
2.564103e+00 8.315790e-01 3.589474e+00 2.79653758e-01
2.564103e+00 8.315790e-01 3.794737e+00 2.47011542e-01
2.564103e+00 8.315790e-01 4.000000e+00 2.18802392e-01
2.564103e+00 1.092105e+00 1.000000e-01 2.77808289e+02
2.564103e+00 1.092105e+00 3.052632e-01 4.00946999e+00
2.564103e+00 1.092105e+00 5.105263e-01 2.52794409e+00
2.564103e+00 1.092105e+00 7.157895e-01 2.06133747e+00
2.564103e+00 1.092105e+00 9.210526e-01 1.64560807e+00
2.564103e+00 1.092105e+00 1.126316e+00 1.30067205e+00
2.564103e+00 1.092105e+00 1.331579e+00 1.02855897e+00
2.564103e+00 1.092105e+00 1.536842e+00 8.19744408e-01
2.564103e+00 1.092105e+00 1.742105e+00 6.61342144e-01
2.564103e+00 1.092105e+00 1.947368e+00 5.41153789e-01
2.564103e+00 1.092105e+00 2.152632e+00 4.49167281e-01
2.564103e+00 1.092105e+00 2.357895e+00 3.77760291e-01
2.564103e+00 1.092105e+00 2.563158e+00 3.21373910e-01
2.564103e+00 1.092105e+00 2.768421e+00 2.76048094e-01
2.564103e+00 1.092105e+00 2.973684e+00 2.38987699e-01
2.564103e+00 1.092105e+00 3.178947e+00 2.08222941e-01
2.564103e+00 1.092105e+00 3.384211e+00 1.82354093e-01
2.564103e+00 1.092105e+00 3.589474e+00 1.60371616e-01
2.564103e+00 1.092105e+00 3.794737e+00 1.41532153e-01
2.564103e+00 1.092105e+00 4.000000e+00 1.25276014e-01
2.564103e+00 1.352632e+00 1.000000e-01 2.01521652e+02
2.564103e+00 1.352632e+00 3.052632e-01 2.44316745e+00
2.564103e+00 1.352632e+00 5.105263e-01 1.43521416e+00
2.564103e+00 1.352632e+00 7.157895e-01 1.16902530e+00
2.564103e+00 1.352632e+00 9.210526e-01 9.32683825e-01
2.564103e+00 1.352632e+00 1.126316e+00 7.36488163e-01
2.564103e+00 1.352632e+00 1.331579e+00 5.81673682e-01
2.564103e+00 1.352632e+00 1.536842e+00 4.62883353e-01
2.564103e+00 1.352632e+00 1.742105e+00 3.72810721e-01
2.564103e+00 1.352632e+00 1.947368e+00 3.04521203e-01
2.564103e+00 1.352632e+00 2.152632e+00 2.52316624e-01
2.564103e+00 1.352632e+00 2.357895e+00 2.11851507e-01
2.564103e+00 1.352632e+00 2.563158e+00 1.79952830e-01
2.564103e+00 1.352632e+00 2.768421e+00 1.54358208e-01
2.564103e+00 1.352632e+00 2.973684e+00 1.33470744e-01
2.564103e+00 1.352632e+00 3.178947e+00 1.16164148e-01
2.564103e+00 1.352632e+00 3.384211e+00 1.01637200e-01
2.564103e+00 1.352632e+00 3.589474e+00 8.93119425e-02
2.564103e+00 1.352632e+00 3.794737e+00 7.87640437e-02
2.564103e+00 1.352632e+00 4.000000e+00 6.96744025e-02
2.564103e+00 1.613158e+00 1.000000e-01 1.36694901e+02
2.564103e+00 1.613158e+00 3.052632e-01 1.43446791e+00
2.564103e+00 1.613158e+00 5.105263e-01 7.82621026e-01
2.564103e+00 1.613158e+00 7.157895e-01 6.36681080e-01
2.564103e+00 1.613158e+00 9.210526e-01 5.07671475e-01
2.564103e+00 1.613158e+00 1.126316e+00 4.00543690e-01
2.564103e+00 1.613158e+00 1.331579e+00 3.16003412e-01
2.564103e+00 1.613158e+00 1.536842e+00 2.51144230e-01
2.564103e+00 1.613158e+00 1.742105e+00 2.01984450e-01
2.564103e+00 1.613158e+00 1.947368e+00 1.64740339e-01
2.564103e+00 1.613158e+00 2.152632e+00 1.36296704e-01
2.564103e+00 1.613158e+00 2.357895e+00 1.14276551e-01
2.564103e+00 1.613158e+00 2.563158e+00 9.69434679e-02
2.564103e+00 1.613158e+00 2.768421e+00 8.30575228e-02
2.564103e+00 1.613158e+00 2.973684e+00 7.17436597e-02
2.564103e+00 1.613158e+00 3.178947e+00 6.23836890e-02
2.564103e+00 1.613158e+00 3.384211e+00 5.45389131e-02
2.564103e+00 1.613158e+00 3.589474e+00 4.78920825e-02
2.564103e+00 1.613158e+00 3.794737e+00 4.22105007e-02
2.564103e+00 1.613158e+00 4.000000e+00 3.73198651e-02
2.564103e+00 1.873684e+00 1.000000e-01 8.66804199e+01
2.564103e+00 1.873684e+00 3.052632e-01 8.06815743e-01
2.564103e+00 1.873684e+00 5.105263e-01 4.08144087e-01
2.564103e+00 1.873684e+00 7.157895e-01 3.31584185e-01
2.564103e+00 1.873684e+00 9.210526e-01 2.64251798e-01
2.564103e+00 1.873684e+00 1.126316e+00 2.08333507e-01
2.564103e+00 1.873684e+00 1.331579e+00 1.64205015e-01
2.564103e+00 1.873684e+00 1.536842e+00 1.30355507e-01
2.564103e+00 1.873684e+00 1.742105e+00 1.04710400e-01
2.564103e+00 1.873684e+00 1.947368e+00 8.52928609e-02
2.564103e+00 1.873684e+00 2.152632e+00 7.04764575e-02
2.564103e+00 1.873684e+00 2.357895e+00 5.90187162e-02
2.564103e+00 1.873684e+00 2.563158e+00 5.00108004e-02
2.564103e+00 1.873684e+00 2.768421e+00 4.28042300e-02
2.564103e+00 1.873684e+00 2.973684e+00 3.69404033e-02
2.564103e+00 1.873684e+00 3.178947e+00 3.20959426e-02
2.564103e+00 1.873684e+00 3.384211e+00 2.80405432e-02
2.564103e+00 1.873684e+00 3.589474e+00 2.46085059e-02
2.564103e+00 1.873684e+00 3.794737e+00 2.16779485e-02
2.564103e+00 1.873684e+00 4.000000e+00 1.91576220e-02
2.564103e+00 2.134211e+00 1.000000e-01 5.13759155e+01
2.564103e+00 2.134211e+00 3.052632e-01 4.32886958e-01
2.564103e+00 2.134211e+00 5.105263e-01 2.03051105e-01
2.564103e+00 2.134211e+00 7.157895e-01 1.64723560e-01
2.564103e+00 2.134211e+00 9.210526e-01 1.31206632e-01
2.564103e+00 2.134211e+00 1.126316e+00 1.03371665e-01
2.564103e+00 2.134211e+00 1.331579e+00 8.14068839e-02
2.564103e+00 2.134211e+00 1.536842e+00 6.45619333e-02
2.564103e+00 2.134211e+00 1.742105e+00 5.18043041e-02
2.564103e+00 2.134211e+00 1.947368e+00 4.21504900e-02
2.564103e+00 2.134211e+00 2.152632e+00 3.47898304e-02
2.564103e+00 2.134211e+00 2.357895e+00 2.91031022e-02
2.564103e+00 2.134211e+00 2.563158e+00 2.46371608e-02
2.564103e+00 2.134211e+00 2.768421e+00 2.10683364e-02
2.564103e+00 2.134211e+00 2.973684e+00 1.81679893e-02
2.564103e+00 2.134211e+00 3.178947e+00 1.57745685e-02
2.564103e+00 2.134211e+00 3.384211e+00 1.37732606e-02
2.564103e+00 2.134211e+00 3.589474e+00 1.20811816e-02
2.564103e+00 2.134211e+00 3.794737e+00 1.06377006e-02
2.564103e+00 2.134211e+00 4.000000e+00 9.39724315e-03
2.564103e+00 2.394737e+00 1.000000e-01 2.84593754e+01
2.564103e+00 2.394737e+00 3.052632e-01 2.20838562e-01
2.564103e+00 2.394737e+00 5.105263e-01 9.62214023e-02
2.564103e+00 2.394737e+00 7.157895e-01 7.79407695e-02
2.564103e+00 2.394737e+00 9.210526e-01 6.20514415e-02
2.564103e+00 2.394737e+00 1.126316e+00 4.88573648e-02
2.564103e+00 2.394737e+00 1.331579e+00 3.84468026e-02
2.564103e+00 2.394737e+00 1.536842e+00 3.04644629e-02
2.564103e+00 2.394737e+00 1.742105e+00 2.44213678e-02
2.564103e+00 2.394737e+00 1.947368e+00 1.98507346e-02
2.564103e+00 2.394737e+00 2.152632e+00 1.63682718e-02
2.564103e+00 2.394737e+00 2.357895e+00 1.36800176e-02
2.564103e+00 2.394737e+00 2.563158e+00 1.15708467e-02
2.564103e+00 2.394737e+00 2.768421e+00 9.88711696e-03
2.564103e+00 2.394737e+00 2.973684e+00 8.52017570e-03
2.564103e+00 2.394737e+00 3.178947e+00 7.39329215e-03
2.564103e+00 2.394737e+00 3.384211e+00 6.45191409e-03
2.564103e+00 2.394737e+00 3.589474e+00 5.65671083e-03
2.564103e+00 2.394737e+00 3.794737e+00 4.97886399e-03
2.564103e+00 2.394737e+00 4.000000e+00 4.39677015e-03
2.564103e+00 2.655263e+00 1.000000e-01 1.47329531e+01
2.564103e+00 2.655263e+00 3.052632e-01 1.06837831e-01
2.564103e+00 2.655263e+00 5.105263e-01 4.33908328e-02
2.564103e+00 2.655263e+00 7.157895e-01 3.50930430e-02
2.564103e+00 2.655263e+00 9.210526e-01 2.79260557e-02
2.564103e+00 2.655263e+00 1.126316e+00 2.19757184e-02
2.564103e+00 2.655263e+00 1.331579e+00 1.72813423e-02
2.564103e+00 2.655263e+00 1.536842e+00 1.36827417e-02
2.564103e+00 2.655263e+00 1.742105e+00 1.09592341e-02
2.564103e+00 2.655263e+00 1.947368e+00 8.90036207e-03
2.564103e+00 2.655263e+00 2.152632e+00 7.33261043e-03
2.564103e+00 2.655263e+00 2.357895e+00 6.12329226e-03
2.564103e+00 2.655263e+00 2.563158e+00 5.17529203e-03
2.564103e+00 2.655263e+00 2.768421e+00 4.41918941e-03
2.564103e+00 2.655263e+00 2.973684e+00 3.80589650e-03
2.564103e+00 2.655263e+00 3.178947e+00 3.30077787e-03
2.564103e+00 2.655263e+00 3.384211e+00 2.87914812e-03
2.564103e+00 2.655263e+00 3.589474e+00 2.52328278e-03
2.564103e+00 2.655263e+00 3.794737e+00 2.22013798e-03
2.564103e+00 2.655263e+00 4.000000e+00 1.95997534e-03
2.564103e+00 2.915789e+00 1.000000e-01 7.12744856e+00
2.564103e+00 2.915789e+00 3.052632e-01 4.89062741e-02
2.564103e+00 2.915789e+00 5.105263e-01 1.86074339e-02
2.564103e+00 2.915789e+00 7.157895e-01 1.50261810e-02
2.564103e+00 2.915789e+00 9.210526e-01 1.19522661e-02
2.564103e+00 2.915789e+00 1.126316e+00 9.40075796e-03
2.564103e+00 2.915789e+00 1.331579e+00 7.38810189e-03
2.564103e+00 2.915789e+00 1.536842e+00 5.84556721e-03
2.564103e+00 2.915789e+00 1.742105e+00 4.67851805e-03
2.564103e+00 2.915789e+00 1.947368e+00 3.79664009e-03
2.564103e+00 2.915789e+00 2.152632e+00 3.12549085e-03
2.564103e+00 2.915789e+00 2.357895e+00 2.60812393e-03
2.564103e+00 2.915789e+00 2.563158e+00 2.20285892e-03
2.564103e+00 2.915789e+00 2.768421e+00 1.87988556e-03
2.564103e+00 2.915789e+00 2.973684e+00 1.61812990e-03
2.564103e+00 2.915789e+00 3.178947e+00 1.40270987e-03
2.564103e+00 2.915789e+00 3.384211e+00 1.22303457e-03
2.564103e+00 2.915789e+00 3.589474e+00 1.07148173e-03
2.564103e+00 2.915789e+00 3.794737e+00 9.42462939e-04
2.564103e+00 2.915789e+00 4.000000e+00 8.31799349e-04
2.564103e+00 3.176316e+00 1.000000e-01 3.22213793e+00
2.564103e+00 3.176316e+00 3.052632e-01 2.11432632e-02
2.564103e+00 3.176316e+00 5.105263e-01 7.58328848e-03
2.564103e+00 3.176316e+00 7.157895e-01 6.11485401e-03
2.564103e+00 3.176316e+00 9.210526e-01 4.86203842e-03
2.564103e+00 3.176316e+00 1.126316e+00 3.82236694e-03
2.564103e+00 3.176316e+00 1.331579e+00 3.00239283e-03
2.564103e+00 3.176316e+00 1.536842e+00 2.37408071e-03
2.564103e+00 3.176316e+00 1.742105e+00 1.89883914e-03
2.564103e+00 3.176316e+00 1.947368e+00 1.53987017e-03
2.564103e+00 3.176316e+00 2.152632e+00 1.26680848e-03
2.564103e+00 3.176316e+00 2.357895e+00 1.05643820e-03
2.564103e+00 3.176316e+00 2.563158e+00 8.91755510e-04
2.564103e+00 3.176316e+00 2.768421e+00 7.60605501e-04
2.564103e+00 3.176316e+00 2.973684e+00 6.54389500e-04
2.564103e+00 3.176316e+00 3.178947e+00 5.67037088e-04
2.564103e+00 3.176316e+00 3.384211e+00 4.94226348e-04
2.564103e+00 3.176316e+00 3.589474e+00 4.32847912e-04
2.564103e+00 3.176316e+00 3.794737e+00 3.80623736e-04
2.564103e+00 3.176316e+00 4.000000e+00 3.35851597e-04
2.564103e+00 3.436842e+00 1.000000e-01 1.36116362e+00
2.564103e+00 3.436842e+00 3.052632e-01 8.61857086e-03
2.564103e+00 3.436842e+00 5.105263e-01 2.93481280e-03
2.564103e+00 3.436842e+00 7.157895e-01 2.36331508e-03
2.564103e+00 3.436842e+00 9.210526e-01 1.87846576e-03
2.564103e+00 3.436842e+00 1.126316e+00 1.47618877e-03
2.564103e+00 3.436842e+00 1.331579e+00 1.15896796e-03
2.564103e+00 3.436842e+00 1.536842e+00 9.15941724e-04
2.564103e+00 3.436842e+00 1.742105e+00 7.32168497e-04
2.564103e+00 3.436842e+00 1.947368e+00 5.93402481e-04
2.564103e+00 3.436842e+00 2.152632e+00 4.87890356e-04
2.564103e+00 3.436842e+00 2.357895e+00 4.06643521e-04
2.564103e+00 3.436842e+00 2.563158e+00 3.43078485e-04
2.564103e+00 3.436842e+00 2.768421e+00 2.92486511e-04
2.564103e+00 3.436842e+00 2.973684e+00 2.51538906e-04
2.564103e+00 3.436842e+00 3.178947e+00 2.17883164e-04
2.564103e+00 3.436842e+00 3.384211e+00 1.89845887e-04
2.564103e+00 3.436842e+00 3.589474e+00 1.66223370e-04
2.564103e+00 3.436842e+00 3.794737e+00 1.46133811e-04
2.564103e+00 3.436842e+00 4.000000e+00 1.28917643e-04
2.564103e+00 3.697368e+00 1.000000e-01 5.37310719e-01
2.564103e+00 3.697368e+00 3.052632e-01 3.30772903e-03
2.564103e+00 3.697368e+00 5.105263e-01 1.07751868e-03
2.564103e+00 3.697368e+00 7.157895e-01 8.66642746e-04
2.564103e+00 3.697368e+00 9.210526e-01 6.88635861e-04
2.564103e+00 3.697368e+00 1.126316e+00 5.40976063e-04
2.564103e+00 3.697368e+00 1.331579e+00 4.24552738e-04
2.564103e+00 3.697368e+00 1.536842e+00 3.35374061e-04
2.564103e+00 3.697368e+00 1.742105e+00 2.67953437e-04
2.564103e+00 3.697368e+00 1.947368e+00 2.17059074e-04
2.564103e+00 3.697368e+00 2.152632e+00 1.78375325e-04
2.564103e+00 3.697368e+00 2.357895e+00 1.48600666e-04
2.564103e+00 3.697368e+00 2.563158e+00 1.25317325e-04
2.564103e+00 3.697368e+00 2.768421e+00 1.06795240e-04
2.564103e+00 3.697368e+00 2.973684e+00 9.18119331e-05
2.564103e+00 3.697368e+00 3.178947e+00 7.95030792e-05
2.564103e+00 3.697368e+00 3.384211e+00 6.92540343e-05
2.564103e+00 3.697368e+00 3.589474e+00 6.06227150e-05
2.564103e+00 3.697368e+00 3.794737e+00 5.32849808e-05
2.564103e+00 3.697368e+00 4.000000e+00 4.69991210e-05
2.564103e+00 3.957895e+00 1.000000e-01 1.98190928e-01
2.564103e+00 3.957895e+00 3.052632e-01 1.19371573e-03
2.564103e+00 3.957895e+00 5.105263e-01 3.74834344e-04
2.564103e+00 3.957895e+00 7.157895e-01 3.01163440e-04
2.564103e+00 3.957895e+00 9.210526e-01 2.39243047e-04
2.564103e+00 3.957895e+00 1.126316e+00 1.87889062e-04
2.564103e+00 3.957895e+00 1.331579e+00 1.47403582e-04
2.564103e+00 3.957895e+00 1.536842e+00 1.16396564e-04
2.564103e+00 3.957895e+00 1.742105e+00 9.29592279e-05
2.564103e+00 3.957895e+00 1.947368e+00 7.52710403e-05
2.564103e+00 3.957895e+00 2.152632e+00 6.18307095e-05
2.564103e+00 3.957895e+00 2.357895e+00 5.14895582e-05
2.564103e+00 3.957895e+00 2.563158e+00 4.34060239e-05
2.564103e+00 3.957895e+00 2.768421e+00 3.69784611e-05
2.564103e+00 3.957895e+00 2.973684e+00 3.17811209e-05
2.564103e+00 3.957895e+00 3.178947e+00 2.75132716e-05
2.564103e+00 3.957895e+00 3.384211e+00 2.39610908e-05
2.564103e+00 3.957895e+00 3.589474e+00 2.09706286e-05
2.564103e+00 3.957895e+00 3.794737e+00 1.84292767e-05
2.564103e+00 3.957895e+00 4.000000e+00 1.62528631e-05
2.564103e+00 4.218421e+00 1.000000e-01 6.83094710e-02
2.564103e+00 4.218421e+00 3.052632e-01 4.04630206e-04
2.564103e+00 4.218421e+00 5.105263e-01 1.23357371e-04
2.564103e+00 4.218421e+00 7.157895e-01 9.90263725e-05
2.564103e+00 4.218421e+00 9.210526e-01 7.86498276e-05
2.564103e+00 4.218421e+00 1.126316e+00 6.17529149e-05
2.564103e+00 4.218421e+00 1.331579e+00 4.84332268e-05
2.564103e+00 4.218421e+00 1.536842e+00 3.82333164e-05
2.564103e+00 4.218421e+00 1.742105e+00 3.05245558e-05
2.564103e+00 4.218421e+00 1.947368e+00 2.47079388e-05
2.564103e+00 4.218421e+00 2.152632e+00 2.02892716e-05
2.564103e+00 4.218421e+00 2.357895e+00 1.68904826e-05
2.564103e+00 4.218421e+00 2.563158e+00 1.42345534e-05
2.564103e+00 4.218421e+00 2.768421e+00 1.21234689e-05
2.564103e+00 4.218421e+00 2.973684e+00 1.04170267e-05
2.564103e+00 4.218421e+00 3.178947e+00 9.01625845e-06
2.564103e+00 4.218421e+00 3.384211e+00 7.85075918e-06
2.564103e+00 4.218421e+00 3.589474e+00 6.86985823e-06
2.564103e+00 4.218421e+00 3.794737e+00 6.03649278e-06
2.564103e+00 4.218421e+00 4.000000e+00 5.32296917e-06
2.564103e+00 4.478947e+00 1.000000e-01 2.19995324e-02
2.564103e+00 4.478947e+00 3.052632e-01 1.28697327e-04
2.564103e+00 4.478947e+00 5.105263e-01 3.83412516e-05
2.564103e+00 4.478947e+00 7.157895e-01 3.07575283e-05
2.564103e+00 4.478947e+00 9.210526e-01 2.44244657e-05
2.564103e+00 4.478947e+00 1.126316e+00 1.91735671e-05
2.564103e+00 4.478947e+00 1.331579e+00 1.50346714e-05
2.564103e+00 4.478947e+00 1.536842e+00 1.18655162e-05
2.564103e+00 4.478947e+00 1.742105e+00 9.47066383e-06
2.564103e+00 4.478947e+00 1.947368e+00 7.66391895e-06
2.564103e+00 4.478947e+00 2.152632e+00 6.29165652e-06
2.564103e+00 4.478947e+00 2.357895e+00 5.23637436e-06
2.564103e+00 4.478947e+00 2.563158e+00 4.41196653e-06
2.564103e+00 4.478947e+00 2.768421e+00 3.75684067e-06
2.564103e+00 4.478947e+00 2.973684e+00 3.22744086e-06
2.564103e+00 4.478947e+00 3.178947e+00 2.79298888e-06
2.564103e+00 4.478947e+00 3.384211e+00 2.43160002e-06
2.564103e+00 4.478947e+00 3.589474e+00 2.12752070e-06
2.564103e+00 4.478947e+00 3.794737e+00 1.86923535e-06
2.564103e+00 4.478947e+00 4.000000e+00 1.64813355e-06
2.564103e+00 4.739474e+00 1.000000e-01 6.62029861e-03
2.564103e+00 4.739474e+00 3.052632e-01 3.83755760e-05
2.564103e+00 4.739474e+00 5.105263e-01 1.12349962e-05
2.564103e+00 4.739474e+00 7.157895e-01 9.00793111e-06
2.564103e+00 4.739474e+00 9.210526e-01 7.15226724e-06
2.564103e+00 4.739474e+00 1.126316e+00 5.61382285e-06
2.564103e+00 4.739474e+00 1.331579e+00 4.40126723e-06
2.564103e+00 4.739474e+00 1.536842e+00 3.47287414e-06
2.564103e+00 4.739474e+00 1.742105e+00 2.77138111e-06
2.564103e+00 4.739474e+00 1.947368e+00 2.24221321e-06
2.564103e+00 4.739474e+00 2.152632e+00 1.84036173e-06
2.564103e+00 4.739474e+00 2.357895e+00 1.53138592e-06
2.564103e+00 4.739474e+00 2.563158e+00 1.29005514e-06
2.564103e+00 4.739474e+00 2.768421e+00 1.09832024e-06
2.564103e+00 4.739474e+00 2.973684e+00 9.43414022e-07
2.564103e+00 4.739474e+00 3.178947e+00 8.16316401e-07
2.564103e+00 4.739474e+00 3.384211e+00 7.10613676e-07
2.564103e+00 4.739474e+00 3.589474e+00 6.21689878e-07
2.564103e+00 4.739474e+00 3.794737e+00 5.46169304e-07
2.564103e+00 4.739474e+00 4.000000e+00 4.81531231e-07
2.564103e+00 5.000000e+00 1.000000e-01 1.86154095e-03
2.564103e+00 5.000000e+00 3.052632e-01 1.07199094e-05
2.564103e+00 5.000000e+00 5.105263e-01 3.09840198e-06
2.564103e+00 5.000000e+00 7.157895e-01 2.48322544e-06
2.564103e+00 5.000000e+00 9.210526e-01 1.97148574e-06
2.564103e+00 5.000000e+00 1.126316e+00 1.54725672e-06
2.564103e+00 5.000000e+00 1.331579e+00 1.21290861e-06
2.564103e+00 5.000000e+00 1.536842e+00 9.56927238e-07
2.564103e+00 5.000000e+00 1.742105e+00 7.63522166e-07
2.564103e+00 5.000000e+00 1.947368e+00 6.17640353e-07
2.564103e+00 5.000000e+00 2.152632e+00 5.06870094e-07
2.564103e+00 5.000000e+00 2.357895e+00 4.21712144e-07
2.564103e+00 5.000000e+00 2.563158e+00 3.55207163e-07
2.564103e+00 5.000000e+00 2.768421e+00 3.02378055e-07
2.564103e+00 5.000000e+00 2.973684e+00 2.59703285e-07
2.564103e+00 5.000000e+00 3.178947e+00 2.24694816e-07
2.564103e+00 5.000000e+00 3.384211e+00 1.95583681e-07
2.564103e+00 5.000000e+00 3.589474e+00 1.71096815e-07
2.564103e+00 5.000000e+00 3.794737e+00 1.50303364e-07
2.564103e+00 5.000000e+00 4.000000e+00 1.32508092e-07
2.820513e+00 5.000000e-02 1.000000e-01 5.32922668e+02
2.820513e+00 5.000000e-02 3.052632e-01 2.45061588e+01
2.820513e+00 5.000000e-02 5.105263e-01 1.93100166e+01
2.820513e+00 5.000000e-02 7.157895e-01 1.63441238e+01
2.820513e+00 5.000000e-02 9.210526e-01 1.35038433e+01
2.820513e+00 5.000000e-02 1.126316e+00 1.10055933e+01
2.820513e+00 5.000000e-02 1.331579e+00 8.93170738e+00
2.820513e+00 5.000000e-02 1.536842e+00 7.27074480e+00
2.820513e+00 5.000000e-02 1.742105e+00 5.96666050e+00
2.820513e+00 5.000000e-02 1.947368e+00 4.95101643e+00
2.820513e+00 5.000000e-02 2.152632e+00 4.15897655e+00
2.820513e+00 5.000000e-02 2.357895e+00 3.53624582e+00
2.820513e+00 5.000000e-02 2.563158e+00 3.04029322e+00
2.820513e+00 5.000000e-02 2.768421e+00 2.63910627e+00
2.820513e+00 5.000000e-02 2.973684e+00 2.30929399e+00
2.820513e+00 5.000000e-02 3.178947e+00 2.03388238e+00
2.820513e+00 5.000000e-02 3.384211e+00 1.80070412e+00
2.820513e+00 5.000000e-02 3.589474e+00 1.60090053e+00
2.820513e+00 5.000000e-02 3.794737e+00 1.42801011e+00
2.820513e+00 5.000000e-02 4.000000e+00 1.27726674e+00
2.820513e+00 3.105263e-01 1.000000e-01 4.96855591e+02
2.820513e+00 3.105263e-01 3.052632e-01 1.25849028e+01
2.820513e+00 3.105263e-01 5.105263e-01 8.92364597e+00
2.820513e+00 3.105263e-01 7.157895e-01 7.55087471e+00
2.820513e+00 3.105263e-01 9.210526e-01 6.24029684e+00
2.820513e+00 3.105263e-01 1.126316e+00 5.08291245e+00
2.820513e+00 3.105263e-01 1.331579e+00 4.11943436e+00
2.820513e+00 3.105263e-01 1.536842e+00 3.34630752e+00
2.820513e+00 3.105263e-01 1.742105e+00 2.73873067e+00
2.820513e+00 3.105263e-01 1.947368e+00 2.26546836e+00
2.820513e+00 3.105263e-01 2.152632e+00 1.89669728e+00
2.820513e+00 3.105263e-01 2.357895e+00 1.60723925e+00
2.820513e+00 3.105263e-01 2.563158e+00 1.37725663e+00
2.820513e+00 3.105263e-01 2.768421e+00 1.19182324e+00
2.820513e+00 3.105263e-01 2.973684e+00 1.03992462e+00
2.820513e+00 3.105263e-01 3.178947e+00 9.13570583e-01
2.820513e+00 3.105263e-01 3.384211e+00 8.06990981e-01
2.820513e+00 3.105263e-01 3.589474e+00 7.16011286e-01
2.820513e+00 3.105263e-01 3.794737e+00 6.37567878e-01
2.820513e+00 3.105263e-01 4.000000e+00 5.69380760e-01
2.820513e+00 5.710526e-01 1.000000e-01 4.39520905e+02
2.820513e+00 5.710526e-01 3.052632e-01 8.02620602e+00
2.820513e+00 5.710526e-01 5.105263e-01 5.14202166e+00
2.820513e+00 5.710526e-01 7.157895e-01 4.34767628e+00
2.820513e+00 5.710526e-01 9.210526e-01 3.59339046e+00
2.820513e+00 5.710526e-01 1.126316e+00 2.92561245e+00
2.820513e+00 5.710526e-01 1.331579e+00 2.36866879e+00
2.820513e+00 5.710526e-01 1.536842e+00 1.92121947e+00
2.820513e+00 5.710526e-01 1.742105e+00 1.56937087e+00
2.820513e+00 5.710526e-01 1.947368e+00 1.29530776e+00
2.820513e+00 5.710526e-01 2.152632e+00 1.08187509e+00
2.820513e+00 5.710526e-01 2.357895e+00 9.14552212e-01
2.820513e+00 5.710526e-01 2.563158e+00 7.81848907e-01
2.820513e+00 5.710526e-01 2.768421e+00 6.75077975e-01
2.820513e+00 5.710526e-01 2.973684e+00 5.87837338e-01
2.820513e+00 5.710526e-01 3.178947e+00 5.15462756e-01
2.820513e+00 5.710526e-01 3.384211e+00 4.54583079e-01
2.820513e+00 5.710526e-01 3.589474e+00 4.02748704e-01
2.820513e+00 5.710526e-01 3.794737e+00 3.58167052e-01
2.820513e+00 5.710526e-01 4.000000e+00 3.19503665e-01
2.820513e+00 8.315790e-01 1.000000e-01 3.64617371e+02
2.820513e+00 8.315790e-01 3.052632e-01 5.28147268e+00
2.820513e+00 8.315790e-01 5.105263e-01 3.04449749e+00
2.820513e+00 8.315790e-01 7.157895e-01 2.57107019e+00
2.820513e+00 8.315790e-01 9.210526e-01 2.12502980e+00
2.820513e+00 8.315790e-01 1.126316e+00 1.72944486e+00
2.820513e+00 8.315790e-01 1.331579e+00 1.39908087e+00
2.820513e+00 8.315790e-01 1.536842e+00 1.13342762e+00
2.820513e+00 8.315790e-01 1.742105e+00 9.24459636e-01
2.820513e+00 8.315790e-01 1.947368e+00 7.61697233e-01
2.820513e+00 8.315790e-01 2.152632e+00 6.35007918e-01
2.820513e+00 8.315790e-01 2.357895e+00 5.35781145e-01
2.820513e+00 8.315790e-01 2.563158e+00 4.57193017e-01
2.820513e+00 8.315790e-01 2.768421e+00 3.94070029e-01
2.820513e+00 8.315790e-01 2.973684e+00 3.42595816e-01
2.820513e+00 8.315790e-01 3.178947e+00 2.99980551e-01
2.820513e+00 8.315790e-01 3.384211e+00 2.64209747e-01
2.820513e+00 8.315790e-01 3.589474e+00 2.33815581e-01
2.820513e+00 8.315790e-01 3.794737e+00 2.07724109e-01
2.820513e+00 8.315790e-01 4.000000e+00 1.85136959e-01
2.820513e+00 1.092105e+00 1.000000e-01 2.83076538e+02
2.820513e+00 1.092105e+00 3.052632e-01 3.43768525e+00
2.820513e+00 1.092105e+00 5.105263e-01 1.77529943e+00
2.820513e+00 1.092105e+00 7.157895e-01 1.49681926e+00
2.820513e+00 1.092105e+00 9.210526e-01 1.23708153e+00
2.820513e+00 1.092105e+00 1.126316e+00 1.00643289e+00
2.820513e+00 1.092105e+00 1.331579e+00 8.13620508e-01
2.820513e+00 1.092105e+00 1.536842e+00 6.58491969e-01
2.820513e+00 1.092105e+00 1.742105e+00 5.36423981e-01
2.820513e+00 1.092105e+00 1.947368e+00 4.41355884e-01
2.820513e+00 1.092105e+00 2.152632e+00 3.67390215e-01
2.820513e+00 1.092105e+00 2.357895e+00 3.09504837e-01
2.820513e+00 1.092105e+00 2.563158e+00 2.63711125e-01
2.820513e+00 1.092105e+00 2.768421e+00 2.26980716e-01
2.820513e+00 1.092105e+00 2.973684e+00 1.97073594e-01
2.820513e+00 1.092105e+00 3.178947e+00 1.72356516e-01
2.820513e+00 1.092105e+00 3.384211e+00 1.51644245e-01
2.820513e+00 1.092105e+00 3.589474e+00 1.34073973e-01
2.820513e+00 1.092105e+00 3.794737e+00 1.19014554e-01
2.820513e+00 1.092105e+00 4.000000e+00 1.05996296e-01
2.820513e+00 1.352632e+00 1.000000e-01 2.05523865e+02
2.820513e+00 1.352632e+00 3.052632e-01 2.17437005e+00
2.820513e+00 1.352632e+00 5.105263e-01 1.00325775e+00
2.820513e+00 1.352632e+00 7.157895e-01 8.44199121e-01
2.820513e+00 1.352632e+00 9.210526e-01 6.97640896e-01
2.820513e+00 1.352632e+00 1.126316e+00 5.67383289e-01
2.820513e+00 1.352632e+00 1.331579e+00 4.58415776e-01
2.820513e+00 1.352632e+00 1.536842e+00 3.70704085e-01
2.820513e+00 1.352632e+00 1.742105e+00 3.01674366e-01
2.820513e+00 1.352632e+00 1.947368e+00 2.47917935e-01
2.820513e+00 1.352632e+00 2.152632e+00 2.06111550e-01
2.820513e+00 1.352632e+00 2.357895e+00 1.73414946e-01
2.820513e+00 1.352632e+00 2.563158e+00 1.47572637e-01
2.820513e+00 1.352632e+00 2.768421e+00 1.26868725e-01
2.820513e+00 1.352632e+00 2.973684e+00 1.10032879e-01
2.820513e+00 1.352632e+00 3.178947e+00 9.61382315e-02
2.820513e+00 1.352632e+00 3.384211e+00 8.45107809e-02
2.820513e+00 1.352632e+00 3.589474e+00 7.46610463e-02
2.820513e+00 1.352632e+00 3.794737e+00 6.62297308e-02
2.820513e+00 1.352632e+00 4.000000e+00 5.89496568e-02
2.820513e+00 1.613158e+00 1.000000e-01 1.39497070e+02
2.820513e+00 1.613158e+00 3.052632e-01 1.32302773e+00
2.820513e+00 1.613158e+00 5.105263e-01 5.45092165e-01
2.820513e+00 1.613158e+00 7.157895e-01 4.57599640e-01
2.820513e+00 1.613158e+00 9.210526e-01 3.78111184e-01
2.820513e+00 1.613158e+00 1.126316e+00 3.07422012e-01
2.820513e+00 1.613158e+00 1.331579e+00 2.48253226e-01
2.820513e+00 1.613158e+00 1.536842e+00 2.00609475e-01
2.820513e+00 1.613158e+00 1.742105e+00 1.63111359e-01
2.820513e+00 1.613158e+00 1.947368e+00 1.33912504e-01
2.820513e+00 1.613158e+00 2.152632e+00 1.11212566e-01
2.820513e+00 1.613158e+00 2.357895e+00 9.34695080e-02
2.820513e+00 1.613158e+00 2.563158e+00 7.94568807e-02
2.820513e+00 1.613158e+00 2.768421e+00 6.82413056e-02
2.820513e+00 1.613158e+00 2.973684e+00 5.91313094e-02
2.820513e+00 1.613158e+00 3.178947e+00 5.16213104e-02
2.820513e+00 1.613158e+00 3.384211e+00 4.53443155e-02
2.820513e+00 1.613158e+00 3.589474e+00 4.00331132e-02
2.820513e+00 1.613158e+00 3.794737e+00 3.54915895e-02
2.820513e+00 1.613158e+00 4.000000e+00 3.15742679e-02
2.820513e+00 1.873684e+00 1.000000e-01 8.84980698e+01
2.820513e+00 1.873684e+00 3.052632e-01 7.69252956e-01
2.820513e+00 1.873684e+00 5.105263e-01 2.83467948e-01
2.820513e+00 1.873684e+00 7.157895e-01 2.37336800e-01
2.820513e+00 1.873684e+00 9.210526e-01 1.96082041e-01
2.820513e+00 1.873684e+00 1.126316e+00 1.59379572e-01
2.820513e+00 1.873684e+00 1.331579e+00 1.28645673e-01
2.820513e+00 1.873684e+00 1.536842e+00 1.03892550e-01
2.820513e+00 1.873684e+00 1.742105e+00 8.44087601e-02
2.820513e+00 1.873684e+00 1.947368e+00 6.92392364e-02
2.820513e+00 1.873684e+00 2.152632e+00 5.74498028e-02
2.820513e+00 1.873684e+00 2.357895e+00 4.82394360e-02
2.820513e+00 1.873684e+00 2.563158e+00 4.09703813e-02
2.820513e+00 1.873684e+00 2.768421e+00 3.51573639e-02
2.820513e+00 1.873684e+00 2.973684e+00 3.04399636e-02
2.820513e+00 1.873684e+00 3.178947e+00 2.65550073e-02
2.820513e+00 1.873684e+00 3.384211e+00 2.33111586e-02
2.820513e+00 1.873684e+00 3.589474e+00 2.05690544e-02
2.820513e+00 1.873684e+00 3.794737e+00 1.82266068e-02
2.820513e+00 1.873684e+00 4.000000e+00 1.62077155e-02
2.820513e+00 2.134211e+00 1.000000e-01 5.24713478e+01
2.820513e+00 2.134211e+00 3.052632e-01 4.25359696e-01
2.820513e+00 2.134211e+00 5.105263e-01 1.40718892e-01
2.820513e+00 2.134211e+00 7.157895e-01 1.17476232e-01
2.820513e+00 2.134211e+00 9.210526e-01 9.70404670e-02
2.820513e+00 2.134211e+00 1.126316e+00 7.88564235e-02
2.820513e+00 2.134211e+00 1.331579e+00 6.36242479e-02
2.820513e+00 2.134211e+00 1.536842e+00 5.13540320e-02
2.820513e+00 2.134211e+00 1.742105e+00 4.16954756e-02
2.820513e+00 2.134211e+00 1.947368e+00 3.41767259e-02
2.820513e+00 2.134211e+00 2.152632e+00 2.83348802e-02
2.820513e+00 2.134211e+00 2.357895e+00 2.37730294e-02
2.820513e+00 2.134211e+00 2.563158e+00 2.01749578e-02
2.820513e+00 2.134211e+00 2.768421e+00 1.72995627e-02
2.820513e+00 2.134211e+00 2.973684e+00 1.49680851e-02
2.820513e+00 2.134211e+00 3.178947e+00 1.30496733e-02
2.820513e+00 2.134211e+00 3.384211e+00 1.14492374e-02
2.820513e+00 2.134211e+00 3.589474e+00 1.00975130e-02
2.820513e+00 2.134211e+00 3.794737e+00 8.94370116e-03
2.820513e+00 2.134211e+00 4.000000e+00 7.95003213e-03
2.820513e+00 2.394737e+00 1.000000e-01 2.90738163e+01
2.820513e+00 2.394737e+00 3.052632e-01 2.22883567e-01
2.820513e+00 2.394737e+00 5.105263e-01 6.65741339e-02
2.820513e+00 2.394737e+00 7.157895e-01 5.54059446e-02
2.820513e+00 2.394737e+00 9.210526e-01 4.57602888e-02
2.820513e+00 2.394737e+00 1.126316e+00 3.71764451e-02
2.820513e+00 2.394737e+00 1.331579e+00 2.99843233e-02
2.820513e+00 2.394737e+00 1.536842e+00 2.41899863e-02
2.820513e+00 2.394737e+00 1.742105e+00 1.96289308e-02
2.820513e+00 2.394737e+00 1.947368e+00 1.60787217e-02
2.820513e+00 2.394737e+00 2.152632e+00 1.33210942e-02
2.820513e+00 2.394737e+00 2.357895e+00 1.11685134e-02
2.820513e+00 2.394737e+00 2.563158e+00 9.47159994e-03
2.820513e+00 2.394737e+00 2.768421e+00 8.11639987e-03
2.820513e+00 2.394737e+00 2.973684e+00 7.01832259e-03
2.820513e+00 2.394737e+00 3.178947e+00 6.11548405e-03
2.820513e+00 2.394737e+00 3.384211e+00 5.36285480e-03
2.820513e+00 2.394737e+00 3.589474e+00 4.72766766e-03
2.820513e+00 2.394737e+00 3.794737e+00 4.18586237e-03
2.820513e+00 2.394737e+00 4.000000e+00 3.71954241e-03
2.820513e+00 2.655263e+00 1.000000e-01 1.50540619e+01
2.820513e+00 2.655263e+00 3.052632e-01 1.10367239e-01
2.820513e+00 2.655263e+00 5.105263e-01 2.99848448e-02
2.820513e+00 2.655263e+00 7.157895e-01 2.48749871e-02
2.820513e+00 2.655263e+00 9.210526e-01 2.05410346e-02
2.820513e+00 2.655263e+00 1.126316e+00 1.66841969e-02
2.820513e+00 2.655263e+00 1.331579e+00 1.34520167e-02
2.820513e+00 2.655263e+00 1.536842e+00 1.08477641e-02
2.820513e+00 2.655263e+00 1.742105e+00 8.79783742e-03
2.820513e+00 2.655263e+00 1.947368e+00 7.20242225e-03
2.820513e+00 2.655263e+00 2.152632e+00 5.96345402e-03
2.820513e+00 2.655263e+00 2.357895e+00 4.99667739e-03
2.820513e+00 2.655263e+00 2.563158e+00 4.23492445e-03
2.820513e+00 2.655263e+00 2.768421e+00 3.62690235e-03
2.820513e+00 2.655263e+00 2.973684e+00 3.13455495e-03
2.820513e+00 2.655263e+00 3.178947e+00 2.73000379e-03
2.820513e+00 2.655263e+00 3.384211e+00 2.39299866e-03
2.820513e+00 2.655263e+00 3.589474e+00 2.10876251e-03
2.820513e+00 2.655263e+00 3.794737e+00 1.86646346e-03
2.820513e+00 2.655263e+00 4.000000e+00 1.65804697e-03
2.820513e+00 2.915789e+00 1.000000e-01 7.28392506e+00
2.820513e+00 2.915789e+00 3.052632e-01 5.15358523e-02
2.820513e+00 2.915789e+00 5.105263e-01 1.28471293e-02
2.820513e+00 2.915789e+00 7.157895e-01 1.06237037e-02
2.820513e+00 2.915789e+00 9.210526e-01 8.77131987e-03
2.820513e+00 2.915789e+00 1.126316e+00 7.12291710e-03
2.820513e+00 2.915789e+00 1.331579e+00 5.74131636e-03
2.820513e+00 2.915789e+00 1.536842e+00 4.62803384e-03
2.820513e+00 2.915789e+00 1.742105e+00 3.75173544e-03
2.820513e+00 2.915789e+00 1.947368e+00 3.06979823e-03
2.820513e+00 2.915789e+00 2.152632e+00 2.54033995e-03
2.820513e+00 2.915789e+00 2.357895e+00 2.12733587e-03
2.820513e+00 2.915789e+00 2.563158e+00 1.80204585e-03
2.820513e+00 2.915789e+00 2.768421e+00 1.54253934e-03
2.820513e+00 2.915789e+00 2.973684e+00 1.33251178e-03
2.820513e+00 2.915789e+00 3.178947e+00 1.16004702e-03
2.820513e+00 2.915789e+00 3.384211e+00 1.01645745e-03
2.820513e+00 2.915789e+00 3.589474e+00 8.95424688e-04
2.820513e+00 2.915789e+00 3.794737e+00 7.92301435e-04
2.820513e+00 2.915789e+00 4.000000e+00 7.03646161e-04
2.820513e+00 3.176316e+00 1.000000e-01 3.29326987e+00
2.820513e+00 3.176316e+00 3.052632e-01 2.26539224e-02
2.820513e+00 3.176316e+00 5.105263e-01 5.23243472e-03
2.820513e+00 3.176316e+00 7.157895e-01 4.31349827e-03
2.820513e+00 3.176316e+00 9.210526e-01 3.56082176e-03
2.820513e+00 3.176316e+00 1.126316e+00 2.89109675e-03
2.820513e+00 3.176316e+00 1.331579e+00 2.32970249e-03
2.820513e+00 3.176316e+00 1.536842e+00 1.87731686e-03
2.820513e+00 3.176316e+00 1.742105e+00 1.52123382e-03
2.820513e+00 3.176316e+00 1.947368e+00 1.24416093e-03
2.820513e+00 3.176316e+00 2.152632e+00 1.02908397e-03
2.820513e+00 3.176316e+00 2.357895e+00 8.61357257e-04
2.820513e+00 3.176316e+00 2.563158e+00 7.29302585e-04
2.820513e+00 3.176316e+00 2.768421e+00 6.23998407e-04
2.820513e+00 3.176316e+00 2.973684e+00 5.38815977e-04
2.820513e+00 3.176316e+00 3.178947e+00 4.68902377e-04
2.820513e+00 3.176316e+00 3.384211e+00 4.10725304e-04
2.820513e+00 3.176316e+00 3.589474e+00 3.61711136e-04
2.820513e+00 3.176316e+00 3.794737e+00 3.19970888e-04
2.820513e+00 3.176316e+00 4.000000e+00 2.84102076e-04
2.820513e+00 3.436842e+00 1.000000e-01 1.39134061e+00
2.820513e+00 3.436842e+00 3.052632e-01 9.36146080e-03
2.820513e+00 3.436842e+00 5.105263e-01 2.02412275e-03
2.820513e+00 3.436842e+00 7.157895e-01 1.66382617e-03
2.820513e+00 3.436842e+00 9.210526e-01 1.37330173e-03
2.820513e+00 3.436842e+00 1.126316e+00 1.11482455e-03
2.820513e+00 3.436842e+00 1.331579e+00 8.98137339e-04
2.820513e+00 3.436842e+00 1.536842e+00 7.23519595e-04
2.820513e+00 3.436842e+00 1.742105e+00 5.86077978e-04
2.820513e+00 3.436842e+00 1.947368e+00 4.79142560e-04
2.820513e+00 3.436842e+00 2.152632e+00 3.96148214e-04
2.820513e+00 3.436842e+00 2.357895e+00 3.31441872e-04
2.820513e+00 3.436842e+00 2.563158e+00 2.80513195e-04
2.820513e+00 3.436842e+00 2.768421e+00 2.39916524e-04
2.820513e+00 3.436842e+00 2.973684e+00 2.07091201e-04
2.820513e+00 3.436842e+00 3.178947e+00 1.80162038e-04
2.820513e+00 3.436842e+00 3.384211e+00 1.57763046e-04
2.820513e+00 3.436842e+00 3.589474e+00 1.38900636e-04
2.820513e+00 3.436842e+00 3.794737e+00 1.22844009e-04
2.820513e+00 3.436842e+00 4.000000e+00 1.09051471e-04
2.820513e+00 3.697368e+00 1.000000e-01 5.49261689e-01
2.820513e+00 3.697368e+00 3.052632e-01 3.63261951e-03
2.820513e+00 3.697368e+00 5.105263e-01 7.42935808e-04
2.820513e+00 3.697368e+00 7.157895e-01 6.09107141e-04
2.820513e+00 3.697368e+00 9.210526e-01 5.02685318e-04
2.820513e+00 3.697368e+00 1.126316e+00 4.08013118e-04
2.820513e+00 3.697368e+00 1.331579e+00 3.28641967e-04
2.820513e+00 3.697368e+00 1.536842e+00 2.64679373e-04
2.820513e+00 3.697368e+00 1.742105e+00 2.14335218e-04
2.820513e+00 3.697368e+00 1.947368e+00 1.75169087e-04
2.820513e+00 3.697368e+00 2.152632e+00 1.44775549e-04
2.820513e+00 3.697368e+00 2.357895e+00 1.21084537e-04
2.820513e+00 3.697368e+00 2.563158e+00 1.02442922e-04
2.820513e+00 3.697368e+00 2.768421e+00 8.75881451e-05
2.820513e+00 3.697368e+00 2.973684e+00 7.55812944e-05
2.820513e+00 3.697368e+00 3.178947e+00 6.57347264e-05
2.820513e+00 3.697368e+00 3.384211e+00 5.75479935e-05
2.820513e+00 3.697368e+00 3.589474e+00 5.06563338e-05
2.820513e+00 3.697368e+00 3.794737e+00 4.47918464e-05
2.820513e+00 3.697368e+00 4.000000e+00 3.97559743e-05
2.820513e+00 3.957895e+00 1.000000e-01 2.02609941e-01
2.820513e+00 3.957895e+00 3.052632e-01 1.32240867e-03
2.820513e+00 3.957895e+00 5.105263e-01 2.58391345e-04
2.820513e+00 3.957895e+00 7.157895e-01 2.11370207e-04
2.820513e+00 3.957895e+00 9.210526e-01 1.74420551e-04
2.820513e+00 3.957895e+00 1.126316e+00 1.41554439e-04
2.820513e+00 3.957895e+00 1.331579e+00 1.13998656e-04
2.820513e+00 3.957895e+00 1.536842e+00 9.17919024e-05
2.820513e+00 3.957895e+00 1.742105e+00 7.43135097e-05
2.820513e+00 3.957895e+00 1.947368e+00 6.07169350e-05
2.820513e+00 3.957895e+00 2.152632e+00 5.01670838e-05
2.820513e+00 3.957895e+00 2.357895e+00 4.19451753e-05
2.820513e+00 3.957895e+00 2.563158e+00 3.54771655e-05
2.820513e+00 3.957895e+00 2.768421e+00 3.03243869e-05
2.820513e+00 3.957895e+00 2.973684e+00 2.61607420e-05
2.820513e+00 3.957895e+00 3.178947e+00 2.27473083e-05
2.820513e+00 3.957895e+00 3.384211e+00 1.99101996e-05
2.820513e+00 3.957895e+00 3.589474e+00 1.75226287e-05
2.820513e+00 3.957895e+00 3.794737e+00 1.54915524e-05
2.820513e+00 3.957895e+00 4.000000e+00 1.37479001e-05
2.820513e+00 4.218421e+00 1.000000e-01 6.98353499e-02
2.820513e+00 4.218421e+00 3.052632e-01 4.51273838e-04
2.820513e+00 4.218421e+00 5.105263e-01 8.50246797e-05
2.820513e+00 4.218421e+00 7.157895e-01 6.94220653e-05
2.820513e+00 4.218421e+00 9.210526e-01 5.72809986e-05
2.820513e+00 4.218421e+00 1.126316e+00 4.64829209e-05
2.820513e+00 4.218421e+00 1.331579e+00 3.74292322e-05
2.820513e+00 4.218421e+00 1.536842e+00 3.01328291e-05
2.820513e+00 4.218421e+00 1.742105e+00 2.43901322e-05
2.820513e+00 4.218421e+00 1.947368e+00 1.99231181e-05
2.820513e+00 4.218421e+00 2.152632e+00 1.64574267e-05
2.820513e+00 4.218421e+00 2.357895e+00 1.37568522e-05
2.820513e+00 4.218421e+00 2.563158e+00 1.16327628e-05
2.820513e+00 4.218421e+00 2.768421e+00 9.94096536e-06
2.820513e+00 4.218421e+00 2.973684e+00 8.57427494e-06
2.820513e+00 4.218421e+00 3.178947e+00 7.45410853e-06
2.820513e+00 4.218421e+00 3.384211e+00 6.52331209e-06
2.820513e+00 4.218421e+00 3.589474e+00 5.74020169e-06
2.820513e+00 4.218421e+00 3.794737e+00 5.07416917e-06
2.820513e+00 4.218421e+00 4.000000e+00 4.50252719e-06
2.820513e+00 4.478947e+00 1.000000e-01 2.24916190e-02
2.820513e+00 4.478947e+00 3.052632e-01 1.44263438e-04
2.820513e+00 4.478947e+00 5.105263e-01 2.64244536e-05
2.820513e+00 4.478947e+00 7.157895e-01 2.15430136e-05
2.820513e+00 4.478947e+00 9.210526e-01 1.77741094e-05
2.820513e+00 4.478947e+00 1.126316e+00 1.44223441e-05
2.820513e+00 4.478947e+00 1.331579e+00 1.16119882e-05
2.820513e+00 4.478947e+00 1.536842e+00 9.34706713e-06
2.820513e+00 4.478947e+00 1.742105e+00 7.56449299e-06
2.820513e+00 4.478947e+00 1.947368e+00 6.17796013e-06
2.820513e+00 4.478947e+00 2.152632e+00 5.10230302e-06
2.820513e+00 4.478947e+00 2.357895e+00 4.26423003e-06
2.820513e+00 4.478947e+00 2.563158e+00 3.60514764e-06
2.820513e+00 4.478947e+00 2.768421e+00 3.08029530e-06
2.820513e+00 4.478947e+00 2.973684e+00 2.65637641e-06
2.820513e+00 4.478947e+00 3.178947e+00 2.30899923e-06
2.820513e+00 4.478947e+00 3.384211e+00 2.02040746e-06
2.820513e+00 4.478947e+00 3.589474e+00 1.77765003e-06
2.820513e+00 4.478947e+00 3.794737e+00 1.57122906e-06
2.820513e+00 4.478947e+00 4.000000e+00 1.39408974e-06
2.820513e+00 4.739474e+00 1.000000e-01 6.76852744e-03
2.820513e+00 4.739474e+00 3.052632e-01 4.31788503e-05
2.820513e+00 4.739474e+00 5.105263e-01 7.74258478e-06
2.820513e+00 4.739474e+00 7.157895e-01 6.30494196e-06
2.820513e+00 4.739474e+00 9.210526e-01 5.20160438e-06
2.820513e+00 4.739474e+00 1.126316e+00 4.22046014e-06
2.820513e+00 4.739474e+00 1.331579e+00 3.39776921e-06
2.820513e+00 4.739474e+00 1.536842e+00 2.73474916e-06
2.820513e+00 4.739474e+00 1.742105e+00 2.21293340e-06
2.820513e+00 4.739474e+00 1.947368e+00 1.80706627e-06
2.820513e+00 4.739474e+00 2.152632e+00 1.49221898e-06
2.820513e+00 4.739474e+00 2.357895e+00 1.24693247e-06
2.820513e+00 4.739474e+00 2.563158e+00 1.05405650e-06
2.820513e+00 4.739474e+00 2.768421e+00 9.00478767e-07
2.820513e+00 4.739474e+00 2.973684e+00 7.76454726e-07
2.820513e+00 4.739474e+00 3.178947e+00 6.74840635e-07
2.820513e+00 4.739474e+00 3.384211e+00 5.90434070e-07
2.820513e+00 4.739474e+00 3.589474e+00 5.19445393e-07
2.820513e+00 4.739474e+00 3.794737e+00 4.59091410e-07
2.820513e+00 4.739474e+00 4.000000e+00 4.07305237e-07
2.820513e+00 5.000000e+00 1.000000e-01 1.90325023e-03
2.820513e+00 5.000000e+00 3.052632e-01 1.20943896e-05
2.820513e+00 5.000000e+00 5.105263e-01 2.13517092e-06
2.820513e+00 5.000000e+00 7.157895e-01 1.73720116e-06
2.820513e+00 5.000000e+00 9.210526e-01 1.43313878e-06
2.820513e+00 5.000000e+00 1.126316e+00 1.16276397e-06
2.820513e+00 5.000000e+00 1.331579e+00 9.36049560e-07
2.820513e+00 5.000000e+00 1.536842e+00 7.53336508e-07
2.820513e+00 5.000000e+00 1.742105e+00 6.09536244e-07
2.820513e+00 5.000000e+00 1.947368e+00 4.97692213e-07
2.820513e+00 5.000000e+00 2.152632e+00 4.10934632e-07
2.820513e+00 5.000000e+00 2.357895e+00 3.43348717e-07
2.820513e+00 5.000000e+00 2.563158e+00 2.90208163e-07
2.820513e+00 5.000000e+00 2.768421e+00 2.47899976e-07
2.820513e+00 5.000000e+00 2.973684e+00 2.13736470e-07
2.820513e+00 5.000000e+00 3.178947e+00 1.85749400e-07
2.820513e+00 5.000000e+00 3.384211e+00 1.62504506e-07
2.820513e+00 5.000000e+00 3.589474e+00 1.42956637e-07
2.820513e+00 5.000000e+00 3.794737e+00 1.26338890e-07
2.820513e+00 5.000000e+00 4.000000e+00 1.12081942e-07
3.076923e+00 5.000000e-02 1.000000e-01 5.28394043e+02
3.076923e+00 5.000000e-02 3.052632e-01 1.90767841e+01
3.076923e+00 5.000000e-02 5.105263e-01 1.42257347e+01
3.076923e+00 5.000000e-02 7.157895e-01 1.23789263e+01
3.076923e+00 5.000000e-02 9.210526e-01 1.05210562e+01
3.076923e+00 5.000000e-02 1.126316e+00 8.78991795e+00
3.076923e+00 5.000000e-02 1.331579e+00 7.27658033e+00
3.076923e+00 5.000000e-02 1.536842e+00 6.00920010e+00
3.076923e+00 5.000000e-02 1.742105e+00 4.97700691e+00
3.076923e+00 5.000000e-02 1.947368e+00 4.15007401e+00
3.076923e+00 5.000000e-02 2.152632e+00 3.49233198e+00
3.076923e+00 5.000000e-02 2.357895e+00 2.96917987e+00
3.076923e+00 5.000000e-02 2.563158e+00 2.55063891e+00
3.076923e+00 5.000000e-02 2.768421e+00 2.21252155e+00
3.076923e+00 5.000000e-02 2.973684e+00 1.93591762e+00
3.076923e+00 5.000000e-02 3.178947e+00 1.70654166e+00
3.076923e+00 5.000000e-02 3.384211e+00 1.51370859e+00
3.076923e+00 5.000000e-02 3.589474e+00 1.34950829e+00
3.076923e+00 5.000000e-02 3.794737e+00 1.20809746e+00
3.076923e+00 5.000000e-02 4.000000e+00 1.08513856e+00
3.076923e+00 3.105263e-01 1.000000e-01 4.95902954e+02
3.076923e+00 3.105263e-01 3.052632e-01 1.03940086e+01
3.076923e+00 3.105263e-01 5.105263e-01 6.51764679e+00
3.076923e+00 3.105263e-01 7.157895e-01 5.66061735e+00
3.076923e+00 3.105263e-01 9.210526e-01 4.81426001e+00
3.076923e+00 3.105263e-01 1.126316e+00 4.02275324e+00
3.076923e+00 3.105263e-01 1.331579e+00 3.32881308e+00
3.076923e+00 3.105263e-01 1.536842e+00 2.74635172e+00
3.076923e+00 3.105263e-01 1.742105e+00 2.27121401e+00
3.076923e+00 3.105263e-01 1.947368e+00 1.89019275e+00
3.076923e+00 3.105263e-01 2.152632e+00 1.58702540e+00
3.076923e+00 3.105263e-01 2.357895e+00 1.34596324e+00
3.076923e+00 3.105263e-01 2.563158e+00 1.15330577e+00
3.076923e+00 3.105263e-01 2.768421e+00 9.97903526e-01
3.076923e+00 3.105263e-01 2.973684e+00 8.71043086e-01
3.076923e+00 3.105263e-01 3.178947e+00 7.66109288e-01
3.076923e+00 3.105263e-01 3.384211e+00 6.78135693e-01
3.076923e+00 3.105263e-01 3.589474e+00 6.03447139e-01
3.076923e+00 3.105263e-01 3.794737e+00 5.39311588e-01
3.076923e+00 3.105263e-01 4.000000e+00 4.83697116e-01
3.076923e+00 5.710526e-01 1.000000e-01 4.39680786e+02
3.076923e+00 5.710526e-01 3.052632e-01 6.97180271e+00
3.076923e+00 5.710526e-01 5.105263e-01 3.73482656e+00
3.076923e+00 5.710526e-01 7.157895e-01 3.23546004e+00
3.076923e+00 5.710526e-01 9.210526e-01 2.75277472e+00
3.076923e+00 5.710526e-01 1.126316e+00 2.30038500e+00
3.076923e+00 5.710526e-01 1.331579e+00 1.90295136e+00
3.076923e+00 5.710526e-01 1.536842e+00 1.56886351e+00
3.076923e+00 5.710526e-01 1.742105e+00 1.29604816e+00
3.076923e+00 5.710526e-01 1.947368e+00 1.07712996e+00
3.076923e+00 5.710526e-01 2.152632e+00 9.02913451e-01
3.076923e+00 5.710526e-01 2.357895e+00 7.64418960e-01
3.076923e+00 5.710526e-01 2.563158e+00 6.53813958e-01
3.076923e+00 5.710526e-01 2.768421e+00 5.64696431e-01
3.076923e+00 5.710526e-01 2.973684e+00 4.92059082e-01
3.076923e+00 5.710526e-01 3.178947e+00 4.32077646e-01
3.076923e+00 5.710526e-01 3.384211e+00 3.81894976e-01
3.076923e+00 5.710526e-01 3.589474e+00 3.39375019e-01
3.076923e+00 5.710526e-01 3.794737e+00 3.02938759e-01
3.076923e+00 5.710526e-01 4.000000e+00 2.71405071e-01
3.076923e+00 8.315790e-01 1.000000e-01 3.65200226e+02
3.076923e+00 8.315790e-01 3.052632e-01 4.80486965e+00
3.076923e+00 8.315790e-01 5.105263e-01 2.20318818e+00
3.076923e+00 8.315790e-01 7.157895e-01 1.90231442e+00
3.076923e+00 8.315790e-01 9.210526e-01 1.61890578e+00
3.076923e+00 8.315790e-01 1.126316e+00 1.35290074e+00
3.076923e+00 8.315790e-01 1.331579e+00 1.11885667e+00
3.076923e+00 8.315790e-01 1.536842e+00 9.21896935e-01
3.076923e+00 8.315790e-01 1.742105e+00 7.60937691e-01
3.076923e+00 8.315790e-01 1.947368e+00 6.31719351e-01
3.076923e+00 8.315790e-01 2.152632e+00 5.28876722e-01
3.076923e+00 8.315790e-01 2.357895e+00 4.47143018e-01
3.076923e+00 8.315790e-01 2.563158e+00 3.81901324e-01
3.076923e+00 8.315790e-01 2.768421e+00 3.29382241e-01
3.076923e+00 8.315790e-01 2.973684e+00 2.86624372e-01
3.076923e+00 8.315790e-01 3.178947e+00 2.51366019e-01
3.076923e+00 8.315790e-01 3.384211e+00 2.21911982e-01
3.076923e+00 8.315790e-01 3.589474e+00 1.96994990e-01
3.076923e+00 8.315790e-01 3.794737e+00 1.75676882e-01
3.076923e+00 8.315790e-01 4.000000e+00 1.57256916e-01
3.076923e+00 1.092105e+00 1.000000e-01 2.83748138e+02
3.076923e+00 1.092105e+00 3.052632e-01 3.26200271e+00
3.076923e+00 1.092105e+00 5.105263e-01 1.28179979e+00
3.076923e+00 1.092105e+00 7.157895e-01 1.10226178e+00
3.076923e+00 1.092105e+00 9.210526e-01 9.38168585e-01
3.076923e+00 1.092105e+00 1.126316e+00 7.84016490e-01
3.076923e+00 1.092105e+00 1.331579e+00 6.48228228e-01
3.076923e+00 1.092105e+00 1.536842e+00 5.33862293e-01
3.076923e+00 1.092105e+00 1.742105e+00 4.40346450e-01
3.076923e+00 1.092105e+00 1.947368e+00 3.65245968e-01
3.076923e+00 1.092105e+00 2.152632e+00 3.05471003e-01
3.076923e+00 1.092105e+00 2.357895e+00 2.57974684e-01
3.076923e+00 1.092105e+00 2.563158e+00 2.20080227e-01
3.076923e+00 1.092105e+00 2.768421e+00 1.89597622e-01
3.076923e+00 1.092105e+00 2.973684e+00 1.64803356e-01
3.076923e+00 1.092105e+00 3.178947e+00 1.44381821e-01
3.076923e+00 1.092105e+00 3.384211e+00 1.27341807e-01
3.076923e+00 1.092105e+00 3.589474e+00 1.12945981e-01
3.076923e+00 1.092105e+00 3.794737e+00 1.00644991e-01
3.076923e+00 1.092105e+00 4.000000e+00 9.00295004e-02
3.076923e+00 1.352632e+00 1.000000e-01 2.06118805e+02
3.076923e+00 1.352632e+00 3.052632e-01 2.14226174e+00
3.076923e+00 1.352632e+00 5.105263e-01 7.23552942e-01
3.076923e+00 1.352632e+00 7.157895e-01 6.19213998e-01
3.076923e+00 1.352632e+00 9.210526e-01 5.27061760e-01
3.076923e+00 1.352632e+00 1.126316e+00 4.40446377e-01
3.076923e+00 1.352632e+00 1.331579e+00 3.64087641e-01
3.076923e+00 1.352632e+00 1.536842e+00 2.99729168e-01
3.076923e+00 1.352632e+00 1.742105e+00 2.47082368e-01
3.076923e+00 1.352632e+00 1.947368e+00 2.04791486e-01
3.076923e+00 1.352632e+00 2.152632e+00 1.71130612e-01
3.076923e+00 1.352632e+00 2.357895e+00 1.44388065e-01
3.076923e+00 1.352632e+00 2.563158e+00 1.23060934e-01
3.076923e+00 1.352632e+00 2.768421e+00 1.05915286e-01
3.076923e+00 1.352632e+00 2.973684e+00 9.19805542e-02
3.076923e+00 1.352632e+00 3.178947e+00 8.05133656e-02
3.076923e+00 1.352632e+00 3.384211e+00 7.09549636e-02
3.076923e+00 1.352632e+00 3.589474e+00 6.28885031e-02
3.076923e+00 1.352632e+00 3.794737e+00 5.60030416e-02
3.076923e+00 1.352632e+00 4.000000e+00 5.00670187e-02
3.076923e+00 1.613158e+00 1.000000e-01 1.39952332e+02
3.076923e+00 1.613158e+00 3.052632e-01 1.34706020e+00
3.076923e+00 1.613158e+00 5.105263e-01 3.93061727e-01
3.076923e+00 1.613158e+00 7.157895e-01 3.34519863e-01
3.076923e+00 1.613158e+00 9.210526e-01 2.84734815e-01
3.076923e+00 1.613158e+00 1.126316e+00 2.37934232e-01
3.076923e+00 1.613158e+00 1.331579e+00 1.96645170e-01
3.076923e+00 1.613158e+00 1.536842e+00 1.61828548e-01
3.076923e+00 1.613158e+00 1.742105e+00 1.33336782e-01
3.076923e+00 1.613158e+00 1.947368e+00 1.10445902e-01
3.076923e+00 1.613158e+00 2.152632e+00 9.22256410e-02
3.076923e+00 1.613158e+00 2.357895e+00 7.77527019e-02
3.076923e+00 1.613158e+00 2.563158e+00 6.62147403e-02
3.076923e+00 1.613158e+00 2.768421e+00 5.69435917e-02
3.076923e+00 1.613158e+00 2.973684e+00 4.94135842e-02
3.076923e+00 1.613158e+00 3.178947e+00 4.32219133e-02
3.076923e+00 1.613158e+00 3.384211e+00 3.80653068e-02
3.076923e+00 1.613158e+00 3.589474e+00 3.37172821e-02
3.076923e+00 1.613158e+00 3.794737e+00 3.00093107e-02
3.076923e+00 1.613158e+00 4.000000e+00 2.68153772e-02
3.076923e+00 1.873684e+00 1.000000e-01 8.88106689e+01
3.076923e+00 1.873684e+00 3.052632e-01 8.05699825e-01
3.076923e+00 1.873684e+00 5.105263e-01 2.04539150e-01
3.076923e+00 1.873684e+00 7.157895e-01 1.72998637e-01
3.076923e+00 1.873684e+00 9.210526e-01 1.47245005e-01
3.076923e+00 1.873684e+00 1.126316e+00 1.23036802e-01
3.076923e+00 1.873684e+00 1.331579e+00 1.01668440e-01
3.076923e+00 1.873684e+00 1.536842e+00 8.36418122e-02
3.076923e+00 1.873684e+00 1.742105e+00 6.88860118e-02
3.076923e+00 1.873684e+00 1.947368e+00 5.70290387e-02
3.076923e+00 1.873684e+00 2.152632e+00 4.75914553e-02
3.076923e+00 1.873684e+00 2.357895e+00 4.00960818e-02
3.076923e+00 1.873684e+00 2.563158e+00 3.41224521e-02
3.076923e+00 1.873684e+00 2.768421e+00 2.93245949e-02
3.076923e+00 1.873684e+00 2.973684e+00 2.54300367e-02
3.076923e+00 1.873684e+00 3.178947e+00 2.22297255e-02
3.076923e+00 1.873684e+00 3.384211e+00 1.95663869e-02
3.076923e+00 1.873684e+00 3.589474e+00 1.73224490e-02
3.076923e+00 1.873684e+00 3.794737e+00 1.54101960e-02
3.076923e+00 1.873684e+00 4.000000e+00 1.37643339e-02
3.076923e+00 2.134211e+00 1.000000e-01 5.26671867e+01
3.076923e+00 2.134211e+00 3.052632e-01 4.56334412e-01
3.076923e+00 2.134211e+00 5.105263e-01 1.01669915e-01
3.076923e+00 2.134211e+00 7.157895e-01 8.54137763e-02
3.076923e+00 2.134211e+00 9.210526e-01 7.26923570e-02
3.076923e+00 2.134211e+00 1.126316e+00 6.07380494e-02
3.076923e+00 2.134211e+00 1.331579e+00 5.01811393e-02
3.076923e+00 2.134211e+00 1.536842e+00 4.12724875e-02
3.076923e+00 2.134211e+00 1.742105e+00 3.39782834e-02
3.076923e+00 2.134211e+00 1.947368e+00 2.81166080e-02
3.076923e+00 2.134211e+00 2.152632e+00 2.34510638e-02
3.076923e+00 2.134211e+00 2.357895e+00 1.97461396e-02
3.076923e+00 2.134211e+00 2.563158e+00 1.67942438e-02
3.076923e+00 2.134211e+00 2.768421e+00 1.44242384e-02
3.076923e+00 2.134211e+00 2.973684e+00 1.25013981e-02
3.076923e+00 2.134211e+00 3.178947e+00 1.09222364e-02
3.076923e+00 2.134211e+00 3.384211e+00 9.60888062e-03
3.076923e+00 2.134211e+00 3.589474e+00 8.50301981e-03
3.076923e+00 2.134211e+00 3.794737e+00 7.56131951e-03
3.076923e+00 2.134211e+00 4.000000e+00 6.75126351e-03
3.076923e+00 2.394737e+00 1.000000e-01 2.91867085e+01
3.076923e+00 2.394737e+00 3.052632e-01 2.43970186e-01
3.076923e+00 2.394737e+00 5.105263e-01 4.81875017e-02
3.076923e+00 2.394737e+00 7.157895e-01 4.01945263e-02
3.076923e+00 2.394737e+00 9.210526e-01 3.42042260e-02
3.076923e+00 2.394737e+00 1.126316e+00 2.85776630e-02
3.076923e+00 2.394737e+00 1.331579e+00 2.36070752e-02
3.076923e+00 2.394737e+00 1.536842e+00 1.94113385e-02
3.076923e+00 2.394737e+00 1.742105e+00 1.59753468e-02
3.076923e+00 2.394737e+00 1.947368e+00 1.32139567e-02
3.076923e+00 2.394737e+00 2.152632e+00 1.10160578e-02
3.076923e+00 2.394737e+00 2.357895e+00 9.27094929e-03
3.076923e+00 2.394737e+00 2.563158e+00 7.88085349e-03
3.076923e+00 2.394737e+00 2.768421e+00 6.76518073e-03
3.076923e+00 2.394737e+00 2.973684e+00 5.86037152e-03
3.076923e+00 2.394737e+00 3.178947e+00 5.11767901e-03
3.076923e+00 2.394737e+00 3.384211e+00 4.50034067e-03
3.076923e+00 2.394737e+00 3.589474e+00 3.98084195e-03
3.076923e+00 2.394737e+00 3.794737e+00 3.53868795e-03
3.076923e+00 2.394737e+00 4.000000e+00 3.15858005e-03
3.076923e+00 2.655263e+00 1.000000e-01 1.51142540e+01
3.076923e+00 2.655263e+00 3.052632e-01 1.22837551e-01
3.076923e+00 2.655263e+00 5.105263e-01 2.17508636e-02
3.076923e+00 2.655263e+00 7.157895e-01 1.80100966e-02
3.076923e+00 2.655263e+00 9.210526e-01 1.53240971e-02
3.076923e+00 2.655263e+00 1.126316e+00 1.28025431e-02
3.076923e+00 2.655263e+00 1.331579e+00 1.05743101e-02
3.076923e+00 2.655263e+00 1.536842e+00 8.69300310e-03
3.076923e+00 2.655263e+00 1.742105e+00 7.15211267e-03
3.076923e+00 2.655263e+00 1.947368e+00 5.91368135e-03
3.076923e+00 2.655263e+00 2.152632e+00 4.92799049e-03
3.076923e+00 2.655263e+00 2.357895e+00 4.14545555e-03
3.076923e+00 2.655263e+00 2.563158e+00 3.52223660e-03
3.076923e+00 2.655263e+00 2.768421e+00 3.02220602e-03
3.076923e+00 2.655263e+00 2.973684e+00 2.61684507e-03
3.076923e+00 2.655263e+00 3.178947e+00 2.28425534e-03
3.076923e+00 2.655263e+00 3.384211e+00 2.00793170e-03
3.076923e+00 2.655263e+00 3.589474e+00 1.77552411e-03
3.076923e+00 2.655263e+00 3.794737e+00 1.57782063e-03
3.076923e+00 2.655263e+00 4.000000e+00 1.40794262e-03
3.076923e+00 2.915789e+00 1.000000e-01 7.31369257e+00
3.076923e+00 2.915789e+00 3.052632e-01 5.81463873e-02
3.076923e+00 2.915789e+00 5.105263e-01 9.34142247e-03
3.076923e+00 2.915789e+00 7.157895e-01 7.67843286e-03
3.076923e+00 2.915789e+00 9.210526e-01 6.53238455e-03
3.076923e+00 2.915789e+00 1.126316e+00 5.45716658e-03
3.076923e+00 2.915789e+00 1.331579e+00 4.50681895e-03
3.076923e+00 2.915789e+00 1.536842e+00 3.70426243e-03
3.076923e+00 2.915789e+00 1.742105e+00 3.04685626e-03
3.076923e+00 2.915789e+00 1.947368e+00 2.51845364e-03
3.076923e+00 2.915789e+00 2.152632e+00 2.09790096e-03
3.076923e+00 2.915789e+00 2.357895e+00 1.76406163e-03
3.076923e+00 2.915789e+00 2.563158e+00 1.49824366e-03
3.076923e+00 2.915789e+00 2.768421e+00 1.28502352e-03
3.076923e+00 2.915789e+00 2.973684e+00 1.11223024e-03
3.076923e+00 2.915789e+00 3.178947e+00 9.70512920e-04
3.076923e+00 2.915789e+00 3.384211e+00 8.52821046e-04
3.076923e+00 2.915789e+00 3.589474e+00 7.53878325e-04
3.076923e+00 2.915789e+00 3.794737e+00 6.69747707e-04
3.076923e+00 2.915789e+00 4.000000e+00 5.97489823e-04
3.076923e+00 3.176316e+00 1.000000e-01 3.30695248e+00
3.076923e+00 3.176316e+00 3.052632e-01 2.58433819e-02
3.076923e+00 3.176316e+00 5.105263e-01 3.81388864e-03
3.076923e+00 3.176316e+00 7.157895e-01 3.11286957e-03
3.076923e+00 3.176316e+00 9.210526e-01 2.64789164e-03
3.076923e+00 3.176316e+00 1.126316e+00 2.21193279e-03
3.076923e+00 3.176316e+00 1.331579e+00 1.82652788e-03
3.076923e+00 3.176316e+00 1.536842e+00 1.50100468e-03
3.076923e+00 3.176316e+00 1.742105e+00 1.23432628e-03
3.076923e+00 3.176316e+00 1.947368e+00 1.01997121e-03
3.076923e+00 3.176316e+00 2.152632e+00 8.49371892e-04
3.076923e+00 3.176316e+00 2.357895e+00 7.13961432e-04
3.076923e+00 3.176316e+00 2.563158e+00 6.06158515e-04
3.076923e+00 3.176316e+00 2.768421e+00 5.19708556e-04
3.076923e+00 3.176316e+00 2.973684e+00 4.49668791e-04
3.076923e+00 3.176316e+00 3.178947e+00 3.92246264e-04
3.076923e+00 3.176316e+00 3.384211e+00 3.44576809e-04
3.076923e+00 3.176316e+00 3.589474e+00 3.04517016e-04
3.076923e+00 3.176316e+00 3.794737e+00 2.70467746e-04
3.076923e+00 3.176316e+00 4.000000e+00 2.41234666e-04
3.076923e+00 3.436842e+00 1.000000e-01 1.39719367e+00
3.076923e+00 3.436842e+00 3.052632e-01 1.07740350e-02
3.076923e+00 3.436842e+00 5.105263e-01 1.47884758e-03
3.076923e+00 3.436842e+00 7.157895e-01 1.19911786e-03
3.076923e+00 3.436842e+00 9.210526e-01 1.01986725e-03
3.076923e+00 3.436842e+00 1.126316e+00 8.51910503e-04
3.076923e+00 3.436842e+00 1.331579e+00 7.03403377e-04
3.076923e+00 3.436842e+00 1.536842e+00 5.77954052e-04
3.076923e+00 3.436842e+00 1.742105e+00 4.75175068e-04
3.076923e+00 3.436842e+00 1.947368e+00 3.92556714e-04
3.076923e+00 3.436842e+00 2.152632e+00 3.26805923e-04
3.076923e+00 3.436842e+00 2.357895e+00 2.74621387e-04
3.076923e+00 3.436842e+00 2.563158e+00 2.33082887e-04
3.076923e+00 3.436842e+00 2.768421e+00 1.99778355e-04
3.076923e+00 3.436842e+00 2.973684e+00 1.72803469e-04
3.076923e+00 3.436842e+00 3.178947e+00 1.50694046e-04
3.076923e+00 3.436842e+00 3.384211e+00 1.32345929e-04
3.076923e+00 3.436842e+00 3.589474e+00 1.16931944e-04
3.076923e+00 3.436842e+00 3.794737e+00 1.03835344e-04
3.076923e+00 3.436842e+00 4.000000e+00 9.25947315e-05
3.076923e+00 3.697368e+00 1.000000e-01 5.51594377e-01
3.076923e+00 3.697368e+00 3.052632e-01 4.20989515e-03
3.076923e+00 3.697368e+00 5.105263e-01 5.43974980e-04
3.076923e+00 3.697368e+00 7.157895e-01 4.38486575e-04
3.076923e+00 3.697368e+00 9.210526e-01 3.72893061e-04
3.076923e+00 3.697368e+00 1.126316e+00 3.11469805e-04
3.076923e+00 3.697368e+00 1.331579e+00 2.57151260e-04
3.076923e+00 3.697368e+00 1.536842e+00 2.11261635e-04
3.076923e+00 3.697368e+00 1.742105e+00 1.73661829e-04
3.076923e+00 3.697368e+00 1.947368e+00 1.43437297e-04
3.076923e+00 3.697368e+00 2.152632e+00 1.19383432e-04
3.076923e+00 3.697368e+00 2.357895e+00 1.00294201e-04
3.076923e+00 3.697368e+00 2.563158e+00 8.51012155e-05
3.076923e+00 3.697368e+00 2.768421e+00 7.29220701e-05
3.076923e+00 3.697368e+00 2.973684e+00 6.30596696e-05
3.076923e+00 3.697368e+00 3.178947e+00 5.49783254e-05
3.076923e+00 3.697368e+00 3.384211e+00 4.82735704e-05
3.076923e+00 3.697368e+00 3.589474e+00 4.26427105e-05
3.076923e+00 3.697368e+00 3.794737e+00 3.78598124e-05
3.076923e+00 3.697368e+00 4.000000e+00 3.37558376e-05
3.076923e+00 3.957895e+00 1.000000e-01 2.03476489e-01
3.076923e+00 3.957895e+00 3.052632e-01 1.54083560e-03
3.076923e+00 3.957895e+00 5.105263e-01 1.89553451e-04
3.076923e+00 3.957895e+00 7.157895e-01 1.52018823e-04
3.076923e+00 3.957895e+00 9.210526e-01 1.29264372e-04
3.076923e+00 3.957895e+00 1.126316e+00 1.07967484e-04
3.076923e+00 3.957895e+00 1.331579e+00 8.91323580e-05
3.076923e+00 3.957895e+00 1.536842e+00 7.32182816e-05
3.076923e+00 3.957895e+00 1.742105e+00 6.01781940e-05
3.076923e+00 3.957895e+00 1.947368e+00 4.96958055e-05
3.076923e+00 3.957895e+00 2.152632e+00 4.13537236e-05
3.076923e+00 3.957895e+00 2.357895e+00 3.47338100e-05
3.076923e+00 3.957895e+00 2.563158e+00 2.94656056e-05
3.076923e+00 3.957895e+00 2.768421e+00 2.52431146e-05
3.076923e+00 3.957895e+00 2.973684e+00 2.18244222e-05
3.076923e+00 3.957895e+00 3.178947e+00 1.90237497e-05
3.076923e+00 3.957895e+00 3.384211e+00 1.67006710e-05
3.076923e+00 3.957895e+00 3.589474e+00 1.47501432e-05
3.076923e+00 3.957895e+00 3.794737e+00 1.30937424e-05
3.076923e+00 3.957895e+00 4.000000e+00 1.16728188e-05
3.076923e+00 4.218421e+00 1.000000e-01 7.01356307e-02
3.076923e+00 4.218421e+00 3.052632e-01 5.27976488e-04
3.076923e+00 4.218421e+00 5.105263e-01 6.24730892e-05
3.076923e+00 4.218421e+00 7.157895e-01 4.98905611e-05
3.076923e+00 4.218421e+00 9.210526e-01 4.24190184e-05
3.076923e+00 4.218421e+00 1.126316e+00 3.54292533e-05
3.076923e+00 4.218421e+00 1.331579e+00 2.92467703e-05
3.076923e+00 4.218421e+00 1.536842e+00 2.40227273e-05
3.076923e+00 4.218421e+00 1.742105e+00 1.97420122e-05
3.076923e+00 4.218421e+00 1.947368e+00 1.63008062e-05
3.076923e+00 4.218421e+00 2.152632e+00 1.35623113e-05
3.076923e+00 4.218421e+00 2.357895e+00 1.13892393e-05
3.076923e+00 4.218421e+00 2.563158e+00 9.66005246e-06
3.076923e+00 4.218421e+00 2.768421e+00 8.27424446e-06
3.076923e+00 4.218421e+00 2.973684e+00 7.15242459e-06
3.076923e+00 4.218421e+00 3.178947e+00 6.23355163e-06
3.076923e+00 4.218421e+00 3.384211e+00 5.47152649e-06
3.076923e+00 4.218421e+00 3.589474e+00 4.83182885e-06
3.076923e+00 4.218421e+00 3.794737e+00 4.28870226e-06
3.076923e+00 4.218421e+00 4.000000e+00 3.82286908e-06
3.076923e+00 4.478947e+00 1.000000e-01 2.25887001e-02
3.076923e+00 4.478947e+00 3.052632e-01 1.69303210e-04
3.076923e+00 4.478947e+00 5.105263e-01 1.94407876e-05
3.076923e+00 4.478947e+00 7.157895e-01 1.54726531e-05
3.076923e+00 4.478947e+00 9.210526e-01 1.31545448e-05
3.076923e+00 4.478947e+00 1.126316e+00 1.09866605e-05
3.076923e+00 4.478947e+00 1.331579e+00 9.06904006e-06
3.076923e+00 4.478947e+00 1.536842e+00 7.44861245e-06
3.076923e+00 4.478947e+00 1.742105e+00 6.12073291e-06
3.076923e+00 4.478947e+00 1.947368e+00 5.05327171e-06
3.076923e+00 4.478947e+00 2.152632e+00 4.20378274e-06
3.076923e+00 4.478947e+00 2.357895e+00 3.52973461e-06
3.076923e+00 4.478947e+00 2.563158e+00 2.99339490e-06
3.076923e+00 4.478947e+00 2.768421e+00 2.56360795e-06
3.076923e+00 4.478947e+00 2.973684e+00 2.21573146e-06
3.076923e+00 4.478947e+00 3.178947e+00 1.93083110e-06
3.076923e+00 4.478947e+00 3.384211e+00 1.69459361e-06
3.076923e+00 4.478947e+00 3.589474e+00 1.49631069e-06
3.076923e+00 4.478947e+00 3.794737e+00 1.32798584e-06
3.076923e+00 4.478947e+00 4.000000e+00 1.18363971e-06
3.076923e+00 4.739474e+00 1.000000e-01 6.79782499e-03
3.076923e+00 4.739474e+00 3.052632e-01 5.07877303e-05
3.076923e+00 4.739474e+00 5.105263e-01 5.70202747e-06
3.076923e+00 4.739474e+00 7.157895e-01 4.52626728e-06
3.076923e+00 4.739474e+00 9.210526e-01 3.84792429e-06
3.076923e+00 4.739474e+00 1.126316e+00 3.21371772e-06
3.076923e+00 4.739474e+00 1.331579e+00 2.65269477e-06
3.076923e+00 4.739474e+00 1.536842e+00 2.17860293e-06
3.076923e+00 4.739474e+00 1.742105e+00 1.79009180e-06
3.076923e+00 4.739474e+00 1.947368e+00 1.47776598e-06
3.076923e+00 4.739474e+00 2.152632e+00 1.22922165e-06
3.076923e+00 4.739474e+00 2.357895e+00 1.03201569e-06
3.076923e+00 4.739474e+00 2.563158e+00 8.75107446e-07
3.076923e+00 4.739474e+00 2.768421e+00 7.49379012e-07
3.076923e+00 4.739474e+00 2.973684e+00 6.47623153e-07
3.076923e+00 4.739474e+00 3.178947e+00 5.64295760e-07
3.076923e+00 4.739474e+00 3.384211e+00 4.95208383e-07
3.076923e+00 4.739474e+00 3.589474e+00 4.37228010e-07
3.076923e+00 4.739474e+00 3.794737e+00 3.88014115e-07
3.076923e+00 4.739474e+00 4.000000e+00 3.45815749e-07
3.076923e+00 5.000000e+00 1.000000e-01 1.91150443e-03
3.076923e+00 5.000000e+00 3.052632e-01 1.42486742e-05
3.076923e+00 5.000000e+00 5.105263e-01 1.57362467e-06
3.076923e+00 5.000000e+00 7.157895e-01 1.24669839e-06
3.076923e+00 5.000000e+00 9.210526e-01 1.05981076e-06
3.076923e+00 5.000000e+00 1.126316e+00 8.85123370e-07
3.076923e+00 5.000000e+00 1.331579e+00 7.30587544e-07
3.076923e+00 5.000000e+00 1.536842e+00 5.99990869e-07
3.076923e+00 5.000000e+00 1.742105e+00 4.92968752e-07
3.076923e+00 5.000000e+00 1.947368e+00 4.06932230e-07
3.076923e+00 5.000000e+00 2.152632e+00 3.38465782e-07
3.076923e+00 5.000000e+00 2.357895e+00 2.84142800e-07
3.076923e+00 5.000000e+00 2.563158e+00 2.40922020e-07
3.076923e+00 5.000000e+00 2.768421e+00 2.06291688e-07
3.076923e+00 5.000000e+00 2.973684e+00 1.78266077e-07
3.076923e+00 5.000000e+00 3.178947e+00 1.55317636e-07
3.076923e+00 5.000000e+00 3.384211e+00 1.36292883e-07
3.076923e+00 5.000000e+00 3.589474e+00 1.20328096e-07
3.076923e+00 5.000000e+00 3.794737e+00 1.06778224e-07
3.076923e+00 5.000000e+00 4.000000e+00 9.51607930e-08
3.333333e+00 5.000000e-02 1.000000e-01 5.26316467e+02
3.333333e+00 5.000000e-02 3.052632e-01 1.56716814e+01
3.333333e+00 5.000000e-02 5.105263e-01 1.06413488e+01
3.333333e+00 5.000000e-02 7.157895e-01 9.44773769e+00
3.333333e+00 5.000000e-02 9.210526e-01 8.22499847e+00
3.333333e+00 5.000000e-02 1.126316e+00 7.03001118e+00
3.333333e+00 5.000000e-02 1.331579e+00 5.93683815e+00
3.333333e+00 5.000000e-02 1.536842e+00 4.98254728e+00
3.333333e+00 5.000000e-02 1.742105e+00 4.17651176e+00
3.333333e+00 5.000000e-02 1.947368e+00 3.51060176e+00
3.333333e+00 5.000000e-02 2.152632e+00 2.96781611e+00
3.333333e+00 5.000000e-02 2.357895e+00 2.52828789e+00
3.333333e+00 5.000000e-02 2.563158e+00 2.17258787e+00
3.333333e+00 5.000000e-02 2.768421e+00 1.88357627e+00
3.333333e+00 5.000000e-02 2.973684e+00 1.64697528e+00
3.333333e+00 5.000000e-02 3.178947e+00 1.45131183e+00
3.333333e+00 5.000000e-02 3.384211e+00 1.28765440e+00
3.333333e+00 5.000000e-02 3.589474e+00 1.14914334e+00
3.333333e+00 5.000000e-02 3.794737e+00 1.03055668e+00
3.333333e+00 5.000000e-02 4.000000e+00 9.27965939e-01
3.333333e+00 3.105263e-01 1.000000e-01 4.96171417e+02
3.333333e+00 3.105263e-01 3.052632e-01 9.20569801e+00
3.333333e+00 3.105263e-01 5.105263e-01 4.85676241e+00
3.333333e+00 3.105263e-01 7.157895e-01 4.28822184e+00
3.333333e+00 3.105263e-01 9.210526e-01 3.73564982e+00
3.333333e+00 3.105263e-01 1.126316e+00 3.19437122e+00
3.333333e+00 3.105263e-01 1.331579e+00 2.69782424e+00
3.333333e+00 3.105263e-01 1.536842e+00 2.26343846e+00
3.333333e+00 3.105263e-01 1.742105e+00 1.89587653e+00
3.333333e+00 3.105263e-01 1.947368e+00 1.59180999e+00
3.333333e+00 3.105263e-01 2.152632e+00 1.34376204e+00
3.333333e+00 3.105263e-01 2.357895e+00 1.14281166e+00
3.333333e+00 3.105263e-01 2.563158e+00 9.80207503e-01
3.333333e+00 3.105263e-01 2.768421e+00 8.48169446e-01
3.333333e+00 3.105263e-01 2.973684e+00 7.40178525e-01
3.333333e+00 3.105263e-01 3.178947e+00 6.51004910e-01
3.333333e+00 3.105263e-01 3.384211e+00 5.76550305e-01
3.333333e+00 3.105263e-01 3.589474e+00 5.13664305e-01
3.333333e+00 3.105263e-01 3.794737e+00 4.59946036e-01
3.333333e+00 3.105263e-01 4.000000e+00 4.13574189e-01
3.333333e+00 5.710526e-01 1.000000e-01 4.40587769e+02
3.333333e+00 5.710526e-01 3.052632e-01 6.52536964e+00
3.333333e+00 5.710526e-01 5.105263e-01 2.77893233e+00
3.333333e+00 5.710526e-01 7.157895e-01 2.43803072e+00
3.333333e+00 5.710526e-01 9.210526e-01 2.12463975e+00
3.333333e+00 5.710526e-01 1.126316e+00 1.81732428e+00
3.333333e+00 5.710526e-01 1.331579e+00 1.53488433e+00
3.333333e+00 5.710526e-01 1.536842e+00 1.28741527e+00
3.333333e+00 5.710526e-01 1.742105e+00 1.07776845e+00
3.333333e+00 5.710526e-01 1.947368e+00 9.04184341e-01
3.333333e+00 5.710526e-01 2.152632e+00 7.62497008e-01
3.333333e+00 5.710526e-01 2.357895e+00 6.47690892e-01
3.333333e+00 5.710526e-01 2.563158e+00 5.54798484e-01
3.333333e+00 5.710526e-01 2.768421e+00 4.79396343e-01
3.333333e+00 5.710526e-01 2.973684e+00 4.17771876e-01
3.333333e+00 5.710526e-01 3.178947e+00 3.66939873e-01
3.333333e+00 5.710526e-01 3.384211e+00 3.24552238e-01
3.333333e+00 5.710526e-01 3.589474e+00 2.88802475e-01
3.333333e+00 5.710526e-01 3.794737e+00 2.58310437e-01
3.333333e+00 5.710526e-01 4.000000e+00 2.32031807e-01
3.333333e+00 8.315790e-01 1.000000e-01 3.66250488e+02
3.333333e+00 8.315790e-01 3.052632e-01 4.70409060e+00
3.333333e+00 8.315790e-01 5.105263e-01 1.63965011e+00
3.333333e+00 8.315790e-01 7.157895e-01 1.42753053e+00
3.333333e+00 8.315790e-01 9.210526e-01 1.24425602e+00
3.333333e+00 8.315790e-01 1.126316e+00 1.06449807e+00
3.333333e+00 8.315790e-01 1.331579e+00 8.99061978e-01
3.333333e+00 8.315790e-01 1.536842e+00 7.53945887e-01
3.333333e+00 8.315790e-01 1.742105e+00 6.30897641e-01
3.333333e+00 8.315790e-01 1.947368e+00 5.28950691e-01
3.333333e+00 8.315790e-01 2.152632e+00 4.45703506e-01
3.333333e+00 8.315790e-01 2.357895e+00 3.78237456e-01
3.333333e+00 8.315790e-01 2.563158e+00 3.23653638e-01
3.333333e+00 8.315790e-01 2.768421e+00 2.79361874e-01
3.333333e+00 8.315790e-01 2.973684e+00 2.43185163e-01
3.333333e+00 8.315790e-01 3.178947e+00 2.13366672e-01
3.333333e+00 8.315790e-01 3.384211e+00 1.88527361e-01
3.333333e+00 8.315790e-01 3.589474e+00 1.67600945e-01
3.333333e+00 8.315790e-01 3.794737e+00 1.49774283e-01
3.333333e+00 8.315790e-01 4.000000e+00 1.34429738e-01
3.333333e+00 1.092105e+00 1.000000e-01 2.84707306e+02
3.333333e+00 1.092105e+00 3.052632e-01 3.31414390e+00
3.333333e+00 1.092105e+00 5.105263e-01 9.55519915e-01
3.333333e+00 1.092105e+00 7.157895e-01 8.24377418e-01
3.333333e+00 1.092105e+00 9.210526e-01 7.18584418e-01
3.333333e+00 1.092105e+00 1.126316e+00 6.14855349e-01
3.333333e+00 1.092105e+00 1.331579e+00 5.19291937e-01
3.333333e+00 1.092105e+00 1.536842e+00 4.35392976e-01
3.333333e+00 1.092105e+00 1.742105e+00 3.64204735e-01
3.333333e+00 1.092105e+00 1.947368e+00 3.05193990e-01
3.333333e+00 1.092105e+00 2.152632e+00 2.56993085e-01
3.333333e+00 1.092105e+00 2.357895e+00 2.17923895e-01
3.333333e+00 1.092105e+00 2.563158e+00 1.86317846e-01
3.333333e+00 1.092105e+00 2.768421e+00 1.60678282e-01
3.333333e+00 1.092105e+00 2.973684e+00 1.39746726e-01
3.333333e+00 1.092105e+00 3.178947e+00 1.22505143e-01
3.333333e+00 1.092105e+00 3.384211e+00 1.08154163e-01
3.333333e+00 1.092105e+00 3.589474e+00 9.60745662e-02
3.333333e+00 1.092105e+00 3.794737e+00 8.57942626e-02
3.333333e+00 1.092105e+00 4.000000e+00 7.69546032e-02
3.333333e+00 1.352632e+00 1.000000e-01 2.06885056e+02
3.333333e+00 1.352632e+00 3.052632e-01 2.24363327e+00
3.333333e+00 1.352632e+00 5.105263e-01 5.40963590e-01
3.333333e+00 1.352632e+00 7.157895e-01 4.61823910e-01
3.333333e+00 1.352632e+00 9.210526e-01 4.02540475e-01
3.333333e+00 1.352632e+00 1.126316e+00 3.44467163e-01
3.333333e+00 1.352632e+00 1.331579e+00 2.90921539e-01
3.333333e+00 1.352632e+00 1.536842e+00 2.43880302e-01
3.333333e+00 1.352632e+00 1.742105e+00 2.03943610e-01
3.333333e+00 1.352632e+00 1.947368e+00 1.70825124e-01
3.333333e+00 1.352632e+00 2.152632e+00 1.43767089e-01
3.333333e+00 1.352632e+00 2.357895e+00 1.21833101e-01
3.333333e+00 1.352632e+00 2.563158e+00 1.04090191e-01
3.333333e+00 1.352632e+00 2.768421e+00 8.97006020e-02
3.333333e+00 1.352632e+00 2.973684e+00 7.79577568e-02
3.333333e+00 1.352632e+00 3.178947e+00 6.82904124e-02
3.333333e+00 1.352632e+00 3.384211e+00 6.02488108e-02
3.333333e+00 1.352632e+00 3.589474e+00 5.34854420e-02
3.333333e+00 1.352632e+00 3.794737e+00 4.77341078e-02
3.333333e+00 1.352632e+00 4.000000e+00 4.27925922e-02
3.333333e+00 1.613158e+00 1.000000e-01 1.40505737e+02
3.333333e+00 1.613158e+00 3.052632e-01 1.44615746e+00
3.333333e+00 1.613158e+00 5.105263e-01 2.95064926e-01
3.333333e+00 1.613158e+00 7.157895e-01 2.48914301e-01
3.333333e+00 1.613158e+00 9.210526e-01 2.16934845e-01
3.333333e+00 1.613158e+00 1.126316e+00 1.85650572e-01
3.333333e+00 1.613158e+00 1.331579e+00 1.56787798e-01
3.333333e+00 1.613158e+00 1.536842e+00 1.31416440e-01
3.333333e+00 1.613158e+00 1.742105e+00 1.09867603e-01
3.333333e+00 1.613158e+00 1.947368e+00 9.19924676e-02
3.333333e+00 1.613158e+00 2.152632e+00 7.73851201e-02
3.333333e+00 1.613158e+00 2.357895e+00 6.55435547e-02
3.333333e+00 1.613158e+00 2.563158e+00 5.59651554e-02
3.333333e+00 1.613158e+00 2.768421e+00 4.81987149e-02
3.333333e+00 1.613158e+00 2.973684e+00 4.18628417e-02
3.333333e+00 1.613158e+00 3.178947e+00 3.66492867e-02
3.333333e+00 1.613158e+00 3.384211e+00 3.23149301e-02
3.333333e+00 1.613158e+00 3.589474e+00 2.86717024e-02
3.333333e+00 1.613158e+00 3.794737e+00 2.55758315e-02
3.333333e+00 1.613158e+00 4.000000e+00 2.29177587e-02
3.333333e+00 1.873684e+00 1.000000e-01 8.91770554e+01
3.333333e+00 1.873684e+00 3.052632e-01 8.82502198e-01
3.333333e+00 1.873684e+00 5.105263e-01 1.54313207e-01
3.333333e+00 1.873684e+00 7.157895e-01 1.28474757e-01
3.333333e+00 1.873684e+00 9.210526e-01 1.11947402e-01
3.333333e+00 1.873684e+00 1.126316e+00 9.58077982e-02
3.333333e+00 1.873684e+00 1.331579e+00 8.09100270e-02
3.333333e+00 1.873684e+00 1.536842e+00 6.78085610e-02
3.333333e+00 1.873684e+00 1.742105e+00 5.66768423e-02
3.333333e+00 1.873684e+00 1.947368e+00 4.74404693e-02
3.333333e+00 1.873684e+00 2.152632e+00 3.98916006e-02
3.333333e+00 1.873684e+00 2.357895e+00 3.37717123e-02
3.333333e+00 1.873684e+00 2.563158e+00 2.88218092e-02
3.333333e+00 1.873684e+00 2.768421e+00 2.48090327e-02
3.333333e+00 1.873684e+00 2.973684e+00 2.15363801e-02
3.333333e+00 1.873684e+00 3.178947e+00 1.88444704e-02
3.333333e+00 1.873684e+00 3.384211e+00 1.66075323e-02
3.333333e+00 1.873684e+00 3.589474e+00 1.47283701e-02
3.333333e+00 1.873684e+00 3.794737e+00 1.31324260e-02
3.333333e+00 1.873684e+00 4.000000e+00 1.17629590e-02
3.333333e+00 2.134211e+00 1.000000e-01 5.28911285e+01
3.333333e+00 2.134211e+00 3.052632e-01 5.07997155e-01
3.333333e+00 2.134211e+00 5.105263e-01 7.71464407e-02
3.333333e+00 2.134211e+00 7.157895e-01 6.33247569e-02
3.333333e+00 2.134211e+00 9.210526e-01 5.51649518e-02
3.333333e+00 2.134211e+00 1.126316e+00 4.72130999e-02
3.333333e+00 2.134211e+00 1.331579e+00 3.98702845e-02
3.333333e+00 2.134211e+00 1.536842e+00 3.34103368e-02
3.333333e+00 2.134211e+00 1.742105e+00 2.79199928e-02
3.333333e+00 2.134211e+00 1.947368e+00 2.33634468e-02
3.333333e+00 2.134211e+00 2.152632e+00 1.96389426e-02
3.333333e+00 2.134211e+00 2.357895e+00 1.66193731e-02
3.333333e+00 2.134211e+00 2.563158e+00 1.41773112e-02
3.333333e+00 2.134211e+00 2.768421e+00 1.21978354e-02
3.333333e+00 2.134211e+00 2.973684e+00 1.05839027e-02
3.333333e+00 2.134211e+00 3.178947e+00 9.25679039e-03
3.333333e+00 2.134211e+00 3.384211e+00 8.15446954e-03
3.333333e+00 2.134211e+00 3.589474e+00 7.22886855e-03
3.333333e+00 2.134211e+00 3.794737e+00 6.44315314e-03
3.333333e+00 2.134211e+00 4.000000e+00 5.76930493e-03
3.333333e+00 2.394737e+00 1.000000e-01 2.93136024e+01
3.333333e+00 2.394737e+00 3.052632e-01 2.75152624e-01
3.333333e+00 2.394737e+00 5.105263e-01 3.67947407e-02
3.333333e+00 2.394737e+00 7.157895e-01 2.97566894e-02
3.333333e+00 2.394737e+00 9.210526e-01 2.59148516e-02
3.333333e+00 2.394737e+00 1.126316e+00 2.21797731e-02
3.333333e+00 2.394737e+00 1.331579e+00 1.87295564e-02
3.333333e+00 2.394737e+00 1.536842e+00 1.56932306e-02
3.333333e+00 2.394737e+00 1.742105e+00 1.31120235e-02
3.333333e+00 2.394737e+00 1.947368e+00 1.09694451e-02
3.333333e+00 2.394737e+00 2.152632e+00 9.21793189e-03
3.333333e+00 2.394737e+00 2.357895e+00 7.79788336e-03
3.333333e+00 2.394737e+00 2.563158e+00 6.64948719e-03
3.333333e+00 2.394737e+00 2.768421e+00 5.71877230e-03
3.333333e+00 2.394737e+00 2.973684e+00 4.96009365e-03
3.333333e+00 2.394737e+00 3.178947e+00 4.33644187e-03
3.333333e+00 2.394737e+00 3.384211e+00 3.81860859e-03
3.333333e+00 2.394737e+00 3.589474e+00 3.38397734e-03
3.333333e+00 2.394737e+00 3.794737e+00 3.01518571e-03
3.333333e+00 2.394737e+00 4.000000e+00 2.69903848e-03
3.333333e+00 2.655263e+00 1.000000e-01 1.51810570e+01
3.333333e+00 2.655263e+00 3.052632e-01 1.39991134e-01
3.333333e+00 2.655263e+00 5.105263e-01 1.67177077e-02
3.333333e+00 2.655263e+00 7.157895e-01 1.33165102e-02
3.333333e+00 2.655263e+00 9.210526e-01 1.15936082e-02
3.333333e+00 2.655263e+00 1.126316e+00 9.92270652e-03
3.333333e+00 2.655263e+00 1.331579e+00 8.37886985e-03
3.333333e+00 2.655263e+00 1.536842e+00 7.01986020e-03
3.333333e+00 2.655263e+00 1.742105e+00 5.86430402e-03
3.333333e+00 2.655263e+00 1.947368e+00 4.90497146e-03
3.333333e+00 2.655263e+00 2.152632e+00 4.12067026e-03
3.333333e+00 2.655263e+00 2.357895e+00 3.48478812e-03
3.333333e+00 2.655263e+00 2.563158e+00 2.97057582e-03
3.333333e+00 2.655263e+00 2.768421e+00 2.55388487e-03
3.333333e+00 2.655263e+00 2.973684e+00 2.21428601e-03
3.333333e+00 2.655263e+00 3.178947e+00 1.93519879e-03
3.333333e+00 2.655263e+00 3.384211e+00 1.70354487e-03
3.333333e+00 2.655263e+00 3.589474e+00 1.50917412e-03
3.333333e+00 2.655263e+00 3.794737e+00 1.34431967e-03
3.333333e+00 2.655263e+00 4.000000e+00 1.20304944e-03
3.333333e+00 2.915789e+00 1.000000e-01 7.34642363e+00
3.333333e+00 2.915789e+00 3.052632e-01 6.68197349e-02
3.333333e+00 2.915789e+00 5.105263e-01 7.22725969e-03
3.333333e+00 2.915789e+00 7.157895e-01 5.67120966e-03
3.333333e+00 2.915789e+00 9.210526e-01 4.93584247e-03
3.333333e+00 2.915789e+00 1.126316e+00 4.22448991e-03
3.333333e+00 2.915789e+00 1.331579e+00 3.56709259e-03
3.333333e+00 2.915789e+00 1.536842e+00 2.98826396e-03
3.333333e+00 2.915789e+00 1.742105e+00 2.49600690e-03
3.333333e+00 2.915789e+00 1.947368e+00 2.08728528e-03
3.333333e+00 2.915789e+00 2.152632e+00 1.75311102e-03
3.333333e+00 2.915789e+00 2.357895e+00 1.48217031e-03
3.333333e+00 2.915789e+00 2.563158e+00 1.26308412e-03
3.333333e+00 2.915789e+00 2.768421e+00 1.08556694e-03
3.333333e+00 2.915789e+00 2.973684e+00 9.40920319e-04
3.333333e+00 2.915789e+00 3.178947e+00 8.22075468e-04
3.333333e+00 2.915789e+00 3.384211e+00 7.23455334e-04
3.333333e+00 2.915789e+00 3.589474e+00 6.40734739e-04
3.333333e+00 2.915789e+00 3.794737e+00 5.70599688e-04
3.333333e+00 2.915789e+00 4.000000e+00 5.10519254e-04
3.333333e+00 3.176316e+00 1.000000e-01 3.32189393e+00
3.333333e+00 3.176316e+00 3.052632e-01 2.98945028e-02
3.333333e+00 3.176316e+00 5.105263e-01 2.96952692e-03
3.333333e+00 3.176316e+00 7.157895e-01 2.29697931e-03
3.333333e+00 3.176316e+00 9.210526e-01 1.99848483e-03
3.333333e+00 3.176316e+00 1.126316e+00 1.71046192e-03
3.333333e+00 3.176316e+00 1.331579e+00 1.44424313e-03
3.333333e+00 3.176316e+00 1.536842e+00 1.20979222e-03
3.333333e+00 3.176316e+00 1.742105e+00 1.01037486e-03
3.333333e+00 3.176316e+00 1.947368e+00 8.44781229e-04
3.333333e+00 3.176316e+00 2.152632e+00 7.09381828e-04
3.333333e+00 3.176316e+00 2.357895e+00 5.99603518e-04
3.333333e+00 3.176316e+00 2.563158e+00 5.10839571e-04
3.333333e+00 3.176316e+00 2.768421e+00 4.38924209e-04
3.333333e+00 3.176316e+00 2.973684e+00 3.80334677e-04
3.333333e+00 3.176316e+00 3.178947e+00 3.32205498e-04
3.333333e+00 3.176316e+00 3.384211e+00 2.92277400e-04
3.333333e+00 3.176316e+00 3.589474e+00 2.58795801e-04
3.333333e+00 3.176316e+00 3.794737e+00 2.30416117e-04
3.333333e+00 3.176316e+00 4.000000e+00 2.06113051e-04
3.333333e+00 3.436842e+00 1.000000e-01 1.40355217e+00
3.333333e+00 3.436842e+00 3.052632e-01 1.25275599e-02
3.333333e+00 3.436842e+00 5.105263e-01 1.15825271e-03
3.333333e+00 3.436842e+00 7.157895e-01 8.84119538e-04
3.333333e+00 3.436842e+00 9.210526e-01 7.68988160e-04
3.333333e+00 3.436842e+00 1.126316e+00 6.58157805e-04
3.333333e+00 3.436842e+00 1.331579e+00 5.55704522e-04
3.333333e+00 3.436842e+00 1.536842e+00 4.65462479e-04
3.333333e+00 3.436842e+00 1.742105e+00 3.88694956e-04
3.333333e+00 3.436842e+00 1.947368e+00 3.24941851e-04
3.333333e+00 3.436842e+00 2.152632e+00 2.72811652e-04
3.333333e+00 3.436842e+00 2.357895e+00 2.30544902e-04
3.333333e+00 3.436842e+00 2.563158e+00 1.96370398e-04
3.333333e+00 3.436842e+00 2.768421e+00 1.68686020e-04
3.333333e+00 3.436842e+00 2.973684e+00 1.46133636e-04
3.333333e+00 3.436842e+00 3.178947e+00 1.27611478e-04
3.333333e+00 3.436842e+00 3.384211e+00 1.12248490e-04
3.333333e+00 3.436842e+00 3.589474e+00 9.93690919e-05
3.333333e+00 3.436842e+00 3.794737e+00 8.84552865e-05
3.333333e+00 3.436842e+00 4.000000e+00 7.91115526e-05
3.333333e+00 3.697368e+00 1.000000e-01 5.54118156e-01
3.333333e+00 3.697368e+00 3.052632e-01 4.91478574e-03
3.333333e+00 3.697368e+00 5.105263e-01 4.28296713e-04
3.333333e+00 3.697368e+00 7.157895e-01 3.23081564e-04
3.333333e+00 3.697368e+00 9.210526e-01 2.80929788e-04
3.333333e+00 3.697368e+00 1.126316e+00 2.40440466e-04
3.333333e+00 3.697368e+00 1.331579e+00 2.03006013e-04
3.333333e+00 3.697368e+00 1.536842e+00 1.70029190e-04
3.333333e+00 3.697368e+00 1.742105e+00 1.41973695e-04
3.333333e+00 3.697368e+00 1.947368e+00 1.18672266e-04
3.333333e+00 3.697368e+00 2.152632e+00 9.96179297e-05
3.333333e+00 3.697368e+00 2.357895e+00 8.41691362e-05
3.333333e+00 3.697368e+00 2.563158e+00 7.16784925e-05
3.333333e+00 3.697368e+00 2.768421e+00 6.15606405e-05
3.333333e+00 3.697368e+00 2.973684e+00 5.33194288e-05
3.333333e+00 3.697368e+00 3.178947e+00 4.65520534e-05
3.333333e+00 3.697368e+00 3.384211e+00 4.09399036e-05
3.333333e+00 3.697368e+00 3.589474e+00 3.62360042e-05
3.333333e+00 3.697368e+00 3.794737e+00 3.22507913e-05
3.333333e+00 3.697368e+00 4.000000e+00 2.88396604e-05
3.333333e+00 3.957895e+00 1.000000e-01 2.04411373e-01
3.333333e+00 3.957895e+00 3.052632e-01 1.80438475e-03
3.333333e+00 3.957895e+00 5.105263e-01 1.49920670e-04
3.333333e+00 3.957895e+00 7.157895e-01 1.11946829e-04
3.333333e+00 3.957895e+00 9.210526e-01 9.73171846e-05
3.333333e+00 3.957895e+00 1.126316e+00 8.32906517e-05
3.333333e+00 3.957895e+00 1.331579e+00 7.03215992e-05
3.333333e+00 3.957895e+00 1.536842e+00 5.88954790e-05
3.333333e+00 3.957895e+00 1.742105e+00 4.91734245e-05
3.333333e+00 3.957895e+00 1.947368e+00 4.10985704e-05
3.333333e+00 3.957895e+00 2.152632e+00 3.44952241e-05
3.333333e+00 3.957895e+00 2.357895e+00 2.91412925e-05
3.333333e+00 3.957895e+00 2.563158e+00 2.48127162e-05
3.333333e+00 3.957895e+00 2.768421e+00 2.13066469e-05
3.333333e+00 3.957895e+00 2.973684e+00 1.84511246e-05
3.333333e+00 3.957895e+00 3.178947e+00 1.61066018e-05
3.333333e+00 3.957895e+00 3.384211e+00 1.41625987e-05
3.333333e+00 3.957895e+00 3.589474e+00 1.25334764e-05
3.333333e+00 3.957895e+00 3.794737e+00 1.11535110e-05
3.333333e+00 3.957895e+00 4.000000e+00 9.97257757e-06
3.333333e+00 4.218421e+00 1.000000e-01 7.04588220e-02
3.333333e+00 4.218421e+00 3.052632e-01 6.19726372e-04
3.333333e+00 4.218421e+00 5.105263e-01 4.95961976e-05
3.333333e+00 4.218421e+00 7.157895e-01 3.67230532e-05
3.333333e+00 4.218421e+00 9.210526e-01 3.19173014e-05
3.333333e+00 4.218421e+00 1.126316e+00 2.73169153e-05
3.333333e+00 4.218421e+00 1.331579e+00 2.30629594e-05
3.333333e+00 4.218421e+00 1.536842e+00 1.93147771e-05
3.333333e+00 4.218421e+00 1.742105e+00 1.61254375e-05
3.333333e+00 4.218421e+00 1.947368e+00 1.34762677e-05
3.333333e+00 4.218421e+00 2.152632e+00 1.13098158e-05
3.333333e+00 4.218421e+00 2.357895e+00 9.55330142e-06
3.333333e+00 4.218421e+00 2.563158e+00 8.13319275e-06
3.333333e+00 4.218421e+00 2.768421e+00 6.98300437e-06
3.333333e+00 4.218421e+00 2.973684e+00 6.04631077e-06
3.333333e+00 4.218421e+00 3.178947e+00 5.27731709e-06
3.333333e+00 4.218421e+00 3.384211e+00 4.63975221e-06
3.333333e+00 4.218421e+00 3.589474e+00 4.10554685e-06
3.333333e+00 4.218421e+00 3.794737e+00 3.65311234e-06
3.333333e+00 4.218421e+00 4.000000e+00 3.26597774e-06
3.333333e+00 4.478947e+00 1.000000e-01 2.26930324e-02
3.333333e+00 4.478947e+00 3.052632e-01 1.99069211e-04
3.333333e+00 4.478947e+00 5.105263e-01 1.54798108e-05
3.333333e+00 4.478947e+00 7.157895e-01 1.13849983e-05
3.333333e+00 4.478947e+00 9.210526e-01 9.89342334e-06
3.333333e+00 4.478947e+00 1.126316e+00 8.46740841e-06
3.333333e+00 4.478947e+00 1.331579e+00 7.14872886e-06
3.333333e+00 4.478947e+00 1.536842e+00 5.98671795e-06
3.333333e+00 4.478947e+00 1.742105e+00 4.99790303e-06
3.333333e+00 4.478947e+00 1.947368e+00 4.17654519e-06
3.333333e+00 4.478947e+00 2.152632e+00 3.50482674e-06
3.333333e+00 4.478947e+00 2.357895e+00 2.96021290e-06
3.333333e+00 4.478947e+00 2.563158e+00 2.51991219e-06
3.333333e+00 4.478947e+00 2.768421e+00 2.16331159e-06
3.333333e+00 4.478947e+00 2.973684e+00 1.87292289e-06
3.333333e+00 4.478947e+00 3.178947e+00 1.63453751e-06
3.333333e+00 4.478947e+00 3.384211e+00 1.43692273e-06
3.333333e+00 4.478947e+00 3.589474e+00 1.27135729e-06
3.333333e+00 4.478947e+00 3.794737e+00 1.13115220e-06
3.333333e+00 4.478947e+00 4.000000e+00 1.01120042e-06
3.333333e+00 4.739474e+00 1.000000e-01 6.82927249e-03
3.333333e+00 4.739474e+00 3.052632e-01 5.97926010e-05
3.333333e+00 4.739474e+00 5.105263e-01 4.55069403e-06
3.333333e+00 4.739474e+00 7.157895e-01 3.32959939e-06
3.333333e+00 4.739474e+00 9.210526e-01 2.89300306e-06
3.333333e+00 4.739474e+00 1.126316e+00 2.47600451e-06
3.333333e+00 4.739474e+00 1.331579e+00 2.09037125e-06
3.333333e+00 4.739474e+00 1.536842e+00 1.75054686e-06
3.333333e+00 4.739474e+00 1.742105e+00 1.46135665e-06
3.333333e+00 4.739474e+00 1.947368e+00 1.22113011e-06
3.333333e+00 4.739474e+00 2.152632e+00 1.02467015e-06
3.333333e+00 4.739474e+00 2.357895e+00 8.65383811e-07
3.333333e+00 4.739474e+00 2.563158e+00 7.36608001e-07
3.333333e+00 4.739474e+00 2.768421e+00 6.32314823e-07
3.333333e+00 4.739474e+00 2.973684e+00 5.47391437e-07
3.333333e+00 4.739474e+00 3.178947e+00 4.77681283e-07
3.333333e+00 4.739474e+00 3.384211e+00 4.19896026e-07
3.333333e+00 4.739474e+00 3.589474e+00 3.71487602e-07
3.333333e+00 4.739474e+00 3.794737e+00 3.30497784e-07
3.333333e+00 4.739474e+00 4.000000e+00 2.95432272e-07
3.333333e+00 5.000000e+00 1.000000e-01 1.92035805e-03
3.333333e+00 5.000000e+00 3.052632e-01 1.67902381e-05
3.333333e+00 5.000000e+00 5.105263e-01 1.25803422e-06
3.333333e+00 5.000000e+00 7.157895e-01 9.16911688e-07
3.333333e+00 5.000000e+00 9.210526e-01 7.96602535e-07
3.333333e+00 5.000000e+00 1.126316e+00 6.81776555e-07
3.333333e+00 5.000000e+00 1.331579e+00 5.75587023e-07
3.333333e+00 5.000000e+00 1.536842e+00 4.82007465e-07
3.333333e+00 5.000000e+00 1.742105e+00 4.02367704e-07
3.333333e+00 5.000000e+00 1.947368e+00 3.36211457e-07
3.333333e+00 5.000000e+00 2.152632e+00 2.82107180e-07
3.333333e+00 5.000000e+00 2.357895e+00 2.38239835e-07
3.333333e+00 5.000000e+00 2.563158e+00 2.02776050e-07
3.333333e+00 5.000000e+00 2.768421e+00 1.74055344e-07
3.333333e+00 5.000000e+00 2.973684e+00 1.50669294e-07
3.333333e+00 5.000000e+00 3.178947e+00 1.31473499e-07
3.333333e+00 5.000000e+00 3.384211e+00 1.15562486e-07
3.333333e+00 5.000000e+00 3.589474e+00 1.02234161e-07
3.333333e+00 5.000000e+00 3.794737e+00 9.09490296e-08
3.333333e+00 5.000000e+00 4.000000e+00 8.12956316e-08
3.589744e+00 5.000000e-02 1.000000e-01 5.29557678e+02
3.589744e+00 5.000000e-02 3.052632e-01 1.35628738e+01
3.589744e+00 5.000000e-02 5.105263e-01 8.10347176e+00
3.589744e+00 5.000000e-02 7.157895e-01 7.28498697e+00
3.589744e+00 5.000000e-02 9.210526e-01 6.46862698e+00
3.589744e+00 5.000000e-02 1.126316e+00 5.64016294e+00
3.589744e+00 5.000000e-02 1.331579e+00 4.85245371e+00
3.589744e+00 5.000000e-02 1.536842e+00 4.13916779e+00
3.589744e+00 5.000000e-02 1.742105e+00 3.51587558e+00
3.589744e+00 5.000000e-02 1.947368e+00 2.98512077e+00
3.589744e+00 5.000000e-02 2.152632e+00 2.54117298e+00
3.589744e+00 5.000000e-02 2.357895e+00 2.17396259e+00
3.589744e+00 5.000000e-02 2.563158e+00 1.87199104e+00
3.589744e+00 5.000000e-02 2.768421e+00 1.62390685e+00
3.589744e+00 5.000000e-02 2.973684e+00 1.41952336e+00
3.589744e+00 5.000000e-02 3.178947e+00 1.25015640e+00
3.589744e+00 5.000000e-02 3.384211e+00 1.10865414e+00
3.589744e+00 5.000000e-02 3.589474e+00 9.89317656e-01
3.589744e+00 5.000000e-02 3.794737e+00 8.87639940e-01
3.589744e+00 5.000000e-02 4.000000e+00 8.00127804e-01
3.589744e+00 3.105263e-01 1.000000e-01 5.00801178e+02
3.589744e+00 3.105263e-01 3.052632e-01 8.63101196e+00
3.589744e+00 3.105263e-01 5.105263e-01 3.70217967e+00
3.589744e+00 3.105263e-01 7.157895e-01 3.28882957e+00
3.589744e+00 3.105263e-01 9.210526e-01 2.92131019e+00
3.589744e+00 3.105263e-01 1.126316e+00 2.54850650e+00
3.589744e+00 3.105263e-01 1.331579e+00 2.19322419e+00
3.589744e+00 3.105263e-01 1.536842e+00 1.87083495e+00
3.589744e+00 3.105263e-01 1.742105e+00 1.58866107e+00
3.589744e+00 3.105263e-01 1.947368e+00 1.34804642e+00
3.589744e+00 3.105263e-01 2.152632e+00 1.14656234e+00
3.589744e+00 3.105263e-01 2.357895e+00 9.79803503e-01
3.589744e+00 3.105263e-01 2.563158e+00 8.42603028e-01
3.589744e+00 3.105263e-01 2.768421e+00 7.29891479e-01
3.589744e+00 3.105263e-01 2.973684e+00 6.37065589e-01
3.589744e+00 3.105263e-01 3.178947e+00 5.60189426e-01
3.589744e+00 3.105263e-01 3.384211e+00 4.96031106e-01
3.589744e+00 3.105263e-01 3.589474e+00 4.41987902e-01
3.589744e+00 3.105263e-01 3.794737e+00 3.96014839e-01
3.589744e+00 3.105263e-01 4.000000e+00 3.56510818e-01
3.589744e+00 5.710526e-01 1.000000e-01 4.45168793e+02
3.589744e+00 5.710526e-01 3.052632e-01 6.43759155e+00
3.589744e+00 5.710526e-01 5.105263e-01 2.12458420e+00
3.589744e+00 5.710526e-01 7.157895e-01 1.86273134e+00
3.589744e+00 5.710526e-01 9.210526e-01 1.65474224e+00
3.589744e+00 5.710526e-01 1.126316e+00 1.44405890e+00
3.589744e+00 5.710526e-01 1.331579e+00 1.24297392e+00
3.589744e+00 5.710526e-01 1.536842e+00 1.06026065e+00
3.589744e+00 5.710526e-01 1.742105e+00 9.00147736e-01
3.589744e+00 5.710526e-01 1.947368e+00 7.63486505e-01
3.589744e+00 5.710526e-01 2.152632e+00 6.48967981e-01
3.589744e+00 5.710526e-01 2.357895e+00 5.54139256e-01
3.589744e+00 5.710526e-01 2.563158e+00 4.76103008e-01
3.589744e+00 5.710526e-01 2.768421e+00 4.11990970e-01
3.589744e+00 5.710526e-01 2.973684e+00 3.59205306e-01
3.589744e+00 5.710526e-01 3.178947e+00 3.15511286e-01
3.589744e+00 5.710526e-01 3.384211e+00 2.79071897e-01
3.589744e+00 5.710526e-01 3.589474e+00 2.48405606e-01
3.589744e+00 5.710526e-01 3.794737e+00 2.22346798e-01
3.589744e+00 5.710526e-01 4.000000e+00 1.99980155e-01
3.589744e+00 8.315790e-01 1.000000e-01 3.70265289e+02
3.589744e+00 8.315790e-01 3.052632e-01 4.81743431e+00
3.589744e+00 8.315790e-01 5.105263e-01 1.25958538e+00
3.589744e+00 8.315790e-01 7.157895e-01 1.08749259e+00
3.589744e+00 8.315790e-01 9.210526e-01 9.65971291e-01
3.589744e+00 8.315790e-01 1.126316e+00 8.43186677e-01
3.589744e+00 8.315790e-01 1.331579e+00 7.25868225e-01
3.589744e+00 8.315790e-01 1.536842e+00 6.19155943e-01
3.589744e+00 8.315790e-01 1.742105e+00 5.25559545e-01
3.589744e+00 8.315790e-01 1.947368e+00 4.45615619e-01
3.589744e+00 8.315790e-01 2.152632e+00 3.78591627e-01
3.589744e+00 8.315790e-01 2.357895e+00 3.23069155e-01
3.589744e+00 8.315790e-01 2.563158e+00 2.77370006e-01
3.589744e+00 8.315790e-01 2.768421e+00 2.39827052e-01
3.589744e+00 8.315790e-01 2.973684e+00 2.08921760e-01
3.589744e+00 8.315790e-01 3.178947e+00 1.83349997e-01
3.589744e+00 8.315790e-01 3.384211e+00 1.62035719e-01
3.589744e+00 8.315790e-01 3.589474e+00 1.44111603e-01
3.589744e+00 8.315790e-01 3.794737e+00 1.28892317e-01
3.589744e+00 8.315790e-01 4.000000e+00 1.15842715e-01
3.589744e+00 1.092105e+00 1.000000e-01 2.87927185e+02
3.589744e+00 1.092105e+00 3.052632e-01 3.49161005e+00
3.589744e+00 1.092105e+00 5.105263e-01 7.38815725e-01
3.589744e+00 1.092105e+00 7.157895e-01 6.26564443e-01
3.589744e+00 1.092105e+00 9.210526e-01 5.56410372e-01
3.589744e+00 1.092105e+00 1.126316e+00 4.85770106e-01
3.589744e+00 1.092105e+00 1.331579e+00 4.18220073e-01
3.589744e+00 1.092105e+00 1.536842e+00 3.56725961e-01
3.589744e+00 1.092105e+00 1.742105e+00 3.02754492e-01
3.589744e+00 1.092105e+00 1.947368e+00 2.56630301e-01
3.589744e+00 1.092105e+00 2.152632e+00 2.17943206e-01
3.589744e+00 1.092105e+00 2.357895e+00 1.85886666e-01
3.589744e+00 1.092105e+00 2.563158e+00 1.59498617e-01
3.589744e+00 1.092105e+00 2.768421e+00 1.37819678e-01
3.589744e+00 1.092105e+00 2.973684e+00 1.19976647e-01
3.589744e+00 1.092105e+00 3.178947e+00 1.05218217e-01
3.589744e+00 1.092105e+00 3.384211e+00 9.29218680e-02
3.589744e+00 1.092105e+00 3.589474e+00 8.25874656e-02
3.589744e+00 1.092105e+00 3.794737e+00 7.38187134e-02
3.589744e+00 1.092105e+00 4.000000e+00 6.63057789e-02
3.589744e+00 1.352632e+00 1.000000e-01 2.09272644e+02
3.589744e+00 1.352632e+00 3.052632e-01 2.41583848e+00
3.589744e+00 1.352632e+00 5.105263e-01 4.21651870e-01
3.589744e+00 1.352632e+00 7.157895e-01 3.50365520e-01
3.589744e+00 1.352632e+00 9.210526e-01 3.11016679e-01
3.589744e+00 1.352632e+00 1.126316e+00 2.71564305e-01
3.589744e+00 1.352632e+00 1.331579e+00 2.33816206e-01
3.589744e+00 1.352632e+00 1.536842e+00 1.99430838e-01
3.589744e+00 1.352632e+00 1.742105e+00 1.69235170e-01
3.589744e+00 1.352632e+00 1.947368e+00 1.43418863e-01
3.589744e+00 1.352632e+00 2.152632e+00 1.21757552e-01
3.589744e+00 1.352632e+00 2.357895e+00 1.03804559e-01
3.589744e+00 1.352632e+00 2.563158e+00 8.90248790e-02
3.589744e+00 1.352632e+00 2.768421e+00 7.68831149e-02
3.589744e+00 1.352632e+00 2.973684e+00 6.68913126e-02
3.589744e+00 1.352632e+00 3.178947e+00 5.86287528e-02
3.589744e+00 1.352632e+00 3.384211e+00 5.17474227e-02
3.589744e+00 1.352632e+00 3.589474e+00 4.59667072e-02
3.589744e+00 1.352632e+00 3.794737e+00 4.10645120e-02
3.589744e+00 1.352632e+00 4.000000e+00 3.68669815e-02
3.589744e+00 1.613158e+00 1.000000e-01 1.42149857e+02
3.589744e+00 1.613158e+00 3.052632e-01 1.58362162e+00
3.589744e+00 1.613158e+00 5.105263e-01 2.32155234e-01
3.589744e+00 1.613158e+00 7.157895e-01 1.88564911e-01
3.589744e+00 1.613158e+00 9.210526e-01 1.67301163e-01
3.589744e+00 1.613158e+00 1.126316e+00 1.46093085e-01
3.589744e+00 1.613158e+00 1.331579e+00 1.25791654e-01
3.589744e+00 1.613158e+00 1.536842e+00 1.07288882e-01
3.589744e+00 1.613158e+00 1.742105e+00 9.10339803e-02
3.589744e+00 1.613158e+00 1.947368e+00 7.71313608e-02
3.589744e+00 1.613158e+00 2.152632e+00 6.54633865e-02
3.589744e+00 1.613158e+00 2.357895e+00 5.57909682e-02
3.589744e+00 1.613158e+00 2.563158e+00 4.78277132e-02
3.589744e+00 1.613158e+00 2.768421e+00 4.12858538e-02
3.589744e+00 1.613158e+00 2.973684e+00 3.59028839e-02
3.589744e+00 1.613158e+00 3.178947e+00 3.14527005e-02
3.589744e+00 1.613158e+00 3.384211e+00 2.77476404e-02
3.589744e+00 1.613158e+00 3.589474e+00 2.46364493e-02
3.589744e+00 1.613158e+00 3.794737e+00 2.19992753e-02
3.589744e+00 1.613158e+00 4.000000e+00 1.97423622e-02
3.589744e+00 1.873684e+00 1.000000e-01 9.02309113e+01
3.589744e+00 1.873684e+00 3.052632e-01 9.79141474e-01
3.589744e+00 1.873684e+00 5.105263e-01 1.22691244e-01
3.589744e+00 1.873684e+00 7.157895e-01 9.72133651e-02
3.589744e+00 1.873684e+00 9.210526e-01 8.61975700e-02
3.589744e+00 1.873684e+00 1.126316e+00 7.52753690e-02
3.589744e+00 1.873684e+00 1.331579e+00 6.48170933e-02
3.589744e+00 1.873684e+00 1.536842e+00 5.52815162e-02
3.589744e+00 1.873684e+00 1.742105e+00 4.69011478e-02
3.589744e+00 1.873684e+00 1.947368e+00 3.97315137e-02
3.589744e+00 1.873684e+00 2.152632e+00 3.37128527e-02
3.589744e+00 1.873684e+00 2.357895e+00 2.87229400e-02
3.589744e+00 1.873684e+00 2.563158e+00 2.46144570e-02
3.589744e+00 1.873684e+00 2.768421e+00 2.12394055e-02
3.589744e+00 1.873684e+00 2.973684e+00 1.84625983e-02
3.589744e+00 1.873684e+00 3.178947e+00 1.61673538e-02
3.589744e+00 1.873684e+00 3.384211e+00 1.42569775e-02
3.589744e+00 1.873684e+00 3.589474e+00 1.26533443e-02
3.589744e+00 1.873684e+00 3.794737e+00 1.12945903e-02
3.589744e+00 1.873684e+00 4.000000e+00 1.01322727e-02
3.589744e+00 2.134211e+00 1.000000e-01 5.35206985e+01
3.589744e+00 2.134211e+00 3.052632e-01 5.69427371e-01
3.589744e+00 2.134211e+00 5.105263e-01 6.20317757e-02
3.589744e+00 2.134211e+00 7.157895e-01 4.78722416e-02
3.589744e+00 2.134211e+00 9.210526e-01 4.24172580e-02
3.589744e+00 2.134211e+00 1.126316e+00 3.70442159e-02
3.589744e+00 2.134211e+00 1.331579e+00 3.18983681e-02
3.589744e+00 2.134211e+00 1.536842e+00 2.72048004e-02
3.589744e+00 2.134211e+00 1.742105e+00 2.30785925e-02
3.589744e+00 2.134211e+00 1.947368e+00 1.95476059e-02
3.589744e+00 2.134211e+00 2.152632e+00 1.65829491e-02
3.589744e+00 2.134211e+00 2.357895e+00 1.41246850e-02
3.589744e+00 2.134211e+00 2.563158e+00 1.21005932e-02
3.589744e+00 2.134211e+00 2.768421e+00 1.04378806e-02
3.589744e+00 2.134211e+00 2.973684e+00 9.07002110e-03
3.589744e+00 2.134211e+00 3.178947e+00 7.93956593e-03
3.589744e+00 2.134211e+00 3.384211e+00 6.99887611e-03
3.589744e+00 2.134211e+00 3.589474e+00 6.20948756e-03
3.589744e+00 2.134211e+00 3.794737e+00 5.54087618e-03
3.589744e+00 2.134211e+00 4.000000e+00 4.96914331e-03
3.589744e+00 2.394737e+00 1.000000e-01 2.96644020e+01
3.589744e+00 2.394737e+00 3.052632e-01 3.10910285e-01
3.589744e+00 2.394737e+00 5.105263e-01 2.99334321e-02
3.589744e+00 2.394737e+00 7.157895e-01 2.24791840e-02
3.589744e+00 2.394737e+00 9.210526e-01 1.99021734e-02
3.589744e+00 2.394737e+00 1.126316e+00 1.73816700e-02
3.589744e+00 2.394737e+00 1.331579e+00 1.49673801e-02
3.589744e+00 2.394737e+00 1.536842e+00 1.27647063e-02
3.589744e+00 2.394737e+00 1.742105e+00 1.08277556e-02
3.589744e+00 2.394737e+00 1.947368e+00 9.16988961e-03
3.589744e+00 2.394737e+00 2.152632e+00 7.77767878e-03
3.589744e+00 2.394737e+00 2.357895e+00 6.62318151e-03
3.589744e+00 2.394737e+00 2.563158e+00 5.67252655e-03
3.589744e+00 2.394737e+00 2.768421e+00 4.89162235e-03
3.589744e+00 2.394737e+00 2.973684e+00 4.24924958e-03
3.589744e+00 2.394737e+00 3.178947e+00 3.71846347e-03
3.589744e+00 2.394737e+00 3.384211e+00 3.27686779e-03
3.589744e+00 2.394737e+00 3.589474e+00 2.90639000e-03
3.589744e+00 2.394737e+00 3.794737e+00 2.59269634e-03
3.589744e+00 2.394737e+00 4.000000e+00 2.32454762e-03
3.589744e+00 2.655263e+00 1.000000e-01 1.53634720e+01
3.589744e+00 2.655263e+00 3.052632e-01 1.59182400e-01
3.589744e+00 2.655263e+00 5.105263e-01 1.37605909e-02
3.589744e+00 2.655263e+00 7.157895e-01 1.00540631e-02
3.589744e+00 2.655263e+00 9.210526e-01 8.89411755e-03
3.589744e+00 2.655263e+00 1.126316e+00 7.76786963e-03
3.589744e+00 2.655263e+00 1.331579e+00 6.68902975e-03
3.589744e+00 2.655263e+00 1.536842e+00 5.70444483e-03
3.589744e+00 2.655263e+00 1.742105e+00 4.83848061e-03
3.589744e+00 2.655263e+00 1.947368e+00 4.09714738e-03
3.589744e+00 2.655263e+00 2.152632e+00 3.47452820e-03
3.589744e+00 2.655263e+00 2.357895e+00 2.95816711e-03
3.589744e+00 2.655263e+00 2.563158e+00 2.53296527e-03
3.589744e+00 2.655263e+00 2.768421e+00 2.18369719e-03
3.589744e+00 2.655263e+00 2.973684e+00 1.89641223e-03
3.589744e+00 2.655263e+00 3.178947e+00 1.65905501e-03
3.589744e+00 2.655263e+00 3.384211e+00 1.46162789e-03
3.589744e+00 2.655263e+00 3.589474e+00 1.29603257e-03
3.589744e+00 2.655263e+00 3.794737e+00 1.15585350e-03
3.589744e+00 2.655263e+00 4.000000e+00 1.03606167e-03
3.589744e+00 2.915789e+00 1.000000e-01 7.43496943e+00
3.589744e+00 2.915789e+00 3.052632e-01 7.63556510e-02
3.589744e+00 2.915789e+00 5.105263e-01 6.01689145e-03
3.589744e+00 2.915789e+00 7.157895e-01 4.27992130e-03
3.589744e+00 2.915789e+00 9.210526e-01 3.78296548e-03
3.589744e+00 2.915789e+00 1.126316e+00 3.30396835e-03
3.589744e+00 2.915789e+00 1.331579e+00 2.84511899e-03
3.589744e+00 2.915789e+00 1.536842e+00 2.42627622e-03
3.589744e+00 2.915789e+00 1.742105e+00 2.05781241e-03
3.589744e+00 2.915789e+00 1.947368e+00 1.74233445e-03
3.589744e+00 2.915789e+00 2.152632e+00 1.47734222e-03
3.589744e+00 2.915789e+00 2.357895e+00 1.25756138e-03
3.589744e+00 2.915789e+00 2.563158e+00 1.07657525e-03
3.589744e+00 2.915789e+00 2.768421e+00 9.27913236e-04
3.589744e+00 2.915789e+00 2.973684e+00 8.05641466e-04
3.589744e+00 2.915789e+00 3.178947e+00 7.04633945e-04
3.589744e+00 2.915789e+00 3.384211e+00 6.20629638e-04
3.589744e+00 2.915789e+00 3.589474e+00 5.50185738e-04
3.589744e+00 2.915789e+00 3.794737e+00 4.90568287e-04
3.589744e+00 2.915789e+00 4.000000e+00 4.39633295e-04
3.589744e+00 3.176316e+00 1.000000e-01 3.36202574e+00
3.589744e+00 3.176316e+00 3.052632e-01 3.42927016e-02
3.589744e+00 3.176316e+00 5.105263e-01 2.49872217e-03
3.589744e+00 3.176316e+00 7.157895e-01 1.73288863e-03
3.589744e+00 3.176316e+00 9.210526e-01 1.53041480e-03
3.589744e+00 3.176316e+00 1.126316e+00 1.33664079e-03
3.589744e+00 3.176316e+00 1.331579e+00 1.15101645e-03
3.589744e+00 3.176316e+00 1.536842e+00 9.81545309e-04
3.589744e+00 3.176316e+00 1.742105e+00 8.32434569e-04
3.589744e+00 3.176316e+00 1.947368e+00 7.04746926e-04
3.589744e+00 3.176316e+00 2.152632e+00 5.97485807e-04
3.589744e+00 3.176316e+00 2.357895e+00 5.08517784e-04
3.589744e+00 3.176316e+00 2.563158e+00 4.35251772e-04
3.589744e+00 3.176316e+00 2.768421e+00 3.75073665e-04
3.589744e+00 3.176316e+00 2.973684e+00 3.25580302e-04
3.589744e+00 3.176316e+00 3.178947e+00 2.84698530e-04
3.589744e+00 3.176316e+00 3.384211e+00 2.50703742e-04
3.589744e+00 3.176316e+00 3.589474e+00 2.22201910e-04
3.589744e+00 3.176316e+00 3.794737e+00 1.98085429e-04
3.589744e+00 3.176316e+00 4.000000e+00 1.77485752e-04
3.589744e+00 3.436842e+00 1.000000e-01 1.42053938e+00
3.589744e+00 3.436842e+00 3.052632e-01 1.44137712e-02
3.589744e+00 3.436842e+00 5.105263e-01 9.84082581e-04
3.589744e+00 3.436842e+00 7.157895e-01 6.66823005e-04
3.589744e+00 3.436842e+00 9.210526e-01 5.88453840e-04
3.589744e+00 3.436842e+00 1.126316e+00 5.13947452e-04
3.589744e+00 3.436842e+00 1.331579e+00 4.42574761e-04
3.589744e+00 3.436842e+00 1.536842e+00 3.77403601e-04
3.589744e+00 3.436842e+00 1.742105e+00 3.20054183e-04
3.589744e+00 3.436842e+00 1.947368e+00 2.70938035e-04
3.589744e+00 3.436842e+00 2.152632e+00 2.29675687e-04
3.589744e+00 3.436842e+00 2.357895e+00 1.95448549e-04
3.589744e+00 3.436842e+00 2.563158e+00 1.67262187e-04
3.589744e+00 3.436842e+00 2.768421e+00 1.44110614e-04
3.589744e+00 3.436842e+00 2.973684e+00 1.25071339e-04
3.589744e+00 3.436842e+00 3.178947e+00 1.09346183e-04
3.589744e+00 3.436842e+00 3.384211e+00 9.62716877e-05
3.589744e+00 3.436842e+00 3.589474e+00 8.53113743e-05
3.589744e+00 3.436842e+00 3.794737e+00 7.60391631e-05
3.589744e+00 3.436842e+00 4.000000e+00 6.81207093e-05
3.589744e+00 3.697368e+00 1.000000e-01 5.60833693e-01
3.589744e+00 3.697368e+00 3.052632e-01 5.66785084e-03
3.589744e+00 3.697368e+00 5.105263e-01 3.66982567e-04
3.589744e+00 3.697368e+00 7.157895e-01 2.43627466e-04
3.589744e+00 3.697368e+00 9.210526e-01 2.14843079e-04
3.589744e+00 3.697368e+00 1.126316e+00 1.87641097e-04
3.589744e+00 3.697368e+00 1.331579e+00 1.61583346e-04
3.589744e+00 3.697368e+00 1.536842e+00 1.37786657e-04
3.589744e+00 3.697368e+00 1.742105e+00 1.16843425e-04
3.589744e+00 3.697368e+00 1.947368e+00 9.89055188e-05
3.589744e+00 3.697368e+00 2.152632e+00 8.38346386e-05
3.589744e+00 3.697368e+00 2.357895e+00 7.13327317e-05
3.589744e+00 3.697368e+00 2.563158e+00 6.10371790e-05
3.589744e+00 3.697368e+00 2.768421e+00 5.25809664e-05
3.589744e+00 3.697368e+00 2.973684e+00 4.56269518e-05
3.589744e+00 3.697368e+00 3.178947e+00 3.98838820e-05
3.589744e+00 3.697368e+00 3.384211e+00 3.51093731e-05
3.589744e+00 3.697368e+00 3.589474e+00 3.11074800e-05
3.589744e+00 3.697368e+00 3.794737e+00 2.77224917e-05
3.589744e+00 3.697368e+00 4.000000e+00 2.48321921e-05
3.589744e+00 3.957895e+00 1.000000e-01 2.06891254e-01
3.589744e+00 3.957895e+00 3.052632e-01 2.08452740e-03
3.589744e+00 3.957895e+00 5.105263e-01 1.29380249e-04
3.589744e+00 3.957895e+00 7.157895e-01 8.44034148e-05
3.589744e+00 3.957895e+00 9.210526e-01 7.43856290e-05
3.589744e+00 3.957895e+00 1.126316e+00 6.49670910e-05
3.589744e+00 3.957895e+00 1.331579e+00 5.59452819e-05
3.589744e+00 3.957895e+00 1.536842e+00 4.77052999e-05
3.589744e+00 3.957895e+00 1.742105e+00 4.04526836e-05
3.589744e+00 3.957895e+00 1.947368e+00 3.42402673e-05
3.589744e+00 3.957895e+00 2.152632e+00 2.90205189e-05
3.589744e+00 3.957895e+00 2.357895e+00 2.46904328e-05
3.589744e+00 3.957895e+00 2.563158e+00 2.11243951e-05
3.589744e+00 3.957895e+00 2.768421e+00 1.81954802e-05
3.589744e+00 3.957895e+00 2.973684e+00 1.57869836e-05
3.589744e+00 3.957895e+00 3.178947e+00 1.37980278e-05
3.589744e+00 3.957895e+00 3.384211e+00 1.21446401e-05
3.589744e+00 3.957895e+00 3.589474e+00 1.07589822e-05
3.589744e+00 3.957895e+00 3.794737e+00 9.58705914e-06
3.589744e+00 3.957895e+00 4.000000e+00 8.58654494e-06
3.589744e+00 4.218421e+00 1.000000e-01 7.13142827e-02
3.589744e+00 4.218421e+00 3.052632e-01 7.16892537e-04
3.589744e+00 4.218421e+00 5.105263e-01 4.30515574e-05
3.589744e+00 4.218421e+00 7.157895e-01 2.76846094e-05
3.589744e+00 4.218421e+00 9.210526e-01 2.43861105e-05
3.589744e+00 4.218421e+00 1.126316e+00 2.12983614e-05
3.589744e+00 4.218421e+00 1.331579e+00 1.83407446e-05
3.589744e+00 4.218421e+00 1.536842e+00 1.56391689e-05
3.589744e+00 4.218421e+00 1.742105e+00 1.32611294e-05
3.589744e+00 4.218421e+00 1.947368e+00 1.12240568e-05
3.589744e+00 4.218421e+00 2.152632e+00 9.51239417e-06
3.589744e+00 4.218421e+00 2.357895e+00 8.09239373e-06
3.589744e+00 4.218421e+00 2.563158e+00 6.92298272e-06
3.589744e+00 4.218421e+00 2.768421e+00 5.96249220e-06
3.589744e+00 4.218421e+00 2.973684e+00 5.17270200e-06
3.589744e+00 4.218421e+00 3.178947e+00 4.52050654e-06
3.589744e+00 4.218421e+00 3.384211e+00 3.97840358e-06
3.589744e+00 4.218421e+00 3.589474e+00 3.52411212e-06
3.589744e+00 4.218421e+00 3.794737e+00 3.13993860e-06
3.589744e+00 4.218421e+00 4.000000e+00 2.81199186e-06
3.589744e+00 4.478947e+00 1.000000e-01 2.29687057e-02
3.589744e+00 4.478947e+00 3.052632e-01 2.30507343e-04
3.589744e+00 4.478947e+00 5.105263e-01 1.34991760e-05
3.589744e+00 4.478947e+00 7.157895e-01 8.58214662e-06
3.589744e+00 4.478947e+00 9.210526e-01 7.55648034e-06
3.589744e+00 4.478947e+00 1.126316e+00 6.59967600e-06
3.589744e+00 4.478947e+00 1.331579e+00 5.68320138e-06
3.589744e+00 4.478947e+00 1.536842e+00 4.84601424e-06
3.589744e+00 4.478947e+00 1.742105e+00 4.10904840e-06
3.589744e+00 4.478947e+00 1.947368e+00 3.47771243e-06
3.589744e+00 4.478947e+00 2.152632e+00 2.94721099e-06
3.589744e+00 4.478947e+00 2.357895e+00 2.50709854e-06
3.589744e+00 4.478947e+00 2.563158e+00 2.14464262e-06
3.589744e+00 4.478947e+00 2.768421e+00 1.84694852e-06
3.589744e+00 4.478947e+00 2.973684e+00 1.60216587e-06
3.589744e+00 4.478947e+00 3.178947e+00 1.40004067e-06
3.589744e+00 4.478947e+00 3.384211e+00 1.23204325e-06
3.589744e+00 4.478947e+00 3.589474e+00 1.09126586e-06
3.589744e+00 4.478947e+00 3.794737e+00 9.72227667e-07
3.589744e+00 4.478947e+00 4.000000e+00 8.70620795e-07
3.589744e+00 4.739474e+00 1.000000e-01 6.91226870e-03
3.589744e+00 4.739474e+00 3.052632e-01 6.92849499e-05
3.589744e+00 4.739474e+00 5.105263e-01 3.98242037e-06
3.589744e+00 4.739474e+00 7.157895e-01 2.50973517e-06
3.589744e+00 4.739474e+00 9.210526e-01 2.20908055e-06
3.589744e+00 4.739474e+00 1.126316e+00 1.92935840e-06
3.589744e+00 4.739474e+00 1.331579e+00 1.66143502e-06
3.589744e+00 4.739474e+00 1.536842e+00 1.41668204e-06
3.589744e+00 4.739474e+00 1.742105e+00 1.20121592e-06
3.589744e+00 4.739474e+00 1.947368e+00 1.01662147e-06
3.589744e+00 4.739474e+00 2.152632e+00 8.61509818e-07
3.589744e+00 4.739474e+00 2.357895e+00 7.32822571e-07
3.589744e+00 4.739474e+00 2.563158e+00 6.26843132e-07
3.589744e+00 4.739474e+00 2.768421e+00 5.39799032e-07
3.589744e+00 4.739474e+00 2.973684e+00 4.68227171e-07
3.589744e+00 4.739474e+00 3.178947e+00 4.09129768e-07
3.589744e+00 4.739474e+00 3.384211e+00 3.60011995e-07
3.589744e+00 4.739474e+00 3.589474e+00 3.18856820e-07
3.589744e+00 4.739474e+00 3.794737e+00 2.84057734e-07
3.589744e+00 4.739474e+00 4.000000e+00 2.54356564e-07
3.589744e+00 5.000000e+00 1.000000e-01 1.94370328e-03
3.589744e+00 5.000000e+00 3.052632e-01 1.94657114e-05
3.589744e+00 5.000000e+00 5.105263e-01 1.10380529e-06
3.589744e+00 5.000000e+00 7.157895e-01 6.91105015e-07
3.589744e+00 5.000000e+00 9.210526e-01 6.08166715e-07
3.589744e+00 5.000000e+00 1.126316e+00 5.31156843e-07
3.589744e+00 5.000000e+00 1.331579e+00 4.57397419e-07
3.589744e+00 5.000000e+00 1.536842e+00 3.90013696e-07
3.589744e+00 5.000000e+00 1.742105e+00 3.30690852e-07
3.589744e+00 5.000000e+00 1.947368e+00 2.79867919e-07
3.589744e+00 5.000000e+00 2.152632e+00 2.37158559e-07
3.589744e+00 5.000000e+00 2.357895e+00 2.01726465e-07
3.589744e+00 5.000000e+00 2.563158e+00 1.72545640e-07
3.589744e+00 5.000000e+00 2.768421e+00 1.48578920e-07
3.589744e+00 5.000000e+00 2.973684e+00 1.28872784e-07
3.589744e+00 5.000000e+00 3.178947e+00 1.12601661e-07
3.589744e+00 5.000000e+00 3.384211e+00 9.90785765e-08
3.589744e+00 5.000000e+00 3.589474e+00 8.77480701e-08
3.589744e+00 5.000000e+00 3.794737e+00 7.81680427e-08
3.589744e+00 5.000000e+00 4.000000e+00 6.99919127e-08
3.846154e+00 5.000000e-02 1.000000e-01 5.35692993e+02
3.846154e+00 5.000000e-02 3.052632e-01 1.22768898e+01
3.846154e+00 5.000000e-02 5.105263e-01 6.29055643e+00
3.846154e+00 5.000000e-02 7.157895e-01 5.68250132e+00
3.846154e+00 5.000000e-02 9.210526e-01 5.12652111e+00
3.846154e+00 5.000000e-02 1.126316e+00 4.54662609e+00
3.846154e+00 5.000000e-02 1.331579e+00 3.97737670e+00
3.846154e+00 5.000000e-02 1.536842e+00 3.44522405e+00
3.846154e+00 5.000000e-02 1.742105e+00 2.96591806e+00
3.846154e+00 5.000000e-02 1.947368e+00 2.54606915e+00
3.846154e+00 5.000000e-02 2.152632e+00 2.18585014e+00
3.846154e+00 5.000000e-02 2.357895e+00 1.88126242e+00
3.846154e+00 5.000000e-02 2.563158e+00 1.62614536e+00
3.846154e+00 5.000000e-02 2.768421e+00 1.41352201e+00
3.846154e+00 5.000000e-02 2.973684e+00 1.23653173e+00
3.846154e+00 5.000000e-02 3.178947e+00 1.08890605e+00
3.846154e+00 5.000000e-02 3.384211e+00 9.65217471e-01
3.846154e+00 5.000000e-02 3.589474e+00 8.60901117e-01
3.846154e+00 5.000000e-02 3.794737e+00 7.72219241e-01
3.846154e+00 5.000000e-02 4.000000e+00 6.96171165e-01
3.846154e+00 3.105263e-01 1.000000e-01 5.07730804e+02
3.846154e+00 3.105263e-01 3.052632e-01 8.42402649e+00
3.846154e+00 3.105263e-01 5.105263e-01 2.89279675e+00
3.846154e+00 3.105263e-01 7.157895e-01 2.55552959e+00
3.846154e+00 3.105263e-01 9.210526e-01 2.30515337e+00
3.846154e+00 3.105263e-01 1.126316e+00 2.04537129e+00
3.846154e+00 3.105263e-01 1.331579e+00 1.78992355e+00
3.846154e+00 3.105263e-01 1.536842e+00 1.55071712e+00
3.846154e+00 3.105263e-01 1.742105e+00 1.33492875e+00
3.846154e+00 3.105263e-01 1.947368e+00 1.14567065e+00
3.846154e+00 3.105263e-01 2.152632e+00 9.83104408e-01
3.846154e+00 3.105263e-01 2.357895e+00 8.45526576e-01
3.846154e+00 3.105263e-01 2.563158e+00 7.30227888e-01
3.846154e+00 3.105263e-01 2.768421e+00 6.34099126e-01
3.846154e+00 3.105263e-01 2.973684e+00 5.54075778e-01
3.846154e+00 3.105263e-01 3.178947e+00 4.87346798e-01
3.846154e+00 3.105263e-01 3.384211e+00 4.31460023e-01
3.846154e+00 3.105263e-01 3.589474e+00 3.84355485e-01
3.846154e+00 3.105263e-01 3.794737e+00 3.44350547e-01
3.846154e+00 3.105263e-01 4.000000e+00 3.10083240e-01
3.846154e+00 5.710526e-01 1.000000e-01 4.51662537e+02
3.846154e+00 5.710526e-01 3.052632e-01 6.55289650e+00
3.846154e+00 5.710526e-01 5.105263e-01 1.67394030e+00
3.846154e+00 5.710526e-01 7.157895e-01 1.44361901e+00
3.846154e+00 5.710526e-01 9.210526e-01 1.30163538e+00
3.846154e+00 5.710526e-01 1.126316e+00 1.15531111e+00
3.846154e+00 5.710526e-01 1.331579e+00 1.01126099e+00
3.846154e+00 5.710526e-01 1.536842e+00 8.76214385e-01
3.846154e+00 5.710526e-01 1.742105e+00 7.54259408e-01
3.846154e+00 5.710526e-01 1.947368e+00 6.47198558e-01
3.846154e+00 5.710526e-01 2.152632e+00 5.55170894e-01
3.846154e+00 5.710526e-01 2.357895e+00 4.77243602e-01
3.846154e+00 5.710526e-01 2.563158e+00 4.11905766e-01
3.846154e+00 5.710526e-01 2.768421e+00 3.57420355e-01
3.846154e+00 5.710526e-01 2.973684e+00 3.12063009e-01
3.846154e+00 5.710526e-01 3.178947e+00 2.74241954e-01
3.846154e+00 5.710526e-01 3.384211e+00 2.42578030e-01
3.846154e+00 5.710526e-01 3.589474e+00 2.15905428e-01
3.846154e+00 5.710526e-01 3.794737e+00 1.93266168e-01
3.846154e+00 5.710526e-01 4.000000e+00 1.73890591e-01
3.846154e+00 8.315790e-01 1.000000e-01 3.75812500e+02
3.846154e+00 8.315790e-01 3.052632e-01 5.04451847e+00
3.846154e+00 8.315790e-01 5.105263e-01 1.00276339e+00
3.846154e+00 8.315790e-01 7.157895e-01 8.41200829e-01
3.846154e+00 8.315790e-01 9.210526e-01 7.57976115e-01
3.846154e+00 8.315790e-01 1.126316e+00 6.72908604e-01
3.846154e+00 8.315790e-01 1.331579e+00 5.89108109e-01
3.846154e+00 8.315790e-01 1.536842e+00 5.10476112e-01
3.846154e+00 8.315790e-01 1.742105e+00 4.39410865e-01
3.846154e+00 8.315790e-01 1.947368e+00 3.76980782e-01
3.846154e+00 8.315790e-01 2.152632e+00 3.23287576e-01
3.846154e+00 8.315790e-01 2.357895e+00 2.77800739e-01
3.846154e+00 8.315790e-01 2.563158e+00 2.39649653e-01
3.846154e+00 8.315790e-01 2.768421e+00 2.07830384e-01
3.846154e+00 8.315790e-01 2.973684e+00 1.81340471e-01
3.846154e+00 8.315790e-01 3.178947e+00 1.59256130e-01
3.846154e+00 8.315790e-01 3.384211e+00 1.40770927e-01
3.846154e+00 8.315790e-01 3.589474e+00 1.25205487e-01
3.846154e+00 8.315790e-01 3.794737e+00 1.12001851e-01
3.846154e+00 8.315790e-01 4.000000e+00 1.00708000e-01
3.846154e+00 1.092105e+00 1.000000e-01 2.92310242e+02
3.846154e+00 1.092105e+00 3.052632e-01 3.73080587e+00
3.846154e+00 1.092105e+00 5.105263e-01 5.95493376e-01
3.846154e+00 1.092105e+00 7.157895e-01 4.83999044e-01
3.846154e+00 1.092105e+00 9.210526e-01 4.35727894e-01
3.846154e+00 1.092105e+00 1.126316e+00 3.86884153e-01
3.846154e+00 1.092105e+00 1.331579e+00 3.38748008e-01
3.846154e+00 1.092105e+00 1.536842e+00 2.93548822e-01
3.846154e+00 1.092105e+00 1.742105e+00 2.52673596e-01
3.846154e+00 1.092105e+00 1.947368e+00 2.16746420e-01
3.846154e+00 1.092105e+00 2.152632e+00 1.85833007e-01
3.846154e+00 1.092105e+00 2.357895e+00 1.59634665e-01
3.846154e+00 1.092105e+00 2.563158e+00 1.37657151e-01
3.846154e+00 1.092105e+00 2.768421e+00 1.19324356e-01
3.846154e+00 1.092105e+00 2.973684e+00 1.04061343e-01
3.846154e+00 1.092105e+00 3.178947e+00 9.13383514e-02
3.846154e+00 1.092105e+00 3.384211e+00 8.06917325e-02
3.846154e+00 1.092105e+00 3.589474e+00 7.17291012e-02
3.846154e+00 1.092105e+00 3.794737e+00 6.41294196e-02
3.846154e+00 1.092105e+00 4.000000e+00 5.76326475e-02
3.846154e+00 1.352632e+00 1.000000e-01 2.12491806e+02
3.846154e+00 1.352632e+00 3.052632e-01 2.61986136e+00
3.846154e+00 1.352632e+00 5.105263e-01 3.44686925e-01
3.846154e+00 1.352632e+00 7.157895e-01 2.70389169e-01
3.846154e+00 1.352632e+00 9.210526e-01 2.43151858e-01
3.846154e+00 1.352632e+00 1.126316e+00 2.15917528e-01
3.846154e+00 1.352632e+00 1.331579e+00 1.89071178e-01
3.846154e+00 1.352632e+00 1.536842e+00 1.63849562e-01
3.846154e+00 1.352632e+00 1.742105e+00 1.41030043e-01
3.846154e+00 1.352632e+00 1.947368e+00 1.20963417e-01
3.846154e+00 1.352632e+00 2.152632e+00 1.03691265e-01
3.846154e+00 1.352632e+00 2.357895e+00 8.90496001e-02
3.846154e+00 1.352632e+00 2.563158e+00 7.67642036e-02
3.846154e+00 1.352632e+00 2.768421e+00 6.65152445e-02
3.846154e+00 1.352632e+00 2.973684e+00 5.79825453e-02
3.846154e+00 1.352632e+00 3.178947e+00 5.08701801e-02
3.846154e+00 1.352632e+00 3.384211e+00 4.49195951e-02
3.846154e+00 1.352632e+00 3.589474e+00 3.99119034e-02
3.846154e+00 1.352632e+00 3.794737e+00 3.56669985e-02
3.846154e+00 1.352632e+00 4.000000e+00 3.20398137e-02
3.846154e+00 1.613158e+00 1.000000e-01 1.44352249e+02
3.846154e+00 1.613158e+00 3.052632e-01 1.73646617e+00
3.846154e+00 1.613158e+00 5.105263e-01 1.92745581e-01
3.846154e+00 1.613158e+00 7.157895e-01 1.45434946e-01
3.846154e+00 1.613158e+00 9.210526e-01 1.30612195e-01
3.846154e+00 1.613158e+00 1.126316e+00 1.15990311e-01
3.846154e+00 1.613158e+00 1.331579e+00 1.01576358e-01
3.846154e+00 1.613158e+00 1.536842e+00 8.80289674e-02
3.846154e+00 1.613158e+00 1.742105e+00 7.57661462e-02
3.846154e+00 1.613158e+00 1.947368e+00 6.49795681e-02
3.846154e+00 1.613158e+00 2.152632e+00 5.56920692e-02
3.846154e+00 1.613158e+00 2.357895e+00 4.78174575e-02
3.846154e+00 1.613158e+00 2.563158e+00 4.12089936e-02
3.846154e+00 1.613158e+00 2.768421e+00 3.56954113e-02
3.846154e+00 1.613158e+00 2.973684e+00 3.11051570e-02
3.846154e+00 1.613158e+00 3.178947e+00 2.72793528e-02
3.846154e+00 1.613158e+00 3.384211e+00 2.40787975e-02
3.846154e+00 1.613158e+00 3.589474e+00 2.13861056e-02
3.846154e+00 1.613158e+00 3.794737e+00 1.91043299e-02
3.846154e+00 1.613158e+00 4.000000e+00 1.71550941e-02
3.846154e+00 1.873684e+00 1.000000e-01 9.16360550e+01
3.846154e+00 1.873684e+00 3.052632e-01 1.08267021e+00
3.846154e+00 1.873684e+00 5.105263e-01 1.03555448e-01
3.846154e+00 1.873684e+00 7.157895e-01 7.49548376e-02
3.846154e+00 1.873684e+00 9.210526e-01 6.72136322e-02
3.846154e+00 1.873684e+00 1.126316e+00 5.96911348e-02
3.846154e+00 1.873684e+00 1.331579e+00 5.22767119e-02
3.846154e+00 1.873684e+00 1.536842e+00 4.53052931e-02
3.846154e+00 1.873684e+00 1.742105e+00 3.89928184e-02
3.846154e+00 1.873684e+00 1.947368e+00 3.34387049e-02
3.846154e+00 1.873684e+00 2.152632e+00 2.86552645e-02
3.846154e+00 1.873684e+00 2.357895e+00 2.45988239e-02
3.846154e+00 1.873684e+00 2.563158e+00 2.11940613e-02
3.846154e+00 1.873684e+00 2.768421e+00 1.83533058e-02
3.846154e+00 1.873684e+00 2.973684e+00 1.59882251e-02
3.846154e+00 1.873684e+00 3.178947e+00 1.40171740e-02
3.846154e+00 1.873684e+00 3.384211e+00 1.23684872e-02
3.846154e+00 1.873684e+00 3.589474e+00 1.09816864e-02
3.846154e+00 1.873684e+00 3.794737e+00 9.80676711e-03
3.846154e+00 1.873684e+00 4.000000e+00 8.80343560e-03
3.846154e+00 2.134211e+00 1.000000e-01 5.43572693e+01
3.846154e+00 2.134211e+00 3.052632e-01 6.33678496e-01
3.846154e+00 2.134211e+00 5.105263e-01 5.32518961e-02
3.846154e+00 2.134211e+00 7.157895e-01 3.69084813e-02
3.846154e+00 2.134211e+00 9.210526e-01 3.30410227e-02
3.846154e+00 2.134211e+00 1.126316e+00 2.93435417e-02
3.846154e+00 2.134211e+00 1.331579e+00 2.56999228e-02
3.846154e+00 2.134211e+00 1.536842e+00 2.22729594e-02
3.846154e+00 2.134211e+00 1.742105e+00 1.91691145e-02
3.846154e+00 2.134211e+00 1.947368e+00 1.64374076e-02
3.846154e+00 2.134211e+00 2.152632e+00 1.40842730e-02
3.846154e+00 2.134211e+00 2.357895e+00 1.20884562e-02
3.846154e+00 2.134211e+00 2.563158e+00 1.04131103e-02
3.846154e+00 2.134211e+00 2.768421e+00 9.01521649e-03
3.846154e+00 2.134211e+00 2.973684e+00 7.85136316e-03
3.846154e+00 2.134211e+00 3.178947e+00 6.88151177e-03
3.846154e+00 2.134211e+00 3.384211e+00 6.07034843e-03
3.846154e+00 2.134211e+00 3.589474e+00 5.38815046e-03
3.846154e+00 2.134211e+00 3.794737e+00 4.81031928e-03
3.846154e+00 2.134211e+00 4.000000e+00 4.31700842e-03
3.846154e+00 2.394737e+00 1.000000e-01 3.01293621e+01
3.846154e+00 2.394737e+00 3.052632e-01 3.47702533e-01
3.846154e+00 2.394737e+00 5.105263e-01 2.61349585e-02
3.846154e+00 2.394737e+00 7.157895e-01 1.73330065e-02
3.846154e+00 2.394737e+00 9.210526e-01 1.54887615e-02
3.846154e+00 2.394737e+00 1.126316e+00 1.37554212e-02
3.846154e+00 2.394737e+00 1.331579e+00 1.20478552e-02
3.846154e+00 2.394737e+00 1.536842e+00 1.04414504e-02
3.846154e+00 2.394737e+00 1.742105e+00 8.98611918e-03
3.846154e+00 2.394737e+00 1.947368e+00 7.70500349e-03
3.846154e+00 2.394737e+00 2.152632e+00 6.60128891e-03
3.846154e+00 2.394737e+00 2.357895e+00 5.66500332e-03
3.846154e+00 2.394737e+00 2.563158e+00 4.87899920e-03
3.846154e+00 2.394737e+00 2.768421e+00 4.22312040e-03
3.846154e+00 2.394737e+00 2.973684e+00 3.67708527e-03
3.846154e+00 2.394737e+00 3.178947e+00 3.22205457e-03
3.846154e+00 2.394737e+00 3.384211e+00 2.84153572e-03
3.846154e+00 2.394737e+00 3.589474e+00 2.52155890e-03
3.846154e+00 2.394737e+00 3.794737e+00 2.25058920e-03
3.846154e+00 2.394737e+00 4.000000e+00 2.01930176e-03
3.846154e+00 2.655263e+00 1.000000e-01 1.56047802e+01
3.846154e+00 2.655263e+00 3.052632e-01 1.78700656e-01
3.846154e+00 2.655263e+00 5.105263e-01 1.22126890e-02
3.846154e+00 2.655263e+00 7.157895e-01 7.75438687e-03
3.846154e+00 2.655263e+00 9.210526e-01 6.91628736e-03
3.846154e+00 2.655263e+00 1.126316e+00 6.14217715e-03
3.846154e+00 2.655263e+00 1.331579e+00 5.37986914e-03
3.846154e+00 2.655263e+00 1.536842e+00 4.66257380e-03
3.846154e+00 2.655263e+00 1.742105e+00 4.01260098e-03
3.846154e+00 2.655263e+00 1.947368e+00 3.44033656e-03
3.846154e+00 2.655263e+00 2.152632e+00 2.94722687e-03
3.846154e+00 2.655263e+00 2.357895e+00 2.52888259e-03
3.846154e+00 2.655263e+00 2.563158e+00 2.17765523e-03
3.846154e+00 2.655263e+00 2.768421e+00 1.88456324e-03
3.846154e+00 2.655263e+00 2.973684e+00 1.64055522e-03
3.846154e+00 2.655263e+00 3.178947e+00 1.43723108e-03
3.846154e+00 2.655263e+00 3.384211e+00 1.26721128e-03
3.846154e+00 2.655263e+00 3.589474e+00 1.12426362e-03
3.846154e+00 2.655263e+00 3.794737e+00 1.00323034e-03
3.846154e+00 2.655263e+00 4.000000e+00 8.99943581e-04
3.846154e+00 2.915789e+00 1.000000e-01 7.55193424e+00
3.846154e+00 2.915789e+00 3.052632e-01 8.59723613e-02
3.846154e+00 2.915789e+00 5.105263e-01 5.42276492e-03
3.846154e+00 2.915789e+00 7.157895e-01 3.30215553e-03
3.846154e+00 2.915789e+00 9.210526e-01 2.93966243e-03
3.846154e+00 2.915789e+00 1.126316e+00 2.61057750e-03
3.846154e+00 2.915789e+00 1.331579e+00 2.28663255e-03
3.846154e+00 2.915789e+00 1.536842e+00 1.98176969e-03
3.846154e+00 2.915789e+00 1.742105e+00 1.70546188e-03
3.846154e+00 2.915789e+00 1.947368e+00 1.46215479e-03
3.846154e+00 2.915789e+00 2.152632e+00 1.25247461e-03
3.846154e+00 2.915789e+00 2.357895e+00 1.07456639e-03
3.846154e+00 2.915789e+00 2.563158e+00 9.25192784e-04
3.846154e+00 2.915789e+00 2.768421e+00 8.00540205e-04
3.846154e+00 2.915789e+00 2.973684e+00 6.96760428e-04
3.846154e+00 2.915789e+00 3.178947e+00 6.10287883e-04
3.846154e+00 2.915789e+00 3.384211e+00 5.37988963e-04
3.846154e+00 2.915789e+00 3.589474e+00 4.77206835e-04
3.846154e+00 2.915789e+00 3.794737e+00 4.25751292e-04
3.846154e+00 2.915789e+00 4.000000e+00 3.81847407e-04
3.846154e+00 3.176316e+00 1.000000e-01 3.41497970e+00
3.846154e+00 3.176316e+00 3.052632e-01 3.87005061e-02
3.846154e+00 3.176316e+00 5.105263e-01 2.28372705e-03
3.846154e+00 3.176316e+00 7.157895e-01 1.33755791e-03
3.846154e+00 3.176316e+00 9.210526e-01 1.18852267e-03
3.846154e+00 3.176316e+00 1.126316e+00 1.05543912e-03
3.846154e+00 3.176316e+00 1.331579e+00 9.24492895e-04
3.846154e+00 3.176316e+00 1.536842e+00 8.01236718e-04
3.846154e+00 3.176316e+00 1.742105e+00 6.89509849e-04
3.846154e+00 3.176316e+00 1.947368e+00 5.91112243e-04
3.846154e+00 3.176316e+00 2.152632e+00 5.06305892e-04
3.846154e+00 3.176316e+00 2.357895e+00 4.34344285e-04
3.846154e+00 3.176316e+00 2.563158e+00 3.73919029e-04
3.846154e+00 3.176316e+00 2.768421e+00 3.23492917e-04
3.846154e+00 3.176316e+00 2.973684e+00 2.81512243e-04
3.846154e+00 3.176316e+00 3.178947e+00 2.46532960e-04
3.846154e+00 3.176316e+00 3.384211e+00 2.17289213e-04
3.846154e+00 3.176316e+00 3.589474e+00 1.92706633e-04
3.846154e+00 3.176316e+00 3.794737e+00 1.71898326e-04
3.846154e+00 3.176316e+00 4.000000e+00 1.54147259e-04
3.846154e+00 3.436842e+00 1.000000e-01 1.44293416e+00
3.846154e+00 3.436842e+00 3.052632e-01 1.62953082e-02
3.846154e+00 3.436842e+00 5.105263e-01 9.10588133e-04
3.846154e+00 3.436842e+00 7.157895e-01 5.14921558e-04
3.846154e+00 3.436842e+00 9.210526e-01 4.56752372e-04
3.846154e+00 3.436842e+00 1.126316e+00 4.05594328e-04
3.846154e+00 3.436842e+00 1.331579e+00 3.55278520e-04
3.846154e+00 3.436842e+00 1.536842e+00 3.07912036e-04
3.846154e+00 3.436842e+00 1.742105e+00 2.64971750e-04
3.846154e+00 3.436842e+00 1.947368e+00 2.27148703e-04
3.846154e+00 3.436842e+00 2.152632e+00 1.94546767e-04
3.846154e+00 3.436842e+00 2.357895e+00 1.66880593e-04
3.846154e+00 3.436842e+00 2.563158e+00 1.43649144e-04
3.846154e+00 3.436842e+00 2.768421e+00 1.24261467e-04
3.846154e+00 3.436842e+00 2.973684e+00 1.08120475e-04
3.846154e+00 3.436842e+00 3.178947e+00 9.46721848e-05
3.846154e+00 3.436842e+00 3.384211e+00 8.34296225e-05
3.846154e+00 3.436842e+00 3.589474e+00 7.39797324e-05
3.846154e+00 3.436842e+00 3.794737e+00 6.59820071e-05
3.846154e+00 3.436842e+00 4.000000e+00 5.91599419e-05
3.846154e+00 3.697368e+00 1.000000e-01 5.69681525e-01
3.846154e+00 3.697368e+00 3.052632e-01 6.41643908e-03
3.846154e+00 3.697368e+00 5.105263e-01 3.43183696e-04
3.846154e+00 3.697368e+00 7.157895e-01 1.88208127e-04
3.846154e+00 3.697368e+00 9.210526e-01 1.66684084e-04
3.846154e+00 3.697368e+00 1.126316e+00 1.48009975e-04
3.846154e+00 3.697368e+00 1.331579e+00 1.29650463e-04
3.846154e+00 3.697368e+00 1.536842e+00 1.12365538e-04
3.846154e+00 3.697368e+00 1.742105e+00 9.66935331e-05
3.846154e+00 3.697368e+00 1.947368e+00 8.28883713e-05
3.846154e+00 3.697368e+00 2.152632e+00 7.09875894e-05
3.846154e+00 3.697368e+00 2.357895e+00 6.08879891e-05
3.846154e+00 3.697368e+00 2.563158e+00 5.24068600e-05
3.846154e+00 3.697368e+00 2.768421e+00 4.53288121e-05
3.846154e+00 3.697368e+00 2.973684e+00 3.94361996e-05
3.846154e+00 3.697368e+00 3.178947e+00 3.45267290e-05
3.846154e+00 3.697368e+00 3.384211e+00 3.04226996e-05
3.846154e+00 3.697368e+00 3.589474e+00 2.69733773e-05
3.846154e+00 3.697368e+00 3.794737e+00 2.40543141e-05
3.846154e+00 3.697368e+00 4.000000e+00 2.15647106e-05
3.846154e+00 3.957895e+00 1.000000e-01 2.10156932e-01
3.846154e+00 3.957895e+00 3.052632e-01 2.36228388e-03
3.846154e+00 3.957895e+00 5.105263e-01 1.22055106e-04
3.846154e+00 3.957895e+00 7.157895e-01 6.52285744e-05
3.846154e+00 3.957895e+00 9.210526e-01 5.76896418e-05
3.846154e+00 3.957895e+00 1.126316e+00 5.12250008e-05
3.846154e+00 3.957895e+00 1.331579e+00 4.48715145e-05
3.846154e+00 3.957895e+00 1.536842e+00 3.88892659e-05
3.846154e+00 3.957895e+00 1.742105e+00 3.34647666e-05
3.846154e+00 3.957895e+00 1.947368e+00 2.86859777e-05
3.846154e+00 3.957895e+00 2.152632e+00 2.45662304e-05
3.846154e+00 3.957895e+00 2.357895e+00 2.10698090e-05
3.846154e+00 3.957895e+00 2.563158e+00 1.81335781e-05
3.846154e+00 3.957895e+00 2.768421e+00 1.56830865e-05
3.846154e+00 3.957895e+00 2.973684e+00 1.36429571e-05
3.846154e+00 3.957895e+00 3.178947e+00 1.19432925e-05
3.846154e+00 3.957895e+00 3.384211e+00 1.05225181e-05
3.846154e+00 3.957895e+00 3.589474e+00 9.32846342e-06
3.846154e+00 3.957895e+00 3.794737e+00 8.31808120e-06
3.846154e+00 3.957895e+00 4.000000e+00 7.45641501e-06
3.846154e+00 4.218421e+00 1.000000e-01 7.24403784e-02
3.846154e+00 4.218421e+00 3.052632e-01 8.13046703e-04
3.846154e+00 4.218421e+00 5.105263e-01 4.09014283e-05
3.846154e+00 4.218421e+00 7.157895e-01 2.14021620e-05
3.846154e+00 4.218421e+00 9.210526e-01 1.89068523e-05
3.846154e+00 4.218421e+00 1.126316e+00 1.67877843e-05
3.846154e+00 4.218421e+00 1.331579e+00 1.47056680e-05
3.846154e+00 4.218421e+00 1.536842e+00 1.27451294e-05
3.846154e+00 4.218421e+00 1.742105e+00 1.09672492e-05
3.846154e+00 4.218421e+00 1.947368e+00 9.40088648e-06
3.846154e+00 4.218421e+00 2.152632e+00 8.05046966e-06
3.846154e+00 4.218421e+00 2.357895e+00 6.90431443e-06
3.846154e+00 4.218421e+00 2.563158e+00 5.94177482e-06
3.846154e+00 4.218421e+00 2.768421e+00 5.13845089e-06
3.846154e+00 4.218421e+00 2.973684e+00 4.46965714e-06
3.846154e+00 4.218421e+00 3.178947e+00 3.91249205e-06
3.846154e+00 4.218421e+00 3.384211e+00 3.44676550e-06
3.846154e+00 4.218421e+00 3.589474e+00 3.05537606e-06
3.846154e+00 4.218421e+00 3.794737e+00 2.72420652e-06
3.846154e+00 4.218421e+00 4.000000e+00 2.44180774e-06
3.846154e+00 4.478947e+00 1.000000e-01 2.33315025e-02
3.846154e+00 4.478947e+00 3.052632e-01 2.61574576e-04
3.846154e+00 4.478947e+00 5.105263e-01 1.28956644e-05
3.846154e+00 4.478947e+00 7.157895e-01 6.63639094e-06
3.846154e+00 4.478947e+00 9.210526e-01 5.85722682e-06
3.846154e+00 4.478947e+00 1.126316e+00 5.20063440e-06
3.846154e+00 4.478947e+00 1.331579e+00 4.55566760e-06
3.846154e+00 4.478947e+00 1.536842e+00 3.94830977e-06
3.846154e+00 4.478947e+00 1.742105e+00 3.39751023e-06
3.846154e+00 4.478947e+00 1.947368e+00 2.91221568e-06
3.846154e+00 4.478947e+00 2.152632e+00 2.49380673e-06
3.846154e+00 4.478947e+00 2.357895e+00 2.13867065e-06
3.846154e+00 4.478947e+00 2.563158e+00 1.84042676e-06
3.846154e+00 4.478947e+00 2.768421e+00 1.59151102e-06
3.846154e+00 4.478947e+00 2.973684e+00 1.38428243e-06
3.846154e+00 4.478947e+00 3.178947e+00 1.21164373e-06
3.846154e+00 4.478947e+00 3.384211e+00 1.06733899e-06
3.846154e+00 4.478947e+00 3.589474e+00 9.46074579e-07
3.846154e+00 4.478947e+00 3.794737e+00 8.43474822e-07
3.846154e+00 4.478947e+00 4.000000e+00 7.55989163e-07
3.846154e+00 4.739474e+00 1.000000e-01 7.02147279e-03
3.846154e+00 4.739474e+00 3.052632e-01 7.86558303e-05
3.846154e+00 4.739474e+00 5.105263e-01 3.82022927e-06
3.846154e+00 4.739474e+00 7.157895e-01 1.94113386e-06
3.846154e+00 4.739474e+00 9.210526e-01 1.71200190e-06
3.846154e+00 4.739474e+00 1.126316e+00 1.52006521e-06
3.846154e+00 4.739474e+00 1.331579e+00 1.33155663e-06
3.846154e+00 4.739474e+00 1.536842e+00 1.15403498e-06
3.846154e+00 4.739474e+00 1.742105e+00 9.93036792e-07
3.846154e+00 4.739474e+00 1.947368e+00 8.51179777e-07
3.846154e+00 4.739474e+00 2.152632e+00 7.28869963e-07
3.846154e+00 4.739474e+00 2.357895e+00 6.25054042e-07
3.846154e+00 4.739474e+00 2.563158e+00 5.37868004e-07
3.846154e+00 4.739474e+00 2.768421e+00 4.65101635e-07
3.846154e+00 4.739474e+00 2.973684e+00 4.04522211e-07
3.846154e+00 4.739474e+00 3.178947e+00 3.54053697e-07
3.846154e+00 4.739474e+00 3.384211e+00 3.11871020e-07
3.846154e+00 4.739474e+00 3.589474e+00 2.76423918e-07
3.846154e+00 4.739474e+00 3.794737e+00 2.46433132e-07
3.846154e+00 4.739474e+00 4.000000e+00 2.20862503e-07
3.846154e+00 5.000000e+00 1.000000e-01 1.97441527e-03
3.846154e+00 5.000000e+00 3.052632e-01 2.21050450e-05
3.846154e+00 5.000000e+00 5.105263e-01 1.06209029e-06
3.846154e+00 5.000000e+00 7.157895e-01 5.34615083e-07
3.846154e+00 5.000000e+00 9.210526e-01 4.71255049e-07
3.846154e+00 5.000000e+00 1.126316e+00 4.18415908e-07
3.846154e+00 5.000000e+00 1.331579e+00 3.66528212e-07
3.846154e+00 5.000000e+00 1.536842e+00 3.17662767e-07
3.846154e+00 5.000000e+00 1.742105e+00 2.73344796e-07
3.846154e+00 5.000000e+00 1.947368e+00 2.34294674e-07
3.846154e+00 5.000000e+00 2.152632e+00 2.00624129e-07
3.846154e+00 5.000000e+00 2.357895e+00 1.72044906e-07
3.846154e+00 5.000000e+00 2.563158e+00 1.48042346e-07
3.846154e+00 5.000000e+00 2.768421e+00 1.28010186e-07
3.846154e+00 5.000000e+00 2.973684e+00 1.11332803e-07
3.846154e+00 5.000000e+00 3.178947e+00 9.74393473e-08
3.846154e+00 5.000000e+00 3.384211e+00 8.58266560e-08
3.846154e+00 5.000000e+00 3.589474e+00 7.60687726e-08
3.846154e+00 5.000000e+00 3.794737e+00 6.78131400e-08
3.846154e+00 5.000000e+00 4.000000e+00 6.07743118e-08
4.102564e+00 5.000000e-02 1.000000e-01 5.40501465e+02
4.102564e+00 5.000000e-02 3.052632e-01 1.15101156e+01
4.102564e+00 5.000000e-02 5.105263e-01 4.98223877e+00
4.102564e+00 5.000000e-02 7.157895e-01 4.48534060e+00
4.102564e+00 5.000000e-02 9.210526e-01 4.09781408e+00
4.102564e+00 5.000000e-02 1.126316e+00 3.68679500e+00
4.102564e+00 5.000000e-02 1.331579e+00 3.27261138e+00
4.102564e+00 5.000000e-02 1.536842e+00 2.87484145e+00
4.102564e+00 5.000000e-02 1.742105e+00 2.50688791e+00
4.102564e+00 5.000000e-02 1.947368e+00 2.17627263e+00
4.102564e+00 5.000000e-02 2.152632e+00 1.88574469e+00
4.102564e+00 5.000000e-02 2.357895e+00 1.63470006e+00
4.102564e+00 5.000000e-02 2.563158e+00 1.42040133e+00
4.102564e+00 5.000000e-02 2.768421e+00 1.23891354e+00
4.102564e+00 5.000000e-02 2.973684e+00 1.08591235e+00
4.102564e+00 5.000000e-02 3.178947e+00 9.57065821e-01
4.102564e+00 5.000000e-02 3.384211e+00 8.48417282e-01
4.102564e+00 5.000000e-02 3.589474e+00 7.56473660e-01
4.102564e+00 5.000000e-02 3.794737e+00 6.78240716e-01
4.102564e+00 5.000000e-02 4.000000e+00 6.11233175e-01
4.102564e+00 3.105263e-01 1.000000e-01 5.13088928e+02
4.102564e+00 3.105263e-01 3.052632e-01 8.42992401e+00
4.102564e+00 3.105263e-01 5.105263e-01 2.32159162e+00
4.102564e+00 3.105263e-01 7.157895e-01 2.01205230e+00
4.102564e+00 3.105263e-01 9.210526e-01 1.83636498e+00
4.102564e+00 3.105263e-01 1.126316e+00 1.65279853e+00
4.102564e+00 3.105263e-01 1.331579e+00 1.46762764e+00
4.102564e+00 3.105263e-01 1.536842e+00 1.28956234e+00
4.102564e+00 3.105263e-01 1.742105e+00 1.12462318e+00
4.102564e+00 3.105263e-01 1.947368e+00 9.76238072e-01
4.102564e+00 3.105263e-01 2.152632e+00 8.45707119e-01
4.102564e+00 3.105263e-01 2.357895e+00 7.32836068e-01
4.102564e+00 3.105263e-01 2.563158e+00 6.36409581e-01
4.102564e+00 3.105263e-01 2.768421e+00 5.54709673e-01
4.102564e+00 3.105263e-01 2.973684e+00 4.85802919e-01
4.102564e+00 3.105263e-01 3.178947e+00 4.27776575e-01
4.102564e+00 3.105263e-01 3.384211e+00 3.78848553e-01
4.102564e+00 3.105263e-01 3.589474e+00 3.37456793e-01
4.102564e+00 3.105263e-01 3.794737e+00 3.02253991e-01
4.102564e+00 3.105263e-01 4.000000e+00 2.72123843e-01
4.102564e+00 5.710526e-01 1.000000e-01 4.56664490e+02
4.102564e+00 5.710526e-01 3.052632e-01 6.77412462e+00
4.102564e+00 5.710526e-01 5.105263e-01 1.36320972e+00
4.102564e+00 5.710526e-01 7.157895e-01 1.13484180e+00
4.102564e+00 5.710526e-01 9.210526e-01 1.03440845e+00
4.102564e+00 5.710526e-01 1.126316e+00 9.31225240e-01
4.102564e+00 5.710526e-01 1.331579e+00 8.27095449e-01
4.102564e+00 5.710526e-01 1.536842e+00 7.26861835e-01
4.102564e+00 5.710526e-01 1.742105e+00 6.33933365e-01
4.102564e+00 5.710526e-01 1.947368e+00 5.50260484e-01
4.102564e+00 5.710526e-01 2.152632e+00 4.76606607e-01
4.102564e+00 5.710526e-01 2.357895e+00 4.12875324e-01
4.102564e+00 5.710526e-01 2.563158e+00 3.58404428e-01
4.102564e+00 5.710526e-01 2.768421e+00 3.12237769e-01
4.102564e+00 5.710526e-01 2.973684e+00 2.73290396e-01
4.102564e+00 5.710526e-01 3.178947e+00 2.40490675e-01
4.102564e+00 5.710526e-01 3.384211e+00 2.12836623e-01
4.102564e+00 5.710526e-01 3.589474e+00 1.89446494e-01
4.102564e+00 5.710526e-01 3.794737e+00 1.69562116e-01
4.102564e+00 5.710526e-01 4.000000e+00 1.52551174e-01
4.102564e+00 8.315790e-01 1.000000e-01 3.80076904e+02
4.102564e+00 8.315790e-01 3.052632e-01 5.32282686e+00
4.102564e+00 8.315790e-01 5.105263e-01 8.30438554e-01
4.102564e+00 8.315790e-01 7.157895e-01 6.60684347e-01
4.102564e+00 8.315790e-01 9.210526e-01 6.01214945e-01
4.102564e+00 8.315790e-01 1.126316e+00 5.41316330e-01
4.102564e+00 8.315790e-01 1.331579e+00 4.80872601e-01
4.102564e+00 8.315790e-01 1.536842e+00 4.22646195e-01
4.102564e+00 8.315790e-01 1.742105e+00 3.68626863e-01
4.102564e+00 8.315790e-01 1.947368e+00 3.19957078e-01
4.102564e+00 8.315790e-01 2.152632e+00 2.77092606e-01
4.102564e+00 8.315790e-01 2.357895e+00 2.39983514e-01
4.102564e+00 8.315790e-01 2.563158e+00 2.08257094e-01
4.102564e+00 8.315790e-01 2.768421e+00 1.81358904e-01
4.102564e+00 8.315790e-01 2.973684e+00 1.58664525e-01
4.102564e+00 8.315790e-01 3.178947e+00 1.39550358e-01
4.102564e+00 8.315790e-01 3.384211e+00 1.23437256e-01
4.102564e+00 8.315790e-01 3.589474e+00 1.09809823e-01
4.102564e+00 8.315790e-01 3.794737e+00 9.82285887e-02
4.102564e+00 8.315790e-01 4.000000e+00 8.83251280e-02
4.102564e+00 1.092105e+00 1.000000e-01 2.95675690e+02
4.102564e+00 1.092105e+00 3.052632e-01 3.99207830e+00
4.102564e+00 1.092105e+00 5.105263e-01 5.02500296e-01
4.102564e+00 1.092105e+00 7.157895e-01 3.79990160e-01
4.102564e+00 1.092105e+00 9.210526e-01 3.45079571e-01
4.102564e+00 1.092105e+00 1.126316e+00 3.10725242e-01
4.102564e+00 1.092105e+00 1.331579e+00 2.76065677e-01
4.102564e+00 1.092105e+00 1.536842e+00 2.42659643e-01
4.102564e+00 1.092105e+00 1.742105e+00 2.11650684e-01
4.102564e+00 1.092105e+00 1.947368e+00 1.83698773e-01
4.102564e+00 1.092105e+00 2.152632e+00 1.59070298e-01
4.102564e+00 1.092105e+00 2.357895e+00 1.37741372e-01
4.102564e+00 1.092105e+00 2.563158e+00 1.19500346e-01
4.102564e+00 1.092105e+00 2.768421e+00 1.04032762e-01
4.102564e+00 1.092105e+00 2.973684e+00 9.09805298e-02
4.102564e+00 1.092105e+00 3.178947e+00 7.99874142e-02
4.102564e+00 1.092105e+00 3.384211e+00 7.07203224e-02
4.102564e+00 1.092105e+00 3.589474e+00 6.28842264e-02
4.102564e+00 1.092105e+00 3.794737e+00 5.62263951e-02
4.102564e+00 1.092105e+00 4.000000e+00 5.05346172e-02
4.102564e+00 1.352632e+00 1.000000e-01 2.14961456e+02
4.102564e+00 1.352632e+00 3.052632e-01 2.83131027e+00
4.102564e+00 1.352632e+00 5.105263e-01 2.96816558e-01
4.102564e+00 1.352632e+00 7.157895e-01 2.12295964e-01
4.102564e+00 1.352632e+00 9.210526e-01 1.92323402e-01
4.102564e+00 1.352632e+00 1.126316e+00 1.73180774e-01
4.102564e+00 1.352632e+00 1.331579e+00 1.53879523e-01
4.102564e+00 1.352632e+00 1.536842e+00 1.35268539e-01
4.102564e+00 1.352632e+00 1.742105e+00 1.17984429e-01
4.102564e+00 1.352632e+00 1.947368e+00 1.02398805e-01
4.102564e+00 1.352632e+00 2.152632e+00 8.86616260e-02
4.102564e+00 1.352632e+00 2.357895e+00 7.67613724e-02
4.102564e+00 1.352632e+00 2.563158e+00 6.65816665e-02
4.102564e+00 1.352632e+00 2.768421e+00 5.79481050e-02
4.102564e+00 1.352632e+00 2.973684e+00 5.06622307e-02
4.102564e+00 1.352632e+00 3.178947e+00 4.45254669e-02
4.102564e+00 1.352632e+00 3.384211e+00 3.93525138e-02
4.102564e+00 1.352632e+00 3.589474e+00 3.49791124e-02
4.102564e+00 1.352632e+00 3.794737e+00 3.12637351e-02
4.102564e+00 1.352632e+00 4.000000e+00 2.80883517e-02
4.102564e+00 1.613158e+00 1.000000e-01 1.46040771e+02
4.102564e+00 1.613158e+00 3.052632e-01 1.89024794e+00
4.102564e+00 1.613158e+00 5.105263e-01 1.69533581e-01
4.102564e+00 1.613158e+00 7.157895e-01 1.14238352e-01
4.102564e+00 1.613158e+00 9.210526e-01 1.03199564e-01
4.102564e+00 1.613158e+00 1.126316e+00 9.29266587e-02
4.102564e+00 1.613158e+00 1.331579e+00 8.25766921e-02
4.102564e+00 1.613158e+00 1.536842e+00 7.25930259e-02
4.102564e+00 1.613158e+00 1.742105e+00 6.33182824e-02
4.102564e+00 1.613158e+00 1.947368e+00 5.49521334e-02
4.102564e+00 1.613158e+00 2.152632e+00 4.75761630e-02
4.102564e+00 1.613158e+00 2.357895e+00 4.11849171e-02
4.102564e+00 1.613158e+00 2.563158e+00 3.57166491e-02
4.102564e+00 1.613158e+00 2.768421e+00 3.10782958e-02
4.102564e+00 1.613158e+00 2.973684e+00 2.71637551e-02
4.102564e+00 1.613158e+00 3.178947e+00 2.38665119e-02
4.102564e+00 1.613158e+00 3.384211e+00 2.10871641e-02
4.102564e+00 1.613158e+00 3.589474e+00 1.87376887e-02
4.102564e+00 1.613158e+00 3.794737e+00 1.67421214e-02
4.102564e+00 1.613158e+00 4.000000e+00 1.50369387e-02
4.102564e+00 1.873684e+00 1.000000e-01 9.27128296e+01
4.102564e+00 1.873684e+00 3.052632e-01 1.18490839e+00
4.102564e+00 1.873684e+00 5.105263e-01 9.30626765e-02
4.102564e+00 1.873684e+00 7.157895e-01 5.89216687e-02
4.102564e+00 1.873684e+00 9.210526e-01 5.30595444e-02
4.102564e+00 1.873684e+00 1.126316e+00 4.77755144e-02
4.102564e+00 1.873684e+00 1.331579e+00 4.24571298e-02
4.102564e+00 1.873684e+00 1.536842e+00 3.73255536e-02
4.102564e+00 1.873684e+00 1.742105e+00 3.25569287e-02
4.102564e+00 1.873684e+00 1.947368e+00 2.82545015e-02
4.102564e+00 1.873684e+00 2.152632e+00 2.44601741e-02
4.102564e+00 1.873684e+00 2.357895e+00 2.11717300e-02
4.102564e+00 1.873684e+00 2.563158e+00 1.83578487e-02
4.102564e+00 1.873684e+00 2.768421e+00 1.59707461e-02
4.102564e+00 1.873684e+00 2.973684e+00 1.39560066e-02
4.102564e+00 1.873684e+00 3.178947e+00 1.22589348e-02
4.102564e+00 1.873684e+00 3.384211e+00 1.08285369e-02
4.102564e+00 1.873684e+00 3.589474e+00 9.61941853e-03
4.102564e+00 1.873684e+00 3.794737e+00 8.59259535e-03
4.102564e+00 1.873684e+00 4.000000e+00 7.71539006e-03
4.102564e+00 2.134211e+00 1.000000e-01 5.49980965e+01
4.102564e+00 2.134211e+00 3.052632e-01 6.96336389e-01
4.102564e+00 2.134211e+00 5.105263e-01 4.88788225e-02
4.102564e+00 2.134211e+00 7.157895e-01 2.90436447e-02
4.102564e+00 2.134211e+00 9.210526e-01 2.60633547e-02
4.102564e+00 2.134211e+00 1.126316e+00 2.34660786e-02
4.102564e+00 2.134211e+00 1.331579e+00 2.08548028e-02
4.102564e+00 2.134211e+00 1.536842e+00 1.83348730e-02
4.102564e+00 2.134211e+00 1.742105e+00 1.59925539e-02
4.102564e+00 2.134211e+00 1.947368e+00 1.38786426e-02
4.102564e+00 2.134211e+00 2.152632e+00 1.20141022e-02
4.102564e+00 2.134211e+00 2.357895e+00 1.03979129e-02
4.102564e+00 2.134211e+00 2.563158e+00 9.01472475e-03
4.102564e+00 2.134211e+00 2.768421e+00 7.84122385e-03
4.102564e+00 2.134211e+00 2.973684e+00 6.85069617e-03
4.102564e+00 2.134211e+00 3.178947e+00 6.01636106e-03
4.102564e+00 2.134211e+00 3.384211e+00 5.31314593e-03
4.102564e+00 2.134211e+00 3.589474e+00 4.71878005e-03
4.102564e+00 2.134211e+00 3.794737e+00 4.21408052e-03
4.102564e+00 2.134211e+00 4.000000e+00 3.78298364e-03
4.102564e+00 2.394737e+00 1.000000e-01 3.04854298e+01
4.102564e+00 2.394737e+00 3.052632e-01 3.83266121e-01
4.102564e+00 2.394737e+00 5.105263e-01 2.44787373e-02
4.102564e+00 2.394737e+00 7.157895e-01 1.36565911e-02
4.102564e+00 2.394737e+00 9.210526e-01 1.22098597e-02
4.102564e+00 2.394737e+00 1.126316e+00 1.09920353e-02
4.102564e+00 2.394737e+00 1.331579e+00 9.76926181e-03
4.102564e+00 2.394737e+00 1.536842e+00 8.58906005e-03
4.102564e+00 2.394737e+00 1.742105e+00 7.49181770e-03
4.102564e+00 2.394737e+00 1.947368e+00 6.50138408e-03
4.102564e+00 2.394737e+00 2.152632e+00 5.62762609e-03
4.102564e+00 2.394737e+00 2.357895e+00 4.87013115e-03
4.102564e+00 2.394737e+00 2.563158e+00 4.22178861e-03
4.102564e+00 2.394737e+00 2.768421e+00 3.67165869e-03
4.102564e+00 2.394737e+00 2.973684e+00 3.20730754e-03
4.102564e+00 2.394737e+00 3.178947e+00 2.81616882e-03
4.102564e+00 2.394737e+00 3.384211e+00 2.48651044e-03
4.102564e+00 2.394737e+00 3.589474e+00 2.20789271e-03
4.102564e+00 2.394737e+00 3.794737e+00 1.97134144e-03
4.102564e+00 2.394737e+00 4.000000e+00 1.76931417e-03
4.102564e+00 2.655263e+00 1.000000e-01 1.57895346e+01
4.102564e+00 2.655263e+00 3.052632e-01 1.97446451e-01
4.102564e+00 2.655263e+00 5.105263e-01 1.16559938e-02
4.102564e+00 2.655263e+00 7.157895e-01 6.11818396e-03
4.102564e+00 2.655263e+00 9.210526e-01 5.44907060e-03
4.102564e+00 2.655263e+00 1.126316e+00 4.90501383e-03
4.102564e+00 2.655263e+00 1.331579e+00 4.35953541e-03
4.102564e+00 2.655263e+00 1.536842e+00 3.83294863e-03
4.102564e+00 2.655263e+00 1.742105e+00 3.34330415e-03
4.102564e+00 2.655263e+00 1.947368e+00 2.90124118e-03
4.102564e+00 2.655263e+00 2.152632e+00 2.51119165e-03
4.102564e+00 2.655263e+00 2.357895e+00 2.17301166e-03
4.102564e+00 2.655263e+00 2.563158e+00 1.88352307e-03
4.102564e+00 2.655263e+00 2.768421e+00 1.63787848e-03
4.102564e+00 2.655263e+00 2.973684e+00 1.43052335e-03
4.102564e+00 2.655263e+00 3.178947e+00 1.25585985e-03
4.102564e+00 2.655263e+00 3.384211e+00 1.10865687e-03
4.102564e+00 2.655263e+00 3.589474e+00 9.84252430e-04
4.102564e+00 2.655263e+00 3.794737e+00 8.78640800e-04
4.102564e+00 2.655263e+00 4.000000e+00 7.88454141e-04
4.102564e+00 2.915789e+00 1.000000e-01 7.64146614e+00
4.102564e+00 2.915789e+00 3.052632e-01 9.51647907e-02
4.102564e+00 2.915789e+00 5.105263e-01 5.26449084e-03
4.102564e+00 2.915789e+00 7.157895e-01 2.60922429e-03
4.102564e+00 2.915789e+00 9.210526e-01 2.31491053e-03
4.102564e+00 2.915789e+00 1.126316e+00 2.08353763e-03
4.102564e+00 2.915789e+00 1.331579e+00 1.85187825e-03
4.102564e+00 2.915789e+00 1.536842e+00 1.62822800e-03
4.102564e+00 2.915789e+00 1.742105e+00 1.42022606e-03
4.102564e+00 2.915789e+00 1.947368e+00 1.23241404e-03
4.102564e+00 2.915789e+00 2.152632e+00 1.06667739e-03
4.102564e+00 2.915789e+00 2.357895e+00 9.22962441e-04
4.102564e+00 2.915789e+00 2.563158e+00 7.99930480e-04
4.102564e+00 2.915789e+00 2.768421e+00 6.95527007e-04
4.102564e+00 2.915789e+00 2.973684e+00 6.07392925e-04
4.102564e+00 2.915789e+00 3.178947e+00 5.33154991e-04
4.102564e+00 2.915789e+00 3.384211e+00 4.70588711e-04
4.102564e+00 2.915789e+00 3.589474e+00 4.17717529e-04
4.102564e+00 2.915789e+00 3.794737e+00 3.72835813e-04
4.102564e+00 2.915789e+00 4.000000e+00 3.34513141e-04
4.102564e+00 3.176316e+00 1.000000e-01 3.45550847e+00
4.102564e+00 3.176316e+00 3.052632e-01 4.28989157e-02
4.102564e+00 3.176316e+00 5.105263e-01 2.25060503e-03
4.102564e+00 3.176316e+00 7.157895e-01 1.05844508e-03
4.102564e+00 3.176316e+00 9.210526e-01 9.35542455e-04
4.102564e+00 3.176316e+00 1.126316e+00 8.41931265e-04
4.102564e+00 3.176316e+00 1.331579e+00 7.48339109e-04
4.102564e+00 3.176316e+00 1.536842e+00 6.57972530e-04
4.102564e+00 3.176316e+00 1.742105e+00 5.73917525e-04
4.102564e+00 3.176316e+00 1.947368e+00 4.98011650e-04
4.102564e+00 3.176316e+00 2.152632e+00 4.31021122e-04
4.102564e+00 3.176316e+00 2.357895e+00 3.72925511e-04
4.102564e+00 3.176316e+00 2.563158e+00 3.23188346e-04
4.102564e+00 3.176316e+00 2.768421e+00 2.80978624e-04
4.102564e+00 3.176316e+00 2.973684e+00 2.45345989e-04
4.102564e+00 3.176316e+00 3.178947e+00 2.15331369e-04
4.102564e+00 3.176316e+00 3.384211e+00 1.90036662e-04
4.102564e+00 3.176316e+00 3.589474e+00 1.68661965e-04
4.102564e+00 3.176316e+00 3.794737e+00 1.50518958e-04
4.102564e+00 3.176316e+00 4.000000e+00 1.35028662e-04
4.102564e+00 3.436842e+00 1.000000e-01 1.46007192e+00
4.102564e+00 3.436842e+00 3.052632e-01 1.80826914e-02
4.102564e+00 3.436842e+00 5.105263e-01 9.09014896e-04
4.102564e+00 3.436842e+00 7.157895e-01 4.08047606e-04
4.102564e+00 3.436842e+00 9.210526e-01 3.59401864e-04
4.102564e+00 3.436842e+00 1.126316e+00 3.23401589e-04
4.102564e+00 3.436842e+00 1.331579e+00 2.87456671e-04
4.102564e+00 3.436842e+00 1.536842e+00 2.52747734e-04
4.102564e+00 3.436842e+00 1.742105e+00 2.20459478e-04
4.102564e+00 3.436842e+00 1.947368e+00 1.91297964e-04
4.102564e+00 3.436842e+00 2.152632e+00 1.65559919e-04
4.102564e+00 3.436842e+00 2.357895e+00 1.43237048e-04
4.102564e+00 3.436842e+00 2.563158e+00 1.24124490e-04
4.102564e+00 3.436842e+00 2.768421e+00 1.07904067e-04
4.102564e+00 3.436842e+00 2.973684e+00 9.42105835e-05
4.102564e+00 3.436842e+00 3.178947e+00 8.26761534e-05
4.102564e+00 3.436842e+00 3.384211e+00 7.29556923e-05
4.102564e+00 3.436842e+00 3.589474e+00 6.47419365e-05
4.102564e+00 3.436842e+00 3.794737e+00 5.77705141e-05
4.102564e+00 3.436842e+00 4.000000e+00 5.18190900e-05
4.102564e+00 3.697368e+00 1.000000e-01 5.76451600e-01
4.102564e+00 3.697368e+00 3.052632e-01 7.12614972e-03
4.102564e+00 3.697368e+00 5.105263e-01 3.46296205e-04
4.102564e+00 3.697368e+00 7.157895e-01 1.49338201e-04
4.102564e+00 3.697368e+00 9.210526e-01 1.31117951e-04
4.102564e+00 3.697368e+00 1.126316e+00 1.17971344e-04
4.102564e+00 3.697368e+00 1.331579e+00 1.04860672e-04
4.102564e+00 3.697368e+00 1.536842e+00 9.22005711e-05
4.102564e+00 3.697368e+00 1.742105e+00 8.04219308e-05
4.102564e+00 3.697368e+00 1.947368e+00 6.97830546e-05
4.102564e+00 3.697368e+00 2.152632e+00 6.03922199e-05
4.102564e+00 3.697368e+00 2.357895e+00 5.22470909e-05
4.102564e+00 3.697368e+00 2.563158e+00 4.52727763e-05
4.102564e+00 3.697368e+00 2.768421e+00 3.93535847e-05
4.102564e+00 3.697368e+00 2.973684e+00 3.43566389e-05
4.102564e+00 3.697368e+00 3.178947e+00 3.01473683e-05
4.102564e+00 3.697368e+00 3.384211e+00 2.66001898e-05
4.102564e+00 3.697368e+00 3.589474e+00 2.36029628e-05
4.102564e+00 3.697368e+00 3.794737e+00 2.10592025e-05
4.102564e+00 3.697368e+00 4.000000e+00 1.88877657e-05
4.102564e+00 3.957895e+00 1.000000e-01 2.12655485e-01
4.102564e+00 3.957895e+00 3.052632e-01 2.62522232e-03
4.102564e+00 3.957895e+00 5.105263e-01 1.24243656e-04
4.102564e+00 3.957895e+00 7.157895e-01 5.18159140e-05
4.102564e+00 3.957895e+00 9.210526e-01 4.53688299e-05
4.102564e+00 3.957895e+00 1.126316e+00 4.08159613e-05
4.102564e+00 3.957895e+00 1.331579e+00 3.62804349e-05
4.102564e+00 3.957895e+00 1.536842e+00 3.19004284e-05
4.102564e+00 3.957895e+00 1.742105e+00 2.78251646e-05
4.102564e+00 3.957895e+00 1.947368e+00 2.41439211e-05
4.102564e+00 3.957895e+00 2.152632e+00 2.08942347e-05
4.102564e+00 3.957895e+00 2.357895e+00 1.80755233e-05
4.102564e+00 3.957895e+00 2.563158e+00 1.56618880e-05
4.102564e+00 3.957895e+00 2.768421e+00 1.36133831e-05
4.102564e+00 3.957895e+00 2.973684e+00 1.18839353e-05
4.102564e+00 3.957895e+00 3.178947e+00 1.04271357e-05
4.102564e+00 3.957895e+00 3.384211e+00 9.19948252e-06
4.102564e+00 3.957895e+00 3.589474e+00 8.16220836e-06
4.102564e+00 3.957895e+00 3.794737e+00 7.28191799e-06
4.102564e+00 3.957895e+00 4.000000e+00 6.53050211e-06
4.102564e+00 4.218421e+00 1.000000e-01 7.33019412e-02
4.102564e+00 4.218421e+00 3.052632e-01 9.03970504e-04
4.102564e+00 4.218421e+00 5.105263e-01 4.19238786e-05
4.102564e+00 4.218421e+00 7.157895e-01 1.70175572e-05
4.102564e+00 4.218421e+00 9.210526e-01 1.48659319e-05
4.102564e+00 4.218421e+00 1.126316e+00 1.33729964e-05
4.102564e+00 4.218421e+00 1.331579e+00 1.18870848e-05
4.102564e+00 4.218421e+00 1.536842e+00 1.04520996e-05
4.102564e+00 4.218421e+00 1.742105e+00 9.11683219e-06
4.102564e+00 4.218421e+00 1.947368e+00 7.91059756e-06
4.102564e+00 4.218421e+00 2.152632e+00 6.84573206e-06
4.102564e+00 4.218421e+00 2.357895e+00 5.92202468e-06
4.102564e+00 4.218421e+00 2.563158e+00 5.13104578e-06
4.102564e+00 4.218421e+00 2.768421e+00 4.45969272e-06
4.102564e+00 4.218421e+00 2.973684e+00 3.89290381e-06
4.102564e+00 4.218421e+00 3.178947e+00 3.41547457e-06
4.102564e+00 4.218421e+00 3.384211e+00 3.01314412e-06
4.102564e+00 4.218421e+00 3.589474e+00 2.67321479e-06
4.102564e+00 4.218421e+00 3.794737e+00 2.38473785e-06
4.102564e+00 4.218421e+00 4.000000e+00 2.13851399e-06
4.102564e+00 4.478947e+00 1.000000e-01 2.36090552e-02
4.102564e+00 4.478947e+00 3.052632e-01 2.90927623e-04
4.102564e+00 4.478947e+00 5.105263e-01 1.32886034e-05
4.102564e+00 4.478947e+00 7.157895e-01 5.28088594e-06
4.102564e+00 4.478947e+00 9.210526e-01 4.60465299e-06
4.102564e+00 4.478947e+00 1.126316e+00 4.14195438e-06
4.102564e+00 4.478947e+00 1.331579e+00 3.68175165e-06
4.102564e+00 4.478947e+00 1.536842e+00 3.23731433e-06
4.102564e+00 4.478947e+00 1.742105e+00 2.82373867e-06
4.102564e+00 4.478947e+00 1.947368e+00 2.45011665e-06
4.102564e+00 4.478947e+00 2.152632e+00 2.12026589e-06
4.102564e+00 4.478947e+00 2.357895e+00 1.83412988e-06
4.102564e+00 4.478947e+00 2.563158e+00 1.58909927e-06
4.102564e+00 4.478947e+00 2.768421e+00 1.38112512e-06
4.102564e+00 4.478947e+00 2.973684e+00 1.20554091e-06
4.102564e+00 4.478947e+00 3.178947e+00 1.05763831e-06
4.102564e+00 4.478947e+00 3.384211e+00 9.33003832e-07
4.102564e+00 4.478947e+00 3.589474e+00 8.27699921e-07
4.102564e+00 4.478947e+00 3.794737e+00 7.38338031e-07
4.102564e+00 4.478947e+00 4.000000e+00 6.62067805e-07
4.102564e+00 4.739474e+00 1.000000e-01 7.10501522e-03
4.102564e+00 4.739474e+00 3.052632e-01 8.75044352e-05
4.102564e+00 4.739474e+00 5.105263e-01 3.95237521e-06
4.102564e+00 4.739474e+00 7.157895e-01 1.54557790e-06
4.102564e+00 4.739474e+00 9.210526e-01 1.34572508e-06
4.102564e+00 4.739474e+00 1.126316e+00 1.21043661e-06
4.102564e+00 4.739474e+00 1.331579e+00 1.07595565e-06
4.102564e+00 4.739474e+00 1.536842e+00 9.46076796e-07
4.102564e+00 4.739474e+00 1.742105e+00 8.25213817e-07
4.102564e+00 4.739474e+00 1.947368e+00 7.16020622e-07
4.102564e+00 4.739474e+00 2.152632e+00 6.19616344e-07
4.102564e+00 4.739474e+00 2.357895e+00 5.35988192e-07
4.102564e+00 4.739474e+00 2.563158e+00 4.64371141e-07
4.102564e+00 4.739474e+00 2.768421e+00 4.03584124e-07
4.102564e+00 4.739474e+00 2.973684e+00 3.52263783e-07
4.102564e+00 4.739474e+00 3.178947e+00 3.09033851e-07
4.102564e+00 4.739474e+00 3.384211e+00 2.72605149e-07
4.102564e+00 4.739474e+00 3.589474e+00 2.41827479e-07
4.102564e+00 4.739474e+00 3.794737e+00 2.15709676e-07
4.102564e+00 4.739474e+00 4.000000e+00 1.93418813e-07
4.102564e+00 5.000000e+00 1.000000e-01 1.99790997e-03
4.102564e+00 5.000000e+00 3.052632e-01 2.45962619e-05
4.102564e+00 5.000000e+00 5.105263e-01 1.10203246e-06
4.102564e+00 5.000000e+00 7.157895e-01 4.25863703e-07
4.102564e+00 5.000000e+00 9.210526e-01 3.70398539e-07
4.102564e+00 5.000000e+00 1.126316e+00 3.33149472e-07
4.102564e+00 5.000000e+00 1.331579e+00 2.96137301e-07
4.102564e+00 5.000000e+00 1.536842e+00 2.60390550e-07
4.102564e+00 5.000000e+00 1.742105e+00 2.27125597e-07
4.102564e+00 5.000000e+00 1.947368e+00 1.97071103e-07
4.102564e+00 5.000000e+00 2.152632e+00 1.70536069e-07
4.102564e+00 5.000000e+00 2.357895e+00 1.47517071e-07
4.102564e+00 5.000000e+00 2.563158e+00 1.27803958e-07
4.102564e+00 5.000000e+00 2.768421e+00 1.11071571e-07
4.102564e+00 5.000000e+00 2.973684e+00 9.69450440e-08
4.102564e+00 5.000000e+00 3.178947e+00 8.50456061e-08
4.102564e+00 5.000000e+00 3.384211e+00 7.50181357e-08
4.102564e+00 5.000000e+00 3.589474e+00 6.65462991e-08
4.102564e+00 5.000000e+00 3.794737e+00 5.93573404e-08
4.102564e+00 5.000000e+00 4.000000e+00 5.32217683e-08
4.358974e+00 5.000000e-02 1.000000e-01 5.41021851e+02
4.358974e+00 5.000000e-02 3.052632e-01 1.10674314e+01
4.358974e+00 5.000000e-02 5.105263e-01 4.02907944e+00
4.358974e+00 5.000000e-02 7.157895e-01 3.58224845e+00
4.358974e+00 5.000000e-02 9.210526e-01 3.30475950e+00
4.358974e+00 5.000000e-02 1.126316e+00 3.00933385e+00
4.358974e+00 5.000000e-02 1.331579e+00 2.70524073e+00
4.358974e+00 5.000000e-02 1.536842e+00 2.40651035e+00
4.358974e+00 5.000000e-02 1.742105e+00 2.12370014e+00
4.358974e+00 5.000000e-02 1.947368e+00 1.86372161e+00
4.358974e+00 5.000000e-02 2.152632e+00 1.63025093e+00
4.358974e+00 5.000000e-02 2.357895e+00 1.42436588e+00
4.358974e+00 5.000000e-02 2.563158e+00 1.24530947e+00
4.358974e+00 5.000000e-02 2.768421e+00 1.09115517e+00
4.358974e+00 5.000000e-02 2.973684e+00 9.59348857e-01
4.358974e+00 5.000000e-02 3.178947e+00 8.47074628e-01
4.358974e+00 5.000000e-02 3.384211e+00 7.51571059e-01
4.358974e+00 5.000000e-02 3.589474e+00 6.70243979e-01
4.358974e+00 5.000000e-02 3.794737e+00 6.00793064e-01
4.358974e+00 5.000000e-02 4.000000e+00 5.41221559e-01
4.358974e+00 3.105263e-01 1.000000e-01 5.14148682e+02
4.358974e+00 3.105263e-01 3.052632e-01 8.55065250e+00
4.358974e+00 3.105263e-01 5.105263e-01 1.91723514e+00
4.358974e+00 3.105263e-01 7.157895e-01 1.60492468e+00
4.358974e+00 3.105263e-01 9.210526e-01 1.47704065e+00
4.358974e+00 3.105263e-01 1.126316e+00 1.34530926e+00
4.358974e+00 3.105263e-01 1.331579e+00 1.20976079e+00
4.358974e+00 3.105263e-01 1.536842e+00 1.07643831e+00
4.358974e+00 3.105263e-01 1.742105e+00 9.50086534e-01
4.358974e+00 3.105263e-01 1.947368e+00 8.33828628e-01
4.358974e+00 3.105263e-01 2.152632e+00 7.29322791e-01
4.358974e+00 3.105263e-01 2.357895e+00 6.37079597e-01
4.358974e+00 3.105263e-01 2.563158e+00 5.56805372e-01
4.358974e+00 3.105263e-01 2.768421e+00 4.87654954e-01
4.358974e+00 3.105263e-01 2.973684e+00 4.28499669e-01
4.358974e+00 3.105263e-01 3.178947e+00 3.78101975e-01
4.358974e+00 3.105263e-01 3.384211e+00 3.35226804e-01
4.358974e+00 3.105263e-01 3.589474e+00 2.98716336e-01
4.358974e+00 3.105263e-01 3.794737e+00 2.67546564e-01
4.358974e+00 3.105263e-01 4.000000e+00 2.40818769e-01
4.358974e+00 5.710526e-01 1.000000e-01 4.57773132e+02
4.358974e+00 5.710526e-01 3.052632e-01 7.04030561e+00
4.358974e+00 5.710526e-01 5.105263e-01 1.15033495e+00
4.358974e+00 5.710526e-01 7.157895e-01 9.04863179e-01
4.358974e+00 5.710526e-01 9.210526e-01 8.30430508e-01
4.358974e+00 5.710526e-01 1.126316e+00 7.56447077e-01
4.358974e+00 5.710526e-01 1.331579e+00 6.80377305e-01
4.358974e+00 5.710526e-01 1.536842e+00 6.05504572e-01
4.358974e+00 5.710526e-01 1.742105e+00 5.34489036e-01
4.358974e+00 5.710526e-01 1.947368e+00 4.69098717e-01
4.358974e+00 5.710526e-01 2.152632e+00 4.10278022e-01
4.358974e+00 5.710526e-01 2.357895e+00 3.58334780e-01
4.358974e+00 5.710526e-01 2.563158e+00 3.13105345e-01
4.358974e+00 5.710526e-01 2.768421e+00 2.74129242e-01
4.358974e+00 5.710526e-01 2.973684e+00 2.40776971e-01
4.358974e+00 5.710526e-01 3.178947e+00 2.12356493e-01
4.358974e+00 5.710526e-01 3.384211e+00 1.88176036e-01
4.358974e+00 5.710526e-01 3.589474e+00 1.67587548e-01
4.358974e+00 5.710526e-01 3.794737e+00 1.50011897e-01
4.358974e+00 5.710526e-01 4.000000e+00 1.34946048e-01
4.358974e+00 8.315790e-01 1.000000e-01 3.81070953e+02
4.358974e+00 8.315790e-01 3.052632e-01 5.61333942e+00
4.358974e+00 8.315790e-01 5.105263e-01 7.17253923e-01
4.358974e+00 8.315790e-01 7.157895e-01 5.26936531e-01
4.358974e+00 8.315790e-01 9.210526e-01 4.81953651e-01
4.358974e+00 8.315790e-01 1.126316e+00 4.39022541e-01
4.358974e+00 8.315790e-01 1.331579e+00 3.94936085e-01
4.358974e+00 8.315790e-01 1.536842e+00 3.51518959e-01
4.358974e+00 8.315790e-01 1.742105e+00 3.10317844e-01
4.358974e+00 8.315790e-01 1.947368e+00 2.72357196e-01
4.358974e+00 8.315790e-01 2.152632e+00 2.38193676e-01
4.358974e+00 8.315790e-01 2.357895e+00 2.08011448e-01
4.358974e+00 8.315790e-01 2.563158e+00 1.81721225e-01
4.358974e+00 8.315790e-01 2.768421e+00 1.59058571e-01
4.358974e+00 8.315790e-01 2.973684e+00 1.39662132e-01
4.358974e+00 8.315790e-01 3.178947e+00 1.23130389e-01
4.358974e+00 8.315790e-01 3.384211e+00 1.09064415e-01
4.358974e+00 8.315790e-01 3.589474e+00 9.70885605e-02
4.358974e+00 8.315790e-01 3.794737e+00 8.68666247e-02
4.358974e+00 8.315790e-01 4.000000e+00 7.81059191e-02
4.358974e+00 1.092105e+00 1.000000e-01 2.96482483e+02
4.358974e+00 1.092105e+00 3.052632e-01 4.25074196e+00
4.358974e+00 1.092105e+00 5.105263e-01 4.44800943e-01
4.358974e+00 1.092105e+00 7.157895e-01 3.03327113e-01
4.358974e+00 1.092105e+00 9.210526e-01 2.76306897e-01
4.358974e+00 1.092105e+00 1.126316e+00 2.51680732e-01
4.358974e+00 1.092105e+00 1.331579e+00 2.26433963e-01
4.358974e+00 1.092105e+00 1.536842e+00 2.01560915e-01
4.358974e+00 1.092105e+00 1.742105e+00 1.77946702e-01
4.358974e+00 1.092105e+00 1.947368e+00 1.56179443e-01
4.358974e+00 1.092105e+00 2.152632e+00 1.36583284e-01
4.358974e+00 1.092105e+00 2.357895e+00 1.19264491e-01
4.358974e+00 1.092105e+00 2.563158e+00 1.04174204e-01
4.358974e+00 1.092105e+00 2.768421e+00 9.11630169e-02
4.358974e+00 1.092105e+00 2.973684e+00 8.00251961e-02
4.358974e+00 1.092105e+00 3.178947e+00 7.05313683e-02
4.358974e+00 1.092105e+00 3.384211e+00 6.24532737e-02
4.358974e+00 1.092105e+00 3.589474e+00 5.55755012e-02
4.358974e+00 1.092105e+00 3.794737e+00 4.97055091e-02
4.358974e+00 1.092105e+00 4.000000e+00 4.46757302e-02
4.358974e+00 1.352632e+00 1.000000e-01 2.15563721e+02
4.358974e+00 1.352632e+00 3.052632e-01 3.03498840e+00
4.358974e+00 1.352632e+00 5.105263e-01 2.69421786e-01
4.358974e+00 1.352632e+00 7.157895e-01 1.69699773e-01
4.358974e+00 1.352632e+00 9.210526e-01 1.53851107e-01
4.358974e+00 1.352632e+00 1.126316e+00 1.40121892e-01
4.358974e+00 1.352632e+00 1.331579e+00 1.26077518e-01
4.358974e+00 1.352632e+00 1.536842e+00 1.12236984e-01
4.358974e+00 1.352632e+00 1.742105e+00 9.90921110e-02
4.358974e+00 1.352632e+00 1.947368e+00 8.69712904e-02
4.358974e+00 1.352632e+00 2.152632e+00 7.60559067e-02
4.358974e+00 1.352632e+00 2.357895e+00 6.64061606e-02
4.358974e+00 1.352632e+00 2.563158e+00 5.79962134e-02
4.358974e+00 1.352632e+00 2.768421e+00 5.07436320e-02
4.358974e+00 1.352632e+00 2.973684e+00 4.45342809e-02
4.358974e+00 1.352632e+00 3.178947e+00 3.92411910e-02
4.358974e+00 1.352632e+00 3.384211e+00 3.47370021e-02
4.358974e+00 1.352632e+00 3.589474e+00 3.09023429e-02
4.358974e+00 1.352632e+00 3.794737e+00 2.76299175e-02
4.358974e+00 1.352632e+00 4.000000e+00 2.48262417e-02
4.358974e+00 1.613158e+00 1.000000e-01 1.46457214e+02
4.358974e+00 1.613158e+00 3.052632e-01 2.03595877e+00
4.358974e+00 1.613158e+00 5.105263e-01 1.57770172e-01
4.358974e+00 1.613158e+00 7.157895e-01 9.14869085e-02
4.358974e+00 1.613158e+00 9.210526e-01 8.24942589e-02
4.358974e+00 1.613158e+00 1.126316e+00 7.51195550e-02
4.358974e+00 1.613158e+00 1.331579e+00 6.75947070e-02
4.358974e+00 1.613158e+00 1.536842e+00 6.01783507e-02
4.358974e+00 1.613158e+00 1.742105e+00 5.31320944e-02
4.358974e+00 1.613158e+00 1.947368e+00 4.66334298e-02
4.358974e+00 1.613158e+00 2.152632e+00 4.07790951e-02
4.358974e+00 1.613158e+00 2.357895e+00 3.56026329e-02
4.358974e+00 1.613158e+00 2.563158e+00 3.10902763e-02
4.358974e+00 1.613158e+00 2.768421e+00 2.71982644e-02
4.358974e+00 1.613158e+00 2.973684e+00 2.38656979e-02
4.358974e+00 1.613158e+00 3.178947e+00 2.10247301e-02
4.358974e+00 1.613158e+00 3.384211e+00 1.86071023e-02
4.358974e+00 1.613158e+00 3.589474e+00 1.65488943e-02
4.358974e+00 1.613158e+00 3.794737e+00 1.47925792e-02
4.358974e+00 1.613158e+00 4.000000e+00 1.32880230e-02
4.358974e+00 1.873684e+00 1.000000e-01 9.29804077e+01
4.358974e+00 1.873684e+00 3.052632e-01 1.28073919e+00
4.358974e+00 1.873684e+00 5.105263e-01 8.87098312e-02
4.358974e+00 1.873684e+00 7.157895e-01 4.72943150e-02
4.358974e+00 1.873684e+00 9.210526e-01 4.23883684e-02
4.358974e+00 1.873684e+00 1.126316e+00 3.85905765e-02
4.358974e+00 1.873684e+00 1.331579e+00 3.47265862e-02
4.358974e+00 1.873684e+00 1.536842e+00 3.09179556e-02
4.358974e+00 1.873684e+00 1.742105e+00 2.72986703e-02
4.358974e+00 1.873684e+00 1.947368e+00 2.39597261e-02
4.358974e+00 1.873684e+00 2.152632e+00 2.09512226e-02
4.358974e+00 1.873684e+00 2.357895e+00 1.82904657e-02
4.358974e+00 1.873684e+00 2.563158e+00 1.59707535e-02
4.358974e+00 1.873684e+00 2.768421e+00 1.39697082e-02
4.358974e+00 1.873684e+00 2.973684e+00 1.22561045e-02
4.358974e+00 1.873684e+00 3.178947e+00 1.07951742e-02
4.358974e+00 1.873684e+00 3.384211e+00 9.55193210e-03
4.358974e+00 1.873684e+00 3.589474e+00 8.49355292e-03
4.358974e+00 1.873684e+00 3.794737e+00 7.59043498e-03
4.358974e+00 1.873684e+00 4.000000e+00 6.81688357e-03
4.358974e+00 2.134211e+00 1.000000e-01 5.51581764e+01
4.358974e+00 2.134211e+00 3.052632e-01 7.54628479e-01
4.358974e+00 2.134211e+00 5.105263e-01 4.76531498e-02
4.358974e+00 2.134211e+00 7.157895e-01 2.33734958e-02
4.358974e+00 2.134211e+00 9.210526e-01 2.08114535e-02
4.358974e+00 2.134211e+00 1.126316e+00 1.89418923e-02
4.358974e+00 2.134211e+00 1.331579e+00 1.70459747e-02
4.358974e+00 2.134211e+00 1.536842e+00 1.51771037e-02
4.358974e+00 2.134211e+00 1.742105e+00 1.34007530e-02
4.358974e+00 2.134211e+00 1.947368e+00 1.17616393e-02
4.358974e+00 2.134211e+00 2.152632e+00 1.02845049e-02
4.358974e+00 2.134211e+00 2.357895e+00 8.97789840e-03
4.358974e+00 2.134211e+00 2.563158e+00 7.83861894e-03
4.358974e+00 2.134211e+00 2.768421e+00 6.85570063e-03
4.358974e+00 2.134211e+00 2.973684e+00 6.01394428e-03
4.358974e+00 2.134211e+00 3.178947e+00 5.29623730e-03
4.358974e+00 2.134211e+00 3.384211e+00 4.68547735e-03
4.358974e+00 2.134211e+00 3.589474e+00 4.16554464e-03
4.358974e+00 2.134211e+00 3.794737e+00 3.72191635e-03
4.358974e+00 2.134211e+00 4.000000e+00 3.34194722e-03
4.358974e+00 2.394737e+00 1.000000e-01 3.05747089e+01
4.358974e+00 2.394737e+00 3.052632e-01 4.16173726e-01
4.358974e+00 2.394737e+00 5.105263e-01 2.43611019e-02
4.358974e+00 2.394737e+00 7.157895e-01 1.10220816e-02
4.358974e+00 2.394737e+00 9.210526e-01 9.74566303e-03
4.358974e+00 2.394737e+00 1.126316e+00 8.86757579e-03
4.358974e+00 2.394737e+00 1.331579e+00 7.98025820e-03
4.358974e+00 2.394737e+00 1.536842e+00 7.10554747e-03
4.358974e+00 2.394737e+00 1.742105e+00 6.27402449e-03
4.358974e+00 2.394737e+00 1.947368e+00 5.50663052e-03
4.358974e+00 2.394737e+00 2.152632e+00 4.81492653e-03
4.358974e+00 2.394737e+00 2.357895e+00 4.20300616e-03
4.358974e+00 2.394737e+00 2.563158e+00 3.66937253e-03
4.358974e+00 2.394737e+00 2.768421e+00 3.20894201e-03
4.358974e+00 2.394737e+00 2.973684e+00 2.81460444e-03
4.358974e+00 2.394737e+00 3.178947e+00 2.47837207e-03
4.358974e+00 2.394737e+00 3.384211e+00 2.19223439e-03
4.358974e+00 2.394737e+00 3.589474e+00 1.94864767e-03
4.358974e+00 2.394737e+00 3.794737e+00 1.74082909e-03
4.358974e+00 2.394737e+00 4.000000e+00 1.56284543e-03
4.358974e+00 2.655263e+00 1.000000e-01 1.58359728e+01
4.358974e+00 2.655263e+00 3.052632e-01 2.14723378e-01
4.358974e+00 2.655263e+00 5.105263e-01 1.18150609e-02
4.358974e+00 2.655263e+00 7.157895e-01 4.95292153e-03
4.358974e+00 2.655263e+00 9.210526e-01 4.34795627e-03
4.358974e+00 2.655263e+00 1.126316e+00 3.95496283e-03
4.358974e+00 2.655263e+00 1.331579e+00 3.55928903e-03
4.358974e+00 2.655263e+00 1.536842e+00 3.16925300e-03
4.358974e+00 2.655263e+00 1.742105e+00 2.79842154e-03
4.358974e+00 2.655263e+00 1.947368e+00 2.45612930e-03
4.358974e+00 2.655263e+00 2.152632e+00 2.14756117e-03
4.358974e+00 2.655263e+00 2.357895e+00 1.87454582e-03
4.358974e+00 2.655263e+00 2.563158e+00 1.63643784e-03
4.358974e+00 2.655263e+00 2.768421e+00 1.43097632e-03
4.358974e+00 2.655263e+00 2.973684e+00 1.25499477e-03
4.358974e+00 2.655263e+00 3.178947e+00 1.10493973e-03
4.358974e+00 2.655263e+00 3.384211e+00 9.77238873e-04
4.358974e+00 2.655263e+00 3.589474e+00 8.68533447e-04
4.358974e+00 2.655263e+00 3.794737e+00 7.75789260e-04
4.358974e+00 2.655263e+00 4.000000e+00 6.96366304e-04
4.358974e+00 2.915789e+00 1.000000e-01 7.66401529e+00
4.358974e+00 2.915789e+00 3.052632e-01 1.03611708e-01
4.358974e+00 2.915789e+00 5.105263e-01 5.42259263e-03
4.358974e+00 2.915789e+00 7.157895e-01 2.11878470e-03
4.358974e+00 2.915789e+00 9.210526e-01 1.84665876e-03
4.358974e+00 2.915789e+00 1.126316e+00 1.67921162e-03
4.358974e+00 2.915789e+00 1.331579e+00 1.51123933e-03
4.358974e+00 2.915789e+00 1.536842e+00 1.34566694e-03
4.358974e+00 2.915789e+00 1.742105e+00 1.18822674e-03
4.358974e+00 2.915789e+00 1.947368e+00 1.04288408e-03
4.358974e+00 2.915789e+00 2.152632e+00 9.11846932e-04
4.358974e+00 2.915789e+00 2.357895e+00 7.95893196e-04
4.358974e+00 2.915789e+00 2.563158e+00 6.94756629e-04
4.358974e+00 2.915789e+00 2.768421e+00 6.07481052e-04
4.358974e+00 2.915789e+00 2.973684e+00 5.32722916e-04
4.358974e+00 2.915789e+00 3.178947e+00 4.68977611e-04
4.358974e+00 2.915789e+00 3.384211e+00 4.14727954e-04
4.358974e+00 2.915789e+00 3.589474e+00 3.68547713e-04
4.358974e+00 2.915789e+00 3.794737e+00 3.29150527e-04
4.358974e+00 2.915789e+00 4.000000e+00 2.95414880e-04
4.358974e+00 3.176316e+00 1.000000e-01 3.46572924e+00
4.358974e+00 3.176316e+00 3.052632e-01 4.67481688e-02
4.358974e+00 3.176316e+00 5.105263e-01 2.35013757e-03
4.358974e+00 3.176316e+00 7.157895e-01 8.62076122e-04
4.358974e+00 3.176316e+00 9.210526e-01 7.46148522e-04
4.358974e+00 3.176316e+00 1.126316e+00 6.78274606e-04
4.358974e+00 3.176316e+00 1.331579e+00 6.10433985e-04
4.358974e+00 3.176316e+00 1.536842e+00 5.43566537e-04
4.358974e+00 3.176316e+00 1.742105e+00 4.79975599e-04
4.358974e+00 3.176316e+00 1.947368e+00 4.21263772e-04
4.358974e+00 3.176316e+00 2.152632e+00 3.68325680e-04
4.358974e+00 3.176316e+00 2.357895e+00 3.21477302e-04
4.358974e+00 3.176316e+00 2.563158e+00 2.80611624e-04
4.358974e+00 3.176316e+00 2.768421e+00 2.45344650e-04
4.358974e+00 3.176316e+00 2.973684e+00 2.15134700e-04
4.358974e+00 3.176316e+00 3.178947e+00 1.89373750e-04
4.358974e+00 3.176316e+00 3.384211e+00 1.67450416e-04
4.358974e+00 3.176316e+00 3.589474e+00 1.48788327e-04
4.358974e+00 3.176316e+00 3.794737e+00 1.32867848e-04
4.358974e+00 3.176316e+00 4.000000e+00 1.19235803e-04
4.358974e+00 3.436842e+00 1.000000e-01 1.46439815e+00
4.358974e+00 3.436842e+00 3.052632e-01 1.97186526e-02
4.358974e+00 3.436842e+00 5.105263e-01 9.60123027e-04
4.358974e+00 3.436842e+00 7.157895e-01 3.33282165e-04
4.358974e+00 3.436842e+00 9.210526e-01 2.86596158e-04
4.358974e+00 3.436842e+00 1.126316e+00 2.60447443e-04
4.358974e+00 3.436842e+00 1.331579e+00 2.34399980e-04
4.358974e+00 3.436842e+00 1.536842e+00 2.08727055e-04
4.358974e+00 3.436842e+00 1.742105e+00 1.84309625e-04
4.358974e+00 3.436842e+00 1.947368e+00 1.61764357e-04
4.358974e+00 3.436842e+00 2.152632e+00 1.41433746e-04
4.358974e+00 3.436842e+00 2.357895e+00 1.23440652e-04
4.358974e+00 3.436842e+00 2.563158e+00 1.07744439e-04
4.358974e+00 3.436842e+00 2.768421e+00 9.41976832e-05
4.358974e+00 3.436842e+00 2.973684e+00 8.25929237e-05
4.358974e+00 3.436842e+00 3.178947e+00 7.26972212e-05
4.358974e+00 3.436842e+00 3.384211e+00 6.42754749e-05
4.358974e+00 3.436842e+00 3.589474e+00 5.71065029e-05
4.358974e+00 3.436842e+00 3.794737e+00 5.09910205e-05
4.358974e+00 3.436842e+00 4.000000e+00 4.57547758e-05
4.358974e+00 3.697368e+00 1.000000e-01 5.78162014e-01
4.358974e+00 3.697368e+00 3.052632e-01 7.77489273e-03
4.358974e+00 3.697368e+00 5.105263e-01 3.69193265e-04
4.358974e+00 3.697368e+00 7.157895e-01 1.22285361e-04
4.358974e+00 3.697368e+00 9.210526e-01 1.04543200e-04
4.358974e+00 3.697368e+00 1.126316e+00 9.49786408e-05
4.358974e+00 3.697368e+00 1.331579e+00 8.54800383e-05
4.358974e+00 3.697368e+00 1.536842e+00 7.61190386e-05
4.358974e+00 3.697368e+00 1.742105e+00 6.72150127e-05
4.358974e+00 3.697368e+00 1.947368e+00 5.89928568e-05
4.358974e+00 3.697368e+00 2.152632e+00 5.15779830e-05
4.358974e+00 3.697368e+00 2.357895e+00 4.50151128e-05
4.358974e+00 3.697368e+00 2.563158e+00 3.92896218e-05
4.358974e+00 3.697368e+00 2.768421e+00 3.43479769e-05
4.358974e+00 3.697368e+00 2.973684e+00 3.01147029e-05
4.358974e+00 3.697368e+00 3.178947e+00 2.65047056e-05
4.358974e+00 3.697368e+00 3.384211e+00 2.34323979e-05
4.358974e+00 3.697368e+00 3.589474e+00 2.08171823e-05
4.358974e+00 3.697368e+00 3.794737e+00 1.85863009e-05
4.358974e+00 3.697368e+00 4.000000e+00 1.66762602e-05
4.358974e+00 3.957895e+00 1.000000e-01 2.13287041e-01
4.358974e+00 3.957895e+00 3.052632e-01 2.86534172e-03
4.358974e+00 3.957895e+00 5.105263e-01 1.33448091e-04
4.358974e+00 3.957895e+00 7.157895e-01 4.25230501e-05
4.358974e+00 3.957895e+00 9.210526e-01 3.61698440e-05
4.358974e+00 3.957895e+00 1.126316e+00 3.28527822e-05
4.358974e+00 3.957895e+00 1.331579e+00 2.95673963e-05
4.358974e+00 3.957895e+00 1.536842e+00 2.63297497e-05
4.358974e+00 3.957895e+00 1.742105e+00 2.32499679e-05
4.358974e+00 3.957895e+00 1.947368e+00 2.04058524e-05
4.358974e+00 3.957895e+00 2.152632e+00 1.78408154e-05
4.358974e+00 3.957895e+00 2.357895e+00 1.55703747e-05
4.358974e+00 3.957895e+00 2.563158e+00 1.35895289e-05
4.358974e+00 3.957895e+00 2.768421e+00 1.18798289e-05
4.358974e+00 3.957895e+00 2.973684e+00 1.04151395e-05
4.358974e+00 3.957895e+00 3.178947e+00 9.16609770e-06
4.358974e+00 3.957895e+00 3.384211e+00 8.10309666e-06
4.358974e+00 3.957895e+00 3.589474e+00 7.19823583e-06
4.358974e+00 3.957895e+00 3.794737e+00 6.42637815e-06
4.358974e+00 3.957895e+00 4.000000e+00 5.76556022e-06
4.358974e+00 4.218421e+00 1.000000e-01 7.35197738e-02
4.358974e+00 4.218421e+00 3.052632e-01 9.86942323e-04
4.358974e+00 4.218421e+00 5.105263e-01 4.52917084e-05
4.358974e+00 4.218421e+00 7.157895e-01 1.39912881e-05
4.358974e+00 4.218421e+00 9.210526e-01 1.18507514e-05
4.358974e+00 4.218421e+00 1.126316e+00 1.07617807e-05
4.358974e+00 4.218421e+00 1.331579e+00 9.68559652e-06
4.358974e+00 4.218421e+00 1.536842e+00 8.62509387e-06
4.358974e+00 4.218421e+00 1.742105e+00 7.61626870e-06
4.358974e+00 4.218421e+00 1.947368e+00 6.68456823e-06
4.358974e+00 4.218421e+00 2.152632e+00 5.84425470e-06
4.358974e+00 4.218421e+00 2.357895e+00 5.10042628e-06
4.358974e+00 4.218421e+00 2.563158e+00 4.45143996e-06
4.358974e+00 4.218421e+00 2.768421e+00 3.89127581e-06
4.358974e+00 4.218421e+00 2.973684e+00 3.41136956e-06
4.358974e+00 4.218421e+00 3.178947e+00 3.00211036e-06
4.358974e+00 4.218421e+00 3.384211e+00 2.65381550e-06
4.358974e+00 4.218421e+00 3.589474e+00 2.35734001e-06
4.358974e+00 4.218421e+00 3.794737e+00 2.10444500e-06
4.358974e+00 4.218421e+00 4.000000e+00 1.88793547e-06
4.358974e+00 4.478947e+00 1.000000e-01 2.36792602e-02
4.358974e+00 4.478947e+00 3.052632e-01 3.17699625e-04
4.358974e+00 4.478947e+00 5.105263e-01 1.44195983e-05
4.358974e+00 4.478947e+00 7.157895e-01 4.34817957e-06
4.358974e+00 4.478947e+00 9.210526e-01 3.67049188e-06
4.358974e+00 4.478947e+00 1.126316e+00 3.33266553e-06
4.358974e+00 4.478947e+00 1.331579e+00 2.99939916e-06
4.358974e+00 4.478947e+00 1.536842e+00 2.67100631e-06
4.358974e+00 4.478947e+00 1.742105e+00 2.35860443e-06
4.358974e+00 4.478947e+00 1.947368e+00 2.07007179e-06
4.358974e+00 4.478947e+00 2.152632e+00 1.80983216e-06
4.358974e+00 4.478947e+00 2.357895e+00 1.57945954e-06
4.358974e+00 4.478947e+00 2.563158e+00 1.37845984e-06
4.358974e+00 4.478947e+00 2.768421e+00 1.20496384e-06
4.358974e+00 4.478947e+00 2.973684e+00 1.05632319e-06
4.358974e+00 4.478947e+00 3.178947e+00 9.29563669e-07
4.358974e+00 4.478947e+00 3.384211e+00 8.21684807e-07
4.358974e+00 4.478947e+00 3.589474e+00 7.29857049e-07
4.358974e+00 4.478947e+00 3.794737e+00 6.51528580e-07
4.358974e+00 4.478947e+00 4.000000e+00 5.84470854e-07
4.358974e+00 4.739474e+00 1.000000e-01 7.12615019e-03
4.358974e+00 4.739474e+00 3.052632e-01 9.55719079e-05
4.358974e+00 4.739474e+00 5.105263e-01 4.30284990e-06
4.358974e+00 4.739474e+00 7.157895e-01 1.27405519e-06
4.358974e+00 4.739474e+00 9.210526e-01 1.07266510e-06
4.358974e+00 4.739474e+00 1.126316e+00 9.73813144e-07
4.358974e+00 4.739474e+00 1.331579e+00 8.76435934e-07
4.358974e+00 4.739474e+00 1.536842e+00 7.80482651e-07
4.358974e+00 4.739474e+00 1.742105e+00 6.89197805e-07
4.358974e+00 4.739474e+00 1.947368e+00 6.04887305e-07
4.358974e+00 4.739474e+00 2.152632e+00 5.28840189e-07
4.358974e+00 4.739474e+00 2.357895e+00 4.61519591e-07
4.358974e+00 4.739474e+00 2.563158e+00 4.02780984e-07
4.358974e+00 4.739474e+00 2.768421e+00 3.52078473e-07
4.358974e+00 4.739474e+00 2.973684e+00 3.08639613e-07
4.358974e+00 4.739474e+00 3.178947e+00 2.71595184e-07
4.358974e+00 4.739474e+00 3.384211e+00 2.40068118e-07
4.358974e+00 4.739474e+00 3.589474e+00 2.13231843e-07
4.358974e+00 4.739474e+00 3.794737e+00 1.90341098e-07
4.358974e+00 4.739474e+00 4.000000e+00 1.70744457e-07
4.358974e+00 5.000000e+00 1.000000e-01 2.00385414e-03
4.358974e+00 5.000000e+00 3.052632e-01 2.68669173e-05
4.358974e+00 5.000000e+00 5.105263e-01 1.20261006e-06
4.358974e+00 5.000000e+00 7.157895e-01 3.51349314e-07
4.358974e+00 5.000000e+00 9.210526e-01 2.95231359e-07
4.358974e+00 5.000000e+00 1.126316e+00 2.67999127e-07
4.358974e+00 5.000000e+00 1.331579e+00 2.41199757e-07
4.358974e+00 5.000000e+00 1.536842e+00 2.14794269e-07
4.358974e+00 5.000000e+00 1.742105e+00 1.89672818e-07
4.358974e+00 5.000000e+00 1.947368e+00 1.66469363e-07
4.358974e+00 5.000000e+00 2.152632e+00 1.45540085e-07
4.358974e+00 5.000000e+00 2.357895e+00 1.27012100e-07
4.358974e+00 5.000000e+00 2.563158e+00 1.10845669e-07
4.358974e+00 5.000000e+00 2.768421e+00 9.68907514e-08
4.358974e+00 5.000000e+00 2.973684e+00 8.49349675e-08
4.358974e+00 5.000000e+00 3.178947e+00 7.47391127e-08
4.358974e+00 5.000000e+00 3.384211e+00 6.60617019e-08
4.358974e+00 5.000000e+00 3.589474e+00 5.86755640e-08
4.358974e+00 5.000000e+00 3.794737e+00 5.23752561e-08
4.358974e+00 5.000000e+00 4.000000e+00 4.69817500e-08
4.615385e+00 5.000000e-02 1.000000e-01 5.36836670e+02
4.615385e+00 5.000000e-02 3.052632e-01 1.08246660e+01
4.615385e+00 5.000000e-02 5.105263e-01 3.32911634e+00
4.615385e+00 5.000000e-02 7.157895e-01 2.89389300e+00
4.615385e+00 5.000000e-02 9.210526e-01 2.68879080e+00
4.615385e+00 5.000000e-02 1.126316e+00 2.47330856e+00
4.615385e+00 5.000000e-02 1.331579e+00 2.24779892e+00
4.615385e+00 5.000000e-02 1.536842e+00 2.02194715e+00
4.615385e+00 5.000000e-02 1.742105e+00 1.80384517e+00
4.615385e+00 5.000000e-02 1.947368e+00 1.59931862e+00
4.615385e+00 5.000000e-02 2.152632e+00 1.41198254e+00
4.615385e+00 5.000000e-02 2.357895e+00 1.24365318e+00
4.615385e+00 5.000000e-02 2.563158e+00 1.09464586e+00
4.615385e+00 5.000000e-02 2.768421e+00 9.64268267e-01
4.615385e+00 5.000000e-02 2.973684e+00 8.51179421e-01
4.615385e+00 5.000000e-02 3.178947e+00 7.53649056e-01
4.615385e+00 5.000000e-02 3.384211e+00 6.69822097e-01
4.615385e+00 5.000000e-02 3.589474e+00 5.97869098e-01
4.615385e+00 5.000000e-02 3.794737e+00 5.36058128e-01
4.615385e+00 5.000000e-02 4.000000e+00 4.82842296e-01
4.615385e+00 3.105263e-01 1.000000e-01 5.10575165e+02
4.615385e+00 3.105263e-01 3.052632e-01 8.72577000e+00
4.615385e+00 3.105263e-01 5.105263e-01 1.63137066e+00
4.615385e+00 3.105263e-01 7.157895e-01 1.29673755e+00
4.615385e+00 3.105263e-01 9.210526e-01 1.19922948e+00
4.615385e+00 3.105263e-01 1.126316e+00 1.10316801e+00
4.615385e+00 3.105263e-01 1.331579e+00 1.00285673e+00
4.615385e+00 3.105263e-01 1.536842e+00 9.02319074e-01
4.615385e+00 3.105263e-01 1.742105e+00 8.05136919e-01
4.615385e+00 3.105263e-01 1.947368e+00 7.13920891e-01
4.615385e+00 3.105263e-01 2.152632e+00 6.30310833e-01
4.615385e+00 3.105263e-01 2.357895e+00 5.55119932e-01
4.615385e+00 3.105263e-01 2.563158e+00 4.88518447e-01
4.615385e+00 3.105263e-01 2.768421e+00 4.30212289e-01
4.615385e+00 3.105263e-01 2.973684e+00 3.79607826e-01
4.615385e+00 3.105263e-01 3.178947e+00 3.35952997e-01
4.615385e+00 3.105263e-01 3.384211e+00 2.98424155e-01
4.615385e+00 3.105263e-01 3.589474e+00 2.66204834e-01
4.615385e+00 3.105263e-01 3.794737e+00 2.38528907e-01
4.615385e+00 3.105263e-01 4.000000e+00 2.14703947e-01
4.615385e+00 5.710526e-01 1.000000e-01 4.54708893e+02
4.615385e+00 5.710526e-01 3.052632e-01 7.31488943e+00
4.615385e+00 5.710526e-01 5.105263e-01 1.00687551e+00
4.615385e+00 5.710526e-01 7.157895e-01 7.31820703e-01
4.615385e+00 5.710526e-01 9.210526e-01 6.73255920e-01
4.615385e+00 5.710526e-01 1.126316e+00 6.19274497e-01
4.615385e+00 5.710526e-01 1.331579e+00 5.63068748e-01
4.615385e+00 5.710526e-01 1.536842e+00 5.06706834e-01
4.615385e+00 5.710526e-01 1.742105e+00 4.52192396e-01
4.615385e+00 5.710526e-01 1.947368e+00 4.00990427e-01
4.615385e+00 5.710526e-01 2.152632e+00 3.54029775e-01
4.615385e+00 5.710526e-01 2.357895e+00 3.11778605e-01
4.615385e+00 5.710526e-01 2.563158e+00 2.74333239e-01
4.615385e+00 5.710526e-01 2.768421e+00 2.41540819e-01
4.615385e+00 5.710526e-01 2.973684e+00 2.13070333e-01
4.615385e+00 5.710526e-01 3.178947e+00 1.88502565e-01
4.615385e+00 5.710526e-01 3.384211e+00 1.67379484e-01
4.615385e+00 5.710526e-01 3.589474e+00 1.49243340e-01
4.615385e+00 5.710526e-01 3.794737e+00 1.33665130e-01
4.615385e+00 5.710526e-01 4.000000e+00 1.20255716e-01
4.615385e+00 8.315790e-01 1.000000e-01 3.78570251e+02
4.615385e+00 8.315790e-01 3.052632e-01 5.89331484e+00
4.615385e+00 8.315790e-01 5.105263e-01 6.46029055e-01
4.615385e+00 8.315790e-01 7.157895e-01 4.26914424e-01
4.615385e+00 8.315790e-01 9.210526e-01 3.90310943e-01
4.615385e+00 8.315790e-01 1.126316e+00 3.58946174e-01
4.615385e+00 8.315790e-01 1.331579e+00 3.26412469e-01
4.615385e+00 8.315790e-01 1.536842e+00 2.93774545e-01
4.615385e+00 8.315790e-01 1.742105e+00 2.62193203e-01
4.615385e+00 8.315790e-01 1.947368e+00 2.32517704e-01
4.615385e+00 8.315790e-01 2.152632e+00 2.05287978e-01
4.615385e+00 8.315790e-01 2.357895e+00 1.80777818e-01
4.615385e+00 8.315790e-01 2.563158e+00 1.59049660e-01
4.615385e+00 8.315790e-01 2.768421e+00 1.40014380e-01
4.615385e+00 8.315790e-01 2.973684e+00 1.23483725e-01
4.615385e+00 8.315790e-01 3.178947e+00 1.09216556e-01
4.615385e+00 8.315790e-01 3.384211e+00 9.69477221e-02
4.615385e+00 8.315790e-01 3.589474e+00 8.64136964e-02
4.615385e+00 8.315790e-01 3.794737e+00 7.73655400e-02
4.615385e+00 8.315790e-01 4.000000e+00 6.95776418e-02
4.615385e+00 1.092105e+00 1.000000e-01 2.94559814e+02
4.615385e+00 1.092105e+00 3.052632e-01 4.49281454e+00
4.615385e+00 1.092105e+00 5.105263e-01 4.12200511e-01
4.615385e+00 1.092105e+00 7.157895e-01 2.46358618e-01
4.615385e+00 1.092105e+00 9.210526e-01 2.23584533e-01
4.615385e+00 1.092105e+00 1.126316e+00 2.05558509e-01
4.615385e+00 1.092105e+00 1.331579e+00 1.86944157e-01
4.615385e+00 1.092105e+00 1.536842e+00 1.68268770e-01
4.615385e+00 1.092105e+00 1.742105e+00 1.50190443e-01
4.615385e+00 1.092105e+00 1.947368e+00 1.33196503e-01
4.615385e+00 1.092105e+00 2.152632e+00 1.17598243e-01
4.615385e+00 1.092105e+00 2.357895e+00 1.03553057e-01
4.615385e+00 1.092105e+00 2.563158e+00 9.10985842e-02
4.615385e+00 1.092105e+00 2.768421e+00 8.01847577e-02
4.615385e+00 1.092105e+00 2.973684e+00 7.07053989e-02
4.615385e+00 1.092105e+00 3.178947e+00 6.25227690e-02
4.615385e+00 1.092105e+00 3.384211e+00 5.54852597e-02
4.615385e+00 1.092105e+00 3.589474e+00 4.94427383e-02
4.615385e+00 1.092105e+00 3.794737e+00 4.42523919e-02
4.615385e+00 1.092105e+00 4.000000e+00 3.97855379e-02
4.615385e+00 1.352632e+00 1.000000e-01 2.14176331e+02
4.615385e+00 1.352632e+00 3.052632e-01 3.22254181e+00
4.615385e+00 1.352632e+00 5.105263e-01 2.56634206e-01
4.615385e+00 1.352632e+00 7.157895e-01 1.38265446e-01
4.615385e+00 1.352632e+00 9.210526e-01 1.24418952e-01
4.615385e+00 1.352632e+00 1.126316e+00 1.14344016e-01
4.615385e+00 1.352632e+00 1.331579e+00 1.03996582e-01
4.615385e+00 1.352632e+00 1.536842e+00 9.36149657e-02
4.615385e+00 1.352632e+00 1.742105e+00 8.35617632e-02
4.615385e+00 1.352632e+00 1.947368e+00 7.41089955e-02
4.615385e+00 1.352632e+00 2.152632e+00 6.54299706e-02
4.615385e+00 1.352632e+00 2.357895e+00 5.76133765e-02
4.615385e+00 1.352632e+00 2.563158e+00 5.06801419e-02
4.615385e+00 1.352632e+00 2.768421e+00 4.46036384e-02
4.615385e+00 1.352632e+00 2.973684e+00 3.93247977e-02
4.615385e+00 1.352632e+00 3.178947e+00 3.47675011e-02
4.615385e+00 1.352632e+00 3.384211e+00 3.08478456e-02
4.615385e+00 1.352632e+00 3.589474e+00 2.74820141e-02
4.615385e+00 1.352632e+00 3.794737e+00 2.45910231e-02
4.615385e+00 1.352632e+00 4.000000e+00 2.21031941e-02
4.615385e+00 1.613158e+00 1.000000e-01 1.45519272e+02
4.615385e+00 1.613158e+00 3.052632e-01 2.16877580e+00
4.615385e+00 1.613158e+00 5.105263e-01 1.54207990e-01
4.615385e+00 1.613158e+00 7.157895e-01 7.48238489e-02
4.615385e+00 1.613158e+00 9.210526e-01 6.66835830e-02
4.615385e+00 1.613158e+00 1.126316e+00 6.12549596e-02
4.615385e+00 1.613158e+00 1.331579e+00 5.57142831e-02
4.615385e+00 1.613158e+00 1.536842e+00 5.01557253e-02
4.615385e+00 1.613158e+00 1.742105e+00 4.47716825e-02
4.615385e+00 1.613158e+00 1.947368e+00 3.97080109e-02
4.615385e+00 1.613158e+00 2.152632e+00 3.50576006e-02
4.615385e+00 1.613158e+00 2.357895e+00 3.08682881e-02
4.615385e+00 1.613158e+00 2.563158e+00 2.71518100e-02
4.615385e+00 1.613158e+00 2.768421e+00 2.38940381e-02
4.615385e+00 1.613158e+00 2.973684e+00 2.10635830e-02
4.615385e+00 1.613158e+00 3.178947e+00 1.86197013e-02
4.615385e+00 1.613158e+00 3.384211e+00 1.65176541e-02
4.615385e+00 1.613158e+00 3.589474e+00 1.47125581e-02
4.615385e+00 1.613158e+00 3.794737e+00 1.31621640e-02
4.615385e+00 1.613158e+00 4.000000e+00 1.18279895e-02
4.615385e+00 1.873684e+00 1.000000e-01 9.23869019e+01
4.615385e+00 1.873684e+00 3.052632e-01 1.36749065e+00
4.615385e+00 1.873684e+00 5.105263e-01 8.87755752e-02
4.615385e+00 1.873684e+00 7.157895e-01 3.88489701e-02
4.615385e+00 1.873684e+00 9.210526e-01 3.42542678e-02
4.615385e+00 1.873684e+00 1.126316e+00 3.14485542e-02
4.615385e+00 1.873684e+00 1.331579e+00 2.86044870e-02
4.615385e+00 1.873684e+00 1.536842e+00 2.57519875e-02
4.615385e+00 1.873684e+00 1.742105e+00 2.29884833e-02
4.615385e+00 1.873684e+00 1.947368e+00 2.03888379e-02
4.615385e+00 1.873684e+00 2.152632e+00 1.80009492e-02
4.615385e+00 1.873684e+00 2.357895e+00 1.58494189e-02
4.615385e+00 1.873684e+00 2.563158e+00 1.39404275e-02
4.615385e+00 1.873684e+00 2.768421e+00 1.22667449e-02
4.615385e+00 1.873684e+00 2.973684e+00 1.08124930e-02
4.615385e+00 1.873684e+00 3.178947e+00 9.55675729e-03
4.615385e+00 1.873684e+00 3.384211e+00 8.47658236e-03
4.615385e+00 1.873684e+00 3.589474e+00 7.54900509e-03
4.615385e+00 1.873684e+00 3.794737e+00 6.75231591e-03
4.615385e+00 1.873684e+00 4.000000e+00 6.06675493e-03
4.615385e+00 2.134211e+00 1.000000e-01 5.48068771e+01
4.615385e+00 2.134211e+00 3.052632e-01 8.07141244e-01
4.615385e+00 2.134211e+00 5.105263e-01 4.87040207e-02
4.615385e+00 2.134211e+00 7.157895e-01 1.92919448e-02
4.615385e+00 2.134211e+00 9.210526e-01 1.68147366e-02
4.615385e+00 2.134211e+00 1.126316e+00 1.54279824e-02
4.615385e+00 2.134211e+00 1.331579e+00 1.40329776e-02
4.615385e+00 2.134211e+00 1.536842e+00 1.26340613e-02
4.615385e+00 2.134211e+00 1.742105e+00 1.12786526e-02
4.615385e+00 2.134211e+00 1.947368e+00 1.00033497e-02
4.615385e+00 2.134211e+00 2.152632e+00 8.83172732e-03
4.615385e+00 2.134211e+00 2.357895e+00 7.77593069e-03
4.615385e+00 2.134211e+00 2.563158e+00 6.83902437e-03
4.615385e+00 2.134211e+00 2.768421e+00 6.01751730e-03
4.615385e+00 2.134211e+00 2.973684e+00 5.30363573e-03
4.615385e+00 2.134211e+00 3.178947e+00 4.68714908e-03
4.615385e+00 2.134211e+00 3.384211e+00 4.15683957e-03
4.615385e+00 2.134211e+00 3.589474e+00 3.70143680e-03
4.615385e+00 2.134211e+00 3.794737e+00 3.31029156e-03
4.615385e+00 2.134211e+00 4.000000e+00 2.97372695e-03
4.615385e+00 2.394737e+00 1.000000e-01 3.03802605e+01
4.615385e+00 2.394737e+00 3.052632e-01 4.45712358e-01
4.615385e+00 2.394737e+00 5.105263e-01 2.53619775e-02
4.615385e+00 2.394737e+00 7.157895e-01 9.14395414e-03
4.615385e+00 2.394737e+00 9.210526e-01 7.87333865e-03
4.615385e+00 2.394737e+00 1.126316e+00 7.21920608e-03
4.615385e+00 2.394737e+00 1.331579e+00 6.56644441e-03
4.615385e+00 2.394737e+00 1.536842e+00 5.91206411e-03
4.615385e+00 2.394737e+00 1.742105e+00 5.27793821e-03
4.615385e+00 2.394737e+00 1.947368e+00 4.68121376e-03
4.615385e+00 2.394737e+00 2.152632e+00 4.13290923e-03
4.615385e+00 2.394737e+00 2.357895e+00 3.63874831e-03
4.615385e+00 2.394737e+00 2.563158e+00 3.20019014e-03
4.615385e+00 2.394737e+00 2.768421e+00 2.81560211e-03
4.615385e+00 2.394737e+00 2.973684e+00 2.48136465e-03
4.615385e+00 2.394737e+00 3.178947e+00 2.19272799e-03
4.615385e+00 2.394737e+00 3.384211e+00 1.94441935e-03
4.615385e+00 2.394737e+00 3.589474e+00 1.73118443e-03
4.615385e+00 2.394737e+00 3.794737e+00 1.54803530e-03
4.615385e+00 2.394737e+00 4.000000e+00 1.39044877e-03
4.615385e+00 2.655263e+00 1.000000e-01 1.57353611e+01
4.615385e+00 2.655263e+00 3.052632e-01 2.30189636e-01
4.615385e+00 2.655263e+00 5.105263e-01 1.24970954e-02
4.615385e+00 2.655263e+00 7.157895e-01 4.13059723e-03
4.615385e+00 2.655263e+00 9.210526e-01 3.51255713e-03
4.615385e+00 2.655263e+00 1.126316e+00 3.21847317e-03
4.615385e+00 2.655263e+00 1.331579e+00 2.92744068e-03
4.615385e+00 2.655263e+00 1.536842e+00 2.63578421e-03
4.615385e+00 2.655263e+00 1.742105e+00 2.35312153e-03
4.615385e+00 2.655263e+00 1.947368e+00 2.08709599e-03
4.615385e+00 2.655263e+00 2.152632e+00 1.84263126e-03
4.615385e+00 2.655263e+00 2.357895e+00 1.62227836e-03
4.615385e+00 2.655263e+00 2.563158e+00 1.42669538e-03
4.615385e+00 2.655263e+00 2.768421e+00 1.25517219e-03
4.615385e+00 2.655263e+00 2.973684e+00 1.10609573e-03
4.615385e+00 2.655263e+00 3.178947e+00 9.77345742e-04
4.615385e+00 2.655263e+00 3.384211e+00 8.66584596e-04
4.615385e+00 2.655263e+00 3.589474e+00 7.71464780e-04
4.615385e+00 2.655263e+00 3.794737e+00 6.89766312e-04
4.615385e+00 2.655263e+00 4.000000e+00 6.19473751e-04
4.615385e+00 2.915789e+00 1.000000e-01 7.61535454e+00
4.615385e+00 2.915789e+00 3.052632e-01 1.11157745e-01
4.615385e+00 2.915789e+00 5.105263e-01 5.81293320e-03
4.615385e+00 2.915789e+00 7.157895e-01 1.77626824e-03
4.615385e+00 2.915789e+00 9.210526e-01 1.49189821e-03
4.615385e+00 2.915789e+00 1.126316e+00 1.36602216e-03
4.615385e+00 2.915789e+00 1.331579e+00 1.24248269e-03
4.615385e+00 2.915789e+00 1.536842e+00 1.11872307e-03
4.615385e+00 2.915789e+00 1.742105e+00 9.98772215e-04
4.615385e+00 2.915789e+00 1.947368e+00 8.85865302e-04
4.615385e+00 2.915789e+00 2.152632e+00 7.82099203e-04
4.615385e+00 2.915789e+00 2.357895e+00 6.88557222e-04
4.615385e+00 2.915789e+00 2.563158e+00 6.05524634e-04
4.615385e+00 2.915789e+00 2.768421e+00 5.32699400e-04
4.615385e+00 2.915789e+00 2.973684e+00 4.69401013e-04
4.615385e+00 2.915789e+00 3.178947e+00 4.14730777e-04
4.615385e+00 2.915789e+00 3.384211e+00 3.67697270e-04
4.615385e+00 2.915789e+00 3.589474e+00 3.27305665e-04
4.615385e+00 2.915789e+00 3.794737e+00 2.92613811e-04
4.615385e+00 2.915789e+00 4.000000e+00 2.62765709e-04
4.615385e+00 3.176316e+00 1.000000e-01 3.44373417e+00
4.615385e+00 3.176316e+00 3.052632e-01 5.01815043e-02
4.615385e+00 3.176316e+00 5.105263e-01 2.54746340e-03
4.615385e+00 3.176316e+00 7.157895e-01 7.26353901e-04
4.615385e+00 3.176316e+00 9.210526e-01 6.02843938e-04
4.615385e+00 3.176316e+00 1.126316e+00 5.51598321e-04
4.615385e+00 3.176316e+00 1.331579e+00 5.01705043e-04
4.615385e+00 3.176316e+00 1.536842e+00 4.51742904e-04
4.615385e+00 3.176316e+00 1.742105e+00 4.03312064e-04
4.615385e+00 3.176316e+00 1.947368e+00 3.57721932e-04
4.615385e+00 3.176316e+00 2.152632e+00 3.15819198e-04
4.615385e+00 3.176316e+00 2.357895e+00 2.78041436e-04
4.615385e+00 3.176316e+00 2.563158e+00 2.44505063e-04
4.615385e+00 3.176316e+00 2.768421e+00 2.15089734e-04
4.615385e+00 3.176316e+00 2.973684e+00 1.89520884e-04
4.615385e+00 3.176316e+00 3.178947e+00 1.67436519e-04
4.615385e+00 3.176316e+00 3.384211e+00 1.48436418e-04
4.615385e+00 3.176316e+00 3.589474e+00 1.32119618e-04
4.615385e+00 3.176316e+00 3.794737e+00 1.18105265e-04
4.615385e+00 3.176316e+00 4.000000e+00 1.06047737e-04
4.615385e+00 3.436842e+00 1.000000e-01 1.45510733e+00
4.615385e+00 3.436842e+00 3.052632e-01 2.11760551e-02
4.615385e+00 3.436842e+00 5.105263e-01 1.05021335e-03
4.615385e+00 3.436842e+00 7.157895e-01 2.82119669e-04
4.615385e+00 3.436842e+00 9.210526e-01 2.31572616e-04
4.615385e+00 3.436842e+00 1.126316e+00 2.11748804e-04
4.615385e+00 3.436842e+00 1.331579e+00 1.92592546e-04
4.615385e+00 3.436842e+00 1.536842e+00 1.73415858e-04
4.615385e+00 3.436842e+00 1.742105e+00 1.54826630e-04
4.615385e+00 3.436842e+00 1.947368e+00 1.37326235e-04
4.615385e+00 3.436842e+00 2.152632e+00 1.21239202e-04
4.615385e+00 3.436842e+00 2.357895e+00 1.06735315e-04
4.615385e+00 3.436842e+00 2.563158e+00 9.38587036e-05
4.615385e+00 3.436842e+00 2.768421e+00 8.25638854e-05
4.615385e+00 3.436842e+00 2.973684e+00 7.27455990e-05
4.615385e+00 3.436842e+00 3.178947e+00 6.42650484e-05
4.615385e+00 3.436842e+00 3.384211e+00 5.69687509e-05
4.615385e+00 3.436842e+00 3.589474e+00 5.07026562e-05
4.615385e+00 3.436842e+00 3.794737e+00 4.53208086e-05
4.615385e+00 3.436842e+00 4.000000e+00 4.06907457e-05
4.615385e+00 3.697368e+00 1.000000e-01 5.74494362e-01
4.615385e+00 3.697368e+00 3.052632e-01 8.35229922e-03
4.615385e+00 3.697368e+00 5.105263e-01 4.06776671e-04
4.615385e+00 3.697368e+00 7.157895e-01 1.03943828e-04
4.615385e+00 3.697368e+00 9.210526e-01 8.44795577e-05
4.615385e+00 3.697368e+00 1.126316e+00 7.72019048e-05
4.615385e+00 3.697368e+00 1.331579e+00 7.02164689e-05
4.615385e+00 3.697368e+00 1.536842e+00 6.32259253e-05
4.615385e+00 3.697368e+00 1.742105e+00 5.64490329e-05
4.615385e+00 3.697368e+00 1.947368e+00 5.00687092e-05
4.615385e+00 3.697368e+00 2.152632e+00 4.42033488e-05
4.615385e+00 3.697368e+00 2.357895e+00 3.89147463e-05
4.615385e+00 3.697368e+00 2.563158e+00 3.42193016e-05
4.615385e+00 3.697368e+00 2.768421e+00 3.01004311e-05
4.615385e+00 3.697368e+00 2.973684e+00 2.65198742e-05
4.615385e+00 3.697368e+00 3.178947e+00 2.34270265e-05
4.615385e+00 3.697368e+00 3.384211e+00 2.07660796e-05
4.615385e+00 3.697368e+00 3.589474e+00 1.84808177e-05
4.615385e+00 3.697368e+00 3.794737e+00 1.65180718e-05
4.615385e+00 3.697368e+00 4.000000e+00 1.48294685e-05
4.615385e+00 3.957895e+00 1.000000e-01 2.11934224e-01
4.615385e+00 3.957895e+00 3.052632e-01 3.07890400e-03
4.615385e+00 3.957895e+00 5.105263e-01 1.47873958e-04
4.615385e+00 3.957895e+00 7.157895e-01 3.62742503e-05
4.615385e+00 3.957895e+00 9.210526e-01 2.92307832e-05
4.615385e+00 3.957895e+00 1.126316e+00 2.66987954e-05
4.615385e+00 3.957895e+00 1.331579e+00 2.42826882e-05
4.615385e+00 3.957895e+00 1.536842e+00 2.18654095e-05
4.615385e+00 3.957895e+00 1.742105e+00 1.95219764e-05
4.615385e+00 3.957895e+00 1.947368e+00 1.73154713e-05
4.615385e+00 3.957895e+00 2.152632e+00 1.52869907e-05
4.615385e+00 3.957895e+00 2.357895e+00 1.34578713e-05
4.615385e+00 3.957895e+00 2.563158e+00 1.18338285e-05
4.615385e+00 3.957895e+00 2.768421e+00 1.04091387e-05
4.615385e+00 3.957895e+00 2.973684e+00 9.17063335e-06
4.615385e+00 3.957895e+00 3.178947e+00 8.10078473e-06
4.615385e+00 3.957895e+00 3.384211e+00 7.18030424e-06
4.615385e+00 3.957895e+00 3.589474e+00 6.38980555e-06
4.615385e+00 3.957895e+00 3.794737e+00 5.71085093e-06
4.615385e+00 3.957895e+00 4.000000e+00 5.12674796e-06
4.615385e+00 4.218421e+00 1.000000e-01 7.30535015e-02
4.615385e+00 4.218421e+00 3.052632e-01 1.06069993e-03
4.615385e+00 4.218421e+00 5.105263e-01 5.04086311e-05
4.615385e+00 4.218421e+00 7.157895e-01 1.19705901e-05
4.615385e+00 4.218421e+00 9.210526e-01 9.57799875e-06
4.615385e+00 4.218421e+00 1.126316e+00 8.74454508e-06
4.615385e+00 4.218421e+00 1.331579e+00 7.95308551e-06
4.615385e+00 4.218421e+00 1.536842e+00 7.16144859e-06
4.615385e+00 4.218421e+00 1.742105e+00 6.39396421e-06
4.615385e+00 4.218421e+00 1.947368e+00 5.67130428e-06
4.615385e+00 4.218421e+00 2.152632e+00 5.00690385e-06
4.615385e+00 4.218421e+00 2.357895e+00 4.40777967e-06
4.615385e+00 4.218421e+00 2.563158e+00 3.87580758e-06
4.615385e+00 4.218421e+00 2.768421e+00 3.40911970e-06
4.615385e+00 4.218421e+00 2.973684e+00 3.00340821e-06
4.615385e+00 4.218421e+00 3.178947e+00 2.65294329e-06
4.615385e+00 4.218421e+00 3.384211e+00 2.35140260e-06
4.615385e+00 4.218421e+00 3.589474e+00 2.09243785e-06
4.615385e+00 4.218421e+00 3.794737e+00 1.87002115e-06
4.615385e+00 4.218421e+00 4.000000e+00 1.67867404e-06
4.615385e+00 4.478947e+00 1.000000e-01 2.35290881e-02
4.615385e+00 4.478947e+00 3.052632e-01 3.41489242e-04
4.615385e+00 4.478947e+00 5.105263e-01 1.61019398e-05
4.615385e+00 4.478947e+00 7.157895e-01 3.72899513e-06
4.615385e+00 4.478947e+00 9.210526e-01 2.96675148e-06
4.615385e+00 4.478947e+00 1.126316e+00 2.70764644e-06
4.615385e+00 4.478947e+00 1.331579e+00 2.46254967e-06
4.615385e+00 4.478947e+00 1.536842e+00 2.21744926e-06
4.615385e+00 4.478947e+00 1.742105e+00 1.97982331e-06
4.615385e+00 4.478947e+00 1.947368e+00 1.75605931e-06
4.615385e+00 4.478947e+00 2.152632e+00 1.55033342e-06
4.615385e+00 4.478947e+00 2.357895e+00 1.36481242e-06
4.615385e+00 4.478947e+00 2.563158e+00 1.20007826e-06
4.615385e+00 4.478947e+00 2.768421e+00 1.05556001e-06
4.615385e+00 4.478947e+00 2.973684e+00 9.29917292e-07
4.615385e+00 4.478947e+00 3.178947e+00 8.21384049e-07
4.615385e+00 4.478947e+00 3.384211e+00 7.28000771e-07
4.615385e+00 4.478947e+00 3.589474e+00 6.47802779e-07
4.615385e+00 4.478947e+00 3.794737e+00 5.78923959e-07
4.615385e+00 4.478947e+00 4.000000e+00 5.19667481e-07
4.615385e+00 4.739474e+00 1.000000e-01 7.08096148e-03
4.615385e+00 4.739474e+00 3.052632e-01 1.02738595e-04
4.615385e+00 4.739474e+00 5.105263e-01 4.81662346e-06
4.615385e+00 4.739474e+00 7.157895e-01 1.09461644e-06
4.615385e+00 4.739474e+00 9.210526e-01 8.67050574e-07
4.615385e+00 4.739474e+00 1.126316e+00 7.91109017e-07
4.615385e+00 4.739474e+00 1.331579e+00 7.19492391e-07
4.615385e+00 4.739474e+00 1.536842e+00 6.47883439e-07
4.615385e+00 4.739474e+00 1.742105e+00 5.78457843e-07
4.615385e+00 4.739474e+00 1.947368e+00 5.13080352e-07
4.615385e+00 4.739474e+00 2.152632e+00 4.52970966e-07
4.615385e+00 4.739474e+00 2.357895e+00 3.98763831e-07
4.615385e+00 4.739474e+00 2.563158e+00 3.50629875e-07
4.615385e+00 4.739474e+00 2.768421e+00 3.08400672e-07
4.615385e+00 4.739474e+00 2.973684e+00 2.71688009e-07
4.615385e+00 4.739474e+00 3.178947e+00 2.39973275e-07
4.615385e+00 4.739474e+00 3.384211e+00 2.12685990e-07
4.615385e+00 4.739474e+00 3.589474e+00 1.89251224e-07
4.615385e+00 4.739474e+00 3.794737e+00 1.69123922e-07
4.615385e+00 4.739474e+00 4.000000e+00 1.51808493e-07
4.615385e+00 5.000000e+00 1.000000e-01 1.99114787e-03
4.615385e+00 5.000000e+00 3.052632e-01 2.88836509e-05
4.615385e+00 5.000000e+00 5.105263e-01 1.34857794e-06
4.615385e+00 5.000000e+00 7.157895e-01 3.02274572e-07
4.615385e+00 5.000000e+00 9.210526e-01 2.38649079e-07
4.615385e+00 5.000000e+00 1.126316e+00 2.17702578e-07
4.615385e+00 5.000000e+00 1.331579e+00 1.97993387e-07
4.615385e+00 5.000000e+00 1.536842e+00 1.78288474e-07
4.615385e+00 5.000000e+00 1.742105e+00 1.59183969e-07
4.615385e+00 5.000000e+00 1.947368e+00 1.41193340e-07
4.615385e+00 5.000000e+00 2.152632e+00 1.24651692e-07
4.615385e+00 5.000000e+00 2.357895e+00 1.09734088e-07
4.615385e+00 5.000000e+00 2.563158e+00 9.64876463e-08
4.615385e+00 5.000000e+00 2.768421e+00 8.48662083e-08
4.615385e+00 5.000000e+00 2.973684e+00 7.47624966e-08
4.615385e+00 5.000000e+00 3.178947e+00 6.60343957e-08
4.615385e+00 5.000000e+00 3.384211e+00 5.85246340e-08
4.615385e+00 5.000000e+00 3.589474e+00 5.20750447e-08
4.615385e+00 5.000000e+00 3.794737e+00 4.65358134e-08
4.615385e+00 5.000000e+00 4.000000e+00 4.17704058e-08
4.871795e+00 5.000000e-02 1.000000e-01 5.31546387e+02
4.871795e+00 5.000000e-02 3.052632e-01 1.07089443e+01
4.871795e+00 5.000000e-02 5.105263e-01 2.81235290e+00
4.871795e+00 5.000000e-02 7.157895e-01 2.36405420e+00
4.871795e+00 5.000000e-02 9.210526e-01 2.20649624e+00
4.871795e+00 5.000000e-02 1.126316e+00 2.04691553e+00
4.871795e+00 5.000000e-02 1.331579e+00 1.87788343e+00
4.871795e+00 5.000000e-02 1.536842e+00 1.70584393e+00
4.871795e+00 5.000000e-02 1.742105e+00 1.53682470e+00
4.871795e+00 5.000000e-02 1.947368e+00 1.37551868e+00
4.871795e+00 5.000000e-02 2.152632e+00 1.22517967e+00
4.871795e+00 5.000000e-02 2.357895e+00 1.08775651e+00
4.871795e+00 5.000000e-02 2.563158e+00 9.64104533e-01
4.871795e+00 5.000000e-02 2.768421e+00 8.54228079e-01
4.871795e+00 5.000000e-02 2.973684e+00 7.57545292e-01
4.871795e+00 5.000000e-02 3.178947e+00 6.73113585e-01
4.871795e+00 5.000000e-02 3.384211e+00 5.99738538e-01
4.871795e+00 5.000000e-02 3.589474e+00 5.36161304e-01
4.871795e+00 5.000000e-02 3.794737e+00 4.81147289e-01
4.871795e+00 5.000000e-02 4.000000e+00 4.33520973e-01
4.871795e+00 3.105263e-01 1.000000e-01 5.05844696e+02
4.871795e+00 3.105263e-01 3.052632e-01 8.92403221e+00
4.871795e+00 3.105263e-01 5.105263e-01 1.43075502e+00
4.871795e+00 3.105263e-01 7.157895e-01 1.06123626e+00
4.871795e+00 3.105263e-01 9.210526e-01 9.82548952e-01
4.871795e+00 3.105263e-01 1.126316e+00 9.11275327e-01
4.871795e+00 3.105263e-01 1.331579e+00 8.36215556e-01
4.871795e+00 3.105263e-01 1.536842e+00 7.59775162e-01
4.871795e+00 3.105263e-01 1.742105e+00 6.84626460e-01
4.871795e+00 3.105263e-01 1.947368e+00 6.12851202e-01
4.871795e+00 3.105263e-01 2.152632e+00 5.45908034e-01
4.871795e+00 3.105263e-01 2.357895e+00 4.84672368e-01
4.871795e+00 3.105263e-01 2.563158e+00 4.29536343e-01
4.871795e+00 3.105263e-01 2.768421e+00 3.80519480e-01
4.871795e+00 3.105263e-01 2.973684e+00 3.37371737e-01
4.871795e+00 3.105263e-01 3.178947e+00 2.99669236e-01
4.871795e+00 3.105263e-01 3.384211e+00 2.66897172e-01
4.871795e+00 3.105263e-01 3.589474e+00 2.38497093e-01
4.871795e+00 3.105263e-01 3.794737e+00 2.13917851e-01
4.871795e+00 3.105263e-01 4.000000e+00 1.92637026e-01
4.871795e+00 5.710526e-01 1.000000e-01 4.50582581e+02
4.871795e+00 5.710526e-01 3.052632e-01 7.58140182e+00
4.871795e+00 5.710526e-01 5.105263e-01 9.13141727e-01
4.871795e+00 5.710526e-01 7.157895e-01 6.00501835e-01
4.871795e+00 5.710526e-01 9.210526e-01 5.51021755e-01
4.871795e+00 5.710526e-01 1.126316e+00 5.10863662e-01
4.871795e+00 5.710526e-01 1.331579e+00 4.68852609e-01
4.871795e+00 5.710526e-01 1.536842e+00 4.26061749e-01
4.871795e+00 5.710526e-01 1.742105e+00 3.83970052e-01
4.871795e+00 5.710526e-01 1.947368e+00 3.43748003e-01
4.871795e+00 5.710526e-01 2.152632e+00 3.06212395e-01
4.871795e+00 5.710526e-01 2.357895e+00 2.71861434e-01
4.871795e+00 5.710526e-01 2.563158e+00 2.40919948e-01
4.871795e+00 5.710526e-01 2.768421e+00 2.13400677e-01
4.871795e+00 5.710526e-01 2.973684e+00 1.89168349e-01
4.871795e+00 5.710526e-01 3.178947e+00 1.67988896e-01
4.871795e+00 5.710526e-01 3.384211e+00 1.49574265e-01
4.871795e+00 5.710526e-01 3.589474e+00 1.33614957e-01
4.871795e+00 5.710526e-01 3.794737e+00 1.19800888e-01
4.871795e+00 5.710526e-01 4.000000e+00 1.07841298e-01
4.871795e+00 8.315790e-01 1.000000e-01 3.75171387e+02
4.871795e+00 8.315790e-01 3.052632e-01 6.15405512e+00
4.871795e+00 8.315790e-01 5.105263e-01 6.04781508e-01
4.871795e+00 8.315790e-01 7.157895e-01 3.51558238e-01
4.871795e+00 8.315790e-01 9.210526e-01 3.19209665e-01
4.871795e+00 8.315790e-01 1.126316e+00 2.95796037e-01
4.871795e+00 8.315790e-01 1.331579e+00 2.71497279e-01
4.871795e+00 8.315790e-01 1.536842e+00 2.46746644e-01
4.871795e+00 8.315790e-01 1.742105e+00 2.22391888e-01
4.871795e+00 8.315790e-01 1.947368e+00 1.99109092e-01
4.871795e+00 8.315790e-01 2.152632e+00 1.77373022e-01
4.871795e+00 8.315790e-01 2.357895e+00 1.57474622e-01
4.871795e+00 8.315790e-01 2.563158e+00 1.39544144e-01
4.871795e+00 8.315790e-01 2.768421e+00 1.23592906e-01
4.871795e+00 8.315790e-01 2.973684e+00 1.09542727e-01
4.871795e+00 8.315790e-01 3.178947e+00 9.72603932e-02
4.871795e+00 8.315790e-01 3.384211e+00 8.65797102e-02
4.871795e+00 8.315790e-01 3.589474e+00 7.73218125e-02
4.871795e+00 8.315790e-01 3.794737e+00 6.93081692e-02
4.871795e+00 8.315790e-01 4.000000e+00 6.23701476e-02
4.871795e+00 1.092105e+00 1.000000e-01 2.91931610e+02
4.871795e+00 1.092105e+00 3.052632e-01 4.71396875e+00
4.871795e+00 1.092105e+00 5.105263e-01 3.97491187e-01
4.871795e+00 1.092105e+00 7.157895e-01 2.03788027e-01
4.871795e+00 1.092105e+00 9.210526e-01 1.82765633e-01
4.871795e+00 1.092105e+00 1.126316e+00 1.69248715e-01
4.871795e+00 1.092105e+00 1.331579e+00 1.55354321e-01
4.871795e+00 1.092105e+00 1.536842e+00 1.41205296e-01
4.871795e+00 1.092105e+00 1.742105e+00 1.27277583e-01
4.871795e+00 1.092105e+00 1.947368e+00 1.13958232e-01
4.871795e+00 1.092105e+00 2.152632e+00 1.01520948e-01
4.871795e+00 1.092105e+00 2.357895e+00 9.01305899e-02
4.871795e+00 1.092105e+00 2.563158e+00 7.98644423e-02
4.871795e+00 1.092105e+00 2.768421e+00 7.07293823e-02
4.871795e+00 1.092105e+00 2.973684e+00 6.26815334e-02
4.871795e+00 1.092105e+00 3.178947e+00 5.56451492e-02
4.871795e+00 1.092105e+00 3.384211e+00 4.95254248e-02
4.871795e+00 1.092105e+00 3.589474e+00 4.42204475e-02
4.871795e+00 1.092105e+00 3.794737e+00 3.96283530e-02
4.871795e+00 1.092105e+00 4.000000e+00 3.56526673e-02
4.871795e+00 1.352632e+00 1.000000e-01 2.12272430e+02
4.871795e+00 1.352632e+00 3.052632e-01 3.39201069e+00
4.871795e+00 1.352632e+00 5.105263e-01 2.54245251e-01
4.871795e+00 1.352632e+00 7.157895e-01 1.14991650e-01
4.871795e+00 1.352632e+00 9.210526e-01 1.01675592e-01
4.871795e+00 1.352632e+00 1.126316e+00 9.40799266e-02
4.871795e+00 1.352632e+00 1.331579e+00 8.63588452e-02
4.871795e+00 1.352632e+00 1.536842e+00 7.84994364e-02
4.871795e+00 1.352632e+00 1.742105e+00 7.07609281e-02
4.871795e+00 1.352632e+00 1.947368e+00 6.33588731e-02
4.871795e+00 1.352632e+00 2.152632e+00 5.64446039e-02
4.871795e+00 1.352632e+00 2.357895e+00 5.01113124e-02
4.871795e+00 1.352632e+00 2.563158e+00 4.44020294e-02
4.871795e+00 1.352632e+00 2.768421e+00 3.93204875e-02
4.871795e+00 1.352632e+00 2.973684e+00 3.48432027e-02
4.871795e+00 1.352632e+00 3.178947e+00 3.09279747e-02
4.871795e+00 1.352632e+00 3.384211e+00 2.75223758e-02
4.871795e+00 1.352632e+00 3.589474e+00 2.45700032e-02
4.871795e+00 1.352632e+00 3.794737e+00 2.20143218e-02
4.871795e+00 1.352632e+00 4.000000e+00 1.98017024e-02
4.871795e+00 1.613158e+00 1.000000e-01 1.44228653e+02
4.871795e+00 1.613158e+00 3.052632e-01 2.28794312e+00
4.871795e+00 1.613158e+00 5.105263e-01 1.56481564e-01
4.871795e+00 1.613158e+00 7.157895e-01 6.26162291e-02
4.871795e+00 1.613158e+00 9.210526e-01 5.44882305e-02
4.871795e+00 1.613158e+00 1.126316e+00 5.03696054e-02
4.871795e+00 1.613158e+00 1.331579e+00 4.62363809e-02
4.871795e+00 1.613158e+00 1.536842e+00 4.20307443e-02
4.871795e+00 1.613158e+00 1.742105e+00 3.78893018e-02
4.871795e+00 1.613158e+00 1.947368e+00 3.39268930e-02
4.871795e+00 1.613158e+00 2.152632e+00 3.02249659e-02
4.871795e+00 1.613158e+00 2.357895e+00 2.68334392e-02
4.871795e+00 1.613158e+00 2.563158e+00 2.37753931e-02
4.871795e+00 1.613158e+00 2.768421e+00 2.10532583e-02
4.871795e+00 1.613158e+00 2.973684e+00 1.86545271e-02
4.871795e+00 1.613158e+00 3.178947e+00 1.65565796e-02
4.871795e+00 1.613158e+00 3.384211e+00 1.47316437e-02
4.871795e+00 1.613158e+00 3.589474e+00 1.31494347e-02
4.871795e+00 1.613158e+00 3.794737e+00 1.17797898e-02
4.871795e+00 1.613158e+00 4.000000e+00 1.05939880e-02
4.871795e+00 1.873684e+00 1.000000e-01 9.15686035e+01
4.871795e+00 1.873684e+00 3.052632e-01 1.44494987e+00
4.871795e+00 1.873684e+00 5.105263e-01 9.19865519e-02
4.871795e+00 1.873684e+00 7.157895e-01 3.27356234e-02
4.871795e+00 1.873684e+00 9.210526e-01 2.79909074e-02
4.871795e+00 1.873684e+00 1.126316e+00 2.58469321e-02
4.871795e+00 1.873684e+00 1.331579e+00 2.37256456e-02
4.871795e+00 1.873684e+00 1.536842e+00 2.15686746e-02
4.871795e+00 1.873684e+00 1.742105e+00 1.94442011e-02
4.871795e+00 1.873684e+00 1.947368e+00 1.74112637e-02
4.871795e+00 1.873684e+00 2.152632e+00 1.55116096e-02
4.871795e+00 1.873684e+00 2.357895e+00 1.37709482e-02
4.871795e+00 1.873684e+00 2.563158e+00 1.22012096e-02
4.871795e+00 1.873684e+00 2.768421e+00 1.08037284e-02
4.871795e+00 1.873684e+00 2.973684e+00 9.57207661e-03
4.871795e+00 1.873684e+00 3.178947e+00 8.49484000e-03
4.871795e+00 1.873684e+00 3.384211e+00 7.55767385e-03
4.871795e+00 1.873684e+00 3.589474e+00 6.74513914e-03
4.871795e+00 1.873684e+00 3.794737e+00 6.04173541e-03
4.871795e+00 1.873684e+00 4.000000e+00 5.43274591e-03
4.871795e+00 2.134211e+00 1.000000e-01 5.43218117e+01
4.871795e+00 2.134211e+00 3.052632e-01 8.53863358e-01
4.871795e+00 2.134211e+00 5.105263e-01 5.13764769e-02
4.871795e+00 2.134211e+00 7.157895e-01 1.63771957e-02
4.871795e+00 2.134211e+00 9.210526e-01 1.37424460e-02
4.871795e+00 2.134211e+00 1.126316e+00 1.26745915e-02
4.871795e+00 2.134211e+00 1.331579e+00 1.16340285e-02
4.871795e+00 2.134211e+00 1.536842e+00 1.05767595e-02
4.871795e+00 2.134211e+00 1.742105e+00 9.53529403e-03
4.871795e+00 2.134211e+00 1.947368e+00 8.53854883e-03
4.871795e+00 2.134211e+00 2.152632e+00 7.60703860e-03
4.871795e+00 2.134211e+00 2.357895e+00 6.75333943e-03
4.871795e+00 2.134211e+00 2.563158e+00 5.98337781e-03
4.871795e+00 2.134211e+00 2.768421e+00 5.29783685e-03
4.871795e+00 2.134211e+00 2.973684e+00 4.69359383e-03
4.871795e+00 2.134211e+00 3.178947e+00 4.16503707e-03
4.871795e+00 2.134211e+00 3.384211e+00 3.70520144e-03
4.871795e+00 2.134211e+00 3.589474e+00 3.30649759e-03
4.871795e+00 2.134211e+00 3.794737e+00 2.96133384e-03
4.871795e+00 2.134211e+00 4.000000e+00 2.66250107e-03
4.871795e+00 2.394737e+00 1.000000e-01 3.01114788e+01
4.871795e+00 2.394737e+00 3.052632e-01 4.71924484e-01
4.871795e+00 2.394737e+00 5.105263e-01 2.71605197e-02
4.871795e+00 2.394737e+00 7.157895e-01 7.82266818e-03
4.871795e+00 2.394737e+00 9.210526e-01 6.43646251e-03
4.871795e+00 2.394737e+00 1.126316e+00 5.92863327e-03
4.871795e+00 2.394737e+00 1.331579e+00 5.44167589e-03
4.871795e+00 2.394737e+00 1.536842e+00 4.94732335e-03
4.871795e+00 2.394737e+00 1.742105e+00 4.46030777e-03
4.871795e+00 2.394737e+00 1.947368e+00 3.99412774e-03
4.871795e+00 2.394737e+00 2.152632e+00 3.55841406e-03
4.871795e+00 2.394737e+00 2.357895e+00 3.15905479e-03
4.871795e+00 2.394737e+00 2.563158e+00 2.79882690e-03
4.871795e+00 2.394737e+00 2.768421e+00 2.47805775e-03
4.871795e+00 2.394737e+00 2.973684e+00 2.19529937e-03
4.871795e+00 2.394737e+00 3.178947e+00 1.94795278e-03
4.871795e+00 2.394737e+00 3.384211e+00 1.73274940e-03
4.871795e+00 2.394737e+00 3.589474e+00 1.54614553e-03
4.871795e+00 2.394737e+00 3.794737e+00 1.38460053e-03
4.871795e+00 2.394737e+00 4.000000e+00 1.24473975e-03
4.871795e+00 2.655263e+00 1.000000e-01 1.55961695e+01
4.871795e+00 2.655263e+00 3.052632e-01 2.43886665e-01
4.871795e+00 2.655263e+00 5.105263e-01 1.35525623e-02
4.871795e+00 2.655263e+00 7.157895e-01 3.56145040e-03
4.871795e+00 2.655263e+00 9.210526e-01 2.87248520e-03
4.871795e+00 2.655263e+00 1.126316e+00 2.64227320e-03
4.871795e+00 2.655263e+00 1.331579e+00 2.42512068e-03
4.871795e+00 2.655263e+00 1.536842e+00 2.20486824e-03
4.871795e+00 2.655263e+00 1.742105e+00 1.98787265e-03
4.871795e+00 2.655263e+00 1.947368e+00 1.78013672e-03
4.871795e+00 2.655263e+00 2.152632e+00 1.58595340e-03
4.871795e+00 2.655263e+00 2.357895e+00 1.40795193e-03
4.871795e+00 2.655263e+00 2.563158e+00 1.24737644e-03
4.871795e+00 2.655263e+00 2.768421e+00 1.10437954e-03
4.871795e+00 2.655263e+00 2.973684e+00 9.78319556e-04
4.871795e+00 2.655263e+00 3.178947e+00 8.68038740e-04
4.871795e+00 2.655263e+00 3.384211e+00 7.72083935e-04
4.871795e+00 2.655263e+00 3.589474e+00 6.88880624e-04
4.871795e+00 2.655263e+00 3.794737e+00 6.16848120e-04
4.871795e+00 2.655263e+00 4.000000e+00 5.54485130e-04
4.871795e+00 2.915789e+00 1.000000e-01 7.54798937e+00
4.871795e+00 2.915789e+00 3.052632e-01 1.17830321e-01
4.871795e+00 2.915789e+00 5.105263e-01 6.36934582e-03
4.871795e+00 2.915789e+00 7.157895e-01 1.54327217e-03
4.871795e+00 2.915789e+00 9.210526e-01 1.22050324e-03
4.871795e+00 2.915789e+00 1.126316e+00 1.12115685e-03
4.871795e+00 2.915789e+00 1.331579e+00 1.02895615e-03
4.871795e+00 2.915789e+00 1.536842e+00 9.35525924e-04
4.871795e+00 2.915789e+00 1.742105e+00 8.43474234e-04
4.871795e+00 2.915789e+00 1.947368e+00 7.55341782e-04
4.871795e+00 2.915789e+00 2.152632e+00 6.72948488e-04
4.871795e+00 2.915789e+00 2.357895e+00 5.97415550e-04
4.871795e+00 2.915789e+00 2.563158e+00 5.29272424e-04
4.871795e+00 2.915789e+00 2.768421e+00 4.68583370e-04
4.871795e+00 2.915789e+00 2.973684e+00 4.15079732e-04
4.871795e+00 2.915789e+00 3.178947e+00 3.68270208e-04
4.871795e+00 2.915789e+00 3.384211e+00 3.27539834e-04
4.871795e+00 2.915789e+00 3.589474e+00 2.92221201e-04
4.871795e+00 2.915789e+00 3.794737e+00 2.61643785e-04
4.871795e+00 2.915789e+00 4.000000e+00 2.35171537e-04
4.871795e+00 3.176316e+00 1.000000e-01 3.41327000e+00
4.871795e+00 3.176316e+00 3.052632e-01 5.32137156e-02
4.871795e+00 3.176316e+00 5.105263e-01 2.81481375e-03
4.871795e+00 3.176316e+00 7.157895e-01 6.35654724e-04
4.871795e+00 3.176316e+00 9.210526e-01 4.93378553e-04
4.871795e+00 3.176316e+00 1.126316e+00 4.52614739e-04
4.871795e+00 3.176316e+00 1.331579e+00 4.15369170e-04
4.871795e+00 3.176316e+00 1.536842e+00 3.77660501e-04
4.871795e+00 3.176316e+00 1.742105e+00 3.40506958e-04
4.871795e+00 3.176316e+00 1.947368e+00 3.04931920e-04
4.871795e+00 3.176316e+00 2.152632e+00 2.71670404e-04
4.871795e+00 3.176316e+00 2.357895e+00 2.41176764e-04
4.871795e+00 3.176316e+00 2.563158e+00 2.13663967e-04
4.871795e+00 3.176316e+00 2.768421e+00 1.89159153e-04
4.871795e+00 3.176316e+00 2.973684e+00 1.67554259e-04
4.871795e+00 3.176316e+00 3.178947e+00 1.48651758e-04
4.871795e+00 3.176316e+00 3.384211e+00 1.32203655e-04
4.871795e+00 3.176316e+00 3.589474e+00 1.17940610e-04
4.871795e+00 3.176316e+00 3.794737e+00 1.05592124e-04
4.871795e+00 3.176316e+00 4.000000e+00 9.49016030e-05
4.871795e+00 3.436842e+00 1.000000e-01 1.44223380e+00
4.871795e+00 3.436842e+00 3.052632e-01 2.24620048e-02
4.871795e+00 3.436842e+00 5.105263e-01 1.16825057e-03
4.871795e+00 3.436842e+00 7.157895e-01 2.48528173e-04
4.871795e+00 3.436842e+00 9.210526e-01 1.89599028e-04
4.871795e+00 3.436842e+00 1.126316e+00 1.73715554e-04
4.871795e+00 3.436842e+00 1.331579e+00 1.59411298e-04
4.871795e+00 3.436842e+00 1.536842e+00 1.44941689e-04
4.871795e+00 3.436842e+00 1.742105e+00 1.30684813e-04
4.871795e+00 3.436842e+00 1.947368e+00 1.17032403e-04
4.871795e+00 3.436842e+00 2.152632e+00 1.04267121e-04
4.871795e+00 3.436842e+00 2.357895e+00 9.25631757e-05
4.871795e+00 3.436842e+00 2.563158e+00 8.20026253e-05
4.871795e+00 3.436842e+00 2.768421e+00 7.25962018e-05
4.871795e+00 3.436842e+00 2.973684e+00 6.43024832e-05
4.871795e+00 3.436842e+00 3.178947e+00 5.70460397e-05
4.871795e+00 3.436842e+00 3.384211e+00 5.07315162e-05
4.871795e+00 3.436842e+00 3.589474e+00 4.52556342e-05
4.871795e+00 3.436842e+00 3.794737e+00 4.05148785e-05
4.871795e+00 3.436842e+00 4.000000e+00 3.64105908e-05
4.871795e+00 3.697368e+00 1.000000e-01 5.69411278e-01
4.871795e+00 3.697368e+00 3.052632e-01 8.86140484e-03
4.871795e+00 3.697368e+00 5.105263e-01 4.54901863e-04
4.871795e+00 3.697368e+00 7.157895e-01 9.21027677e-05
4.871795e+00 3.697368e+00 9.210526e-01 6.91930545e-05
4.871795e+00 3.697368e+00 1.126316e+00 6.33243981e-05
4.871795e+00 3.697368e+00 1.331579e+00 5.81069107e-05
4.871795e+00 3.697368e+00 1.536842e+00 5.28334494e-05
4.871795e+00 3.697368e+00 1.742105e+00 4.76371861e-05
4.871795e+00 3.697368e+00 1.947368e+00 4.26609986e-05
4.871795e+00 3.697368e+00 2.152632e+00 3.80079182e-05
4.871795e+00 3.697368e+00 2.357895e+00 3.37413185e-05
4.871795e+00 3.697368e+00 2.563158e+00 2.98914365e-05
4.871795e+00 3.697368e+00 2.768421e+00 2.64621176e-05
4.871795e+00 3.697368e+00 2.973684e+00 2.34383460e-05
4.871795e+00 3.697368e+00 3.178947e+00 2.07925896e-05
4.871795e+00 3.697368e+00 3.384211e+00 1.84902656e-05
4.871795e+00 3.697368e+00 3.589474e+00 1.64937028e-05
4.871795e+00 3.697368e+00 3.794737e+00 1.47651162e-05
4.871795e+00 3.697368e+00 4.000000e+00 1.32686137e-05
4.871795e+00 3.957895e+00 1.000000e-01 2.10058898e-01
4.871795e+00 3.957895e+00 3.052632e-01 3.26710194e-03
4.871795e+00 3.957895e+00 5.105263e-01 1.66051119e-04
4.871795e+00 3.957895e+00 7.157895e-01 3.23017630e-05
4.871795e+00 3.957895e+00 9.210526e-01 2.39494766e-05
4.871795e+00 3.957895e+00 1.126316e+00 2.18964578e-05
4.871795e+00 3.957895e+00 1.331579e+00 2.00913910e-05
4.871795e+00 3.957895e+00 1.536842e+00 1.82681943e-05
4.871795e+00 3.957895e+00 1.742105e+00 1.64716712e-05
4.871795e+00 3.957895e+00 1.947368e+00 1.47511391e-05
4.871795e+00 3.957895e+00 2.152632e+00 1.31422394e-05
4.871795e+00 3.957895e+00 2.357895e+00 1.16669353e-05
4.871795e+00 3.957895e+00 2.563158e+00 1.03356169e-05
4.871795e+00 3.957895e+00 2.768421e+00 9.14971952e-06
4.871795e+00 3.957895e+00 2.973684e+00 8.10400070e-06
4.871795e+00 3.957895e+00 3.178947e+00 7.18900083e-06
4.871795e+00 3.957895e+00 3.384211e+00 6.39275822e-06
4.871795e+00 3.957895e+00 3.589474e+00 5.70224620e-06
4.871795e+00 3.957895e+00 3.794737e+00 5.10440850e-06
4.871795e+00 3.957895e+00 4.000000e+00 4.58684917e-06
4.871795e+00 4.218421e+00 1.000000e-01 7.24070221e-02
4.871795e+00 4.218421e+00 3.052632e-01 1.12567039e-03
4.871795e+00 4.218421e+00 5.105263e-01 5.67832940e-05
4.871795e+00 4.218421e+00 7.157895e-01 1.07031847e-05
4.871795e+00 4.218421e+00 9.210526e-01 7.84969234e-06
4.871795e+00 4.218421e+00 1.126316e+00 7.17083867e-06
4.871795e+00 4.218421e+00 1.331579e+00 6.57942019e-06
4.871795e+00 4.218421e+00 1.536842e+00 5.98243287e-06
4.871795e+00 4.218421e+00 1.742105e+00 5.39415396e-06
4.871795e+00 4.218421e+00 1.947368e+00 4.83074791e-06
4.871795e+00 4.218421e+00 2.152632e+00 4.30386353e-06
4.871795e+00 4.218421e+00 2.357895e+00 3.82071539e-06
4.871795e+00 4.218421e+00 2.563158e+00 3.38470841e-06
4.871795e+00 4.218421e+00 2.768421e+00 2.99630301e-06
4.871795e+00 4.218421e+00 2.973684e+00 2.65381118e-06
4.871795e+00 4.218421e+00 3.178947e+00 2.35411972e-06
4.871795e+00 4.218421e+00 3.384211e+00 2.09332370e-06
4.871795e+00 4.218421e+00 3.589474e+00 1.86715306e-06
4.871795e+00 4.218421e+00 3.794737e+00 1.67133692e-06
4.871795e+00 4.218421e+00 4.000000e+00 1.50181131e-06
4.871795e+00 4.478947e+00 1.000000e-01 2.33208593e-02
4.871795e+00 4.478947e+00 3.052632e-01 3.62438441e-04
4.871795e+00 4.478947e+00 5.105263e-01 1.81809701e-05
4.871795e+00 4.478947e+00 7.157895e-01 3.34496872e-06
4.871795e+00 4.478947e+00 9.210526e-01 2.43197701e-06
4.871795e+00 4.478947e+00 1.126316e+00 2.22016661e-06
4.871795e+00 4.478947e+00 1.331579e+00 2.03699437e-06
4.871795e+00 4.478947e+00 1.536842e+00 1.85217471e-06
4.871795e+00 4.478947e+00 1.742105e+00 1.67005669e-06
4.871795e+00 4.478947e+00 1.947368e+00 1.49562732e-06
4.871795e+00 4.478947e+00 2.152632e+00 1.33250182e-06
4.871795e+00 4.478947e+00 2.357895e+00 1.18291314e-06
4.871795e+00 4.478947e+00 2.563158e+00 1.04791650e-06
4.871795e+00 4.478947e+00 2.768421e+00 9.27656117e-07
4.871795e+00 4.478947e+00 2.973684e+00 8.21608637e-07
4.871795e+00 4.478947e+00 3.178947e+00 7.28812665e-07
4.871795e+00 4.478947e+00 3.384211e+00 6.48057210e-07
4.871795e+00 4.478947e+00 3.589474e+00 5.78024071e-07
4.871795e+00 4.478947e+00 3.794737e+00 5.17389481e-07
4.871795e+00 4.478947e+00 4.000000e+00 4.64897340e-07
4.871795e+00 4.739474e+00 1.000000e-01 7.01829046e-03
4.871795e+00 4.739474e+00 3.052632e-01 1.09048233e-04
4.871795e+00 4.739474e+00 5.105263e-01 5.44793784e-06
4.871795e+00 4.739474e+00 7.157895e-01 9.84323947e-07
4.871795e+00 4.739474e+00 9.210526e-01 7.10886297e-07
4.871795e+00 4.739474e+00 1.126316e+00 6.48634909e-07
4.871795e+00 4.739474e+00 1.331579e+00 5.95104950e-07
4.871795e+00 4.739474e+00 1.536842e+00 5.41112911e-07
4.871795e+00 4.739474e+00 1.742105e+00 4.87909006e-07
4.871795e+00 4.739474e+00 1.947368e+00 4.36951666e-07
4.871795e+00 4.739474e+00 2.152632e+00 3.89295025e-07
4.871795e+00 4.739474e+00 2.357895e+00 3.45590990e-07
4.871795e+00 4.739474e+00 2.563158e+00 3.06150525e-07
4.871795e+00 4.739474e+00 2.768421e+00 2.71013647e-07
4.871795e+00 4.739474e+00 2.973684e+00 2.40029152e-07
4.871795e+00 4.739474e+00 3.178947e+00 2.12916291e-07
4.871795e+00 4.739474e+00 3.384211e+00 1.89321128e-07
4.871795e+00 4.739474e+00 3.589474e+00 1.68858421e-07
4.871795e+00 4.739474e+00 3.794737e+00 1.51142387e-07
4.871795e+00 4.739474e+00 4.000000e+00 1.35804541e-07
4.871795e+00 5.000000e+00 1.000000e-01 1.97352422e-03
4.871795e+00 5.000000e+00 3.052632e-01 3.06589209e-05
4.871795e+00 5.000000e+00 5.105263e-01 1.52723317e-06
4.871795e+00 5.000000e+00 7.157895e-01 2.72318118e-07
4.871795e+00 5.000000e+00 9.210526e-01 1.95692991e-07
4.871795e+00 5.000000e+00 1.126316e+00 1.78486545e-07
4.871795e+00 5.000000e+00 1.331579e+00 1.63753270e-07
4.871795e+00 5.000000e+00 1.536842e+00 1.48896987e-07
4.871795e+00 5.000000e+00 1.742105e+00 1.34257860e-07
4.871795e+00 5.000000e+00 1.947368e+00 1.20236095e-07
4.871795e+00 5.000000e+00 2.152632e+00 1.07122375e-07
4.871795e+00 5.000000e+00 2.357895e+00 9.50963965e-08
4.871795e+00 5.000000e+00 2.563158e+00 8.42428989e-08
4.871795e+00 5.000000e+00 2.768421e+00 7.45741886e-08
4.871795e+00 5.000000e+00 2.973684e+00 6.60476331e-08
4.871795e+00 5.000000e+00 3.178947e+00 5.85865436e-08
4.871795e+00 5.000000e+00 3.384211e+00 5.20933661e-08
4.871795e+00 5.000000e+00 3.589474e+00 4.64621905e-08
4.871795e+00 5.000000e+00 3.794737e+00 4.15868442e-08
4.871795e+00 5.000000e+00 4.000000e+00 3.73660285e-08
5.128205e+00 5.000000e-02 1.000000e-01 5.30130737e+02
5.128205e+00 5.000000e-02 3.052632e-01 1.06731844e+01
5.128205e+00 5.000000e-02 5.105263e-01 2.43007803e+00
5.128205e+00 5.000000e-02 7.157895e-01 1.95262945e+00
5.128205e+00 5.000000e-02 9.210526e-01 1.82571971e+00
5.128205e+00 5.000000e-02 1.126316e+00 1.70563030e+00
5.128205e+00 5.000000e-02 1.331579e+00 1.57756186e+00
5.128205e+00 5.000000e-02 1.536842e+00 1.44543898e+00
5.128205e+00 5.000000e-02 1.742105e+00 1.31370771e+00
5.128205e+00 5.000000e-02 1.947368e+00 1.18605530e+00
5.128205e+00 5.000000e-02 2.152632e+00 1.06521034e+00
5.128205e+00 5.000000e-02 2.357895e+00 9.53022659e-01
5.128205e+00 5.000000e-02 2.563158e+00 8.50544572e-01
5.128205e+00 5.000000e-02 2.768421e+00 7.58157551e-01
5.128205e+00 5.000000e-02 2.973684e+00 6.75758600e-01
5.128205e+00 5.000000e-02 3.178947e+00 6.02888227e-01
5.128205e+00 5.000000e-02 3.384211e+00 5.38844824e-01
5.128205e+00 5.000000e-02 3.589474e+00 4.82807785e-01
5.128205e+00 5.000000e-02 3.794737e+00 4.33909118e-01
5.128205e+00 5.000000e-02 4.000000e+00 3.91282588e-01
5.128205e+00 3.105263e-01 1.000000e-01 5.04734955e+02
5.128205e+00 3.105263e-01 3.052632e-01 9.12707996e+00
5.128205e+00 3.105263e-01 5.105263e-01 1.29274297e+00
5.128205e+00 3.105263e-01 7.157895e-01 8.80108774e-01
5.128205e+00 3.105263e-01 9.210526e-01 8.12137604e-01
5.128205e+00 3.105263e-01 1.126316e+00 7.58184731e-01
5.128205e+00 3.105263e-01 1.331579e+00 7.01356947e-01
5.128205e+00 3.105263e-01 1.536842e+00 6.42744541e-01
5.128205e+00 3.105263e-01 1.742105e+00 5.84273875e-01
5.128205e+00 3.105263e-01 1.947368e+00 5.27572095e-01
5.128205e+00 3.105263e-01 2.152632e+00 4.73864049e-01
5.128205e+00 3.105263e-01 2.357895e+00 4.23973382e-01
5.128205e+00 3.105263e-01 2.563158e+00 3.78376752e-01
5.128205e+00 3.105263e-01 2.768421e+00 3.37249428e-01
5.128205e+00 3.105263e-01 2.973684e+00 3.00552636e-01
5.128205e+00 3.105263e-01 3.178947e+00 2.68084168e-01
5.128205e+00 3.105263e-01 3.384211e+00 2.39539802e-01
5.128205e+00 3.105263e-01 3.589474e+00 2.14556739e-01
5.128205e+00 3.105263e-01 3.794737e+00 1.92752555e-01
5.128205e+00 3.105263e-01 4.000000e+00 1.73744023e-01
5.128205e+00 5.710526e-01 1.000000e-01 4.49661621e+02
5.128205e+00 5.710526e-01 3.052632e-01 7.83101702e+00
5.128205e+00 5.710526e-01 5.105263e-01 8.55904162e-01
5.128205e+00 5.710526e-01 7.157895e-01 5.00452042e-01
5.128205e+00 5.710526e-01 9.210526e-01 4.55181330e-01
5.128205e+00 5.710526e-01 1.126316e+00 4.24580455e-01
5.128205e+00 5.710526e-01 1.331579e+00 3.92789364e-01
5.128205e+00 5.710526e-01 1.536842e+00 3.60010087e-01
5.128205e+00 5.710526e-01 1.742105e+00 3.27299505e-01
5.128205e+00 5.710526e-01 1.947368e+00 2.95565993e-01
5.128205e+00 5.710526e-01 2.152632e+00 2.65494406e-01
5.128205e+00 5.710526e-01 2.357895e+00 2.37547800e-01
5.128205e+00 5.710526e-01 2.563158e+00 2.11995915e-01
5.128205e+00 5.710526e-01 2.768421e+00 1.88942179e-01
5.128205e+00 5.710526e-01 2.973684e+00 1.68364063e-01
5.128205e+00 5.710526e-01 3.178947e+00 1.50152847e-01
5.128205e+00 5.710526e-01 3.384211e+00 1.34137705e-01
5.128205e+00 5.710526e-01 3.589474e+00 1.20119654e-01
5.128205e+00 5.710526e-01 3.794737e+00 1.07882500e-01
5.128205e+00 5.710526e-01 4.000000e+00 9.72139761e-02
5.128205e+00 8.315790e-01 1.000000e-01 3.74431976e+02
5.128205e+00 8.315790e-01 3.052632e-01 6.39138556e+00
5.128205e+00 8.315790e-01 5.105263e-01 5.85485935e-01
5.128205e+00 8.315790e-01 7.157895e-01 2.94749051e-01
5.128205e+00 8.315790e-01 9.210526e-01 2.63613552e-01
5.128205e+00 8.315790e-01 1.126316e+00 2.45631397e-01
5.128205e+00 8.315790e-01 1.331579e+00 2.27244645e-01
5.128205e+00 8.315790e-01 1.536842e+00 2.08301634e-01
5.128205e+00 8.315790e-01 1.742105e+00 1.89392760e-01
5.128205e+00 8.315790e-01 1.947368e+00 1.71042934e-01
5.128205e+00 8.315790e-01 2.152632e+00 1.53647169e-01
5.128205e+00 8.315790e-01 2.357895e+00 1.37477294e-01
5.128205e+00 8.315790e-01 2.563158e+00 1.22687653e-01
5.128205e+00 8.315790e-01 2.768421e+00 1.09339684e-01
5.128205e+00 8.315790e-01 2.973684e+00 9.74232703e-02
5.128205e+00 8.315790e-01 3.178947e+00 8.68745744e-02
5.128205e+00 8.315790e-01 3.384211e+00 7.75967538e-02
5.128205e+00 8.315790e-01 3.589474e+00 6.94738999e-02
5.128205e+00 8.315790e-01 3.794737e+00 6.23830333e-02
5.128205e+00 8.315790e-01 4.000000e+00 5.62005602e-02
5.128205e+00 1.092105e+00 1.000000e-01 2.91367981e+02
5.128205e+00 1.092105e+00 3.052632e-01 4.91239023e+00
5.128205e+00 1.092105e+00 5.105263e-01 3.95836890e-01
5.128205e+00 1.092105e+00 7.157895e-01 1.72080502e-01
5.128205e+00 1.092105e+00 9.210526e-01 1.50928617e-01
5.128205e+00 1.092105e+00 1.126316e+00 1.40451029e-01
5.128205e+00 1.092105e+00 1.331579e+00 1.29936531e-01
5.128205e+00 1.092105e+00 1.536842e+00 1.19114175e-01
5.128205e+00 1.092105e+00 1.742105e+00 1.08309470e-01
5.128205e+00 1.092105e+00 1.947368e+00 9.78209376e-02
5.128205e+00 1.092105e+00 2.152632e+00 8.78762901e-02
5.128205e+00 1.092105e+00 2.357895e+00 7.86289051e-02
5.128205e+00 1.092105e+00 2.563158e+00 7.01688826e-02
5.128205e+00 1.092105e+00 2.768421e+00 6.25322312e-02
5.128205e+00 1.092105e+00 2.973684e+00 5.57129644e-02
5.128205e+00 1.092105e+00 3.178947e+00 4.96755838e-02
5.128205e+00 1.092105e+00 3.384211e+00 4.43648510e-02
5.128205e+00 1.092105e+00 3.589474e+00 3.97147797e-02
5.128205e+00 1.092105e+00 3.794737e+00 3.56549509e-02
5.128205e+00 1.092105e+00 4.000000e+00 3.21150236e-02
5.128205e+00 1.352632e+00 1.000000e-01 2.11867325e+02
5.128205e+00 1.352632e+00 3.052632e-01 3.54273772e+00
5.128205e+00 1.352632e+00 5.105263e-01 2.59406447e-01
5.128205e+00 1.352632e+00 7.157895e-01 9.78989676e-02
5.128205e+00 1.352632e+00 9.210526e-01 8.39797705e-02
5.128205e+00 1.352632e+00 1.126316e+00 7.80298114e-02
5.128205e+00 1.352632e+00 1.331579e+00 7.21856132e-02
5.128205e+00 1.352632e+00 1.536842e+00 6.61769062e-02
5.128205e+00 1.352632e+00 1.742105e+00 6.01777062e-02
5.128205e+00 1.352632e+00 1.947368e+00 5.43527529e-02
5.128205e+00 1.352632e+00 2.152632e+00 4.88282889e-02
5.128205e+00 1.352632e+00 2.357895e+00 4.36906032e-02
5.128205e+00 1.352632e+00 2.563158e+00 3.89894396e-02
5.128205e+00 1.352632e+00 2.768421e+00 3.47448736e-02
5.128205e+00 1.352632e+00 2.973684e+00 3.09540760e-02
5.128205e+00 1.352632e+00 3.178947e+00 2.75974404e-02
5.128205e+00 1.352632e+00 3.384211e+00 2.46442724e-02
5.128205e+00 1.352632e+00 3.589474e+00 2.20584087e-02
5.128205e+00 1.352632e+00 3.794737e+00 1.98005978e-02
5.128205e+00 1.352632e+00 4.000000e+00 1.78319551e-02
5.128205e+00 1.613158e+00 1.000000e-01 1.43954987e+02
5.128205e+00 1.613158e+00 3.052632e-01 2.39331102e+00
5.128205e+00 1.613158e+00 5.105263e-01 1.62965402e-01
5.128205e+00 1.613158e+00 7.157895e-01 5.37974574e-02
5.128205e+00 1.613158e+00 9.210526e-01 4.50222418e-02
5.128205e+00 1.613158e+00 1.126316e+00 4.17582691e-02
5.128205e+00 1.613158e+00 1.331579e+00 3.86278741e-02
5.128205e+00 1.613158e+00 1.536842e+00 3.54143307e-02
5.128205e+00 1.613158e+00 1.742105e+00 3.22053060e-02
5.128205e+00 1.613158e+00 1.947368e+00 2.90890504e-02
5.128205e+00 1.613158e+00 2.152632e+00 2.61330679e-02
5.128205e+00 1.613158e+00 2.357895e+00 2.33835354e-02
5.128205e+00 1.613158e+00 2.563158e+00 2.08672211e-02
5.128205e+00 1.613158e+00 2.768421e+00 1.85949299e-02
5.128205e+00 1.613158e+00 2.973684e+00 1.65653136e-02
5.128205e+00 1.613158e+00 3.178947e+00 1.47679355e-02
5.128205e+00 1.613158e+00 3.384211e+00 1.31864958e-02
5.128205e+00 1.613158e+00 3.589474e+00 1.18016005e-02
5.128205e+00 1.613158e+00 3.794737e+00 1.05923414e-02
5.128205e+00 1.613158e+00 4.000000e+00 9.53790545e-03
5.128205e+00 1.873684e+00 1.000000e-01 9.13952866e+01
5.128205e+00 1.873684e+00 3.052632e-01 1.51314926e+00
5.128205e+00 1.873684e+00 5.105263e-01 9.74494442e-02
5.128205e+00 1.873684e+00 7.157895e-01 2.84036677e-02
5.128205e+00 1.873684e+00 9.210526e-01 2.31407713e-02
5.128205e+00 1.873684e+00 1.126316e+00 2.14203857e-02
5.128205e+00 1.873684e+00 1.331579e+00 1.98127981e-02
5.128205e+00 1.873684e+00 1.536842e+00 1.81651469e-02
5.128205e+00 1.873684e+00 1.742105e+00 1.65197998e-02
5.128205e+00 1.873684e+00 1.947368e+00 1.49217490e-02
5.128205e+00 1.873684e+00 2.152632e+00 1.34057188e-02
5.128205e+00 1.873684e+00 2.357895e+00 1.19953146e-02
5.128205e+00 1.873684e+00 2.563158e+00 1.07043618e-02
5.128205e+00 1.873684e+00 2.768421e+00 9.53849591e-03
5.128205e+00 1.873684e+00 2.973684e+00 8.49700440e-03
5.128205e+00 1.873684e+00 3.178947e+00 7.57458713e-03
5.128205e+00 1.873684e+00 3.384211e+00 6.76295813e-03
5.128205e+00 1.873684e+00 3.589474e+00 6.05212804e-03
5.128205e+00 1.873684e+00 3.794737e+00 5.43142250e-03
5.128205e+00 1.873684e+00 4.000000e+00 4.89019603e-03
5.128205e+00 2.134211e+00 1.000000e-01 5.42190170e+01
5.128205e+00 2.134211e+00 3.052632e-01 8.94868791e-01
5.128205e+00 2.134211e+00 5.105263e-01 5.52005246e-02
5.128205e+00 2.134211e+00 7.157895e-01 1.43574793e-02
5.128205e+00 2.134211e+00 9.210526e-01 1.13691017e-02
5.128205e+00 2.134211e+00 1.126316e+00 1.05007943e-02
5.128205e+00 2.134211e+00 1.331579e+00 9.71166231e-03
5.128205e+00 2.134211e+00 1.536842e+00 8.90427921e-03
5.128205e+00 2.134211e+00 1.742105e+00 8.09800066e-03
5.128205e+00 2.134211e+00 1.947368e+00 7.31483987e-03
5.128205e+00 2.134211e+00 2.152632e+00 6.57176506e-03
5.128205e+00 2.134211e+00 2.357895e+00 5.88038377e-03
5.128205e+00 2.134211e+00 2.563158e+00 5.24747698e-03
5.128205e+00 2.134211e+00 2.768421e+00 4.67584422e-03
5.128205e+00 2.134211e+00 2.973684e+00 4.16513486e-03
5.128205e+00 2.134211e+00 3.178947e+00 3.71277705e-03
5.128205e+00 2.134211e+00 3.384211e+00 3.31472466e-03
5.128205e+00 2.134211e+00 3.589474e+00 2.96609430e-03
5.128205e+00 2.134211e+00 3.794737e+00 2.66164984e-03
5.128205e+00 2.134211e+00 4.000000e+00 2.39618286e-03
5.128205e+00 2.394737e+00 1.000000e-01 3.00544472e+01
5.128205e+00 2.394737e+00 3.052632e-01 4.94872510e-01
5.128205e+00 2.394737e+00 5.105263e-01 2.95205489e-02
5.128205e+00 2.394737e+00 7.157895e-01 6.93046674e-03
5.128205e+00 2.394737e+00 9.210526e-01 5.32914745e-03
5.128205e+00 2.394737e+00 1.126316e+00 4.91061853e-03
5.128205e+00 2.394737e+00 1.331579e+00 4.54100175e-03
5.128205e+00 2.394737e+00 1.536842e+00 4.16358048e-03
5.128205e+00 2.394737e+00 1.742105e+00 3.78667586e-03
5.128205e+00 2.394737e+00 1.947368e+00 3.42054176e-03
5.128205e+00 2.394737e+00 2.152632e+00 3.07310792e-03
5.128205e+00 2.394737e+00 2.357895e+00 2.74980906e-03
5.128205e+00 2.394737e+00 2.563158e+00 2.45383033e-03
5.128205e+00 2.394737e+00 2.768421e+00 2.18647043e-03
5.128205e+00 2.394737e+00 2.973684e+00 1.94759679e-03
5.128205e+00 2.394737e+00 3.178947e+00 1.73599506e-03
5.128205e+00 2.394737e+00 3.384211e+00 1.54978910e-03
5.128205e+00 2.394737e+00 3.589474e+00 1.38668879e-03
5.128205e+00 2.394737e+00 3.794737e+00 1.24425977e-03
5.128205e+00 2.394737e+00 4.000000e+00 1.12006150e-03
5.128205e+00 2.655263e+00 1.000000e-01 1.55665808e+01
5.128205e+00 2.655263e+00 3.052632e-01 2.55854577e-01
5.128205e+00 2.655263e+00 5.105263e-01 1.48686469e-02
5.128205e+00 2.655263e+00 7.157895e-01 3.18822637e-03
5.128205e+00 2.655263e+00 9.210526e-01 2.38040066e-03
5.128205e+00 2.655263e+00 1.126316e+00 2.18812260e-03
5.128205e+00 2.655263e+00 1.331579e+00 2.02313601e-03
5.128205e+00 2.655263e+00 1.536842e+00 1.85501843e-03
5.128205e+00 2.655263e+00 1.742105e+00 1.68713753e-03
5.128205e+00 2.655263e+00 1.947368e+00 1.52403559e-03
5.128205e+00 2.655263e+00 2.152632e+00 1.36925036e-03
5.128205e+00 2.655263e+00 2.357895e+00 1.22520525e-03
5.128205e+00 2.655263e+00 2.563158e+00 1.09331962e-03
5.128205e+00 2.655263e+00 2.768421e+00 9.74179246e-04
5.128205e+00 2.655263e+00 2.973684e+00 8.67722731e-04
5.128205e+00 2.655263e+00 3.178947e+00 7.73416890e-04
5.128205e+00 2.655263e+00 3.384211e+00 6.90421672e-04
5.128205e+00 2.655263e+00 3.589474e+00 6.17725193e-04
5.128205e+00 2.655263e+00 3.794737e+00 5.54239145e-04
5.128205e+00 2.655263e+00 4.000000e+00 4.98877198e-04
5.128205e+00 2.915789e+00 1.000000e-01 7.53364515e+00
5.128205e+00 2.915789e+00 3.052632e-01 1.23651437e-01
5.128205e+00 2.915789e+00 5.105263e-01 7.04069017e-03
5.128205e+00 2.915789e+00 7.157895e-01 1.39536103e-03
5.128205e+00 2.915789e+00 9.210526e-01 1.01234671e-03
5.128205e+00 2.915789e+00 1.126316e+00 9.28294612e-04
5.128205e+00 2.915789e+00 1.331579e+00 8.58177373e-04
5.128205e+00 2.915789e+00 1.536842e+00 7.86874734e-04
5.128205e+00 2.915789e+00 1.742105e+00 7.15677743e-04
5.128205e+00 2.915789e+00 1.947368e+00 6.46501780e-04
5.128205e+00 2.915789e+00 2.152632e+00 5.80846332e-04
5.128205e+00 2.915789e+00 2.357895e+00 5.19742258e-04
5.128205e+00 2.915789e+00 2.563158e+00 4.63792530e-04
5.128205e+00 2.915789e+00 2.768421e+00 4.13245521e-04
5.128205e+00 2.915789e+00 2.973684e+00 3.68077133e-04
5.128205e+00 2.915789e+00 3.178947e+00 3.28061578e-04
5.128205e+00 2.915789e+00 3.384211e+00 2.92844023e-04
5.128205e+00 2.915789e+00 3.589474e+00 2.61995738e-04
5.128205e+00 2.915789e+00 3.794737e+00 2.35055137e-04
5.128205e+00 2.915789e+00 4.000000e+00 2.11561812e-04
5.128205e+00 3.176316e+00 1.000000e-01 3.40677023e+00
5.128205e+00 3.176316e+00 3.052632e-01 5.58557734e-02
5.128205e+00 3.176316e+00 5.105263e-01 3.13025434e-03
5.128205e+00 3.176316e+00 7.157895e-01 5.80067281e-04
5.128205e+00 3.176316e+00 9.210526e-01 4.09607193e-04
5.128205e+00 3.176316e+00 1.126316e+00 3.74704396e-04
5.128205e+00 3.176316e+00 1.331579e+00 3.46351153e-04
5.128205e+00 3.176316e+00 1.536842e+00 3.17578058e-04
5.128205e+00 3.176316e+00 1.742105e+00 2.88847747e-04
5.128205e+00 3.176316e+00 1.947368e+00 2.60932051e-04
5.128205e+00 3.176316e+00 2.152632e+00 2.34435138e-04
5.128205e+00 3.176316e+00 2.357895e+00 2.09773047e-04
5.128205e+00 3.176316e+00 2.563158e+00 1.87190031e-04
5.128205e+00 3.176316e+00 2.768421e+00 1.66786660e-04
5.128205e+00 3.176316e+00 2.973684e+00 1.48553285e-04
5.128205e+00 3.176316e+00 3.178947e+00 1.32399058e-04
5.128205e+00 3.176316e+00 3.384211e+00 1.18181269e-04
5.128205e+00 3.176316e+00 3.589474e+00 1.05726824e-04
5.128205e+00 3.176316e+00 3.794737e+00 9.48500528e-05
5.128205e+00 3.176316e+00 4.000000e+00 8.53648089e-05
5.128205e+00 3.436842e+00 1.000000e-01 1.43948328e+00
5.128205e+00 3.436842e+00 3.052632e-01 2.35813949e-02
5.128205e+00 3.436842e+00 5.105263e-01 1.30535103e-03
5.128205e+00 3.436842e+00 7.157895e-01 2.28684759e-04
5.128205e+00 3.436842e+00 9.210526e-01 1.57543691e-04
5.128205e+00 3.436842e+00 1.126316e+00 1.43796453e-04
5.128205e+00 3.436842e+00 1.331579e+00 1.32897316e-04
5.128205e+00 3.436842e+00 1.536842e+00 1.21857687e-04
5.128205e+00 3.436842e+00 1.742105e+00 1.10835434e-04
5.128205e+00 3.436842e+00 1.947368e+00 1.00125020e-04
5.128205e+00 3.436842e+00 2.152632e+00 8.99583320e-05
5.128205e+00 3.436842e+00 2.357895e+00 8.04950105e-05
5.128205e+00 3.436842e+00 2.563158e+00 7.18289812e-05
5.128205e+00 3.436842e+00 2.768421e+00 6.39988648e-05
5.128205e+00 3.436842e+00 2.973684e+00 5.70013144e-05
5.128205e+00 3.436842e+00 3.178947e+00 5.08012708e-05
5.128205e+00 3.436842e+00 3.384211e+00 4.53444954e-05
5.128205e+00 3.436842e+00 3.589474e+00 4.05642204e-05
5.128205e+00 3.436842e+00 3.794737e+00 3.63893669e-05
5.128205e+00 3.436842e+00 4.000000e+00 3.27486487e-05
5.128205e+00 3.697368e+00 1.000000e-01 5.68323731e-01
5.128205e+00 3.697368e+00 3.052632e-01 9.30424128e-03
5.128205e+00 3.697368e+00 5.105263e-01 5.10173617e-04
5.128205e+00 3.697368e+00 7.157895e-01 8.53619858e-05
5.128205e+00 3.697368e+00 9.210526e-01 5.75405502e-05
5.128205e+00 3.697368e+00 1.126316e+00 5.24130337e-05
5.128205e+00 3.697368e+00 1.331579e+00 4.84343400e-05
5.128205e+00 3.697368e+00 1.536842e+00 4.44112338e-05
5.128205e+00 3.697368e+00 1.742105e+00 4.03946869e-05
5.128205e+00 3.697368e+00 1.947368e+00 3.64915395e-05
5.128205e+00 3.697368e+00 2.152632e+00 3.27863963e-05
5.128205e+00 3.697368e+00 2.357895e+00 2.93374360e-05
5.128205e+00 3.697368e+00 2.563158e+00 2.61788337e-05
5.128205e+00 3.697368e+00 2.768421e+00 2.33248338e-05
5.128205e+00 3.697368e+00 2.973684e+00 2.07741123e-05
5.128205e+00 3.697368e+00 3.178947e+00 1.85141434e-05
5.128205e+00 3.697368e+00 3.384211e+00 1.65249276e-05
5.128205e+00 3.697368e+00 3.589474e+00 1.47823494e-05
5.128205e+00 3.697368e+00 3.794737e+00 1.32604328e-05
5.128205e+00 3.697368e+00 4.000000e+00 1.19332217e-05
5.128205e+00 3.957895e+00 1.000000e-01 2.09657192e-01
5.128205e+00 3.957895e+00 3.052632e-01 3.43071017e-03
5.128205e+00 3.957895e+00 5.105263e-01 1.86759076e-04
5.128205e+00 3.957895e+00 7.157895e-01 3.01196724e-05
5.128205e+00 3.957895e+00 9.210526e-01 1.99301267e-05
5.128205e+00 3.957895e+00 1.126316e+00 1.81221603e-05
5.128205e+00 3.957895e+00 1.331579e+00 1.67445924e-05
5.128205e+00 3.957895e+00 1.536842e+00 1.53538094e-05
5.128205e+00 3.957895e+00 1.742105e+00 1.39653748e-05
5.128205e+00 3.957895e+00 1.947368e+00 1.26160649e-05
5.128205e+00 3.957895e+00 2.152632e+00 1.13351489e-05
5.128205e+00 3.957895e+00 2.357895e+00 1.01427722e-05
5.128205e+00 3.957895e+00 2.563158e+00 9.05071101e-06
5.128205e+00 3.957895e+00 2.768421e+00 8.06395474e-06
5.128205e+00 3.957895e+00 2.973684e+00 7.18200590e-06
5.128205e+00 3.957895e+00 3.178947e+00 6.40055259e-06
5.128205e+00 3.957895e+00 3.384211e+00 5.71272085e-06
5.128205e+00 3.957895e+00 3.589474e+00 5.11015742e-06
5.128205e+00 3.957895e+00 3.794737e+00 4.58388058e-06
5.128205e+00 3.957895e+00 4.000000e+00 4.12494273e-06
5.128205e+00 4.218421e+00 1.000000e-01 7.22684041e-02
5.128205e+00 4.218421e+00 3.052632e-01 1.18212623e-03
5.128205e+00 4.218421e+00 5.105263e-01 6.40030485e-05
5.128205e+00 4.218421e+00 7.157895e-01 1.00294028e-05
5.128205e+00 4.218421e+00 9.210526e-01 6.53614461e-06
5.128205e+00 4.218421e+00 1.126316e+00 5.93442701e-06
5.128205e+00 4.218421e+00 1.331579e+00 5.48281969e-06
5.128205e+00 4.218421e+00 1.536842e+00 5.02744388e-06
5.128205e+00 4.218421e+00 1.742105e+00 4.57284477e-06
5.128205e+00 4.218421e+00 1.947368e+00 4.13106090e-06
5.128205e+00 4.218421e+00 2.152632e+00 3.71164992e-06
5.128205e+00 4.218421e+00 2.357895e+00 3.32120476e-06
5.128205e+00 4.218421e+00 2.563158e+00 2.96360940e-06
5.128205e+00 4.218421e+00 2.768421e+00 2.64047844e-06
5.128205e+00 4.218421e+00 2.973684e+00 2.35166453e-06
5.128205e+00 4.218421e+00 3.178947e+00 2.09575387e-06
5.128205e+00 4.218421e+00 3.384211e+00 1.87049761e-06
5.128205e+00 4.218421e+00 3.589474e+00 1.67316000e-06
5.128205e+00 4.218421e+00 3.794737e+00 1.50080984e-06
5.128205e+00 4.218421e+00 4.000000e+00 1.35050732e-06
5.128205e+00 4.478947e+00 1.000000e-01 2.32761838e-02
5.128205e+00 4.478947e+00 3.052632e-01 3.80636106e-04
5.128205e+00 4.478947e+00 5.105263e-01 2.05256765e-05
5.128205e+00 4.478947e+00 7.157895e-01 3.14656427e-06
5.128205e+00 4.478947e+00 9.210526e-01 2.02597766e-06
5.128205e+00 4.478947e+00 1.126316e+00 1.83727695e-06
5.128205e+00 4.478947e+00 1.331579e+00 1.69732857e-06
5.128205e+00 4.478947e+00 1.536842e+00 1.55636042e-06
5.128205e+00 4.478947e+00 1.742105e+00 1.41564146e-06
5.128205e+00 4.478947e+00 1.947368e+00 1.27888245e-06
5.128205e+00 4.478947e+00 2.152632e+00 1.14904606e-06
5.128205e+00 4.478947e+00 2.357895e+00 1.02817285e-06
5.128205e+00 4.478947e+00 2.563158e+00 9.17466423e-07
5.128205e+00 4.478947e+00 2.768421e+00 8.17427122e-07
5.128205e+00 4.478947e+00 2.973684e+00 7.28010889e-07
5.128205e+00 4.478947e+00 3.178947e+00 6.48781452e-07
5.128205e+00 4.478947e+00 3.384211e+00 5.79039011e-07
5.128205e+00 4.478947e+00 3.589474e+00 5.17940919e-07
5.128205e+00 4.478947e+00 3.794737e+00 4.64578335e-07
5.128205e+00 4.478947e+00 4.000000e+00 4.18042163e-07
5.128205e+00 4.739474e+00 1.000000e-01 7.00483751e-03
5.128205e+00 4.739474e+00 3.052632e-01 1.14527800e-04
5.128205e+00 4.739474e+00 5.105263e-01 6.15779618e-06
5.128205e+00 4.739474e+00 7.157895e-01 9.28675775e-07
5.128205e+00 4.739474e+00 9.210526e-01 5.92428194e-07
5.128205e+00 4.739474e+00 1.126316e+00 5.36751998e-07
5.128205e+00 4.739474e+00 1.331579e+00 4.95838208e-07
5.128205e+00 4.739474e+00 1.536842e+00 4.54658135e-07
5.128205e+00 4.739474e+00 1.742105e+00 4.13552840e-07
5.128205e+00 4.739474e+00 1.947368e+00 3.73601978e-07
5.128205e+00 4.739474e+00 2.152632e+00 3.35673548e-07
5.128205e+00 4.739474e+00 2.357895e+00 3.00362984e-07
5.128205e+00 4.739474e+00 2.563158e+00 2.68021381e-07
5.128205e+00 4.739474e+00 2.768421e+00 2.38795792e-07
5.128205e+00 4.739474e+00 2.973684e+00 2.12672958e-07
5.128205e+00 4.739474e+00 3.178947e+00 1.89525423e-07
5.128205e+00 4.739474e+00 3.384211e+00 1.69150141e-07
5.128205e+00 4.739474e+00 3.589474e+00 1.51299702e-07
5.128205e+00 4.739474e+00 3.794737e+00 1.35709470e-07
5.128205e+00 4.739474e+00 4.000000e+00 1.22113548e-07
5.128205e+00 5.000000e+00 1.000000e-01 1.96973979e-03
5.128205e+00 5.000000e+00 3.052632e-01 3.22003762e-05
5.128205e+00 5.000000e+00 5.105263e-01 1.72769012e-06
5.128205e+00 5.000000e+00 7.157895e-01 2.57482924e-07
5.128205e+00 5.000000e+00 9.210526e-01 1.63128973e-07
5.128205e+00 5.000000e+00 1.126316e+00 1.47695644e-07
5.128205e+00 5.000000e+00 1.331579e+00 1.36431538e-07
5.128205e+00 5.000000e+00 1.536842e+00 1.25101010e-07
5.128205e+00 5.000000e+00 1.742105e+00 1.13790975e-07
5.128205e+00 5.000000e+00 1.947368e+00 1.02798786e-07
5.128205e+00 5.000000e+00 2.152632e+00 9.23627184e-08
5.128205e+00 5.000000e+00 2.357895e+00 8.26467783e-08
5.128205e+00 5.000000e+00 2.563158e+00 7.37477208e-08
5.128205e+00 5.000000e+00 2.768421e+00 6.57058408e-08
5.128205e+00 5.000000e+00 2.973684e+00 5.85177276e-08
5.128205e+00 5.000000e+00 3.178947e+00 5.21482661e-08
5.128205e+00 5.000000e+00 3.384211e+00 4.65414942e-08
5.128205e+00 5.000000e+00 3.589474e+00 4.16295372e-08
5.128205e+00 5.000000e+00 3.794737e+00 3.73394968e-08
5.128205e+00 5.000000e+00 4.000000e+00 3.35981696e-08
5.384615e+00 5.000000e-02 1.000000e-01 5.32717285e+02
5.384615e+00 5.000000e-02 3.052632e-01 1.06750679e+01
5.384615e+00 5.000000e-02 5.105263e-01 2.14678645e+00
5.384615e+00 5.000000e-02 7.157895e-01 1.63042235e+00
5.384615e+00 5.000000e-02 9.210526e-01 1.52258015e+00
5.384615e+00 5.000000e-02 1.126316e+00 1.43063426e+00
5.384615e+00 5.000000e-02 1.331579e+00 1.33258593e+00
5.384615e+00 5.000000e-02 1.536842e+00 1.23028553e+00
5.384615e+00 5.000000e-02 1.742105e+00 1.12697363e+00
5.384615e+00 5.000000e-02 1.947368e+00 1.02550256e+00
5.384615e+00 5.000000e-02 2.152632e+00 9.28110898e-01
5.384615e+00 5.000000e-02 2.357895e+00 8.36427748e-01
5.384615e+00 5.000000e-02 2.563158e+00 7.51520514e-01
5.384615e+00 5.000000e-02 2.768421e+00 6.73951864e-01
5.384615e+00 5.000000e-02 2.973684e+00 6.03876948e-01
5.384615e+00 5.000000e-02 3.178947e+00 5.41143775e-01
5.384615e+00 5.000000e-02 3.384211e+00 4.85401392e-01
5.384615e+00 5.000000e-02 3.589474e+00 4.36132669e-01
5.384615e+00 5.000000e-02 3.794737e+00 3.92756552e-01
5.384615e+00 5.000000e-02 4.000000e+00 3.54661524e-01
5.384615e+00 3.105263e-01 1.000000e-01 5.07390350e+02
5.384615e+00 3.105263e-01 3.052632e-01 9.31457901e+00
5.384615e+00 3.105263e-01 5.105263e-01 1.20080054e+00
5.384615e+00 3.105263e-01 7.157895e-01 7.40086854e-01
5.384615e+00 3.105263e-01 9.210526e-01 6.76983833e-01
5.384615e+00 3.105263e-01 1.126316e+00 6.35167062e-01
5.384615e+00 3.105263e-01 1.331579e+00 5.91649234e-01
5.384615e+00 3.105263e-01 1.536842e+00 5.46317101e-01
5.384615e+00 3.105263e-01 1.742105e+00 5.00523031e-01
5.384615e+00 3.105263e-01 1.947368e+00 4.55520332e-01
5.384615e+00 3.105263e-01 2.152632e+00 4.12303239e-01
5.384615e+00 3.105263e-01 2.357895e+00 3.71600032e-01
5.384615e+00 3.105263e-01 2.563158e+00 3.33885759e-01
5.384615e+00 3.105263e-01 2.768421e+00 2.99414724e-01
5.384615e+00 3.105263e-01 2.973684e+00 2.68260092e-01
5.384615e+00 3.105263e-01 3.178947e+00 2.40362957e-01
5.384615e+00 3.105263e-01 3.384211e+00 2.15561658e-01
5.384615e+00 3.105263e-01 3.589474e+00 1.93636313e-01
5.384615e+00 3.105263e-01 3.794737e+00 1.74327433e-01
5.384615e+00 3.105263e-01 4.000000e+00 1.57366529e-01
5.384615e+00 5.710526e-01 1.000000e-01 4.52080261e+02
5.384615e+00 5.710526e-01 3.052632e-01 8.05143356e+00
5.384615e+00 5.710526e-01 5.105263e-01 8.25557053e-01
5.384615e+00 5.710526e-01 7.157895e-01 4.24187779e-01
5.384615e+00 5.710526e-01 9.210526e-01 3.79427284e-01
5.384615e+00 5.710526e-01 1.126316e+00 3.55385303e-01
5.384615e+00 5.710526e-01 1.331579e+00 3.31023753e-01
5.384615e+00 5.710526e-01 1.536842e+00 3.05693030e-01
5.384615e+00 5.710526e-01 1.742105e+00 2.80101657e-01
5.384615e+00 5.710526e-01 1.947368e+00 2.54941970e-01
5.384615e+00 5.710526e-01 2.152632e+00 2.30771750e-01
5.384615e+00 5.710526e-01 2.357895e+00 2.07999498e-01
5.384615e+00 5.710526e-01 2.563158e+00 1.86891660e-01
5.384615e+00 5.710526e-01 2.768421e+00 1.67592868e-01
5.384615e+00 5.710526e-01 2.973684e+00 1.50145844e-01
5.384615e+00 5.710526e-01 3.178947e+00 1.34518251e-01
5.384615e+00 5.710526e-01 3.384211e+00 1.20622166e-01
5.384615e+00 5.710526e-01 3.589474e+00 1.08334817e-01
5.384615e+00 5.710526e-01 3.794737e+00 9.75123495e-02
5.384615e+00 5.710526e-01 4.000000e+00 8.80041271e-02
5.384615e+00 8.315790e-01 1.000000e-01 3.76466187e+02
5.384615e+00 8.315790e-01 3.052632e-01 6.59745646e+00
5.384615e+00 8.315790e-01 5.105263e-01 5.82378685e-01
5.384615e+00 8.315790e-01 7.157895e-01 2.52150416e-01
5.384615e+00 8.315790e-01 9.210526e-01 2.19815686e-01
5.384615e+00 8.315790e-01 1.126316e+00 2.05467820e-01
5.384615e+00 8.315790e-01 1.331579e+00 1.91365242e-01
5.384615e+00 8.315790e-01 1.536842e+00 1.76735148e-01
5.384615e+00 8.315790e-01 1.742105e+00 1.61952570e-01
5.384615e+00 8.315790e-01 1.947368e+00 1.47416204e-01
5.384615e+00 8.315790e-01 2.152632e+00 1.33448049e-01
5.384615e+00 8.315790e-01 2.357895e+00 1.20283917e-01
5.384615e+00 8.315790e-01 2.563158e+00 1.08078271e-01
5.384615e+00 8.315790e-01 2.768421e+00 9.69158635e-02
5.384615e+00 8.315790e-01 2.973684e+00 8.68224651e-02
5.384615e+00 8.315790e-01 3.178947e+00 7.77798444e-02
5.384615e+00 8.315790e-01 3.384211e+00 6.97375536e-02
5.384615e+00 8.315790e-01 3.589474e+00 6.26250207e-02
5.384615e+00 8.315790e-01 3.794737e+00 5.63599281e-02
5.384615e+00 8.315790e-01 4.000000e+00 5.08552417e-02
5.384615e+00 1.092105e+00 1.000000e-01 2.92958405e+02
5.384615e+00 1.092105e+00 3.052632e-01 5.08300495e+00
5.384615e+00 1.092105e+00 5.105263e-01 4.03797597e-01
5.384615e+00 1.092105e+00 7.157895e-01 1.48772180e-01
5.384615e+00 1.092105e+00 9.210526e-01 1.25933304e-01
5.384615e+00 1.092105e+00 1.126316e+00 1.17430001e-01
5.384615e+00 1.092105e+00 1.331579e+00 1.09354176e-01
5.384615e+00 1.092105e+00 1.536842e+00 1.00998737e-01
5.384615e+00 1.092105e+00 1.742105e+00 9.25569087e-02
5.384615e+00 1.092105e+00 1.947368e+00 8.42545107e-02
5.384615e+00 1.092105e+00 2.152632e+00 7.62742832e-02
5.384615e+00 1.092105e+00 2.357895e+00 6.87519908e-02
5.384615e+00 1.092105e+00 2.563158e+00 6.17758632e-02
5.384615e+00 1.092105e+00 2.768421e+00 5.53946607e-02
5.384615e+00 1.092105e+00 2.973684e+00 4.96237278e-02
5.384615e+00 1.092105e+00 3.178947e+00 4.44525220e-02
5.384615e+00 1.092105e+00 3.384211e+00 3.98526378e-02
5.384615e+00 1.092105e+00 3.589474e+00 3.57841887e-02
5.384615e+00 1.092105e+00 3.794737e+00 3.22000869e-02
5.384615e+00 1.092105e+00 4.000000e+00 2.90507413e-02
5.384615e+00 1.352632e+00 1.000000e-01 2.13026047e+02
5.384615e+00 1.352632e+00 3.052632e-01 3.67146564e+00
5.384615e+00 1.352632e+00 5.105263e-01 2.70106137e-01
5.384615e+00 1.352632e+00 7.157895e-01 8.56342465e-02
5.384615e+00 1.352632e+00 9.210526e-01 7.01366737e-02
5.384615e+00 1.352632e+00 1.126316e+00 6.52169287e-02
5.384615e+00 1.352632e+00 1.331579e+00 6.07205816e-02
5.384615e+00 1.352632e+00 1.536842e+00 5.60827665e-02
5.384615e+00 1.352632e+00 1.742105e+00 5.13978973e-02
5.384615e+00 1.352632e+00 1.947368e+00 4.67895679e-02
5.384615e+00 1.352632e+00 2.152632e+00 4.23594825e-02
5.384615e+00 1.352632e+00 2.357895e+00 3.81826833e-02
5.384615e+00 1.352632e+00 2.563158e+00 3.43085490e-02
5.384615e+00 1.352632e+00 2.768421e+00 3.07642370e-02
5.384615e+00 1.352632e+00 2.973684e+00 2.75582522e-02
5.384615e+00 1.352632e+00 3.178947e+00 2.46851053e-02
5.384615e+00 1.352632e+00 3.384211e+00 2.21291818e-02
5.384615e+00 1.352632e+00 3.589474e+00 1.98683329e-02
5.384615e+00 1.352632e+00 3.794737e+00 1.78763103e-02
5.384615e+00 1.352632e+00 4.000000e+00 1.61259566e-02
5.384615e+00 1.613158e+00 1.000000e-01 1.44742538e+02
5.384615e+00 1.613158e+00 3.052632e-01 2.48282862e+00
5.384615e+00 1.613158e+00 5.105263e-01 1.72514707e-01
5.384615e+00 1.613158e+00 7.157895e-01 4.76539172e-02
5.384615e+00 1.613158e+00 9.210526e-01 3.76447253e-02
5.384615e+00 1.613158e+00 1.126316e+00 3.48924212e-02
5.384615e+00 1.613158e+00 1.331579e+00 3.24792750e-02
5.384615e+00 1.613158e+00 1.536842e+00 2.99990326e-02
5.384615e+00 1.613158e+00 1.742105e+00 2.74942797e-02
5.384615e+00 1.613158e+00 1.947368e+00 2.50300597e-02
5.384615e+00 1.613158e+00 2.152632e+00 2.26607807e-02
5.384615e+00 1.613158e+00 2.357895e+00 2.04267316e-02
5.384615e+00 1.613158e+00 2.563158e+00 1.83542464e-02
5.384615e+00 1.613158e+00 2.768421e+00 1.64578985e-02
5.384615e+00 1.613158e+00 2.973684e+00 1.47423632e-02
5.384615e+00 1.613158e+00 3.178947e+00 1.32047860e-02
5.384615e+00 1.613158e+00 3.384211e+00 1.18368203e-02
5.384615e+00 1.613158e+00 3.589474e+00 1.06266346e-02
5.384615e+00 1.613158e+00 3.794737e+00 9.56038479e-03
5.384615e+00 1.613158e+00 4.000000e+00 8.62336904e-03
5.384615e+00 1.873684e+00 1.000000e-01 9.18949890e+01
5.384615e+00 1.873684e+00 3.052632e-01 1.57084131e+00
5.384615e+00 1.873684e+00 5.105263e-01 1.04534566e-01
5.384615e+00 1.873684e+00 7.157895e-01 2.54934803e-02
5.384615e+00 1.873684e+00 9.210526e-01 1.93757396e-02
5.384615e+00 1.873684e+00 1.126316e+00 1.78951900e-02
5.384615e+00 1.873684e+00 1.331579e+00 1.66531689e-02
5.384615e+00 1.873684e+00 1.536842e+00 1.53816231e-02
5.384615e+00 1.873684e+00 1.742105e+00 1.40977884e-02
5.384615e+00 1.873684e+00 1.947368e+00 1.28346505e-02
5.384615e+00 1.873684e+00 2.152632e+00 1.16200587e-02
5.384615e+00 1.873684e+00 2.357895e+00 1.04746008e-02
5.384615e+00 1.873684e+00 2.563158e+00 9.41187702e-03
5.384615e+00 1.873684e+00 2.768421e+00 8.43935646e-03
5.384615e+00 1.873684e+00 2.973684e+00 7.55946664e-03
5.384615e+00 1.873684e+00 3.178947e+00 6.77077472e-03
5.384615e+00 1.873684e+00 3.384211e+00 6.06904691e-03
5.384615e+00 1.873684e+00 3.589474e+00 5.44819003e-03
5.384615e+00 1.873684e+00 3.794737e+00 4.90114931e-03
5.384615e+00 1.873684e+00 4.000000e+00 4.42039268e-03
5.384615e+00 2.134211e+00 1.000000e-01 5.45150948e+01
5.384615e+00 2.134211e+00 3.052632e-01 9.29434359e-01
5.384615e+00 2.134211e+00 5.105263e-01 5.98428808e-02
5.384615e+00 2.134211e+00 7.157895e-01 1.30601665e-02
5.384615e+00 2.134211e+00 9.210526e-01 9.53428447e-03
5.384615e+00 2.134211e+00 1.126316e+00 8.77163559e-03
5.384615e+00 2.134211e+00 1.331579e+00 8.16040859e-03
5.384615e+00 2.134211e+00 1.536842e+00 7.53735099e-03
5.384615e+00 2.134211e+00 1.742105e+00 6.90839998e-03
5.384615e+00 2.134211e+00 1.947368e+00 6.28960878e-03
5.384615e+00 2.134211e+00 2.152632e+00 5.69450390e-03
5.384615e+00 2.134211e+00 2.357895e+00 5.13322325e-03
5.384615e+00 2.134211e+00 2.563158e+00 4.61242953e-03
5.384615e+00 2.134211e+00 2.768421e+00 4.13579447e-03
5.384615e+00 2.134211e+00 2.973684e+00 3.70452111e-03
5.384615e+00 2.134211e+00 3.178947e+00 3.31790838e-03
5.384615e+00 2.134211e+00 3.384211e+00 2.97389226e-03
5.384615e+00 2.134211e+00 3.589474e+00 2.66951858e-03
5.384615e+00 2.134211e+00 3.794737e+00 2.40131537e-03
5.384615e+00 2.134211e+00 4.000000e+00 2.16560531e-03
5.384615e+00 2.394737e+00 1.000000e-01 3.02183247e+01
5.384615e+00 2.394737e+00 3.052632e-01 5.14158487e-01
5.384615e+00 2.394737e+00 5.105263e-01 3.22733261e-02
5.384615e+00 2.394737e+00 7.157895e-01 6.38823351e-03
5.384615e+00 2.394737e+00 9.210526e-01 4.47673118e-03
5.384615e+00 2.394737e+00 1.126316e+00 4.10170993e-03
5.384615e+00 2.394737e+00 1.331579e+00 3.81468306e-03
5.384615e+00 2.394737e+00 1.536842e+00 3.52339307e-03
5.384615e+00 2.394737e+00 1.742105e+00 3.22946790e-03
5.384615e+00 2.394737e+00 1.947368e+00 2.94025941e-03
5.384615e+00 2.394737e+00 2.152632e+00 2.66211759e-03
5.384615e+00 2.394737e+00 2.357895e+00 2.39974237e-03
5.384615e+00 2.394737e+00 2.563158e+00 2.15627719e-03
5.384615e+00 2.394737e+00 2.768421e+00 1.93343509e-03
5.384615e+00 2.394737e+00 2.973684e+00 1.73178606e-03
5.384615e+00 2.394737e+00 3.178947e+00 1.55100436e-03
5.384615e+00 2.394737e+00 3.384211e+00 1.39013550e-03
5.384615e+00 2.394737e+00 3.589474e+00 1.24779542e-03
5.384615e+00 2.394737e+00 3.794737e+00 1.12236454e-03
5.384615e+00 2.394737e+00 4.000000e+00 1.01212657e-03
5.384615e+00 2.655263e+00 1.000000e-01 1.56513338e+01
5.384615e+00 2.655263e+00 3.052632e-01 2.65887201e-01
5.384615e+00 2.655263e+00 5.105263e-01 1.63638145e-02
5.384615e+00 2.655263e+00 7.157895e-01 2.97640008e-03
5.384615e+00 2.655263e+00 9.210526e-01 2.00322899e-03
5.384615e+00 2.655263e+00 1.126316e+00 1.82762102e-03
5.384615e+00 2.655263e+00 1.331579e+00 1.69916020e-03
5.384615e+00 2.655263e+00 1.536842e+00 1.56939961e-03
5.384615e+00 2.655263e+00 1.742105e+00 1.43850246e-03
5.384615e+00 2.655263e+00 1.947368e+00 1.30970555e-03
5.384615e+00 2.655263e+00 2.152632e+00 1.18582428e-03
5.384615e+00 2.655263e+00 2.357895e+00 1.06896204e-03
5.384615e+00 2.655263e+00 2.563158e+00 9.60509409e-04
5.384615e+00 2.655263e+00 2.768421e+00 8.61240260e-04
5.384615e+00 2.655263e+00 2.973684e+00 7.71403429e-04
5.384615e+00 2.655263e+00 3.178947e+00 6.90858113e-04
5.384615e+00 2.655263e+00 3.384211e+00 6.19181897e-04
5.384615e+00 2.655263e+00 3.589474e+00 5.55756269e-04
5.384615e+00 2.655263e+00 3.794737e+00 4.99865273e-04
5.384615e+00 2.655263e+00 4.000000e+00 4.50742227e-04
5.384615e+00 2.915789e+00 1.000000e-01 7.57460260e+00
5.384615e+00 2.915789e+00 3.052632e-01 1.28521085e-01
5.384615e+00 2.915789e+00 5.105263e-01 7.78958108e-03
5.384615e+00 2.915789e+00 7.157895e-01 1.31821376e-03
5.384615e+00 2.915789e+00 9.210526e-01 8.53486825e-04
5.384615e+00 2.915789e+00 1.126316e+00 7.75353576e-04
5.384615e+00 2.915789e+00 1.331579e+00 7.20611832e-04
5.384615e+00 2.915789e+00 1.536842e+00 6.65569096e-04
5.384615e+00 2.915789e+00 1.742105e+00 6.10067858e-04
5.384615e+00 2.915789e+00 1.947368e+00 5.55455801e-04
5.384615e+00 2.915789e+00 2.152632e+00 5.02922514e-04
5.384615e+00 2.915789e+00 2.357895e+00 4.53362794e-04
5.384615e+00 2.915789e+00 2.563158e+00 4.07367101e-04
5.384615e+00 2.915789e+00 2.768421e+00 3.65261745e-04
5.384615e+00 2.915789e+00 2.973684e+00 3.27156391e-04
5.384615e+00 2.915789e+00 3.178947e+00 2.92990560e-04
5.384615e+00 2.915789e+00 3.384211e+00 2.62583781e-04
5.384615e+00 2.915789e+00 3.589474e+00 2.35677537e-04
5.384615e+00 2.915789e+00 3.794737e+00 2.11966137e-04
5.384615e+00 2.915789e+00 4.000000e+00 1.91125408e-04
5.384615e+00 3.176316e+00 1.000000e-01 3.42526698e+00
5.384615e+00 3.176316e+00 3.052632e-01 5.80621511e-02
5.384615e+00 3.176316e+00 5.105263e-01 3.47756408e-03
5.384615e+00 3.176316e+00 7.157895e-01 5.53925114e-04
5.384615e+00 3.176316e+00 9.210526e-01 3.45940352e-04
5.384615e+00 3.176316e+00 1.126316e+00 3.12974473e-04
5.384615e+00 3.176316e+00 1.331579e+00 2.90781725e-04
5.384615e+00 3.176316e+00 1.536842e+00 2.68567179e-04
5.384615e+00 3.176316e+00 1.742105e+00 2.46174284e-04
5.384615e+00 3.176316e+00 1.947368e+00 2.24140080e-04
5.384615e+00 3.176316e+00 2.152632e+00 2.02944007e-04
5.384615e+00 3.176316e+00 2.357895e+00 1.82946518e-04
5.384615e+00 3.176316e+00 2.563158e+00 1.64385681e-04
5.384615e+00 3.176316e+00 2.768421e+00 1.47394123e-04
5.384615e+00 3.176316e+00 2.973684e+00 1.32015339e-04
5.384615e+00 3.176316e+00 3.178947e+00 1.18226191e-04
5.384615e+00 3.176316e+00 3.384211e+00 1.05953899e-04
5.384615e+00 3.176316e+00 3.589474e+00 9.50937610e-05
5.384615e+00 3.176316e+00 3.794737e+00 8.55229227e-05
5.384615e+00 3.176316e+00 4.000000e+00 7.71107880e-05
5.384615e+00 3.436842e+00 1.000000e-01 1.44728911e+00
5.384615e+00 3.436842e+00 3.052632e-01 2.45148856e-02
5.384615e+00 3.436842e+00 5.105263e-01 1.45487126e-03
5.384615e+00 3.436842e+00 7.157895e-01 2.20455709e-04
5.384615e+00 3.436842e+00 9.210526e-01 1.33276801e-04
5.384615e+00 3.436842e+00 1.126316e+00 1.20110468e-04
5.384615e+00 3.436842e+00 1.331579e+00 1.11558606e-04
5.384615e+00 3.436842e+00 1.536842e+00 1.03034356e-04
5.384615e+00 3.436842e+00 1.742105e+00 9.44447747e-05
5.384615e+00 3.436842e+00 1.947368e+00 8.59921784e-05
5.384615e+00 3.436842e+00 2.152632e+00 7.78610483e-05
5.384615e+00 3.436842e+00 2.357895e+00 7.01892059e-05
5.384615e+00 3.436842e+00 2.563158e+00 6.30681243e-05
5.384615e+00 3.436842e+00 2.768421e+00 5.65488517e-05
5.384615e+00 3.436842e+00 2.973684e+00 5.06480355e-05
5.384615e+00 3.436842e+00 3.178947e+00 4.53570647e-05
5.384615e+00 3.436842e+00 3.384211e+00 4.06478721e-05
5.384615e+00 3.436842e+00 3.589474e+00 3.64804109e-05
5.384615e+00 3.436842e+00 3.794737e+00 3.28076894e-05
5.384615e+00 3.436842e+00 4.000000e+00 2.95794725e-05
5.384615e+00 3.697368e+00 1.000000e-01 5.71402609e-01
5.384615e+00 3.697368e+00 3.052632e-01 9.67312045e-03
5.384615e+00 3.697368e+00 5.105263e-01 5.70032455e-04
5.384615e+00 3.697368e+00 7.157895e-01 8.29579221e-05
5.384615e+00 3.697368e+00 9.210526e-01 4.87504294e-05
5.384615e+00 3.697368e+00 1.126316e+00 4.37811905e-05
5.384615e+00 3.697368e+00 1.331579e+00 4.06523650e-05
5.384615e+00 3.697368e+00 1.536842e+00 3.75456948e-05
5.384615e+00 3.697368e+00 1.742105e+00 3.44157925e-05
5.384615e+00 3.697368e+00 1.947368e+00 3.13360033e-05
5.384615e+00 3.697368e+00 2.152632e+00 2.83732188e-05
5.384615e+00 3.697368e+00 2.357895e+00 2.55776358e-05
5.384615e+00 3.697368e+00 2.563158e+00 2.29826528e-05
5.384615e+00 3.697368e+00 2.768421e+00 2.06068689e-05
5.384615e+00 3.697368e+00 2.973684e+00 1.84564215e-05
5.384615e+00 3.697368e+00 3.178947e+00 1.65280562e-05
5.384615e+00 3.697368e+00 3.384211e+00 1.48117388e-05
5.384615e+00 3.697368e+00 3.589474e+00 1.32928108e-05
5.384615e+00 3.697368e+00 3.794737e+00 1.19541746e-05
5.384615e+00 3.697368e+00 4.000000e+00 1.07775613e-05
5.384615e+00 3.957895e+00 1.000000e-01 2.10792154e-01
5.384615e+00 3.957895e+00 3.052632e-01 3.56687163e-03
5.384615e+00 3.957895e+00 5.105263e-01 2.09070058e-04
5.384615e+00 3.957895e+00 7.157895e-01 2.94678193e-05
5.384615e+00 3.957895e+00 9.210526e-01 1.69075538e-05
5.384615e+00 3.957895e+00 1.126316e+00 1.51380837e-05
5.384615e+00 3.957895e+00 1.331579e+00 1.40528073e-05
5.384615e+00 3.957895e+00 1.536842e+00 1.29786958e-05
5.384615e+00 3.957895e+00 1.742105e+00 1.18968865e-05
5.384615e+00 3.957895e+00 1.947368e+00 1.08323466e-05
5.384615e+00 3.957895e+00 2.152632e+00 9.80821915e-06
5.384615e+00 3.957895e+00 2.357895e+00 8.84184374e-06
5.384615e+00 3.957895e+00 2.563158e+00 7.94479001e-06
5.384615e+00 3.957895e+00 2.768421e+00 7.12348810e-06
5.384615e+00 3.957895e+00 2.973684e+00 6.38005713e-06
5.384615e+00 3.957895e+00 3.178947e+00 5.71339478e-06
5.384615e+00 3.957895e+00 3.384211e+00 5.11999451e-06
5.384615e+00 3.957895e+00 3.589474e+00 4.59486000e-06
5.384615e+00 3.957895e+00 3.794737e+00 4.13203361e-06
5.384615e+00 3.957895e+00 4.000000e+00 3.72522504e-06
5.384615e+00 4.218421e+00 1.000000e-01 7.26593956e-02
5.384615e+00 4.218421e+00 3.052632e-01 1.22908119e-03
5.384615e+00 4.218421e+00 5.105263e-01 7.17523435e-05
5.384615e+00 4.218421e+00 7.157895e-01 9.86517898e-06
5.384615e+00 4.218421e+00 9.210526e-01 5.55093584e-06
5.384615e+00 4.218421e+00 1.126316e+00 4.95740869e-06
5.384615e+00 4.218421e+00 1.331579e+00 4.60104047e-06
5.384615e+00 4.218421e+00 1.536842e+00 4.24930931e-06
5.384615e+00 4.218421e+00 1.742105e+00 3.89514298e-06
5.384615e+00 4.218421e+00 1.947368e+00 3.54662916e-06
5.384615e+00 4.218421e+00 2.152632e+00 3.21133484e-06
5.384615e+00 4.218421e+00 2.357895e+00 2.89494255e-06
5.384615e+00 4.218421e+00 2.563158e+00 2.60123875e-06
5.384615e+00 4.218421e+00 2.768421e+00 2.33231799e-06
5.384615e+00 4.218421e+00 2.973684e+00 2.08889651e-06
5.384615e+00 4.218421e+00 3.178947e+00 1.87060323e-06
5.384615e+00 4.218421e+00 3.384211e+00 1.67630185e-06
5.384615e+00 4.218421e+00 3.589474e+00 1.50434209e-06
5.384615e+00 4.218421e+00 3.794737e+00 1.35278833e-06
5.384615e+00 4.218421e+00 4.000000e+00 1.21957510e-06
5.384615e+00 4.478947e+00 1.000000e-01 2.34020520e-02
5.384615e+00 4.478947e+00 3.052632e-01 3.95763258e-04
5.384615e+00 4.478947e+00 5.105263e-01 2.30354526e-05
5.384615e+00 4.478947e+00 7.157895e-01 3.10801147e-06
5.384615e+00 4.478947e+00 9.210526e-01 1.72210400e-06
5.384615e+00 4.478947e+00 1.126316e+00 1.53483165e-06
5.384615e+00 4.478947e+00 1.331579e+00 1.42426370e-06
5.384615e+00 4.478947e+00 1.536842e+00 1.31537149e-06
5.384615e+00 4.478947e+00 1.742105e+00 1.20574407e-06
5.384615e+00 4.478947e+00 1.947368e+00 1.09786947e-06
5.384615e+00 4.478947e+00 2.152632e+00 9.94081461e-07
5.384615e+00 4.478947e+00 2.357895e+00 8.96142296e-07
5.384615e+00 4.478947e+00 2.563158e+00 8.05224829e-07
5.384615e+00 4.478947e+00 2.768421e+00 7.21978267e-07
5.384615e+00 4.478947e+00 2.973684e+00 6.46622539e-07
5.384615e+00 4.478947e+00 3.178947e+00 5.79044752e-07
5.384615e+00 4.478947e+00 3.384211e+00 5.18893046e-07
5.384615e+00 4.478947e+00 3.589474e+00 4.65657138e-07
5.384615e+00 4.478947e+00 3.794737e+00 4.18738068e-07
5.384615e+00 4.478947e+00 4.000000e+00 3.77496434e-07
5.384615e+00 4.739474e+00 1.000000e-01 7.04270368e-03
5.384615e+00 4.739474e+00 3.052632e-01 1.19081174e-04
5.384615e+00 4.739474e+00 5.105263e-01 6.91612513e-06
5.384615e+00 4.739474e+00 7.157895e-01 9.20203831e-07
5.384615e+00 4.739474e+00 9.210526e-01 5.03912986e-07
5.384615e+00 4.739474e+00 1.126316e+00 4.48404620e-07
5.384615e+00 4.739474e+00 1.331579e+00 4.16047754e-07
5.384615e+00 4.739474e+00 1.536842e+00 3.84236159e-07
5.384615e+00 4.739474e+00 1.742105e+00 3.52213561e-07
5.384615e+00 4.739474e+00 1.947368e+00 3.20702753e-07
5.384615e+00 4.739474e+00 2.152632e+00 2.90386254e-07
5.384615e+00 4.739474e+00 2.357895e+00 2.61777245e-07
5.384615e+00 4.739474e+00 2.563158e+00 2.35218494e-07
5.384615e+00 4.739474e+00 2.768421e+00 2.10900552e-07
5.384615e+00 4.739474e+00 2.973684e+00 1.88887384e-07
5.384615e+00 4.739474e+00 3.178947e+00 1.69145906e-07
5.384615e+00 4.739474e+00 3.384211e+00 1.51573275e-07
5.384615e+00 4.739474e+00 3.589474e+00 1.36021470e-07
5.384615e+00 4.739474e+00 3.794737e+00 1.22314333e-07
5.384615e+00 4.739474e+00 4.000000e+00 1.10266257e-07
5.384615e+00 5.000000e+00 1.000000e-01 1.98038528e-03
5.384615e+00 5.000000e+00 3.052632e-01 3.34809702e-05
5.384615e+00 5.000000e+00 5.105263e-01 1.94153608e-06
5.384615e+00 5.000000e+00 7.157895e-01 2.55727343e-07
5.384615e+00 5.000000e+00 9.210526e-01 1.38826138e-07
5.384615e+00 5.000000e+00 1.126316e+00 1.23387352e-07
5.384615e+00 5.000000e+00 1.331579e+00 1.14472854e-07
5.384615e+00 5.000000e+00 1.536842e+00 1.05719266e-07
5.384615e+00 5.000000e+00 1.742105e+00 9.69087779e-08
5.384615e+00 5.000000e+00 1.947368e+00 8.82392541e-08
5.384615e+00 5.000000e+00 2.152632e+00 7.98979869e-08
5.384615e+00 5.000000e+00 2.357895e+00 7.20264950e-08
5.384615e+00 5.000000e+00 2.563158e+00 6.47189822e-08
5.384615e+00 5.000000e+00 2.768421e+00 5.80280144e-08
5.384615e+00 5.000000e+00 2.973684e+00 5.19709751e-08
5.384615e+00 5.000000e+00 3.178947e+00 4.65390109e-08
5.384615e+00 5.000000e+00 3.384211e+00 4.17039097e-08
5.384615e+00 5.000000e+00 3.589474e+00 3.74246127e-08
5.384615e+00 5.000000e+00 3.794737e+00 3.36531087e-08
5.384615e+00 5.000000e+00 4.000000e+00 3.03378300e-08
5.641026e+00 5.000000e-02 1.000000e-01 5.35761597e+02
5.641026e+00 5.000000e-02 3.052632e-01 1.06993313e+01
5.641026e+00 5.000000e-02 5.105263e-01 1.93532646e+00
5.641026e+00 5.000000e-02 7.157895e-01 1.37569308e+00
5.641026e+00 5.000000e-02 9.210526e-01 1.27916050e+00
5.641026e+00 5.000000e-02 1.126316e+00 1.20759284e+00
5.641026e+00 5.000000e-02 1.331579e+00 1.13176727e+00
5.641026e+00 5.000000e-02 1.536842e+00 1.05191207e+00
5.641026e+00 5.000000e-02 1.742105e+00 9.70351219e-01
5.641026e+00 5.000000e-02 1.947368e+00 8.89286518e-01
5.641026e+00 5.000000e-02 2.152632e+00 8.10531199e-01
5.641026e+00 5.000000e-02 2.357895e+00 7.35459328e-01
5.641026e+00 5.000000e-02 2.563158e+00 6.65064156e-01
5.641026e+00 5.000000e-02 2.768421e+00 5.99956512e-01
5.641026e+00 5.000000e-02 2.973684e+00 5.40438712e-01
5.641026e+00 5.000000e-02 3.178947e+00 4.86545563e-01
5.641026e+00 5.000000e-02 3.384211e+00 4.38138783e-01
5.641026e+00 5.000000e-02 3.589474e+00 3.94924939e-01
5.641026e+00 5.000000e-02 3.794737e+00 3.56533229e-01
5.641026e+00 5.000000e-02 4.000000e+00 3.22544277e-01
5.641026e+00 3.105263e-01 1.000000e-01 5.10446625e+02
5.641026e+00 3.105263e-01 3.052632e-01 9.48625183e+00
5.641026e+00 3.105263e-01 5.105263e-01 1.14110804e+00
5.641026e+00 3.105263e-01 7.157895e-01 6.30809724e-01
5.641026e+00 3.105263e-01 9.210526e-01 5.68747044e-01
5.641026e+00 3.105263e-01 1.126316e+00 5.35560131e-01
5.641026e+00 3.105263e-01 1.331579e+00 5.01895487e-01
5.641026e+00 3.105263e-01 1.536842e+00 4.66549307e-01
5.641026e+00 3.105263e-01 1.742105e+00 4.30444390e-01
5.641026e+00 3.105263e-01 1.947368e+00 3.94540250e-01
5.641026e+00 3.105263e-01 2.152632e+00 3.59637588e-01
5.641026e+00 3.105263e-01 2.357895e+00 3.26355696e-01
5.641026e+00 3.105263e-01 2.563158e+00 2.95132607e-01
5.641026e+00 3.105263e-01 2.768421e+00 2.66243219e-01
5.641026e+00 3.105263e-01 2.973684e+00 2.39822224e-01
5.641026e+00 3.105263e-01 3.178947e+00 2.15891510e-01
5.641026e+00 3.105263e-01 3.384211e+00 1.94387823e-01
5.641026e+00 3.105263e-01 3.589474e+00 1.75186440e-01
5.641026e+00 3.105263e-01 3.794737e+00 1.58123419e-01
5.641026e+00 3.105263e-01 4.000000e+00 1.43014044e-01
5.641026e+00 5.710526e-01 1.000000e-01 4.54845428e+02
5.641026e+00 5.710526e-01 3.052632e-01 8.24700356e+00
5.641026e+00 5.710526e-01 5.105263e-01 8.13510418e-01
5.641026e+00 5.710526e-01 7.157895e-01 3.65568131e-01
5.641026e+00 5.710526e-01 9.210526e-01 3.18909556e-01
5.641026e+00 5.710526e-01 1.126316e+00 2.99433947e-01
5.641026e+00 5.710526e-01 1.331579e+00 2.80567974e-01
5.641026e+00 5.710526e-01 1.536842e+00 2.60833412e-01
5.641026e+00 5.710526e-01 1.742105e+00 2.40674302e-01
5.641026e+00 5.710526e-01 1.947368e+00 2.20620275e-01
5.641026e+00 5.710526e-01 2.152632e+00 2.01118886e-01
5.641026e+00 5.710526e-01 2.357895e+00 1.82518378e-01
5.641026e+00 5.710526e-01 2.563158e+00 1.65062398e-01
5.641026e+00 5.710526e-01 2.768421e+00 1.48905218e-01
5.641026e+00 5.710526e-01 2.973684e+00 1.34124488e-01
5.641026e+00 5.710526e-01 3.178947e+00 1.20734550e-01
5.641026e+00 5.710526e-01 3.384211e+00 1.08699128e-01
5.641026e+00 5.710526e-01 3.589474e+00 9.79500711e-02
5.641026e+00 5.710526e-01 3.794737e+00 8.83967578e-02
5.641026e+00 5.710526e-01 4.000000e+00 7.99356624e-02
5.641026e+00 8.315790e-01 1.000000e-01 3.78783661e+02
5.641026e+00 8.315790e-01 3.052632e-01 6.77813816e+00
5.641026e+00 8.315790e-01 5.105263e-01 5.90027809e-01
5.641026e+00 8.315790e-01 7.157895e-01 2.20052034e-01
5.641026e+00 8.315790e-01 9.210526e-01 1.84920058e-01
5.641026e+00 8.315790e-01 1.126316e+00 1.73027709e-01
5.641026e+00 8.315790e-01 1.331579e+00 1.62088126e-01
5.641026e+00 8.315790e-01 1.536842e+00 1.50696024e-01
5.641026e+00 8.315790e-01 1.742105e+00 1.39060929e-01
5.641026e+00 8.315790e-01 1.947368e+00 1.27483040e-01
5.641026e+00 8.315790e-01 2.152632e+00 1.16221704e-01
5.641026e+00 8.315790e-01 2.357895e+00 1.05477065e-01
5.641026e+00 8.315790e-01 2.563158e+00 9.53915790e-02
5.641026e+00 8.315790e-01 2.768421e+00 8.60546306e-02
5.641026e+00 8.315790e-01 2.973684e+00 7.75112584e-02
5.641026e+00 8.315790e-01 3.178947e+00 6.97694793e-02
5.641026e+00 8.315790e-01 3.384211e+00 6.28104657e-02
5.641026e+00 8.315790e-01 3.589474e+00 5.65939806e-02
5.641026e+00 8.315790e-01 3.794737e+00 5.10684103e-02
5.641026e+00 8.315790e-01 4.000000e+00 4.61738445e-02
5.641026e+00 1.092105e+00 1.000000e-01 2.94766266e+02
5.641026e+00 1.092105e+00 3.052632e-01 5.23154736e+00
5.641026e+00 1.092105e+00 5.105263e-01 4.18019950e-01
5.641026e+00 1.092105e+00 7.157895e-01 1.31660983e-01
5.641026e+00 1.092105e+00 9.210526e-01 1.06079370e-01
5.641026e+00 1.092105e+00 1.126316e+00 9.88526344e-02
5.641026e+00 1.092105e+00 1.331579e+00 9.25740153e-02
5.641026e+00 1.092105e+00 1.536842e+00 8.60703066e-02
5.641026e+00 1.092105e+00 1.742105e+00 7.94299096e-02
5.641026e+00 1.092105e+00 1.947368e+00 7.28211030e-02
5.641026e+00 1.092105e+00 2.152632e+00 6.63915053e-02
5.641026e+00 1.092105e+00 2.357895e+00 6.02557957e-02
5.641026e+00 1.092105e+00 2.563158e+00 5.44951856e-02
5.641026e+00 1.092105e+00 2.768421e+00 4.91613224e-02
5.641026e+00 1.092105e+00 2.973684e+00 4.42797840e-02
5.641026e+00 1.092105e+00 3.178947e+00 3.98557223e-02
5.641026e+00 1.092105e+00 3.384211e+00 3.58782932e-02
5.641026e+00 1.092105e+00 3.589474e+00 3.23249213e-02
5.641026e+00 1.092105e+00 3.794737e+00 2.91661397e-02
5.641026e+00 1.092105e+00 4.000000e+00 2.63678227e-02
5.641026e+00 1.352632e+00 1.000000e-01 2.14340927e+02
5.641026e+00 1.352632e+00 3.052632e-01 3.78295112e+00
5.641026e+00 1.352632e+00 5.105263e-01 2.84346402e-01
5.641026e+00 1.352632e+00 7.157895e-01 7.69366696e-02
5.641026e+00 1.352632e+00 9.210526e-01 5.91788739e-02
5.641026e+00 1.352632e+00 1.126316e+00 5.48865460e-02
5.641026e+00 1.352632e+00 1.331579e+00 5.13804108e-02
5.641026e+00 1.352632e+00 1.536842e+00 4.77714241e-02
5.641026e+00 1.352632e+00 1.742105e+00 4.40878123e-02
5.641026e+00 1.352632e+00 1.947368e+00 4.04215343e-02
5.641026e+00 1.352632e+00 2.152632e+00 3.68541069e-02
5.641026e+00 1.352632e+00 2.357895e+00 3.34489085e-02
5.641026e+00 1.352632e+00 2.563158e+00 3.02516203e-02
5.641026e+00 1.352632e+00 2.768421e+00 2.72906814e-02
5.641026e+00 1.352632e+00 2.973684e+00 2.45804656e-02
5.641026e+00 1.352632e+00 3.178947e+00 2.21239515e-02
5.641026e+00 1.352632e+00 3.384211e+00 1.99151039e-02
5.641026e+00 1.352632e+00 3.589474e+00 1.79415774e-02
5.641026e+00 1.352632e+00 3.794737e+00 1.61870271e-02
5.641026e+00 1.352632e+00 4.000000e+00 1.46326581e-02
5.641026e+00 1.613158e+00 1.000000e-01 1.45635025e+02
5.641026e+00 1.613158e+00 3.052632e-01 2.56001329e+00
5.641026e+00 1.613158e+00 5.105263e-01 1.83990493e-01
5.641026e+00 1.613158e+00 7.157895e-01 4.34941612e-02
5.641026e+00 1.613158e+00 9.210526e-01 3.18281315e-02
5.641026e+00 1.613158e+00 1.126316e+00 2.93613039e-02
5.641026e+00 1.613158e+00 1.331579e+00 2.74730567e-02
5.641026e+00 1.613158e+00 1.536842e+00 2.55433321e-02
5.641026e+00 1.613158e+00 1.742105e+00 2.35746205e-02
5.641026e+00 1.613158e+00 1.947368e+00 2.16150489e-02
5.641026e+00 1.613158e+00 2.152632e+00 1.97079591e-02
5.641026e+00 1.613158e+00 2.357895e+00 1.78874657e-02
5.641026e+00 1.613158e+00 2.563158e+00 1.61778443e-02
5.641026e+00 1.613158e+00 2.768421e+00 1.45943984e-02
5.641026e+00 1.613158e+00 2.973684e+00 1.31448722e-02
5.641026e+00 1.613158e+00 3.178947e+00 1.18308803e-02
5.641026e+00 1.613158e+00 3.384211e+00 1.06492676e-02
5.641026e+00 1.613158e+00 3.589474e+00 9.59344208e-03
5.641026e+00 1.613158e+00 3.794737e+00 8.65469221e-03
5.641026e+00 1.613158e+00 4.000000e+00 7.82300998e-03
5.641026e+00 1.873684e+00 1.000000e-01 9.24605789e+01
5.641026e+00 1.873684e+00 3.052632e-01 1.62039673e+00
5.641026e+00 1.873684e+00 5.105263e-01 1.12621740e-01
5.641026e+00 1.873684e+00 7.157895e-01 2.36434583e-02
5.641026e+00 1.873684e+00 9.210526e-01 1.64205022e-02
5.641026e+00 1.873684e+00 1.126316e+00 1.50577528e-02
5.641026e+00 1.873684e+00 1.331579e+00 1.40820257e-02
5.641026e+00 1.873684e+00 1.536842e+00 1.30925952e-02
5.641026e+00 1.873684e+00 1.742105e+00 1.20839365e-02
5.641026e+00 1.873684e+00 1.947368e+00 1.10798245e-02
5.641026e+00 1.873684e+00 2.152632e+00 1.01025682e-02
5.641026e+00 1.873684e+00 2.357895e+00 9.16950870e-03
5.641026e+00 1.873684e+00 2.563158e+00 8.29320215e-03
5.641026e+00 1.873684e+00 2.768421e+00 7.48146791e-03
5.641026e+00 1.873684e+00 2.973684e+00 6.73833257e-03
5.641026e+00 1.873684e+00 3.178947e+00 6.06463151e-03
5.641026e+00 1.873684e+00 3.384211e+00 5.45872469e-03
5.641026e+00 1.873684e+00 3.589474e+00 4.91728913e-03
5.641026e+00 1.873684e+00 3.794737e+00 4.43586940e-03
5.641026e+00 1.873684e+00 4.000000e+00 4.00933251e-03
5.641026e+00 2.134211e+00 1.000000e-01 5.48499069e+01
5.641026e+00 2.134211e+00 3.052632e-01 9.59020972e-01
5.641026e+00 2.134211e+00 5.105263e-01 6.49816394e-02
5.641026e+00 2.134211e+00 7.157895e-01 1.23050846e-02
5.641026e+00 2.134211e+00 9.210526e-01 8.10120348e-03
5.641026e+00 2.134211e+00 1.126316e+00 7.38098985e-03
5.641026e+00 2.134211e+00 1.331579e+00 6.89870911e-03
5.641026e+00 2.134211e+00 1.536842e+00 6.41382812e-03
5.641026e+00 2.134211e+00 1.742105e+00 5.91983413e-03
5.641026e+00 2.134211e+00 1.947368e+00 5.42808603e-03
5.641026e+00 2.134211e+00 2.152632e+00 4.94942628e-03
5.641026e+00 2.134211e+00 2.357895e+00 4.49238159e-03
5.641026e+00 2.134211e+00 2.563158e+00 4.06307681e-03
5.641026e+00 2.134211e+00 2.768421e+00 3.66538973e-03
5.641026e+00 2.134211e+00 2.973684e+00 3.30127636e-03
5.641026e+00 2.134211e+00 3.178947e+00 2.97114649e-03
5.641026e+00 2.134211e+00 3.384211e+00 2.67422455e-03
5.641026e+00 2.134211e+00 3.589474e+00 2.40888633e-03
5.641026e+00 2.134211e+00 3.794737e+00 2.17293599e-03
5.641026e+00 2.134211e+00 4.000000e+00 1.96387991e-03
5.641026e+00 2.394737e+00 1.000000e-01 3.04035053e+01
5.641026e+00 2.394737e+00 3.052632e-01 5.30616641e-01
5.641026e+00 2.394737e+00 5.105263e-01 3.52597907e-02
5.641026e+00 2.394737e+00 7.157895e-01 6.11071521e-03
5.641026e+00 2.394737e+00 9.210526e-01 3.81448795e-03
5.641026e+00 2.394737e+00 1.126316e+00 3.45169939e-03
5.641026e+00 2.394737e+00 1.331579e+00 3.22416006e-03
5.641026e+00 2.394737e+00 1.536842e+00 2.99743819e-03
5.641026e+00 2.394737e+00 1.742105e+00 2.76663224e-03
5.641026e+00 2.394737e+00 1.947368e+00 2.53687263e-03
5.641026e+00 2.394737e+00 2.152632e+00 2.31320714e-03
5.641026e+00 2.394737e+00 2.357895e+00 2.09963298e-03
5.641026e+00 2.394737e+00 2.563158e+00 1.89900189e-03
5.641026e+00 2.394737e+00 2.768421e+00 1.71312434e-03
5.641026e+00 2.394737e+00 2.973684e+00 1.54293154e-03
5.641026e+00 2.394737e+00 3.178947e+00 1.38861430e-03
5.641026e+00 2.394737e+00 3.384211e+00 1.24980952e-03
5.641026e+00 2.394737e+00 3.589474e+00 1.12576305e-03
5.641026e+00 2.394737e+00 3.794737e+00 1.01545278e-03
5.641026e+00 2.394737e+00 4.000000e+00 9.17708850e-04
5.641026e+00 2.655263e+00 1.000000e-01 1.57470331e+01
5.641026e+00 2.655263e+00 3.052632e-01 2.74425924e-01
5.641026e+00 2.655263e+00 5.105263e-01 1.79634858e-02
5.641026e+00 2.655263e+00 7.157895e-01 2.88762851e-03
5.641026e+00 2.655263e+00 9.210526e-01 1.71184423e-03
5.641026e+00 2.655263e+00 1.126316e+00 1.53817737e-03
5.641026e+00 2.655263e+00 1.331579e+00 1.43585785e-03
5.641026e+00 2.655263e+00 1.536842e+00 1.33483100e-03
5.641026e+00 2.655263e+00 1.742105e+00 1.23206526e-03
5.641026e+00 2.655263e+00 1.947368e+00 1.12976832e-03
5.641026e+00 2.655263e+00 2.152632e+00 1.03017897e-03
5.641026e+00 2.655263e+00 2.357895e+00 9.35076678e-04
5.641026e+00 2.655263e+00 2.563158e+00 8.45726230e-04
5.641026e+00 2.655263e+00 2.768421e+00 7.62947544e-04
5.641026e+00 2.655263e+00 2.973684e+00 6.87145628e-04
5.641026e+00 2.655263e+00 3.178947e+00 6.18409307e-04
5.641026e+00 2.655263e+00 3.384211e+00 5.56581537e-04
5.641026e+00 2.655263e+00 3.589474e+00 5.01323550e-04
5.641026e+00 2.655263e+00 3.794737e+00 4.52183041e-04
5.641026e+00 2.655263e+00 4.000000e+00 4.08640219e-04
5.641026e+00 2.915789e+00 1.000000e-01 7.62082148e+00
5.641026e+00 2.915789e+00 3.052632e-01 1.32655799e-01
5.641026e+00 2.915789e+00 5.105263e-01 8.58282484e-03
5.641026e+00 2.915789e+00 7.157895e-01 1.29543350e-03
5.641026e+00 2.915789e+00 9.210526e-01 7.31458422e-04
5.641026e+00 2.915789e+00 1.126316e+00 6.52659510e-04
5.641026e+00 2.915789e+00 1.331579e+00 6.08844915e-04
5.641026e+00 2.915789e+00 1.536842e+00 5.65981318e-04
5.641026e+00 2.915789e+00 1.742105e+00 5.22415387e-04
5.641026e+00 2.915789e+00 1.947368e+00 4.79047740e-04
5.641026e+00 2.915789e+00 2.152632e+00 4.36825561e-04
5.641026e+00 2.915789e+00 2.357895e+00 3.96503397e-04
5.641026e+00 2.915789e+00 2.563158e+00 3.58618010e-04
5.641026e+00 2.915789e+00 2.768421e+00 3.23516171e-04
5.641026e+00 2.915789e+00 2.973684e+00 2.91371369e-04
5.641026e+00 2.915789e+00 3.178947e+00 2.62222253e-04
5.641026e+00 2.915789e+00 3.384211e+00 2.36000022e-04
5.641026e+00 2.915789e+00 3.589474e+00 2.12564191e-04
5.641026e+00 2.915789e+00 3.794737e+00 1.91721934e-04
5.641026e+00 2.915789e+00 4.000000e+00 1.73253080e-04
5.641026e+00 3.176316e+00 1.000000e-01 3.44613028e+00
5.641026e+00 3.176316e+00 3.052632e-01 5.99318594e-02
5.641026e+00 3.176316e+00 5.105263e-01 3.84273357e-03
5.641026e+00 3.176316e+00 7.157895e-01 5.50574390e-04
5.641026e+00 3.176316e+00 9.210526e-01 2.97313236e-04
5.641026e+00 3.176316e+00 1.126316e+00 2.63492373e-04
5.641026e+00 3.176316e+00 1.331579e+00 2.45647563e-04
5.641026e+00 3.176316e+00 1.536842e+00 2.28342135e-04
5.641026e+00 3.176316e+00 1.742105e+00 2.10767714e-04
5.641026e+00 3.176316e+00 1.947368e+00 1.93274493e-04
5.641026e+00 3.176316e+00 2.152632e+00 1.76242189e-04
5.641026e+00 3.176316e+00 2.357895e+00 1.59974588e-04
5.641026e+00 3.176316e+00 2.563158e+00 1.44690333e-04
5.641026e+00 3.176316e+00 2.768421e+00 1.30527682e-04
5.641026e+00 3.176316e+00 2.973684e+00 1.17557582e-04
5.641026e+00 3.176316e+00 3.178947e+00 1.05795283e-04
5.641026e+00 3.176316e+00 3.384211e+00 9.52143091e-05
5.641026e+00 3.176316e+00 3.589474e+00 8.57570558e-05
5.641026e+00 3.176316e+00 3.794737e+00 7.73461070e-05
5.641026e+00 3.176316e+00 4.000000e+00 6.98928779e-05
5.641026e+00 3.436842e+00 1.000000e-01 1.45609093e+00
5.641026e+00 3.436842e+00 3.052632e-01 2.53046658e-02
5.641026e+00 3.436842e+00 5.105263e-01 1.61121972e-03
5.641026e+00 3.436842e+00 7.157895e-01 2.21276743e-04
5.641026e+00 3.436842e+00 9.210526e-01 1.14843329e-04
5.641026e+00 3.436842e+00 1.126316e+00 1.01137630e-04
5.641026e+00 3.436842e+00 1.331579e+00 9.42317711e-05
5.641026e+00 3.436842e+00 1.536842e+00 8.75893020e-05
5.641026e+00 3.436842e+00 1.742105e+00 8.08486584e-05
5.641026e+00 3.436842e+00 1.947368e+00 7.41393305e-05
5.641026e+00 3.436842e+00 2.152632e+00 6.76064737e-05
5.641026e+00 3.436842e+00 2.357895e+00 6.13668017e-05
5.641026e+00 3.436842e+00 2.563158e+00 5.55037768e-05
5.641026e+00 3.436842e+00 2.768421e+00 5.00709648e-05
5.641026e+00 3.436842e+00 2.973684e+00 4.50952975e-05
5.641026e+00 3.436842e+00 3.178947e+00 4.05829232e-05
5.641026e+00 3.436842e+00 3.384211e+00 3.65234628e-05
5.641026e+00 3.436842e+00 3.589474e+00 3.28950446e-05
5.641026e+00 3.436842e+00 3.794737e+00 2.96679937e-05
5.641026e+00 3.436842e+00 4.000000e+00 2.68083077e-05
5.641026e+00 3.697368e+00 1.000000e-01 5.74873328e-01
5.641026e+00 3.697368e+00 3.052632e-01 9.98479594e-03
5.641026e+00 3.697368e+00 5.105263e-01 6.32367388e-04
5.641026e+00 3.697368e+00 7.157895e-01 8.39527129e-05
5.641026e+00 3.697368e+00 9.210526e-01 4.21068071e-05
5.641026e+00 3.697368e+00 1.126316e+00 3.68712026e-05
5.641026e+00 3.697368e+00 1.331579e+00 3.43350439e-05
5.641026e+00 3.697368e+00 1.536842e+00 3.19133833e-05
5.641026e+00 3.697368e+00 1.742105e+00 2.94576421e-05
5.641026e+00 3.697368e+00 1.947368e+00 2.70132768e-05
5.641026e+00 3.697368e+00 2.152632e+00 2.46332420e-05
5.641026e+00 3.697368e+00 2.357895e+00 2.23599109e-05
5.641026e+00 3.697368e+00 2.563158e+00 2.02236879e-05
5.641026e+00 3.697368e+00 2.768421e+00 1.82441217e-05
5.641026e+00 3.697368e+00 2.973684e+00 1.64310968e-05
5.641026e+00 3.697368e+00 3.178947e+00 1.47868013e-05
5.641026e+00 3.697368e+00 3.384211e+00 1.33075109e-05
5.641026e+00 3.697368e+00 3.589474e+00 1.19852621e-05
5.641026e+00 3.697368e+00 3.794737e+00 1.08092563e-05
5.641026e+00 3.697368e+00 4.000000e+00 9.76711181e-06
5.641026e+00 3.957895e+00 1.000000e-01 2.12071180e-01
5.641026e+00 3.957895e+00 3.052632e-01 3.68179707e-03
5.641026e+00 3.957895e+00 5.105263e-01 2.32233288e-04
5.641026e+00 3.957895e+00 7.157895e-01 3.00211632e-05
5.641026e+00 3.957895e+00 9.210526e-01 1.46332050e-05
5.641026e+00 3.957895e+00 1.126316e+00 1.27507119e-05
5.641026e+00 3.957895e+00 1.331579e+00 1.18680300e-05
5.641026e+00 3.957895e+00 1.536842e+00 1.10305655e-05
5.641026e+00 3.957895e+00 1.742105e+00 1.01818187e-05
5.641026e+00 3.957895e+00 1.947368e+00 9.33704723e-06
5.641026e+00 3.957895e+00 2.152632e+00 8.51444838e-06
5.641026e+00 3.957895e+00 2.357895e+00 7.72870317e-06
5.641026e+00 3.957895e+00 2.563158e+00 6.99033626e-06
5.641026e+00 3.957895e+00 2.768421e+00 6.30609384e-06
5.641026e+00 3.957895e+00 2.973684e+00 5.67940015e-06
5.641026e+00 3.957895e+00 3.178947e+00 5.11100779e-06
5.641026e+00 3.957895e+00 3.384211e+00 4.59965577e-06
5.641026e+00 3.957895e+00 3.589474e+00 4.14256783e-06
5.641026e+00 3.957895e+00 3.794737e+00 3.73602529e-06
5.641026e+00 3.957895e+00 4.000000e+00 3.37575625e-06
5.641026e+00 4.218421e+00 1.000000e-01 7.30999336e-02
5.641026e+00 4.218421e+00 3.052632e-01 1.26867986e-03
5.641026e+00 4.218421e+00 5.105263e-01 7.97794419e-05
5.641026e+00 4.218421e+00 7.157895e-01 1.01038622e-05
5.641026e+00 4.218421e+00 9.210526e-01 4.81239613e-06
5.641026e+00 4.218421e+00 1.126316e+00 4.17609272e-06
5.641026e+00 4.218421e+00 1.331579e+00 3.88547051e-06
5.641026e+00 4.218421e+00 1.536842e+00 3.61118032e-06
5.641026e+00 4.218421e+00 1.742105e+00 3.33332332e-06
5.641026e+00 4.218421e+00 1.947368e+00 3.05678441e-06
5.641026e+00 4.218421e+00 2.152632e+00 2.78750031e-06
5.641026e+00 4.218421e+00 2.357895e+00 2.53026928e-06
5.641026e+00 4.218421e+00 2.563158e+00 2.28854424e-06
5.641026e+00 4.218421e+00 2.768421e+00 2.06453137e-06
5.641026e+00 4.218421e+00 2.973684e+00 1.85935392e-06
5.641026e+00 4.218421e+00 3.178947e+00 1.67326141e-06
5.641026e+00 4.218421e+00 3.384211e+00 1.50583719e-06
5.641026e+00 4.218421e+00 3.589474e+00 1.35617825e-06
5.641026e+00 4.218421e+00 3.794737e+00 1.22306699e-06
5.641026e+00 4.218421e+00 4.000000e+00 1.10510666e-06
5.641026e+00 4.478947e+00 1.000000e-01 2.35438515e-02
5.641026e+00 4.478947e+00 3.052632e-01 4.08513413e-04
5.641026e+00 4.478947e+00 5.105263e-01 2.56309013e-05
5.641026e+00 4.478947e+00 7.157895e-01 3.19625497e-06
5.641026e+00 4.478947e+00 9.210526e-01 1.49501682e-06
5.641026e+00 4.478947e+00 1.126316e+00 1.29306648e-06
5.641026e+00 4.478947e+00 1.331579e+00 1.20269510e-06
5.641026e+00 4.478947e+00 1.536842e+00 1.11776194e-06
5.641026e+00 4.478947e+00 1.742105e+00 1.03176149e-06
5.641026e+00 4.478947e+00 1.947368e+00 9.46170189e-07
5.641026e+00 4.478947e+00 2.152632e+00 8.62822674e-07
5.641026e+00 4.478947e+00 2.357895e+00 7.83204200e-07
5.641026e+00 4.478947e+00 2.563158e+00 7.08383027e-07
5.641026e+00 4.478947e+00 2.768421e+00 6.39042696e-07
5.641026e+00 4.478947e+00 2.973684e+00 5.75531544e-07
5.641026e+00 4.478947e+00 3.178947e+00 5.17927390e-07
5.641026e+00 4.478947e+00 3.384211e+00 4.66100772e-07
5.641026e+00 4.478947e+00 3.589474e+00 4.19772761e-07
5.641026e+00 4.478947e+00 3.794737e+00 3.78568188e-07
5.641026e+00 4.478947e+00 4.000000e+00 3.42051493e-07
5.641026e+00 4.739474e+00 1.000000e-01 7.08535919e-03
5.641026e+00 4.739474e+00 3.052632e-01 1.22917292e-04
5.641026e+00 4.739474e+00 5.105263e-01 7.69940198e-06
5.641026e+00 4.739474e+00 7.157895e-01 9.49240359e-07
5.641026e+00 4.739474e+00 9.210526e-01 4.37924797e-07
5.641026e+00 4.739474e+00 1.126316e+00 3.77802053e-07
5.641026e+00 4.739474e+00 1.331579e+00 3.51310490e-07
5.641026e+00 4.739474e+00 1.536842e+00 3.26494700e-07
5.641026e+00 4.739474e+00 1.742105e+00 3.01374911e-07
5.641026e+00 4.739474e+00 1.947368e+00 2.76374948e-07
5.641026e+00 4.739474e+00 2.152632e+00 2.52030134e-07
5.641026e+00 4.739474e+00 2.357895e+00 2.28774127e-07
5.641026e+00 4.739474e+00 2.563158e+00 2.06919239e-07
5.641026e+00 4.739474e+00 2.768421e+00 1.86664863e-07
5.641026e+00 4.739474e+00 2.973684e+00 1.68112763e-07
5.641026e+00 4.739474e+00 3.178947e+00 1.51286059e-07
5.641026e+00 4.739474e+00 3.384211e+00 1.36146753e-07
5.641026e+00 4.739474e+00 3.589474e+00 1.22613827e-07
5.641026e+00 4.739474e+00 3.794737e+00 1.10576906e-07
5.641026e+00 4.739474e+00 4.000000e+00 9.99096272e-08
5.641026e+00 5.000000e+00 1.000000e-01 1.99237559e-03
5.641026e+00 5.000000e+00 3.052632e-01 3.45594235e-05
5.641026e+00 5.000000e+00 5.105263e-01 2.16222952e-06
5.641026e+00 5.000000e+00 7.157895e-01 2.64388632e-07
5.641026e+00 5.000000e+00 9.210526e-01 1.20741532e-07
5.641026e+00 5.000000e+00 1.126316e+00 1.03966030e-07
5.641026e+00 5.000000e+00 1.331579e+00 9.66577716e-08
5.641026e+00 5.000000e+00 1.536842e+00 8.98287951e-08
5.641026e+00 5.000000e+00 1.742105e+00 8.29177296e-08
5.641026e+00 5.000000e+00 1.947368e+00 7.60396688e-08
5.641026e+00 5.000000e+00 2.152632e+00 6.93418869e-08
5.641026e+00 5.000000e+00 2.357895e+00 6.29434993e-08
5.641026e+00 5.000000e+00 2.563158e+00 5.69305136e-08
5.641026e+00 5.000000e+00 2.768421e+00 5.13578442e-08
5.641026e+00 5.000000e+00 2.973684e+00 4.62534793e-08
5.641026e+00 5.000000e+00 3.178947e+00 4.16236965e-08
5.641026e+00 5.000000e+00 3.384211e+00 3.74582356e-08
5.641026e+00 5.000000e+00 3.589474e+00 3.37347323e-08
5.641026e+00 5.000000e+00 3.794737e+00 3.04228180e-08
5.641026e+00 5.000000e+00 4.000000e+00 2.74877330e-08
5.897436e+00 5.000000e-02 1.000000e-01 5.38060791e+02
5.897436e+00 5.000000e-02 3.052632e-01 1.07656269e+01
5.897436e+00 5.000000e-02 5.105263e-01 1.77898383e+00
5.897436e+00 5.000000e-02 7.157895e-01 1.17339349e+00
5.897436e+00 5.000000e-02 9.210526e-01 1.08253026e+00
5.897436e+00 5.000000e-02 1.126316e+00 1.02561843e+00
5.897436e+00 5.000000e-02 1.331579e+00 9.66334164e-01
5.897436e+00 5.000000e-02 1.536842e+00 9.03453350e-01
5.897436e+00 5.000000e-02 1.742105e+00 8.38626444e-01
5.897436e+00 5.000000e-02 1.947368e+00 7.73523331e-01
5.897436e+00 5.000000e-02 2.152632e+00 7.09578931e-01
5.897436e+00 5.000000e-02 2.357895e+00 6.47951722e-01
5.897436e+00 5.000000e-02 2.563158e+00 5.89506567e-01
5.897436e+00 5.000000e-02 2.768421e+00 5.34844279e-01
5.897436e+00 5.000000e-02 2.973684e+00 4.84313995e-01
5.897436e+00 5.000000e-02 3.178947e+00 4.38075036e-01
5.897436e+00 5.000000e-02 3.384211e+00 3.96108240e-01
5.897436e+00 5.000000e-02 3.589474e+00 3.58280897e-01
5.897436e+00 5.000000e-02 3.794737e+00 3.24371547e-01
5.897436e+00 5.000000e-02 4.000000e+00 2.94105202e-01
5.897436e+00 3.105263e-01 1.000000e-01 5.12761719e+02
5.897436e+00 3.105263e-01 3.052632e-01 9.66747570e+00
5.897436e+00 3.105263e-01 5.105263e-01 1.10508537e+00
5.897436e+00 3.105263e-01 7.157895e-01 5.45112193e-01
5.897436e+00 3.105263e-01 9.210526e-01 4.81514812e-01
5.897436e+00 3.105263e-01 1.126316e+00 4.54441249e-01
5.897436e+00 3.105263e-01 1.331579e+00 4.28099573e-01
5.897436e+00 3.105263e-01 1.536842e+00 4.00297731e-01
5.897436e+00 3.105263e-01 1.742105e+00 3.71629149e-01
5.897436e+00 3.105263e-01 1.947368e+00 3.42822641e-01
5.897436e+00 3.105263e-01 2.152632e+00 3.14518988e-01
5.897436e+00 3.105263e-01 2.357895e+00 2.87227064e-01
5.897436e+00 3.105263e-01 2.563158e+00 2.61336446e-01
5.897436e+00 3.105263e-01 2.768421e+00 2.37110987e-01
5.897436e+00 3.105263e-01 2.973684e+00 2.14709878e-01
5.897436e+00 3.105263e-01 3.178947e+00 1.94202900e-01
5.897436e+00 3.105263e-01 3.384211e+00 1.75586596e-01
5.897436e+00 3.105263e-01 3.589474e+00 1.58801883e-01
5.897436e+00 3.105263e-01 3.794737e+00 1.43751919e-01
5.897436e+00 3.105263e-01 4.000000e+00 1.30315408e-01
5.897436e+00 5.710526e-01 1.000000e-01 4.56941620e+02
5.897436e+00 5.710526e-01 3.052632e-01 8.44254208e+00
5.897436e+00 5.710526e-01 5.105263e-01 8.14265728e-01
5.897436e+00 5.710526e-01 7.157895e-01 3.20300400e-01
5.897436e+00 5.710526e-01 9.210526e-01 2.70231962e-01
5.897436e+00 5.710526e-01 1.126316e+00 2.53917992e-01
5.897436e+00 5.710526e-01 1.331579e+00 2.39138037e-01
5.897436e+00 5.710526e-01 1.536842e+00 2.23628908e-01
5.897436e+00 5.710526e-01 1.742105e+00 2.07633406e-01
5.897436e+00 5.710526e-01 1.947368e+00 1.91556931e-01
5.897436e+00 5.710526e-01 2.152632e+00 1.75755188e-01
5.897436e+00 5.710526e-01 2.357895e+00 1.60514876e-01
5.897436e+00 5.710526e-01 2.563158e+00 1.46052420e-01
5.897436e+00 5.710526e-01 2.768421e+00 1.32516623e-01
5.897436e+00 5.710526e-01 2.973684e+00 1.19996980e-01
5.897436e+00 5.710526e-01 3.178947e+00 1.08533308e-01
5.897436e+00 5.710526e-01 3.384211e+00 9.81236845e-02
5.897436e+00 5.710526e-01 3.589474e+00 8.87365565e-02
5.897436e+00 5.710526e-01 3.794737e+00 8.03185776e-02
5.897436e+00 5.710526e-01 4.000000e+00 7.28019178e-02
5.897436e+00 8.315790e-01 1.000000e-01 3.80540344e+02
5.897436e+00 8.315790e-01 3.052632e-01 6.95525265e+00
5.897436e+00 8.315790e-01 5.105263e-01 6.04835212e-01
5.897436e+00 8.315790e-01 7.157895e-01 1.95777267e-01
5.897436e+00 8.315790e-01 9.210526e-01 1.56907499e-01
5.897436e+00 8.315790e-01 1.126316e+00 1.46661118e-01
5.897436e+00 8.315790e-01 1.331579e+00 1.38073012e-01
5.897436e+00 8.315790e-01 1.536842e+00 1.29125729e-01
5.897436e+00 8.315790e-01 1.742105e+00 1.19899273e-01
5.897436e+00 8.315790e-01 1.947368e+00 1.10623546e-01
5.897436e+00 8.315790e-01 2.152632e+00 1.01504177e-01
5.897436e+00 8.315790e-01 2.357895e+00 9.27070305e-02
5.897436e+00 8.315790e-01 2.563158e+00 8.43568072e-02
5.897436e+00 8.315790e-01 2.768421e+00 7.65400976e-02
5.897436e+00 8.315790e-01 2.973684e+00 6.93087652e-02
5.897436e+00 8.315790e-01 3.178947e+00 6.26858771e-02
5.897436e+00 8.315790e-01 3.384211e+00 5.66712432e-02
5.897436e+00 8.315790e-01 3.589474e+00 5.12467995e-02
5.897436e+00 8.315790e-01 3.794737e+00 4.63814661e-02
5.897436e+00 8.315790e-01 4.000000e+00 4.20365632e-02
5.897436e+00 1.092105e+00 1.000000e-01 2.96135620e+02
5.897436e+00 1.092105e+00 3.052632e-01 5.37569761e+00
5.897436e+00 1.092105e+00 5.105263e-01 4.36200917e-01
5.897436e+00 1.092105e+00 7.157895e-01 1.19097270e-01
5.897436e+00 1.092105e+00 9.210526e-01 9.01779607e-02
5.897436e+00 1.092105e+00 1.126316e+00 8.37637559e-02
5.897436e+00 1.092105e+00 1.331579e+00 7.88199529e-02
5.897436e+00 1.092105e+00 1.536842e+00 7.37149119e-02
5.897436e+00 1.092105e+00 1.742105e+00 6.84522912e-02
5.897436e+00 1.092105e+00 1.947368e+00 6.31602705e-02
5.897436e+00 1.092105e+00 2.152632e+00 5.79562634e-02
5.897436e+00 1.092105e+00 2.357895e+00 5.29351868e-02
5.897436e+00 1.092105e+00 2.563158e+00 4.81685549e-02
5.897436e+00 1.092105e+00 2.768421e+00 4.37057056e-02
5.897436e+00 1.092105e+00 2.973684e+00 3.95764522e-02
5.897436e+00 1.092105e+00 3.178947e+00 3.57940756e-02
5.897436e+00 1.092105e+00 3.384211e+00 3.23585011e-02
5.897436e+00 1.092105e+00 3.589474e+00 2.92597152e-02
5.897436e+00 1.092105e+00 3.794737e+00 2.64800787e-02
5.897436e+00 1.092105e+00 4.000000e+00 2.39974763e-02
5.897436e+00 1.352632e+00 1.000000e-01 2.15335892e+02
5.897436e+00 1.352632e+00 3.052632e-01 3.89047527e+00
5.897436e+00 1.352632e+00 5.105263e-01 3.00717026e-01
5.897436e+00 1.352632e+00 7.157895e-01 7.08174333e-02
5.897436e+00 1.352632e+00 9.210526e-01 5.04263155e-02
5.897436e+00 1.352632e+00 1.126316e+00 4.65001091e-02
5.897436e+00 1.352632e+00 1.331579e+00 4.37292345e-02
5.897436e+00 1.352632e+00 1.536842e+00 4.08972651e-02
5.897436e+00 1.352632e+00 1.742105e+00 3.79796140e-02
5.897436e+00 1.352632e+00 1.947368e+00 3.50449681e-02
5.897436e+00 1.352632e+00 2.152632e+00 3.21588442e-02
5.897436e+00 1.352632e+00 2.357895e+00 2.93736532e-02
5.897436e+00 1.352632e+00 2.563158e+00 2.67291497e-02
5.897436e+00 1.352632e+00 2.768421e+00 2.42528860e-02
5.897436e+00 1.352632e+00 2.973684e+00 2.19614822e-02
5.897436e+00 1.352632e+00 3.178947e+00 1.98622514e-02
5.897436e+00 1.352632e+00 3.384211e+00 1.79553535e-02
5.897436e+00 1.352632e+00 3.589474e+00 1.62351504e-02
5.897436e+00 1.352632e+00 3.794737e+00 1.46920513e-02
5.897436e+00 1.352632e+00 4.000000e+00 1.33136865e-02
5.897436e+00 1.613158e+00 1.000000e-01 1.46309448e+02
5.897436e+00 1.613158e+00 3.052632e-01 2.63414383e+00
5.897436e+00 1.613158e+00 5.105263e-01 1.96570501e-01
5.897436e+00 1.613158e+00 7.157895e-01 4.07493562e-02
5.897436e+00 1.613158e+00 9.210526e-01 2.71972008e-02
5.897436e+00 1.613158e+00 1.126316e+00 2.48732381e-02
5.897436e+00 1.613158e+00 1.331579e+00 2.33742446e-02
5.897436e+00 1.613158e+00 1.536842e+00 2.18602642e-02
5.897436e+00 1.613158e+00 1.742105e+00 2.03015376e-02
5.897436e+00 1.613158e+00 1.947368e+00 1.87336933e-02
5.897436e+00 1.613158e+00 2.152632e+00 1.71913765e-02
5.897436e+00 1.613158e+00 2.357895e+00 1.57028716e-02
5.897436e+00 1.613158e+00 2.563158e+00 1.42894220e-02
5.897436e+00 1.613158e+00 2.768421e+00 1.29657025e-02
5.897436e+00 1.613158e+00 2.973684e+00 1.17407013e-02
5.897436e+00 1.613158e+00 3.178947e+00 1.06182778e-02
5.897436e+00 1.613158e+00 3.384211e+00 9.59863327e-03
5.897436e+00 1.613158e+00 3.589474e+00 8.67872220e-03
5.897436e+00 1.613158e+00 3.794737e+00 7.85346515e-03
5.897436e+00 1.613158e+00 4.000000e+00 7.11626885e-03
5.897436e+00 1.873684e+00 1.000000e-01 9.28873825e+01
5.897436e+00 1.873684e+00 3.052632e-01 1.66783297e+00
5.897436e+00 1.873684e+00 5.105263e-01 1.21257633e-01
5.897436e+00 1.873684e+00 7.157895e-01 2.25406643e-02
5.897436e+00 1.873684e+00 9.210526e-01 1.40766315e-02
5.897436e+00 1.873684e+00 1.126316e+00 1.27564101e-02
5.897436e+00 1.873684e+00 1.331579e+00 1.19776810e-02
5.897436e+00 1.873684e+00 1.536842e+00 1.12015279e-02
5.897436e+00 1.873684e+00 1.742105e+00 1.04032056e-02
5.897436e+00 1.873684e+00 1.947368e+00 9.60008614e-03
5.897436e+00 1.873684e+00 2.152632e+00 8.80995858e-03
5.897436e+00 1.873684e+00 2.357895e+00 8.04735068e-03
5.897436e+00 1.873684e+00 2.563158e+00 7.32307462e-03
5.897436e+00 1.873684e+00 2.768421e+00 6.64474070e-03
5.897436e+00 1.873684e+00 2.973684e+00 6.01690868e-03
5.897436e+00 1.873684e+00 3.178947e+00 5.44164469e-03
5.897436e+00 1.873684e+00 3.384211e+00 4.91899299e-03
5.897436e+00 1.873684e+00 3.589474e+00 4.44744481e-03
5.897436e+00 1.873684e+00 3.794737e+00 4.02435521e-03
5.897436e+00 1.873684e+00 4.000000e+00 3.64642311e-03
5.897436e+00 2.134211e+00 1.000000e-01 5.51021729e+01
5.897436e+00 2.134211e+00 3.052632e-01 9.87270057e-01
5.897436e+00 2.134211e+00 5.105263e-01 7.03804418e-02
5.897436e+00 2.134211e+00 7.157895e-01 1.19283292e-02
5.897436e+00 2.134211e+00 9.210526e-01 6.96959719e-03
5.897436e+00 2.134211e+00 1.126316e+00 6.25356985e-03
5.897436e+00 2.134211e+00 1.331579e+00 5.86640695e-03
5.897436e+00 2.134211e+00 1.536842e+00 5.48602268e-03
5.897436e+00 2.134211e+00 1.742105e+00 5.09518385e-03
5.897436e+00 2.134211e+00 1.947368e+00 4.70196782e-03
5.897436e+00 2.134211e+00 2.152632e+00 4.31508617e-03
5.897436e+00 2.134211e+00 2.357895e+00 3.94162396e-03
5.897436e+00 2.134211e+00 2.563158e+00 3.58691579e-03
5.897436e+00 2.134211e+00 2.768421e+00 3.25467880e-03
5.897436e+00 2.134211e+00 2.973684e+00 2.94715283e-03
5.897436e+00 2.134211e+00 3.178947e+00 2.66535673e-03
5.897436e+00 2.134211e+00 3.384211e+00 2.40931171e-03
5.897436e+00 2.134211e+00 3.589474e+00 2.17828527e-03
5.897436e+00 2.134211e+00 3.794737e+00 1.97100057e-03
5.897436e+00 2.134211e+00 4.000000e+00 1.78582326e-03
5.897436e+00 2.394737e+00 1.000000e-01 3.05428028e+01
5.897436e+00 2.394737e+00 3.052632e-01 5.46294689e-01
5.897436e+00 2.394737e+00 5.105263e-01 3.83636691e-02
5.897436e+00 2.394737e+00 7.157895e-01 6.01634849e-03
5.897436e+00 2.394737e+00 9.210526e-01 3.29414592e-03
5.897436e+00 2.394737e+00 1.126316e+00 2.92496383e-03
5.897436e+00 2.394737e+00 1.331579e+00 2.74114986e-03
5.897436e+00 2.394737e+00 1.536842e+00 2.56326562e-03
5.897436e+00 2.394737e+00 1.742105e+00 2.38070334e-03
5.897436e+00 2.394737e+00 1.947368e+00 2.19703256e-03
5.897436e+00 2.394737e+00 2.152632e+00 2.01629940e-03
5.897436e+00 2.394737e+00 2.357895e+00 1.84182299e-03
5.897436e+00 2.394737e+00 2.563158e+00 1.67609204e-03
5.897436e+00 2.394737e+00 2.768421e+00 1.52085291e-03
5.897436e+00 2.394737e+00 2.973684e+00 1.37714762e-03
5.897436e+00 2.394737e+00 3.178947e+00 1.24545628e-03
5.897436e+00 2.394737e+00 3.384211e+00 1.12579856e-03
5.897436e+00 2.394737e+00 3.589474e+00 1.01782195e-03
5.897436e+00 2.394737e+00 3.794737e+00 9.20937455e-04
5.897436e+00 2.394737e+00 4.000000e+00 8.34383245e-04
5.897436e+00 2.655263e+00 1.000000e-01 1.58189211e+01
5.897436e+00 2.655263e+00 3.052632e-01 2.82544702e-01
5.897436e+00 2.655263e+00 5.105263e-01 1.96134988e-02
5.897436e+00 2.655263e+00 7.157895e-01 2.88341870e-03
5.897436e+00 2.655263e+00 9.210526e-01 1.48412609e-03
5.897436e+00 2.655263e+00 1.126316e+00 1.30374066e-03
5.897436e+00 2.655263e+00 1.331579e+00 1.22053490e-03
5.897436e+00 2.655263e+00 1.536842e+00 1.14125269e-03
5.897436e+00 2.655263e+00 1.742105e+00 1.05999317e-03
5.897436e+00 2.655263e+00 1.947368e+00 9.78237018e-04
5.897436e+00 2.655263e+00 2.152632e+00 8.97779886e-04
5.897436e+00 2.655263e+00 2.357895e+00 8.20103334e-04
5.897436e+00 2.655263e+00 2.563158e+00 7.46317033e-04
5.897436e+00 2.655263e+00 2.768421e+00 6.77194039e-04
5.897436e+00 2.655263e+00 2.973684e+00 6.13205484e-04
5.897436e+00 2.655263e+00 3.178947e+00 5.54562779e-04
5.897436e+00 2.655263e+00 3.384211e+00 5.01274655e-04
5.897436e+00 2.655263e+00 3.589474e+00 4.53187502e-04
5.897436e+00 2.655263e+00 3.794737e+00 4.10038570e-04
5.897436e+00 2.655263e+00 4.000000e+00 3.71488801e-04
5.897436e+00 2.915789e+00 1.000000e-01 7.65549803e+00
5.897436e+00 2.915789e+00 3.052632e-01 1.36581019e-01
5.897436e+00 2.915789e+00 5.105263e-01 9.39657912e-03
5.897436e+00 2.915789e+00 7.157895e-01 1.30981207e-03
5.897436e+00 2.915789e+00 9.210526e-01 6.36638491e-04
5.897436e+00 2.915789e+00 1.126316e+00 5.53321675e-04
5.897436e+00 2.915789e+00 1.331579e+00 5.17464010e-04
5.897436e+00 2.915789e+00 1.536842e+00 4.83817334e-04
5.897436e+00 2.915789e+00 1.742105e+00 4.49376181e-04
5.897436e+00 2.915789e+00 1.947368e+00 4.14723909e-04
5.897436e+00 2.915789e+00 2.152632e+00 3.80620157e-04
5.897436e+00 2.915789e+00 2.357895e+00 3.47692607e-04
5.897436e+00 2.915789e+00 2.563158e+00 3.16412421e-04
5.897436e+00 2.915789e+00 2.768421e+00 2.87107396e-04
5.897436e+00 2.915789e+00 2.973684e+00 2.59978202e-04
5.897436e+00 2.915789e+00 3.178947e+00 2.35113868e-04
5.897436e+00 2.915789e+00 3.384211e+00 2.12518804e-04
5.897436e+00 2.915789e+00 3.589474e+00 1.92128879e-04
5.897436e+00 2.915789e+00 3.794737e+00 1.73831431e-04
5.897436e+00 2.915789e+00 4.000000e+00 1.57484072e-04
5.897436e+00 3.176316e+00 1.000000e-01 3.46176314e+00
5.897436e+00 3.176316e+00 3.052632e-01 6.17044568e-02
5.897436e+00 3.176316e+00 5.105263e-01 4.21584956e-03
5.897436e+00 3.176316e+00 7.157895e-01 5.62735717e-04
5.897436e+00 3.176316e+00 9.210526e-01 2.59746332e-04
5.897436e+00 3.176316e+00 1.126316e+00 2.23446972e-04
5.897436e+00 3.176316e+00 1.331579e+00 2.08751153e-04
5.897436e+00 3.176316e+00 1.536842e+00 1.95163477e-04
5.897436e+00 3.176316e+00 1.742105e+00 1.81272684e-04
5.897436e+00 3.176316e+00 1.947368e+00 1.67297258e-04
5.897436e+00 3.176316e+00 2.152632e+00 1.53542307e-04
5.897436e+00 3.176316e+00 2.357895e+00 1.40260672e-04
5.897436e+00 3.176316e+00 2.563158e+00 1.27642983e-04
5.897436e+00 3.176316e+00 2.768421e+00 1.15821589e-04
5.897436e+00 3.176316e+00 2.973684e+00 1.04877065e-04
5.897436e+00 3.176316e+00 3.178947e+00 9.48462839e-05
5.897436e+00 3.176316e+00 3.384211e+00 8.57301056e-05
5.897436e+00 3.176316e+00 3.589474e+00 7.75035514e-05
5.897436e+00 3.176316e+00 3.794737e+00 7.01211538e-05
5.897436e+00 3.176316e+00 4.000000e+00 6.35252436e-05
5.897436e+00 3.436842e+00 1.000000e-01 1.46268046e+00
5.897436e+00 3.436842e+00 3.052632e-01 2.60525700e-02
5.897436e+00 3.436842e+00 5.105263e-01 1.77049486e-03
5.897436e+00 3.436842e+00 7.157895e-01 2.28238001e-04
5.897436e+00 3.436842e+00 9.210526e-01 1.00682941e-04
5.897436e+00 3.436842e+00 1.126316e+00 8.57893974e-05
5.897436e+00 3.436842e+00 1.331579e+00 8.00693597e-05
5.897436e+00 3.436842e+00 1.536842e+00 7.48522943e-05
5.897436e+00 3.436842e+00 1.742105e+00 6.95254494e-05
5.897436e+00 3.436842e+00 1.947368e+00 6.41662409e-05
5.897436e+00 3.436842e+00 2.152632e+00 5.88912953e-05
5.897436e+00 3.436842e+00 2.357895e+00 5.37976557e-05
5.897436e+00 3.436842e+00 2.563158e+00 4.89582308e-05
5.897436e+00 3.436842e+00 2.768421e+00 4.44241705e-05
5.897436e+00 3.436842e+00 2.973684e+00 4.02262194e-05
5.897436e+00 3.436842e+00 3.178947e+00 3.63786894e-05
5.897436e+00 3.436842e+00 3.384211e+00 3.28818933e-05
5.897436e+00 3.436842e+00 3.589474e+00 2.97260940e-05
5.897436e+00 3.436842e+00 3.794737e+00 2.68941258e-05
5.897436e+00 3.436842e+00 4.000000e+00 2.43638133e-05
5.897436e+00 3.697368e+00 1.000000e-01 5.77469409e-01
5.897436e+00 3.697368e+00 3.052632e-01 1.02796825e-02
5.897436e+00 3.697368e+00 5.105263e-01 6.95729279e-04
5.897436e+00 3.697368e+00 7.157895e-01 8.72473174e-05
5.897436e+00 3.697368e+00 9.210526e-01 3.70303351e-05
5.897436e+00 3.697368e+00 1.126316e+00 3.12835036e-05
5.897436e+00 3.697368e+00 1.331579e+00 2.91720025e-05
5.897436e+00 3.697368e+00 1.536842e+00 2.72694506e-05
5.897436e+00 3.697368e+00 1.742105e+00 2.53291182e-05
5.897436e+00 3.697368e+00 1.947368e+00 2.33769661e-05
5.897436e+00 3.697368e+00 2.152632e+00 2.14553656e-05
5.897436e+00 3.697368e+00 2.357895e+00 1.95997618e-05
5.897436e+00 3.697368e+00 2.563158e+00 1.78367718e-05
5.897436e+00 3.697368e+00 2.768421e+00 1.61849221e-05
5.897436e+00 3.697368e+00 2.973684e+00 1.46554949e-05
5.897436e+00 3.697368e+00 3.178947e+00 1.32536361e-05
5.897436e+00 3.697368e+00 3.384211e+00 1.19795668e-05
5.897436e+00 3.697368e+00 3.589474e+00 1.08297454e-05
5.897436e+00 3.697368e+00 3.794737e+00 9.79784818e-06
5.897436e+00 3.697368e+00 4.000000e+00 8.87585065e-06
5.897436e+00 3.957895e+00 1.000000e-01 2.13027343e-01
5.897436e+00 3.957895e+00 3.052632e-01 3.79045703e-03
5.897436e+00 3.957895e+00 5.105263e-01 2.55738792e-04
5.897436e+00 3.957895e+00 7.157895e-01 3.13885430e-05
5.897436e+00 3.957895e+00 9.210526e-01 1.29036471e-05
5.897436e+00 3.957895e+00 1.126316e+00 1.08207778e-05
5.897436e+00 3.957895e+00 1.331579e+00 1.00826683e-05
5.897436e+00 3.957895e+00 1.536842e+00 9.42455063e-06
5.897436e+00 3.957895e+00 1.742105e+00 8.75398746e-06
5.897436e+00 3.957895e+00 1.947368e+00 8.07940069e-06
5.897436e+00 3.957895e+00 2.152632e+00 7.41533768e-06
5.897436e+00 3.957895e+00 2.357895e+00 6.77405387e-06
5.897436e+00 3.957895e+00 2.563158e+00 6.16475290e-06
5.897436e+00 3.957895e+00 2.768421e+00 5.59384989e-06
5.897436e+00 3.957895e+00 2.973684e+00 5.06523747e-06
5.897436e+00 3.957895e+00 3.178947e+00 4.58071554e-06
5.897436e+00 3.957895e+00 3.384211e+00 4.14034366e-06
5.897436e+00 3.957895e+00 3.589474e+00 3.74290471e-06
5.897436e+00 3.957895e+00 3.794737e+00 3.38622363e-06
5.897436e+00 3.957895e+00 4.000000e+00 3.06752440e-06
5.897436e+00 4.218421e+00 1.000000e-01 7.34290630e-02
5.897436e+00 4.218421e+00 3.052632e-01 1.30609993e-03
5.897436e+00 4.218421e+00 5.105263e-01 8.79151266e-05
5.897436e+00 4.218421e+00 7.157895e-01 1.06142834e-05
5.897436e+00 4.218421e+00 9.210526e-01 4.25306735e-06
5.897436e+00 4.218421e+00 1.126316e+00 3.54467670e-06
5.897436e+00 4.218421e+00 1.331579e+00 3.30075500e-06
5.897436e+00 4.218421e+00 1.536842e+00 3.08515177e-06
5.897436e+00 4.218421e+00 1.742105e+00 2.86566205e-06
5.897436e+00 4.218421e+00 1.947368e+00 2.64485197e-06
5.897436e+00 4.218421e+00 2.152632e+00 2.42748820e-06
5.897436e+00 4.218421e+00 2.357895e+00 2.21756659e-06
5.897436e+00 4.218421e+00 2.563158e+00 2.01811008e-06
5.897436e+00 4.218421e+00 2.768421e+00 1.83121995e-06
5.897436e+00 4.218421e+00 2.973684e+00 1.65817005e-06
5.897436e+00 4.218421e+00 3.178947e+00 1.49954985e-06
5.897436e+00 4.218421e+00 3.384211e+00 1.35538301e-06
5.897436e+00 4.218421e+00 3.589474e+00 1.22526649e-06
5.897436e+00 4.218421e+00 3.794737e+00 1.10849351e-06
5.897436e+00 4.218421e+00 4.000000e+00 1.00415423e-06
5.897436e+00 4.478947e+00 1.000000e-01 2.36497521e-02
5.897436e+00 4.478947e+00 3.052632e-01 4.20556549e-04
5.897436e+00 4.478947e+00 5.105263e-01 2.82591318e-05
5.897436e+00 4.478947e+00 7.157895e-01 3.36992684e-06
5.897436e+00 4.478947e+00 9.210526e-01 1.32361254e-06
5.897436e+00 4.478947e+00 1.126316e+00 1.09772259e-06
5.897436e+00 4.478947e+00 1.331579e+00 1.02165370e-06
5.897436e+00 4.478947e+00 1.536842e+00 9.54884740e-07
5.897436e+00 4.478947e+00 1.742105e+00 8.86953273e-07
5.897436e+00 4.478947e+00 1.947368e+00 8.18616627e-07
5.897436e+00 4.478947e+00 2.152632e+00 7.51342782e-07
5.897436e+00 4.478947e+00 2.357895e+00 6.86370470e-07
5.897436e+00 4.478947e+00 2.563158e+00 6.24638176e-07
5.897436e+00 4.478947e+00 2.768421e+00 5.66792778e-07
5.897436e+00 4.478947e+00 2.973684e+00 5.13231271e-07
5.897436e+00 4.478947e+00 3.178947e+00 4.64133848e-07
5.897436e+00 4.478947e+00 3.384211e+00 4.19510428e-07
5.897436e+00 4.478947e+00 3.589474e+00 3.79235416e-07
5.897436e+00 4.478947e+00 3.794737e+00 3.43089795e-07
5.897436e+00 4.478947e+00 4.000000e+00 3.10792132e-07
5.897436e+00 4.739474e+00 1.000000e-01 7.11720716e-03
5.897436e+00 4.739474e+00 3.052632e-01 1.26539584e-04
5.897436e+00 4.739474e+00 5.105263e-01 8.49206208e-06
5.897436e+00 4.739474e+00 7.157895e-01 1.00352645e-06
5.897436e+00 4.739474e+00 9.210526e-01 3.88250214e-07
5.897436e+00 4.739474e+00 1.126316e+00 3.20766304e-07
5.897436e+00 4.739474e+00 1.331579e+00 2.98416779e-07
5.897436e+00 4.739474e+00 1.536842e+00 2.78905162e-07
5.897436e+00 4.739474e+00 1.742105e+00 2.59064933e-07
5.897436e+00 4.739474e+00 1.947368e+00 2.39105844e-07
5.897436e+00 4.739474e+00 2.152632e+00 2.19456965e-07
5.897436e+00 4.739474e+00 2.357895e+00 2.00480272e-07
5.897436e+00 4.739474e+00 2.563158e+00 1.82449369e-07
5.897436e+00 4.739474e+00 2.768421e+00 1.65553473e-07
5.897436e+00 4.739474e+00 2.973684e+00 1.49908814e-07
5.897436e+00 4.739474e+00 3.178947e+00 1.35567859e-07
5.897436e+00 4.739474e+00 3.384211e+00 1.22533208e-07
5.897436e+00 4.739474e+00 3.589474e+00 1.10768816e-07
5.897436e+00 4.739474e+00 3.794737e+00 1.00210691e-07
5.897436e+00 4.739474e+00 4.000000e+00 9.07764388e-08
5.897436e+00 5.000000e+00 1.000000e-01 2.00132630e-03
5.897436e+00 5.000000e+00 3.052632e-01 3.55776174e-05
5.897436e+00 5.000000e+00 5.105263e-01 2.38546090e-06
5.897436e+00 5.000000e+00 7.157895e-01 2.80058998e-07
5.897436e+00 5.000000e+00 9.210526e-01 1.07155437e-07
5.897436e+00 5.000000e+00 1.126316e+00 8.82783553e-08
5.897436e+00 5.000000e+00 1.331579e+00 8.21028152e-08
5.897436e+00 5.000000e+00 1.536842e+00 7.67328103e-08
5.897436e+00 5.000000e+00 1.742105e+00 7.12744068e-08
5.897436e+00 5.000000e+00 1.947368e+00 6.57834534e-08
5.897436e+00 5.000000e+00 2.152632e+00 6.03777792e-08
5.897436e+00 5.000000e+00 2.357895e+00 5.51570558e-08
5.897436e+00 5.000000e+00 2.563158e+00 5.01963520e-08
5.897436e+00 5.000000e+00 2.768421e+00 4.55478997e-08
5.897436e+00 5.000000e+00 2.973684e+00 4.12435952e-08
5.897436e+00 5.000000e+00 3.178947e+00 3.72980438e-08
5.897436e+00 5.000000e+00 3.384211e+00 3.37118244e-08
5.897436e+00 5.000000e+00 3.589474e+00 3.04750358e-08
5.897436e+00 5.000000e+00 3.794737e+00 2.75701026e-08
5.897436e+00 5.000000e+00 4.000000e+00 2.49744367e-08
6.153846e+00 5.000000e-02 1.000000e-01 5.39106079e+02
6.153846e+00 5.000000e-02 3.052632e-01 1.08565788e+01
6.153846e+00 5.000000e-02 5.105263e-01 1.66999960e+00
6.153846e+00 5.000000e-02 7.157895e-01 1.01392674e+00
6.153846e+00 5.000000e-02 9.210526e-01 9.23262537e-01
6.153846e+00 5.000000e-02 1.126316e+00 8.76380086e-01
6.153846e+00 5.000000e-02 1.331579e+00 8.29341054e-01
6.153846e+00 5.000000e-02 1.536842e+00 7.79375017e-01
6.153846e+00 5.000000e-02 1.742105e+00 7.27486372e-01
6.153846e+00 5.000000e-02 1.947368e+00 6.74913943e-01
6.153846e+00 5.000000e-02 2.152632e+00 6.22783959e-01
6.153846e+00 5.000000e-02 2.357895e+00 5.72041035e-01
6.153846e+00 5.000000e-02 2.563158e+00 5.23424447e-01
6.153846e+00 5.000000e-02 2.768421e+00 4.77480918e-01
6.153846e+00 5.000000e-02 2.973684e+00 4.34581250e-01
6.153846e+00 5.000000e-02 3.178947e+00 3.94927710e-01
6.153846e+00 5.000000e-02 3.384211e+00 3.58587384e-01
6.153846e+00 5.000000e-02 3.589474e+00 3.25530291e-01
6.153846e+00 5.000000e-02 3.794737e+00 2.95636028e-01
6.153846e+00 5.000000e-02 4.000000e+00 2.68736035e-01
6.153846e+00 3.105263e-01 1.000000e-01 5.13847229e+02
6.153846e+00 3.105263e-01 3.052632e-01 9.84470940e+00
6.153846e+00 3.105263e-01 5.105263e-01 1.09072435e+00
6.153846e+00 3.105263e-01 7.157895e-01 4.79489267e-01
6.153846e+00 3.105263e-01 9.210526e-01 4.11391765e-01
6.153846e+00 3.105263e-01 1.126316e+00 3.88143480e-01
6.153846e+00 3.105263e-01 1.331579e+00 3.67132872e-01
6.153846e+00 3.105263e-01 1.536842e+00 3.45033824e-01
6.153846e+00 3.105263e-01 1.742105e+00 3.22096288e-01
6.153846e+00 3.105263e-01 1.947368e+00 2.98853159e-01
6.153846e+00 3.105263e-01 2.152632e+00 2.75796294e-01
6.153846e+00 3.105263e-01 2.357895e+00 2.53346860e-01
6.153846e+00 3.105263e-01 2.563158e+00 2.31831595e-01
6.153846e+00 3.105263e-01 2.768421e+00 2.11493522e-01
6.153846e+00 3.105263e-01 2.973684e+00 1.92495137e-01
6.153846e+00 3.105263e-01 3.178947e+00 1.74928829e-01
6.153846e+00 3.105263e-01 3.384211e+00 1.58826813e-01
6.153846e+00 3.105263e-01 3.589474e+00 1.44175768e-01
6.153846e+00 3.105263e-01 3.794737e+00 1.30923465e-01
6.153846e+00 3.105263e-01 4.000000e+00 1.18995525e-01
6.153846e+00 5.710526e-01 1.000000e-01 4.57931061e+02
6.153846e+00 5.710526e-01 3.052632e-01 8.62598419e+00
6.153846e+00 5.710526e-01 5.105263e-01 8.27243686e-01
6.153846e+00 5.710526e-01 7.157895e-01 2.86773294e-01
6.153846e+00 5.710526e-01 9.210526e-01 2.31367096e-01
6.153846e+00 5.710526e-01 1.126316e+00 2.16826245e-01
6.153846e+00 5.710526e-01 1.331579e+00 2.04972789e-01
6.153846e+00 5.710526e-01 1.536842e+00 1.92639127e-01
6.153846e+00 5.710526e-01 1.742105e+00 1.79845512e-01
6.153846e+00 5.710526e-01 1.947368e+00 1.66879401e-01
6.153846e+00 5.710526e-01 2.152632e+00 1.54016048e-01
6.153846e+00 5.710526e-01 2.357895e+00 1.41488060e-01
6.153846e+00 5.710526e-01 2.563158e+00 1.29478410e-01
6.153846e+00 5.710526e-01 2.768421e+00 1.18123658e-01
6.153846e+00 5.710526e-01 2.973684e+00 1.07514024e-01
6.153846e+00 5.710526e-01 3.178947e+00 9.77024660e-02
6.153846e+00 5.710526e-01 3.384211e+00 8.87068361e-02
6.153846e+00 5.710526e-01 3.589474e+00 8.05199146e-02
6.153846e+00 5.710526e-01 3.794737e+00 7.31133968e-02
6.153846e+00 5.710526e-01 4.000000e+00 6.64462671e-02
6.153846e+00 8.315790e-01 1.000000e-01 3.81369873e+02
6.153846e+00 8.315790e-01 3.052632e-01 7.11832666e+00
6.153846e+00 8.315790e-01 5.105263e-01 6.26634657e-01
6.153846e+00 8.315790e-01 7.157895e-01 1.78565681e-01
6.153846e+00 8.315790e-01 9.210526e-01 1.34694442e-01
6.153846e+00 8.315790e-01 1.126316e+00 1.25227809e-01
6.153846e+00 8.315790e-01 1.331579e+00 1.18298337e-01
6.153846e+00 8.315790e-01 1.536842e+00 1.11179225e-01
6.153846e+00 8.315790e-01 1.742105e+00 1.03801697e-01
6.153846e+00 8.315790e-01 1.947368e+00 9.63234156e-02
6.153846e+00 8.315790e-01 2.152632e+00 8.89035314e-02
6.153846e+00 8.315790e-01 2.357895e+00 8.16757530e-02
6.153846e+00 8.315790e-01 2.563158e+00 7.47457817e-02
6.153846e+00 8.315790e-01 2.768421e+00 6.81923777e-02
6.153846e+00 8.315790e-01 2.973684e+00 6.20683283e-02
6.153846e+00 8.315790e-01 3.178947e+00 5.64035699e-02
6.153846e+00 8.315790e-01 3.384211e+00 5.12093157e-02
6.153846e+00 8.315790e-01 3.589474e+00 4.64812927e-02
6.153846e+00 8.315790e-01 3.794737e+00 4.22035605e-02
6.153846e+00 8.315790e-01 4.000000e+00 3.83522660e-02
6.153846e+00 1.092105e+00 1.000000e-01 2.96780670e+02
6.153846e+00 1.092105e+00 3.052632e-01 5.50690126e+00
6.153846e+00 1.092105e+00 5.105263e-01 4.58262205e-01
6.153846e+00 1.092105e+00 7.157895e-01 1.10723346e-01
6.153846e+00 1.092105e+00 9.210526e-01 7.76578188e-02
6.153846e+00 1.092105e+00 1.126316e+00 7.15258643e-02
6.153846e+00 1.092105e+00 1.331579e+00 6.75100163e-02
6.153846e+00 1.092105e+00 1.536842e+00 6.34457618e-02
6.153846e+00 1.092105e+00 1.742105e+00 5.92380539e-02
6.153846e+00 1.092105e+00 1.947368e+00 5.49728535e-02
6.153846e+00 1.092105e+00 2.152632e+00 5.07402942e-02
6.153846e+00 1.092105e+00 2.357895e+00 4.66168188e-02
6.153846e+00 1.092105e+00 2.563158e+00 4.26629074e-02
6.153846e+00 1.092105e+00 2.768421e+00 3.89232039e-02
6.153846e+00 1.092105e+00 2.973684e+00 3.54279317e-02
6.153846e+00 1.092105e+00 3.178947e+00 3.21943536e-02
6.153846e+00 1.092105e+00 3.384211e+00 2.92290058e-02
6.153846e+00 1.092105e+00 3.589474e+00 2.65294965e-02
6.153846e+00 1.092105e+00 3.794737e+00 2.40869522e-02
6.153846e+00 1.092105e+00 4.000000e+00 2.18875594e-02
6.153846e+00 1.352632e+00 1.000000e-01 2.15802460e+02
6.153846e+00 1.352632e+00 3.052632e-01 3.98753977e+00
6.153846e+00 1.352632e+00 5.105263e-01 3.19136322e-01
6.153846e+00 1.352632e+00 7.157895e-01 6.71096519e-02
6.153846e+00 1.352632e+00 9.210526e-01 4.35870588e-02
6.153846e+00 1.352632e+00 1.126316e+00 3.97132896e-02
6.153846e+00 1.352632e+00 1.331579e+00 3.74448933e-02
6.153846e+00 1.352632e+00 1.536842e+00 3.51888314e-02
6.153846e+00 1.352632e+00 1.742105e+00 3.28561552e-02
6.153846e+00 1.352632e+00 1.947368e+00 3.04917321e-02
6.153846e+00 1.352632e+00 2.152632e+00 2.81451307e-02
6.153846e+00 1.352632e+00 2.357895e+00 2.58585624e-02
6.153846e+00 1.352632e+00 2.563158e+00 2.36658398e-02
6.153846e+00 1.352632e+00 2.768421e+00 2.15916671e-02
6.153846e+00 1.352632e+00 2.973684e+00 1.96528938e-02
6.153846e+00 1.352632e+00 3.178947e+00 1.78591218e-02
6.153846e+00 1.352632e+00 3.384211e+00 1.62139069e-02
6.153846e+00 1.352632e+00 3.589474e+00 1.47160226e-02
6.153846e+00 1.352632e+00 3.794737e+00 1.33605935e-02
6.153846e+00 1.352632e+00 4.000000e+00 1.21400757e-02
6.153846e+00 1.613158e+00 1.000000e-01 1.46623978e+02
6.153846e+00 1.613158e+00 3.052632e-01 2.70063090e+00
6.153846e+00 1.613158e+00 5.105263e-01 2.10167691e-01
6.153846e+00 1.613158e+00 7.157895e-01 3.93400267e-02
6.153846e+00 1.613158e+00 9.210526e-01 2.36080755e-02
6.153846e+00 1.613158e+00 1.126316e+00 2.12486740e-02
6.153846e+00 1.613158e+00 1.331579e+00 2.00111121e-02
6.153846e+00 1.613158e+00 1.536842e+00 1.88040175e-02
6.153846e+00 1.613158e+00 1.742105e+00 1.75579581e-02
6.153846e+00 1.613158e+00 1.947368e+00 1.62949525e-02
6.153846e+00 1.613158e+00 2.152632e+00 1.50413122e-02
6.153846e+00 1.613158e+00 2.357895e+00 1.38197392e-02
6.153846e+00 1.613158e+00 2.563158e+00 1.26480749e-02
6.153846e+00 1.613158e+00 2.768421e+00 1.15397116e-02
6.153846e+00 1.613158e+00 2.973684e+00 1.05035724e-02
6.153846e+00 1.613158e+00 3.178947e+00 9.54482611e-03
6.153846e+00 1.613158e+00 3.384211e+00 8.66544060e-03
6.153846e+00 1.613158e+00 3.589474e+00 7.86475278e-03
6.153846e+00 1.613158e+00 3.794737e+00 7.14011816e-03
6.153846e+00 1.613158e+00 4.000000e+00 6.48756977e-03
6.153846e+00 1.873684e+00 1.000000e-01 9.30851517e+01
6.153846e+00 1.873684e+00 3.052632e-01 1.71015429e+00
6.153846e+00 1.873684e+00 5.105263e-01 1.30363375e-01
6.153846e+00 1.873684e+00 7.157895e-01 2.21463274e-02
6.153846e+00 1.873684e+00 9.210526e-01 1.22761782e-02
6.153846e+00 1.873684e+00 1.126316e+00 1.09014641e-02
6.153846e+00 1.873684e+00 1.331579e+00 1.02526685e-02
6.153846e+00 1.873684e+00 1.536842e+00 9.63332970e-03
6.153846e+00 1.873684e+00 1.742105e+00 8.99515208e-03
6.153846e+00 1.873684e+00 1.947368e+00 8.34830571e-03
6.153846e+00 1.873684e+00 2.152632e+00 7.70622538e-03
6.153846e+00 1.873684e+00 2.357895e+00 7.08050700e-03
6.153846e+00 1.873684e+00 2.563158e+00 6.48030872e-03
6.153846e+00 1.873684e+00 2.768421e+00 5.91249950e-03
6.153846e+00 1.873684e+00 2.973684e+00 5.38164796e-03
6.153846e+00 1.873684e+00 3.178947e+00 4.89040790e-03
6.153846e+00 1.873684e+00 3.384211e+00 4.43979725e-03
6.153846e+00 1.873684e+00 3.589474e+00 4.02946817e-03
6.153846e+00 1.873684e+00 3.794737e+00 3.65811330e-03
6.153846e+00 1.873684e+00 4.000000e+00 3.32367397e-03
6.153846e+00 2.134211e+00 1.000000e-01 5.52183304e+01
6.153846e+00 2.134211e+00 3.052632e-01 1.01235795e+00
6.153846e+00 2.134211e+00 5.105263e-01 7.59793445e-02
6.153846e+00 2.134211e+00 7.157895e-01 1.19105633e-02
6.153846e+00 2.134211e+00 9.210526e-01 6.10869518e-03
6.153846e+00 2.134211e+00 1.126316e+00 5.34658367e-03
6.153846e+00 2.134211e+00 1.331579e+00 5.02088061e-03
6.153846e+00 2.134211e+00 1.536842e+00 4.71707340e-03
6.153846e+00 2.134211e+00 1.742105e+00 4.40465100e-03
6.153846e+00 2.134211e+00 1.947368e+00 4.08799900e-03
6.153846e+00 2.134211e+00 2.152632e+00 3.77366599e-03
6.153846e+00 2.134211e+00 2.357895e+00 3.46731348e-03
6.153846e+00 2.134211e+00 2.563158e+00 3.17344605e-03
6.153846e+00 2.134211e+00 2.768421e+00 2.89540901e-03
6.153846e+00 2.134211e+00 2.973684e+00 2.63544847e-03
6.153846e+00 2.134211e+00 3.178947e+00 2.39488110e-03
6.153846e+00 2.134211e+00 3.384211e+00 2.17418699e-03
6.153846e+00 2.134211e+00 3.589474e+00 1.97321665e-03
6.153846e+00 2.134211e+00 3.794737e+00 1.79132225e-03
6.153846e+00 2.134211e+00 4.000000e+00 1.62750366e-03
6.153846e+00 2.394737e+00 1.000000e-01 3.06065521e+01
6.153846e+00 2.394737e+00 3.052632e-01 5.60165763e-01
6.153846e+00 2.394737e+00 5.105263e-01 4.15449142e-02
6.153846e+00 2.394737e+00 7.157895e-01 6.09531999e-03
6.153846e+00 2.394737e+00 9.210526e-01 2.90240394e-03
6.153846e+00 2.394737e+00 1.126316e+00 2.50199088e-03
6.153846e+00 2.394737e+00 1.331579e+00 2.34582764e-03
6.153846e+00 2.394737e+00 1.536842e+00 2.20361003e-03
6.153846e+00 2.394737e+00 1.742105e+00 2.05768761e-03
6.153846e+00 2.394737e+00 1.947368e+00 1.90979685e-03
6.153846e+00 2.394737e+00 2.152632e+00 1.76297978e-03
6.153846e+00 2.394737e+00 2.357895e+00 1.61988393e-03
6.153846e+00 2.394737e+00 2.563158e+00 1.48261117e-03
6.153846e+00 2.394737e+00 2.768421e+00 1.35272276e-03
6.153846e+00 2.394737e+00 2.973684e+00 1.23127515e-03
6.153846e+00 2.394737e+00 3.178947e+00 1.11887720e-03
6.153846e+00 2.394737e+00 3.384211e+00 1.01576129e-03
6.153846e+00 2.394737e+00 3.589474e+00 9.21855331e-04
6.153846e+00 2.394737e+00 3.794737e+00 8.36860738e-04
6.153846e+00 2.394737e+00 4.000000e+00 7.60307652e-04
6.153846e+00 2.655263e+00 1.000000e-01 1.58516235e+01
6.153846e+00 2.655263e+00 3.052632e-01 2.89703757e-01
6.153846e+00 2.655263e+00 5.105263e-01 2.12901086e-02
6.153846e+00 2.655263e+00 7.157895e-01 2.95887492e-03
6.153846e+00 2.655263e+00 9.210526e-01 1.31458300e-03
6.153846e+00 2.655263e+00 1.126316e+00 1.11581769e-03
6.153846e+00 2.655263e+00 1.331579e+00 1.04443054e-03
6.153846e+00 2.655263e+00 1.536842e+00 9.80979647e-04
6.153846e+00 2.655263e+00 1.742105e+00 9.16022924e-04
6.153846e+00 2.655263e+00 1.947368e+00 8.50204378e-04
6.153846e+00 2.655263e+00 2.152632e+00 7.84856733e-04
6.153846e+00 2.655263e+00 2.357895e+00 7.21161079e-04
6.153846e+00 2.655263e+00 2.563158e+00 6.60054153e-04
6.153846e+00 2.655263e+00 2.768421e+00 6.02232118e-04
6.153846e+00 2.655263e+00 2.973684e+00 5.48164593e-04
6.153846e+00 2.655263e+00 3.178947e+00 4.98124340e-04
6.153846e+00 2.655263e+00 3.384211e+00 4.52213397e-04
6.153846e+00 2.655263e+00 3.589474e+00 4.10401233e-04
6.153846e+00 2.655263e+00 3.794737e+00 3.72555340e-04
6.153846e+00 2.655263e+00 4.000000e+00 3.38467507e-04
6.153846e+00 2.915789e+00 1.000000e-01 7.67118597e+00
6.153846e+00 2.915789e+00 3.052632e-01 1.40032411e-01
6.153846e+00 2.915789e+00 5.105263e-01 1.02181369e-02
6.153846e+00 2.915789e+00 7.157895e-01 1.35898846e-03
6.153846e+00 2.915789e+00 9.210526e-01 5.66850882e-04
6.153846e+00 2.915789e+00 1.126316e+00 4.73833992e-04
6.153846e+00 2.915789e+00 1.331579e+00 4.42775141e-04
6.153846e+00 2.915789e+00 1.536842e+00 4.15817805e-04
6.153846e+00 2.915789e+00 1.742105e+00 3.88287270e-04
6.153846e+00 2.915789e+00 1.947368e+00 3.60392558e-04
6.153846e+00 2.915789e+00 2.152632e+00 3.32696072e-04
6.153846e+00 2.915789e+00 2.357895e+00 3.05699592e-04
6.153846e+00 2.915789e+00 2.563158e+00 2.79799133e-04
6.153846e+00 2.915789e+00 2.768421e+00 2.55289458e-04
6.153846e+00 2.915789e+00 2.973684e+00 2.32370730e-04
6.153846e+00 2.915789e+00 3.178947e+00 2.11157749e-04
6.153846e+00 2.915789e+00 3.384211e+00 1.91694111e-04
6.153846e+00 2.915789e+00 3.589474e+00 1.73968321e-04
6.153846e+00 2.915789e+00 3.794737e+00 1.57922856e-04
6.153846e+00 2.915789e+00 4.000000e+00 1.43470272e-04
6.153846e+00 3.176316e+00 1.000000e-01 3.46880484e+00
6.153846e+00 3.176316e+00 3.052632e-01 6.32594302e-02
6.153846e+00 3.176316e+00 5.105263e-01 4.59070271e-03
6.153846e+00 3.176316e+00 7.157895e-01 5.89325849e-04
6.153846e+00 3.176316e+00 9.210526e-01 2.32418737e-04
6.153846e+00 3.176316e+00 1.126316e+00 1.91454994e-04
6.153846e+00 3.176316e+00 1.331579e+00 1.78611735e-04
6.153846e+00 3.176316e+00 1.536842e+00 1.67714956e-04
6.153846e+00 3.176316e+00 1.742105e+00 1.56611117e-04
6.153846e+00 3.176316e+00 1.947368e+00 1.45361817e-04
6.153846e+00 3.176316e+00 2.152632e+00 1.34192625e-04
6.153846e+00 3.176316e+00 2.357895e+00 1.23304664e-04
6.153846e+00 3.176316e+00 2.563158e+00 1.12858441e-04
6.153846e+00 3.176316e+00 2.768421e+00 1.02972997e-04
6.153846e+00 3.176316e+00 2.973684e+00 9.37286241e-05
6.153846e+00 3.176316e+00 3.178947e+00 8.51719233e-05
6.153846e+00 3.176316e+00 3.384211e+00 7.73207430e-05
6.153846e+00 3.176316e+00 3.589474e+00 7.01701429e-05
6.153846e+00 3.176316e+00 3.794737e+00 6.36972618e-05
6.153846e+00 3.176316e+00 4.000000e+00 5.78669387e-05
6.153846e+00 3.436842e+00 1.000000e-01 1.46563637e+00
6.153846e+00 3.436842e+00 3.052632e-01 2.67074015e-02
6.153846e+00 3.436842e+00 5.105263e-01 1.92991563e-03
6.153846e+00 3.436842e+00 7.157895e-01 2.40871988e-04
6.153846e+00 3.436842e+00 9.210526e-01 9.04996414e-05
6.153846e+00 3.436842e+00 1.126316e+00 7.35458743e-05
6.153846e+00 3.436842e+00 1.331579e+00 6.85064733e-05
6.153846e+00 3.436842e+00 1.536842e+00 6.43183084e-05
6.153846e+00 3.436842e+00 1.742105e+00 6.00603089e-05
6.153846e+00 3.436842e+00 1.947368e+00 5.57468884e-05
6.153846e+00 3.436842e+00 2.152632e+00 5.14638850e-05
6.153846e+00 3.436842e+00 2.357895e+00 4.72886386e-05
6.153846e+00 3.436842e+00 2.563158e+00 4.32828056e-05
6.153846e+00 3.436842e+00 2.768421e+00 3.94917697e-05
6.153846e+00 3.436842e+00 2.973684e+00 3.59463520e-05
6.153846e+00 3.436842e+00 3.178947e+00 3.26646623e-05
6.153846e+00 3.436842e+00 3.384211e+00 2.96534927e-05
6.153846e+00 3.436842e+00 3.589474e+00 2.69109460e-05
6.153846e+00 3.436842e+00 3.794737e+00 2.44282310e-05
6.153846e+00 3.436842e+00 4.000000e+00 2.21918617e-05
6.153846e+00 3.697368e+00 1.000000e-01 5.78630269e-01
6.153846e+00 3.697368e+00 3.052632e-01 1.05374753e-02
6.153846e+00 3.697368e+00 5.105263e-01 7.58970098e-04
6.153846e+00 3.697368e+00 7.157895e-01 9.26539506e-05
6.153846e+00 3.697368e+00 9.210526e-01 3.34188808e-05
6.153846e+00 3.697368e+00 1.126316e+00 2.68320709e-05
6.153846e+00 3.697368e+00 1.331579e+00 2.49585664e-05
6.153846e+00 3.697368e+00 1.536842e+00 2.34298532e-05
6.153846e+00 3.697368e+00 1.742105e+00 2.18788136e-05
6.153846e+00 3.697368e+00 1.947368e+00 2.03076943e-05
6.153846e+00 3.697368e+00 2.152632e+00 1.87476489e-05
6.153846e+00 3.697368e+00 2.357895e+00 1.72268046e-05
6.153846e+00 3.697368e+00 2.563158e+00 1.57675731e-05
6.153846e+00 3.697368e+00 2.768421e+00 1.43865382e-05
6.153846e+00 3.697368e+00 2.973684e+00 1.30950066e-05
6.153846e+00 3.697368e+00 3.178947e+00 1.18995176e-05
6.153846e+00 3.697368e+00 3.384211e+00 1.08025242e-05
6.153846e+00 3.697368e+00 3.589474e+00 9.80335062e-06
6.153846e+00 3.697368e+00 3.794737e+00 8.89881994e-06
6.153846e+00 3.697368e+00 4.000000e+00 8.08404093e-06
6.153846e+00 3.957895e+00 1.000000e-01 2.13453710e-01
6.153846e+00 3.957895e+00 3.052632e-01 3.88533366e-03
6.153846e+00 3.957895e+00 5.105263e-01 2.79149739e-04
6.153846e+00 3.957895e+00 7.157895e-01 3.34994220e-05
6.153846e+00 3.957895e+00 9.210526e-01 1.16851916e-05
6.153846e+00 3.957895e+00 1.126316e+00 9.28502777e-06
6.153846e+00 3.957895e+00 1.331579e+00 8.62618435e-06
6.153846e+00 3.957895e+00 1.536842e+00 8.09699213e-06
6.153846e+00 3.957895e+00 1.742105e+00 7.56095096e-06
6.153846e+00 3.957895e+00 1.947368e+00 7.01805902e-06
6.153846e+00 3.957895e+00 2.152632e+00 6.47897969e-06
6.153846e+00 3.957895e+00 2.357895e+00 5.95342772e-06
6.153846e+00 3.957895e+00 2.563158e+00 5.44915747e-06
6.153846e+00 3.957895e+00 2.768421e+00 4.97190013e-06
6.153846e+00 3.957895e+00 2.973684e+00 4.52557424e-06
6.153846e+00 3.957895e+00 3.178947e+00 4.11239671e-06
6.153846e+00 3.957895e+00 3.384211e+00 3.73326702e-06
6.153846e+00 3.957895e+00 3.589474e+00 3.38793689e-06
6.153846e+00 3.957895e+00 3.794737e+00 3.07531991e-06
6.153846e+00 3.957895e+00 4.000000e+00 2.79371397e-06
6.153846e+00 4.218421e+00 1.000000e-01 7.35755563e-02
6.153846e+00 4.218421e+00 3.052632e-01 1.33874174e-03
6.153846e+00 4.218421e+00 5.105263e-01 9.60051038e-05
6.153846e+00 4.218421e+00 7.157895e-01 1.13717624e-05
6.153846e+00 4.218421e+00 9.210526e-01 3.86236388e-06
6.153846e+00 4.218421e+00 1.126316e+00 3.04268951e-06
6.153846e+00 4.218421e+00 1.331579e+00 2.82389988e-06
6.153846e+00 4.218421e+00 1.536842e+00 2.65042331e-06
6.153846e+00 4.218421e+00 1.742105e+00 2.47496428e-06
6.153846e+00 4.218421e+00 1.947368e+00 2.29727425e-06
6.153846e+00 4.218421e+00 2.152632e+00 2.12082091e-06
6.153846e+00 4.218421e+00 2.357895e+00 1.94880181e-06
6.153846e+00 4.218421e+00 2.563158e+00 1.78373557e-06
6.153846e+00 4.218421e+00 2.768421e+00 1.62751564e-06
6.153846e+00 4.218421e+00 2.973684e+00 1.48141191e-06
6.153846e+00 4.218421e+00 3.178947e+00 1.34616084e-06
6.153846e+00 4.218421e+00 3.384211e+00 1.22205233e-06
6.153846e+00 4.218421e+00 3.589474e+00 1.10900680e-06
6.153846e+00 4.218421e+00 3.794737e+00 1.00666534e-06
6.153846e+00 4.218421e+00 4.000000e+00 9.14478164e-07
6.153846e+00 4.478947e+00 1.000000e-01 2.36968156e-02
6.153846e+00 4.478947e+00 3.052632e-01 4.31054679e-04
6.153846e+00 4.478947e+00 5.105263e-01 3.08694725e-05
6.153846e+00 4.478947e+00 7.157895e-01 3.62097944e-06
6.153846e+00 4.478947e+00 9.210526e-01 1.20472316e-06
6.153846e+00 4.478947e+00 1.126316e+00 9.42544034e-07
6.153846e+00 4.478947e+00 1.331579e+00 8.74046464e-07
6.153846e+00 4.478947e+00 1.536842e+00 8.20294247e-07
6.153846e+00 4.478947e+00 1.742105e+00 7.65990478e-07
6.153846e+00 4.478947e+00 1.947368e+00 7.10999473e-07
6.153846e+00 4.478947e+00 2.152632e+00 6.56391251e-07
6.153846e+00 4.478947e+00 2.357895e+00 6.03152785e-07
6.153846e+00 4.478947e+00 2.563158e+00 5.52067888e-07
6.153846e+00 4.478947e+00 2.768421e+00 5.03717672e-07
6.153846e+00 4.478947e+00 2.973684e+00 4.58498306e-07
6.153846e+00 4.478947e+00 3.178947e+00 4.16638613e-07
6.153846e+00 4.478947e+00 3.384211e+00 3.78225536e-07
6.153846e+00 4.478947e+00 3.589474e+00 3.43236565e-07
6.153846e+00 4.478947e+00 3.794737e+00 3.11560399e-07
6.153846e+00 4.478947e+00 4.000000e+00 2.83026225e-07
6.153846e+00 4.739474e+00 1.000000e-01 7.13134464e-03
6.153846e+00 4.739474e+00 3.052632e-01 1.29695531e-04
6.153846e+00 4.739474e+00 5.105263e-01 9.27866495e-06
6.153846e+00 4.739474e+00 7.157895e-01 1.08062432e-06
6.153846e+00 4.739474e+00 9.210526e-01 3.53987531e-07
6.153846e+00 4.739474e+00 1.126316e+00 2.75483444e-07
6.153846e+00 4.739474e+00 1.331579e+00 2.55299966e-07
6.153846e+00 4.739474e+00 1.536842e+00 2.39585745e-07
6.153846e+00 4.739474e+00 1.742105e+00 2.23725067e-07
6.153846e+00 4.739474e+00 1.947368e+00 2.07664570e-07
6.153846e+00 4.739474e+00 2.152632e+00 1.91715600e-07
6.153846e+00 4.739474e+00 2.357895e+00 1.76166239e-07
6.153846e+00 4.739474e+00 2.563158e+00 1.61245978e-07
6.153846e+00 4.739474e+00 2.768421e+00 1.47124339e-07
6.153846e+00 4.739474e+00 2.973684e+00 1.33917041e-07
6.153846e+00 4.739474e+00 3.178947e+00 1.21690476e-07
6.153846e+00 4.739474e+00 3.384211e+00 1.10470758e-07
6.153846e+00 4.739474e+00 3.589474e+00 1.00250922e-07
6.153846e+00 4.739474e+00 3.794737e+00 9.09988245e-08
6.153846e+00 4.739474e+00 4.000000e+00 8.26641227e-08
6.153846e+00 5.000000e+00 1.000000e-01 2.00529629e-03
6.153846e+00 5.000000e+00 3.052632e-01 3.64643638e-05
6.153846e+00 5.000000e+00 5.105263e-01 2.60685783e-06
6.153846e+00 5.000000e+00 7.157895e-01 3.02047823e-07
6.153846e+00 5.000000e+00 9.210526e-01 9.78247741e-08
6.153846e+00 5.000000e+00 1.126316e+00 7.58290426e-08
6.153846e+00 5.000000e+00 1.331579e+00 7.02395724e-08
6.153846e+00 5.000000e+00 1.536842e+00 6.59134898e-08
6.153846e+00 5.000000e+00 1.742105e+00 6.15499332e-08
6.153846e+00 5.000000e+00 1.947368e+00 5.71317145e-08
6.153846e+00 5.000000e+00 2.152632e+00 5.27440172e-08
6.153846e+00 5.000000e+00 2.357895e+00 4.84662728e-08
6.153846e+00 5.000000e+00 2.563158e+00 4.43615136e-08
6.153846e+00 5.000000e+00 2.768421e+00 4.04764613e-08
6.153846e+00 5.000000e+00 2.973684e+00 3.68428452e-08
6.153846e+00 5.000000e+00 3.178947e+00 3.34791466e-08
6.153846e+00 5.000000e+00 3.384211e+00 3.03923642e-08
6.153846e+00 5.000000e+00 3.589474e+00 2.75806578e-08
6.153846e+00 5.000000e+00 3.794737e+00 2.50351366e-08
6.153846e+00 5.000000e+00 4.000000e+00 2.27420838e-08
6.410256e+00 5.000000e-02 1.000000e-01 5.36229736e+02
6.410256e+00 5.000000e-02 3.052632e-01 1.09034872e+01
6.410256e+00 5.000000e-02 5.105263e-01 1.59688950e+00
6.410256e+00 5.000000e-02 7.157895e-01 8.88123810e-01
6.410256e+00 5.000000e-02 9.210526e-01 7.93232501e-01
6.410256e+00 5.000000e-02 1.126316e+00 7.53015220e-01
6.410256e+00 5.000000e-02 1.331579e+00 7.15177119e-01
6.410256e+00 5.000000e-02 1.536842e+00 6.75175965e-01
6.410256e+00 5.000000e-02 1.742105e+00 6.33394122e-01
6.410256e+00 5.000000e-02 1.947368e+00 5.90726197e-01
6.410256e+00 5.000000e-02 2.152632e+00 5.48045099e-01
6.410256e+00 5.000000e-02 2.357895e+00 5.06119311e-01
6.410256e+00 5.000000e-02 2.563158e+00 4.65577126e-01
6.410256e+00 5.000000e-02 2.768421e+00 4.26906258e-01
6.410256e+00 5.000000e-02 2.973684e+00 3.90456259e-01
6.410256e+00 5.000000e-02 3.178947e+00 3.56450647e-01
6.410256e+00 5.000000e-02 3.384211e+00 3.25005502e-01
6.410256e+00 5.000000e-02 3.589474e+00 2.96146423e-01
6.410256e+00 5.000000e-02 3.794737e+00 2.69829005e-01
6.410256e+00 5.000000e-02 4.000000e+00 2.45961934e-01
6.410256e+00 3.105263e-01 1.000000e-01 5.11165741e+02
6.410256e+00 3.105263e-01 3.052632e-01 9.96051693e+00
6.410256e+00 3.105263e-01 5.105263e-01 1.09383917e+00
6.410256e+00 3.105263e-01 7.157895e-01 4.30562079e-01
6.410256e+00 3.105263e-01 9.210526e-01 3.54903728e-01
6.410256e+00 3.105263e-01 1.126316e+00 3.33575875e-01
6.410256e+00 3.105263e-01 1.331579e+00 3.16430658e-01
6.410256e+00 3.105263e-01 1.536842e+00 2.98692405e-01
6.410256e+00 3.105263e-01 1.742105e+00 2.80220062e-01
6.410256e+00 3.105263e-01 1.947368e+00 2.61365294e-01
6.410256e+00 3.105263e-01 2.152632e+00 2.42503062e-01
6.410256e+00 3.105263e-01 2.357895e+00 2.23970264e-01
6.410256e+00 3.105263e-01 2.563158e+00 2.06045911e-01
6.410256e+00 3.105263e-01 2.768421e+00 1.88943163e-01
6.410256e+00 3.105263e-01 2.973684e+00 1.72816217e-01
6.410256e+00 3.105263e-01 3.178947e+00 1.57767534e-01
6.410256e+00 3.105263e-01 3.384211e+00 1.43847793e-01
6.410256e+00 3.105263e-01 3.589474e+00 1.31070435e-01
6.410256e+00 3.105263e-01 3.794737e+00 1.19416043e-01
6.410256e+00 3.105263e-01 4.000000e+00 1.08843505e-01
6.410256e+00 5.710526e-01 1.000000e-01 4.55551666e+02
6.410256e+00 5.710526e-01 3.052632e-01 8.74775314e+00
6.410256e+00 5.710526e-01 5.105263e-01 8.50502074e-01
6.410256e+00 5.710526e-01 7.157895e-01 2.63526767e-01
6.410256e+00 5.710526e-01 9.210526e-01 2.00490043e-01
6.410256e+00 5.710526e-01 1.126316e+00 1.86422050e-01
6.410256e+00 5.710526e-01 1.331579e+00 1.76608816e-01
6.410256e+00 5.710526e-01 1.536842e+00 1.66682646e-01
6.410256e+00 5.710526e-01 1.742105e+00 1.56377211e-01
6.410256e+00 5.710526e-01 1.947368e+00 1.45862415e-01
6.410256e+00 5.710526e-01 2.152632e+00 1.35345265e-01
6.410256e+00 5.710526e-01 2.357895e+00 1.25009477e-01
6.410256e+00 5.710526e-01 2.563158e+00 1.15010545e-01
6.410256e+00 5.710526e-01 2.768421e+00 1.05468214e-01
6.410256e+00 5.710526e-01 2.973684e+00 9.64689776e-02
6.410256e+00 5.710526e-01 3.178947e+00 8.80689695e-02
6.410256e+00 5.710526e-01 3.384211e+00 8.02984536e-02
6.410256e+00 5.710526e-01 3.589474e+00 7.31635764e-02
6.410256e+00 5.710526e-01 3.794737e+00 6.66555017e-02
6.410256e+00 5.710526e-01 4.000000e+00 6.07503653e-02
6.410256e+00 8.315790e-01 1.000000e-01 3.79387024e+02
6.410256e+00 8.315790e-01 3.052632e-01 7.22620344e+00
6.410256e+00 8.315790e-01 5.105263e-01 6.54428422e-01
6.410256e+00 8.315790e-01 7.157895e-01 1.67845190e-01
6.410256e+00 8.315790e-01 9.210526e-01 1.17312007e-01
6.410256e+00 8.315790e-01 1.126316e+00 1.07732669e-01
6.410256e+00 8.315790e-01 1.331579e+00 1.01908281e-01
6.410256e+00 8.315790e-01 1.536842e+00 9.61629525e-02
6.410256e+00 8.315790e-01 1.742105e+00 9.02175754e-02
6.410256e+00 8.315790e-01 1.947368e+00 8.41548815e-02
6.410256e+00 8.315790e-01 2.152632e+00 7.80902728e-02
6.410256e+00 8.315790e-01 2.357895e+00 7.21304268e-02
6.410256e+00 8.315790e-01 2.563158e+00 6.63635582e-02
6.410256e+00 8.315790e-01 2.768421e+00 6.08591102e-02
6.410256e+00 8.315790e-01 2.973684e+00 5.56673259e-02
6.410256e+00 8.315790e-01 3.178947e+00 5.08207008e-02
6.410256e+00 8.315790e-01 3.384211e+00 4.63360101e-02
6.410256e+00 8.315790e-01 3.589474e+00 4.22181152e-02
6.410256e+00 8.315790e-01 3.794737e+00 3.84613685e-02
6.410256e+00 8.315790e-01 4.000000e+00 3.50521207e-02
6.410256e+00 1.092105e+00 1.000000e-01 2.95232666e+02
6.410256e+00 1.092105e+00 3.052632e-01 5.59284830e+00
6.410256e+00 1.092105e+00 5.105263e-01 4.83609200e-01
6.410256e+00 1.092105e+00 7.157895e-01 1.06372513e-01
6.410256e+00 1.092105e+00 9.210526e-01 6.80231899e-02
6.410256e+00 1.092105e+00 1.126316e+00 6.15809858e-02
6.410256e+00 1.092105e+00 1.331579e+00 5.81508204e-02
6.410256e+00 1.092105e+00 1.536842e+00 5.48605584e-02
6.410256e+00 1.092105e+00 1.742105e+00 5.14680110e-02
6.410256e+00 1.092105e+00 1.947368e+00 4.80107144e-02
6.410256e+00 1.092105e+00 2.152632e+00 4.45523597e-02
6.410256e+00 1.092105e+00 2.357895e+00 4.11536247e-02
6.410256e+00 1.092105e+00 2.563158e+00 3.78646217e-02
6.410256e+00 1.092105e+00 2.768421e+00 3.47247683e-02
6.410256e+00 1.092105e+00 2.973684e+00 3.17630358e-02
6.410256e+00 1.092105e+00 3.178947e+00 2.89976466e-02
6.410256e+00 1.092105e+00 3.384211e+00 2.64385976e-02
6.410256e+00 1.092105e+00 3.589474e+00 2.40885820e-02
6.410256e+00 1.092105e+00 3.794737e+00 2.19443832e-02
6.410256e+00 1.092105e+00 4.000000e+00 1.99984368e-02
6.410256e+00 1.352632e+00 1.000000e-01 2.14671692e+02
6.410256e+00 1.352632e+00 3.052632e-01 4.05033255e+00
6.410256e+00 1.352632e+00 5.105263e-01 3.39196950e-01
6.410256e+00 1.352632e+00 7.157895e-01 6.58095479e-02
6.410256e+00 1.352632e+00 9.210526e-01 3.84210832e-02
6.410256e+00 1.352632e+00 1.126316e+00 3.42226028e-02
6.410256e+00 1.352632e+00 1.331579e+00 3.22527811e-02
6.410256e+00 1.352632e+00 1.536842e+00 3.04203499e-02
6.410256e+00 1.352632e+00 1.742105e+00 2.85385754e-02
6.410256e+00 1.352632e+00 1.947368e+00 2.66220141e-02
6.410256e+00 1.352632e+00 2.152632e+00 2.47051343e-02
6.410256e+00 1.352632e+00 2.357895e+00 2.28210706e-02
6.410256e+00 1.352632e+00 2.563158e+00 2.09977366e-02
6.410256e+00 1.352632e+00 2.768421e+00 1.92569569e-02
6.410256e+00 1.352632e+00 2.973684e+00 1.76146422e-02
6.410256e+00 1.352632e+00 3.178947e+00 1.60811525e-02
6.410256e+00 1.352632e+00 3.384211e+00 1.46619482e-02
6.410256e+00 1.352632e+00 3.589474e+00 1.33584756e-02
6.410256e+00 1.352632e+00 3.794737e+00 1.21690957e-02
6.410256e+00 1.352632e+00 4.000000e+00 1.10896230e-02
6.410256e+00 1.613158e+00 1.000000e-01 1.45851608e+02
6.410256e+00 1.613158e+00 3.052632e-01 2.74305654e+00
6.410256e+00 1.613158e+00 5.105263e-01 2.24483669e-01
6.410256e+00 1.613158e+00 7.157895e-01 3.93097028e-02
6.410256e+00 1.613158e+00 9.210526e-01 2.09526848e-02
6.410256e+00 1.613158e+00 1.126316e+00 1.83299035e-02
6.410256e+00 1.613158e+00 1.331579e+00 1.72366556e-02
6.410256e+00 1.613158e+00 1.536842e+00 1.62529238e-02
6.410256e+00 1.613158e+00 1.742105e+00 1.52471839e-02
6.410256e+00 1.613158e+00 1.947368e+00 1.42234107e-02
6.410256e+00 1.613158e+00 2.152632e+00 1.31995669e-02
6.410256e+00 1.613158e+00 2.357895e+00 1.21932365e-02
6.410256e+00 1.613158e+00 2.563158e+00 1.12192472e-02
6.410256e+00 1.613158e+00 2.768421e+00 1.02893012e-02
6.410256e+00 1.613158e+00 2.973684e+00 9.41186864e-03
6.410256e+00 1.613158e+00 3.178947e+00 8.59252550e-03
6.410256e+00 1.613158e+00 3.384211e+00 7.83416908e-03
6.410256e+00 1.613158e+00 3.589474e+00 7.13760545e-03
6.410256e+00 1.613158e+00 3.794737e+00 6.50198478e-03
6.410256e+00 1.613158e+00 4.000000e+00 5.92504023e-03
6.410256e+00 1.873684e+00 1.000000e-01 9.25920944e+01
6.410256e+00 1.873684e+00 3.052632e-01 1.73678219e+00
6.410256e+00 1.873684e+00 5.105263e-01 1.39724553e-01
6.410256e+00 1.873684e+00 7.157895e-01 2.25046203e-02
6.410256e+00 1.873684e+00 9.210526e-01 1.09745525e-02
6.410256e+00 1.873684e+00 1.126316e+00 9.41480603e-03
6.410256e+00 1.873684e+00 1.331579e+00 8.83172825e-03
6.410256e+00 1.873684e+00 1.536842e+00 8.32519028e-03
6.410256e+00 1.873684e+00 1.742105e+00 7.80976145e-03
6.410256e+00 1.873684e+00 1.947368e+00 7.28545059e-03
6.410256e+00 1.873684e+00 2.152632e+00 6.76114531e-03
6.410256e+00 1.873684e+00 2.357895e+00 6.24578726e-03
6.410256e+00 1.873684e+00 2.563158e+00 5.74697461e-03
6.410256e+00 1.873684e+00 2.768421e+00 5.27068740e-03
6.410256e+00 1.873684e+00 2.973684e+00 4.82127024e-03
6.410256e+00 1.873684e+00 3.178947e+00 4.40156646e-03
6.410256e+00 1.873684e+00 3.384211e+00 4.01307596e-03
6.410256e+00 1.873684e+00 3.589474e+00 3.65623040e-03
6.410256e+00 1.873684e+00 3.794737e+00 3.33056808e-03
6.410256e+00 1.873684e+00 4.000000e+00 3.03495675e-03
6.410256e+00 2.134211e+00 1.000000e-01 5.49242210e+01
6.410256e+00 2.134211e+00 3.052632e-01 1.02792859e+00
6.410256e+00 2.134211e+00 5.105263e-01 8.16332698e-02
6.410256e+00 2.134211e+00 7.157895e-01 1.22831594e-02
6.410256e+00 2.134211e+00 9.210526e-01 5.50211268e-03
6.410256e+00 2.134211e+00 1.126316e+00 4.62316675e-03
6.410256e+00 2.134211e+00 1.331579e+00 4.32543922e-03
6.410256e+00 2.134211e+00 1.536842e+00 4.07605665e-03
6.410256e+00 2.134211e+00 1.742105e+00 3.82355740e-03
6.410256e+00 2.134211e+00 1.947368e+00 3.56687838e-03
6.410256e+00 2.134211e+00 2.152632e+00 3.31023592e-03
6.410256e+00 2.134211e+00 2.357895e+00 3.05796810e-03
6.410256e+00 2.134211e+00 2.563158e+00 2.81379092e-03
6.410256e+00 2.134211e+00 2.768421e+00 2.58062454e-03
6.410256e+00 2.134211e+00 2.973684e+00 2.36059260e-03
6.410256e+00 2.134211e+00 3.178947e+00 2.15509790e-03
6.410256e+00 2.134211e+00 3.384211e+00 1.96487992e-03
6.410256e+00 2.134211e+00 3.589474e+00 1.79014530e-03
6.410256e+00 2.134211e+00 3.794737e+00 1.63067074e-03
6.410256e+00 2.134211e+00 4.000000e+00 1.48590677e-03
6.410256e+00 2.394737e+00 1.000000e-01 3.04426899e+01
6.410256e+00 2.394737e+00 3.052632e-01 5.68663836e-01
6.410256e+00 2.394737e+00 5.105263e-01 4.47132029e-02
6.410256e+00 2.394737e+00 7.157895e-01 6.36643171e-03
6.410256e+00 2.394737e+00 9.210526e-01 2.63409410e-03
6.410256e+00 2.394737e+00 1.126316e+00 2.16628052e-03
6.410256e+00 2.394737e+00 1.331579e+00 2.02115066e-03
6.410256e+00 2.394737e+00 1.536842e+00 1.90398237e-03
6.410256e+00 2.394737e+00 1.742105e+00 1.78596482e-03
6.410256e+00 2.394737e+00 1.947368e+00 1.66607834e-03
6.410256e+00 2.394737e+00 2.152632e+00 1.54622097e-03
6.410256e+00 2.394737e+00 2.357895e+00 1.42840459e-03
6.410256e+00 2.394737e+00 2.563158e+00 1.31436356e-03
6.410256e+00 2.394737e+00 2.768421e+00 1.20545784e-03
6.410256e+00 2.394737e+00 2.973684e+00 1.10268500e-03
6.410256e+00 2.394737e+00 3.178947e+00 1.00669404e-03
6.410256e+00 2.394737e+00 3.384211e+00 9.17837082e-04
6.410256e+00 2.394737e+00 3.589474e+00 8.36207648e-04
6.410256e+00 2.394737e+00 3.794737e+00 7.61704403e-04
6.410256e+00 2.394737e+00 4.000000e+00 6.94070186e-04
6.410256e+00 2.655263e+00 1.000000e-01 1.57663593e+01
6.410256e+00 2.655263e+00 3.052632e-01 2.94038177e-01
6.410256e+00 2.655263e+00 5.105263e-01 2.29417533e-02
6.410256e+00 2.655263e+00 7.157895e-01 3.12397466e-03
6.410256e+00 2.655263e+00 9.210526e-01 1.20200531e-03
6.410256e+00 2.655263e+00 1.126316e+00 9.67382162e-04
6.410256e+00 2.655263e+00 1.331579e+00 8.99997132e-04
6.410256e+00 2.655263e+00 1.536842e+00 8.47530260e-04
6.410256e+00 2.655263e+00 1.742105e+00 7.94963329e-04
6.410256e+00 2.655263e+00 1.947368e+00 7.41600408e-04
6.410256e+00 2.655263e+00 2.152632e+00 6.88255881e-04
6.410256e+00 2.655263e+00 2.357895e+00 6.35821256e-04
6.410256e+00 2.655263e+00 2.563158e+00 5.85065689e-04
6.410256e+00 2.655263e+00 2.768421e+00 5.36592677e-04
6.410256e+00 2.655263e+00 2.973684e+00 4.90846578e-04
6.410256e+00 2.655263e+00 3.178947e+00 4.48118430e-04
6.410256e+00 2.655263e+00 3.384211e+00 4.08563501e-04
6.410256e+00 2.655263e+00 3.589474e+00 3.72223847e-04
6.410256e+00 2.655263e+00 3.794737e+00 3.39056220e-04
6.410256e+00 2.655263e+00 4.000000e+00 3.08945135e-04
6.410256e+00 2.915789e+00 1.000000e-01 7.62975216e+00
6.410256e+00 2.915789e+00 3.052632e-01 1.42100230e-01
6.410256e+00 2.915789e+00 5.105263e-01 1.10204536e-02
6.410256e+00 2.915789e+00 7.157895e-01 1.44779566e-03
6.410256e+00 2.915789e+00 9.210526e-01 5.22032671e-04
6.410256e+00 2.915789e+00 1.126316e+00 4.11343906e-04
6.410256e+00 2.915789e+00 1.331579e+00 3.81598744e-04
6.410256e+00 2.915789e+00 1.536842e+00 3.59229394e-04
6.410256e+00 2.915789e+00 1.742105e+00 3.36934027e-04
6.410256e+00 2.915789e+00 1.947368e+00 3.14317382e-04
6.410256e+00 2.915789e+00 2.152632e+00 2.91710661e-04
6.410256e+00 2.915789e+00 2.357895e+00 2.69489916e-04
6.410256e+00 2.915789e+00 2.563158e+00 2.47979275e-04
6.410256e+00 2.915789e+00 2.768421e+00 2.27435812e-04
6.410256e+00 2.915789e+00 2.973684e+00 2.08047088e-04
6.410256e+00 2.915789e+00 3.178947e+00 1.89936531e-04
6.410256e+00 2.915789e+00 3.384211e+00 1.73170338e-04
6.410256e+00 2.915789e+00 3.589474e+00 1.57767106e-04
6.410256e+00 2.915789e+00 3.794737e+00 1.43707395e-04
6.410256e+00 2.915789e+00 4.000000e+00 1.30943110e-04
6.410256e+00 3.176316e+00 1.000000e-01 3.45000291e+00
6.410256e+00 3.176316e+00 3.052632e-01 6.41826019e-02
6.410256e+00 3.176316e+00 5.105263e-01 4.95426496e-03
6.410256e+00 3.176316e+00 7.157895e-01 6.32504118e-04
6.410256e+00 3.176316e+00 9.210526e-01 2.15473410e-04
6.410256e+00 3.176316e+00 1.126316e+00 1.66417056e-04
6.410256e+00 3.176316e+00 1.331579e+00 1.53956353e-04
6.410256e+00 3.176316e+00 1.536842e+00 1.44882957e-04
6.410256e+00 3.176316e+00 1.742105e+00 1.35885537e-04
6.410256e+00 3.176316e+00 1.947368e+00 1.26764004e-04
6.410256e+00 3.176316e+00 2.152632e+00 1.17647716e-04
6.410256e+00 3.176316e+00 2.357895e+00 1.08687003e-04
6.410256e+00 3.176316e+00 2.563158e+00 1.00012308e-04
6.410256e+00 3.176316e+00 2.768421e+00 9.17276629e-05
6.410256e+00 3.176316e+00 2.973684e+00 8.39082859e-05
6.410256e+00 3.176316e+00 3.178947e+00 7.66040976e-05
6.410256e+00 3.176316e+00 3.384211e+00 6.98420045e-05
6.410256e+00 3.176316e+00 3.589474e+00 6.36292098e-05
6.410256e+00 3.176316e+00 3.794737e+00 5.79582120e-05
6.410256e+00 3.176316e+00 4.000000e+00 5.28096389e-05
6.410256e+00 3.436842e+00 1.000000e-01 1.45766890e+00
6.410256e+00 3.436842e+00 3.052632e-01 2.70931814e-02
6.410256e+00 3.436842e+00 5.105263e-01 2.08369782e-03
6.410256e+00 3.436842e+00 7.157895e-01 2.60075030e-04
6.410256e+00 3.436842e+00 9.210526e-01 8.44069727e-05
6.410256e+00 3.436842e+00 1.126316e+00 6.40037179e-05
6.410256e+00 3.436842e+00 1.331579e+00 5.90579948e-05
6.410256e+00 3.436842e+00 1.536842e+00 5.55601473e-05
6.410256e+00 3.436842e+00 1.742105e+00 5.21077091e-05
6.410256e+00 3.436842e+00 1.947368e+00 4.86099270e-05
6.410256e+00 3.436842e+00 2.152632e+00 4.51143969e-05
6.410256e+00 3.436842e+00 2.357895e+00 4.16785515e-05
6.410256e+00 3.436842e+00 2.563158e+00 3.83523075e-05
6.410256e+00 3.436842e+00 2.768421e+00 3.51754934e-05
6.410256e+00 3.436842e+00 2.973684e+00 3.21770822e-05
6.410256e+00 3.436842e+00 3.178947e+00 2.93760932e-05
6.410256e+00 3.436842e+00 3.384211e+00 2.67828982e-05
6.410256e+00 3.436842e+00 3.589474e+00 2.44003149e-05
6.410256e+00 3.436842e+00 3.794737e+00 2.22254512e-05
6.410256e+00 3.436842e+00 4.000000e+00 2.02508545e-05
6.410256e+00 3.697368e+00 1.000000e-01 5.75477064e-01
6.410256e+00 3.697368e+00 3.052632e-01 1.06883897e-02
6.410256e+00 3.697368e+00 5.105263e-01 8.19714216e-04
6.410256e+00 3.697368e+00 7.157895e-01 1.00519865e-04
6.410256e+00 3.697368e+00 9.210526e-01 3.13329219e-05
6.410256e+00 3.697368e+00 1.126316e+00 2.33756655e-05
6.410256e+00 3.697368e+00 1.331579e+00 2.15189866e-05
6.410256e+00 3.697368e+00 1.536842e+00 2.02388146e-05
6.410256e+00 3.697368e+00 1.742105e+00 1.89805251e-05
6.410256e+00 3.697368e+00 1.947368e+00 1.77063903e-05
6.410256e+00 3.697368e+00 2.152632e+00 1.64332378e-05
6.410256e+00 3.697368e+00 2.357895e+00 1.51817858e-05
6.410256e+00 3.697368e+00 2.563158e+00 1.39702697e-05
6.410256e+00 3.697368e+00 2.768421e+00 1.28131323e-05
6.410256e+00 3.697368e+00 2.973684e+00 1.17209429e-05
6.410256e+00 3.697368e+00 3.178947e+00 1.07006672e-05
6.410256e+00 3.697368e+00 3.384211e+00 9.75601597e-06
6.410256e+00 3.697368e+00 3.589474e+00 8.88809882e-06
6.410256e+00 3.697368e+00 3.794737e+00 8.09582707e-06
6.410256e+00 3.697368e+00 4.000000e+00 7.37649452e-06
6.410256e+00 3.957895e+00 1.000000e-01 2.12288305e-01
6.410256e+00 3.957895e+00 3.052632e-01 3.94059531e-03
6.410256e+00 3.957895e+00 5.105263e-01 3.01562599e-04
6.410256e+00 3.957895e+00 7.157895e-01 3.64794978e-05
6.410256e+00 3.957895e+00 9.210526e-01 1.10044311e-05
6.410256e+00 3.957895e+00 1.126316e+00 8.09644553e-06
6.410256e+00 3.957895e+00 1.331579e+00 7.43824921e-06
6.410256e+00 3.957895e+00 1.536842e+00 6.99401517e-06
6.410256e+00 3.957895e+00 1.742105e+00 6.55899294e-06
6.410256e+00 3.957895e+00 1.947368e+00 6.11869064e-06
6.410256e+00 3.957895e+00 2.152632e+00 5.67875259e-06
6.410256e+00 3.957895e+00 2.357895e+00 5.24632742e-06
6.410256e+00 3.957895e+00 2.563158e+00 4.82769201e-06
6.410256e+00 3.957895e+00 2.768421e+00 4.42783448e-06
6.410256e+00 3.957895e+00 2.973684e+00 4.05041646e-06
6.410256e+00 3.957895e+00 3.178947e+00 3.69783970e-06
6.410256e+00 3.957895e+00 3.384211e+00 3.37139545e-06
6.410256e+00 3.957895e+00 3.589474e+00 3.07145206e-06
6.410256e+00 3.957895e+00 3.794737e+00 2.79765118e-06
6.410256e+00 3.957895e+00 4.000000e+00 2.54905194e-06
6.410256e+00 4.218421e+00 1.000000e-01 7.31732547e-02
6.410256e+00 4.218421e+00 3.052632e-01 1.35767995e-03
6.410256e+00 4.218421e+00 5.105263e-01 1.03731159e-04
6.410256e+00 4.218421e+00 7.157895e-01 1.24190301e-05
6.410256e+00 4.218421e+00 9.210526e-01 3.65051665e-06
6.410256e+00 4.218421e+00 1.126316e+00 2.65524341e-06
6.410256e+00 4.218421e+00 1.331579e+00 2.43524528e-06
6.410256e+00 4.218421e+00 1.536842e+00 2.28933618e-06
6.410256e+00 4.218421e+00 1.742105e+00 2.14688680e-06
6.410256e+00 4.218421e+00 1.947368e+00 2.00276645e-06
6.410256e+00 4.218421e+00 2.152632e+00 1.85877070e-06
6.410256e+00 4.218421e+00 2.357895e+00 1.71723525e-06
6.410256e+00 4.218421e+00 2.563158e+00 1.58021408e-06
6.410256e+00 4.218421e+00 2.768421e+00 1.44933415e-06
6.410256e+00 4.218421e+00 2.973684e+00 1.32580226e-06
6.410256e+00 4.218421e+00 3.178947e+00 1.21039420e-06
6.410256e+00 4.218421e+00 3.384211e+00 1.10353892e-06
6.410256e+00 4.218421e+00 3.589474e+00 1.00535783e-06
6.410256e+00 4.218421e+00 3.794737e+00 9.15731960e-07
6.410256e+00 4.218421e+00 4.000000e+00 8.34354864e-07
6.410256e+00 4.478947e+00 1.000000e-01 2.35671140e-02
6.410256e+00 4.478947e+00 3.052632e-01 4.37127252e-04
6.410256e+00 4.478947e+00 5.105263e-01 3.33578319e-05
6.410256e+00 4.478947e+00 7.157895e-01 3.96300629e-06
6.410256e+00 4.478947e+00 9.210526e-01 1.14189913e-06
6.410256e+00 4.478947e+00 1.126316e+00 8.23032849e-07
6.410256e+00 4.478947e+00 1.331579e+00 7.53809729e-07
6.410256e+00 4.478947e+00 1.536842e+00 7.08527580e-07
6.410256e+00 4.478947e+00 1.742105e+00 6.64428001e-07
6.410256e+00 4.478947e+00 1.947368e+00 6.19823879e-07
6.410256e+00 4.478947e+00 2.152632e+00 5.75261538e-07
6.410256e+00 4.478947e+00 2.357895e+00 5.31460159e-07
6.410256e+00 4.478947e+00 2.563158e+00 4.89055196e-07
6.410256e+00 4.478947e+00 2.768421e+00 4.48551219e-07
6.410256e+00 4.478947e+00 2.973684e+00 4.10319331e-07
6.410256e+00 4.478947e+00 3.178947e+00 3.74601683e-07
6.410256e+00 4.478947e+00 3.384211e+00 3.41532086e-07
6.410256e+00 4.478947e+00 3.589474e+00 3.11145357e-07
6.410256e+00 4.478947e+00 3.794737e+00 2.83405967e-07
6.410256e+00 4.478947e+00 4.000000e+00 2.58219700e-07
6.410256e+00 4.739474e+00 1.000000e-01 7.09227659e-03
6.410256e+00 4.739474e+00 3.052632e-01 1.31517067e-04
6.410256e+00 4.739474e+00 5.105263e-01 1.00274829e-05
6.410256e+00 4.739474e+00 7.157895e-01 1.18458388e-06
6.410256e+00 4.739474e+00 9.210526e-01 3.36259689e-07
6.410256e+00 4.739474e+00 1.126316e+00 2.40668612e-07
6.410256e+00 4.739474e+00 1.331579e+00 2.20192931e-07
6.410256e+00 4.739474e+00 1.536842e+00 2.06939049e-07
6.410256e+00 4.739474e+00 1.742105e+00 1.94056057e-07
6.410256e+00 4.739474e+00 1.947368e+00 1.81028355e-07
6.410256e+00 4.739474e+00 2.152632e+00 1.68013685e-07
6.410256e+00 4.739474e+00 2.357895e+00 1.55221358e-07
6.410256e+00 4.739474e+00 2.563158e+00 1.42836512e-07
6.410256e+00 4.739474e+00 2.768421e+00 1.31007042e-07
6.410256e+00 4.739474e+00 2.973684e+00 1.19840763e-07
6.410256e+00 4.739474e+00 3.178947e+00 1.09409214e-07
6.410256e+00 4.739474e+00 3.384211e+00 9.97500820e-08
6.410256e+00 4.739474e+00 3.589474e+00 9.08751616e-08
6.410256e+00 4.739474e+00 3.794737e+00 8.27731768e-08
6.410256e+00 4.739474e+00 4.000000e+00 7.54168923e-08
6.410256e+00 5.000000e+00 1.000000e-01 1.99430413e-03
6.410256e+00 5.000000e+00 3.052632e-01 3.69753689e-05
6.410256e+00 5.000000e+00 5.105263e-01 2.81741313e-06
6.410256e+00 5.000000e+00 7.157895e-01 3.31486291e-07
6.410256e+00 5.000000e+00 9.210526e-01 9.30756769e-08
6.410256e+00 5.000000e+00 1.126316e+00 6.62699122e-08
6.410256e+00 5.000000e+00 1.331579e+00 6.05834458e-08
6.410256e+00 5.000000e+00 1.536842e+00 5.69314018e-08
6.410256e+00 5.000000e+00 1.742105e+00 5.33864011e-08
6.410256e+00 5.000000e+00 1.947368e+00 4.98024768e-08
6.410256e+00 5.000000e+00 2.152632e+00 4.62220733e-08
6.410256e+00 5.000000e+00 2.357895e+00 4.27028972e-08
6.410256e+00 5.000000e+00 2.563158e+00 3.92957347e-08
6.410256e+00 5.000000e+00 2.768421e+00 3.60413921e-08
6.410256e+00 5.000000e+00 2.973684e+00 3.29695027e-08
6.410256e+00 5.000000e+00 3.178947e+00 3.00995779e-08
6.410256e+00 5.000000e+00 3.384211e+00 2.74422884e-08
6.410256e+00 5.000000e+00 3.589474e+00 2.50006611e-08
6.410256e+00 5.000000e+00 3.794737e+00 2.27716868e-08
6.410256e+00 5.000000e+00 4.000000e+00 2.07478124e-08
6.666667e+00 5.000000e-02 1.000000e-01 5.30657166e+02
6.666667e+00 5.000000e-02 3.052632e-01 1.09166498e+01
6.666667e+00 5.000000e-02 5.105263e-01 1.54044449e+00
6.666667e+00 5.000000e-02 7.157895e-01 7.84707248e-01
6.666667e+00 5.000000e-02 9.210526e-01 6.84881985e-01
6.666667e+00 5.000000e-02 1.126316e+00 6.49883687e-01
6.666667e+00 5.000000e-02 1.331579e+00 6.19392037e-01
6.666667e+00 5.000000e-02 1.536842e+00 5.87262690e-01
6.666667e+00 5.000000e-02 1.742105e+00 5.53457201e-01
6.666667e+00 5.000000e-02 1.947368e+00 5.18653691e-01
6.666667e+00 5.000000e-02 2.152632e+00 4.83554453e-01
6.666667e+00 5.000000e-02 2.357895e+00 4.48787600e-01
6.666667e+00 5.000000e-02 2.563158e+00 4.14890170e-01
6.666667e+00 5.000000e-02 2.768421e+00 3.82279307e-01
6.666667e+00 5.000000e-02 2.973684e+00 3.51271033e-01
6.666667e+00 5.000000e-02 3.178947e+00 3.22097421e-01
6.666667e+00 5.000000e-02 3.384211e+00 2.94890255e-01
6.666667e+00 5.000000e-02 3.589474e+00 2.69714922e-01
6.666667e+00 5.000000e-02 3.794737e+00 2.46573389e-01
6.666667e+00 5.000000e-02 4.000000e+00 2.25421682e-01
6.666667e+00 3.105263e-01 1.000000e-01 5.05910004e+02
6.666667e+00 3.105263e-01 3.052632e-01 1.00376501e+01
6.666667e+00 3.105263e-01 5.105263e-01 1.10312986e+00
6.666667e+00 3.105263e-01 7.157895e-01 3.91974300e-01
6.666667e+00 3.105263e-01 9.210526e-01 3.08064908e-01
6.666667e+00 3.105263e-01 1.126316e+00 2.87946314e-01
6.666667e+00 3.105263e-01 1.331579e+00 2.73882449e-01
6.666667e+00 3.105263e-01 1.536842e+00 2.59612113e-01
6.666667e+00 3.105263e-01 1.742105e+00 2.44678214e-01
6.666667e+00 3.105263e-01 1.947368e+00 2.29313955e-01
6.666667e+00 3.105263e-01 2.152632e+00 2.13814735e-01
6.666667e+00 3.105263e-01 2.357895e+00 1.98460624e-01
6.666667e+00 3.105263e-01 2.563158e+00 1.83485135e-01
6.666667e+00 3.105263e-01 2.768421e+00 1.69072077e-01
6.666667e+00 3.105263e-01 2.973684e+00 1.55366153e-01
6.666667e+00 3.105263e-01 3.178947e+00 1.42466038e-01
6.666667e+00 3.105263e-01 3.384211e+00 1.30433157e-01
6.666667e+00 3.105263e-01 3.589474e+00 1.19295806e-01
6.666667e+00 3.105263e-01 3.794737e+00 1.09056592e-01
6.666667e+00 3.105263e-01 4.000000e+00 9.96963456e-02
6.666667e+00 5.710526e-01 1.000000e-01 4.50875824e+02
6.666667e+00 5.710526e-01 3.052632e-01 8.83293247e+00
6.666667e+00 5.710526e-01 5.105263e-01 8.76549482e-01
6.666667e+00 5.710526e-01 7.157895e-01 2.46410325e-01
6.666667e+00 5.710526e-01 9.210526e-01 1.75075203e-01
6.666667e+00 5.710526e-01 1.126316e+00 1.61009312e-01
6.666667e+00 5.710526e-01 1.331579e+00 1.52804136e-01
6.666667e+00 5.710526e-01 1.536842e+00 1.44800276e-01
6.666667e+00 5.710526e-01 1.742105e+00 1.36471719e-01
6.666667e+00 5.710526e-01 1.947368e+00 1.27908662e-01
6.666667e+00 5.710526e-01 2.152632e+00 1.19272262e-01
6.666667e+00 5.710526e-01 2.357895e+00 1.10714324e-01
6.666667e+00 5.710526e-01 2.563158e+00 1.02364868e-01
6.666667e+00 5.710526e-01 2.768421e+00 9.43283513e-02
6.666667e+00 5.710526e-01 2.973684e+00 8.66843387e-02
6.666667e+00 5.710526e-01 3.178947e+00 7.94883445e-02
6.666667e+00 5.710526e-01 3.384211e+00 7.27749020e-02
6.666667e+00 5.710526e-01 3.589474e+00 6.65605143e-02
6.666667e+00 5.710526e-01 3.794737e+00 6.08461909e-02
6.666667e+00 5.710526e-01 4.000000e+00 5.56214787e-02
6.666667e+00 8.315790e-01 1.000000e-01 3.75489014e+02
6.666667e+00 8.315790e-01 3.052632e-01 7.30232620e+00
6.666667e+00 8.315790e-01 5.105263e-01 6.83344901e-01
6.666667e+00 8.315790e-01 7.157895e-01 1.60933211e-01
6.666667e+00 8.315790e-01 9.210526e-01 1.03152730e-01
6.666667e+00 8.315790e-01 1.126316e+00 9.31254551e-02
6.666667e+00 8.315790e-01 1.331579e+00 8.81532058e-02
6.666667e+00 8.315790e-01 1.536842e+00 8.35062116e-02
6.666667e+00 8.315790e-01 1.742105e+00 7.87008852e-02
6.666667e+00 8.315790e-01 1.947368e+00 7.37662390e-02
6.666667e+00 8.315790e-01 2.152632e+00 6.87887967e-02
6.666667e+00 8.315790e-01 2.357895e+00 6.38560727e-02
6.666667e+00 8.315790e-01 2.563158e+00 5.90431355e-02
6.666667e+00 8.315790e-01 2.768421e+00 5.44093288e-02
6.666667e+00 8.315790e-01 2.973684e+00 5.00015393e-02
6.666667e+00 8.315790e-01 3.178947e+00 4.58514877e-02
6.666667e+00 8.315790e-01 3.384211e+00 4.19790186e-02
6.666667e+00 8.315790e-01 3.589474e+00 3.83939594e-02
6.666667e+00 8.315790e-01 3.794737e+00 3.50969918e-02
6.666667e+00 8.315790e-01 4.000000e+00 3.20823416e-02
6.666667e+00 1.092105e+00 1.000000e-01 2.92192383e+02
6.666667e+00 1.092105e+00 3.052632e-01 5.65316963e+00
6.666667e+00 1.092105e+00 5.105263e-01 5.09212077e-01
6.666667e+00 1.092105e+00 7.157895e-01 1.04381695e-01
6.666667e+00 1.092105e+00 9.210526e-01 6.02834709e-02
6.666667e+00 1.092105e+00 1.126316e+00 5.32908961e-02
6.666667e+00 1.092105e+00 1.331579e+00 5.02966493e-02
6.666667e+00 1.092105e+00 1.536842e+00 4.76251245e-02
6.666667e+00 1.092105e+00 1.742105e+00 4.48831506e-02
6.666667e+00 1.092105e+00 1.947368e+00 4.20698449e-02
6.666667e+00 1.092105e+00 2.152632e+00 3.92327234e-02
6.666667e+00 1.092105e+00 2.357895e+00 3.64207402e-02
6.666667e+00 1.092105e+00 2.563158e+00 3.36766392e-02
6.666667e+00 1.092105e+00 2.768421e+00 3.10347378e-02
6.666667e+00 1.092105e+00 2.973684e+00 2.85209771e-02
6.666667e+00 1.092105e+00 3.178947e+00 2.61540748e-02
6.666667e+00 1.092105e+00 3.384211e+00 2.39452627e-02
6.666667e+00 1.092105e+00 3.589474e+00 2.19001286e-02
6.666667e+00 1.092105e+00 3.794737e+00 2.00192258e-02
6.666667e+00 1.092105e+00 4.000000e+00 1.82991587e-02
6.666667e+00 1.352632e+00 1.000000e-01 2.12454330e+02
6.666667e+00 1.352632e+00 3.052632e-01 4.09384680e+00
6.666667e+00 1.352632e+00 5.105263e-01 3.59104186e-01
6.666667e+00 1.352632e+00 7.157895e-01 6.59345984e-02
6.666667e+00 1.352632e+00 9.210526e-01 3.43439542e-02
6.666667e+00 1.352632e+00 1.126316e+00 2.96560116e-02
6.666667e+00 1.352632e+00 1.331579e+00 2.78964061e-02
6.666667e+00 1.352632e+00 1.536842e+00 2.64020003e-02
6.666667e+00 1.352632e+00 1.742105e+00 2.48804912e-02
6.666667e+00 1.352632e+00 1.947368e+00 2.33213492e-02
6.666667e+00 1.352632e+00 2.152632e+00 2.17492916e-02
6.666667e+00 1.352632e+00 2.357895e+00 2.01910399e-02
6.666667e+00 1.352632e+00 2.563158e+00 1.86702516e-02
6.666667e+00 1.352632e+00 2.768421e+00 1.72059033e-02
6.666667e+00 1.352632e+00 2.973684e+00 1.58125367e-02
6.666667e+00 1.352632e+00 3.178947e+00 1.45003945e-02
6.666667e+00 1.352632e+00 3.384211e+00 1.32758552e-02
6.666667e+00 1.352632e+00 3.589474e+00 1.21418992e-02
6.666667e+00 1.352632e+00 3.794737e+00 1.10989371e-02
6.666667e+00 1.352632e+00 4.000000e+00 1.01450831e-02
6.666667e+00 1.613158e+00 1.000000e-01 1.44339951e+02
6.666667e+00 1.613158e+00 3.052632e-01 2.77195954e+00
6.666667e+00 1.613158e+00 5.105263e-01 2.38509029e-01
6.666667e+00 1.613158e+00 7.157895e-01 4.01084907e-02
6.666667e+00 1.613158e+00 9.210526e-01 1.89028084e-02
6.666667e+00 1.613158e+00 1.126316e+00 1.59092154e-02
6.666667e+00 1.613158e+00 1.331579e+00 1.49095980e-02
6.666667e+00 1.613158e+00 1.536842e+00 1.41034396e-02
6.666667e+00 1.613158e+00 1.742105e+00 1.32897440e-02
6.666667e+00 1.613158e+00 1.947368e+00 1.24570522e-02
6.666667e+00 1.613158e+00 2.152632e+00 1.16175907e-02
6.666667e+00 1.613158e+00 2.357895e+00 1.07855285e-02
6.666667e+00 1.613158e+00 2.563158e+00 9.97336861e-03
6.666667e+00 1.613158e+00 2.768421e+00 9.19129234e-03
6.666667e+00 1.613158e+00 2.973684e+00 8.44710227e-03
6.666667e+00 1.613158e+00 3.178947e+00 7.74621172e-03
6.666667e+00 1.613158e+00 3.384211e+00 7.09204096e-03
6.666667e+00 1.613158e+00 3.589474e+00 6.48625521e-03
6.666667e+00 1.613158e+00 3.794737e+00 5.92902908e-03
6.666667e+00 1.613158e+00 4.000000e+00 5.41936839e-03
6.666667e+00 1.873684e+00 1.000000e-01 9.16290970e+01
6.666667e+00 1.873684e+00 3.052632e-01 1.75457656e+00
6.666667e+00 1.873684e+00 5.105263e-01 1.48801625e-01
6.666667e+00 1.873684e+00 7.157895e-01 2.33238675e-02
6.666667e+00 1.873684e+00 9.210526e-01 9.99668613e-03
6.666667e+00 1.873684e+00 1.126316e+00 8.18591099e-03
6.666667e+00 1.873684e+00 1.331579e+00 7.64044747e-03
6.666667e+00 1.873684e+00 1.536842e+00 7.22312694e-03
6.666667e+00 1.873684e+00 1.742105e+00 6.80584321e-03
6.666667e+00 1.873684e+00 1.947368e+00 6.37942273e-03
6.666667e+00 1.873684e+00 2.152632e+00 5.94963320e-03
6.666667e+00 1.873684e+00 2.357895e+00 5.52362576e-03
6.666667e+00 1.873684e+00 2.563158e+00 5.10778092e-03
6.666667e+00 1.873684e+00 2.768421e+00 4.70732711e-03
6.666667e+00 1.873684e+00 2.973684e+00 4.32623923e-03
6.666667e+00 1.873684e+00 3.178947e+00 3.96729400e-03
6.666667e+00 1.873684e+00 3.384211e+00 3.63225979e-03
6.666667e+00 1.873684e+00 3.589474e+00 3.32198385e-03
6.666667e+00 1.873684e+00 3.794737e+00 3.03656841e-03
6.666667e+00 1.873684e+00 4.000000e+00 2.77549610e-03
6.666667e+00 2.134211e+00 1.000000e-01 5.43510590e+01
6.666667e+00 2.134211e+00 3.052632e-01 1.03812194e+00
6.666667e+00 2.134211e+00 5.105263e-01 8.70683789e-02
6.666667e+00 2.134211e+00 7.157895e-01 1.28995674e-02
6.666667e+00 2.134211e+00 9.210526e-01 5.06124133e-03
6.666667e+00 2.134211e+00 1.126316e+00 4.02742298e-03
6.666667e+00 2.134211e+00 1.331579e+00 3.74268997e-03
6.666667e+00 2.134211e+00 1.536842e+00 3.53607954e-03
6.666667e+00 2.134211e+00 1.742105e+00 3.33149778e-03
6.666667e+00 2.134211e+00 1.947368e+00 3.12275765e-03
6.666667e+00 2.134211e+00 2.152632e+00 2.91242218e-03
6.666667e+00 2.134211e+00 2.357895e+00 2.70393607e-03
6.666667e+00 2.134211e+00 2.563158e+00 2.50041811e-03
6.666667e+00 2.134211e+00 2.768421e+00 2.30440707e-03
6.666667e+00 2.134211e+00 2.973684e+00 2.11786525e-03
6.666667e+00 2.134211e+00 3.178947e+00 1.94215670e-03
6.666667e+00 2.134211e+00 3.384211e+00 1.77814707e-03
6.666667e+00 2.134211e+00 3.589474e+00 1.62625127e-03
6.666667e+00 2.134211e+00 3.794737e+00 1.48650783e-03
6.666667e+00 2.134211e+00 4.000000e+00 1.35869009e-03
6.666667e+00 2.394737e+00 1.000000e-01 3.01239891e+01
6.666667e+00 2.394737e+00 3.052632e-01 5.74113488e-01
6.666667e+00 2.394737e+00 5.105263e-01 4.77363914e-02
6.666667e+00 2.394737e+00 7.157895e-01 6.75991038e-03
6.666667e+00 2.394737e+00 9.210526e-01 2.44673528e-03
6.666667e+00 2.394737e+00 1.126316e+00 1.89093396e-03
6.666667e+00 2.394737e+00 1.331579e+00 1.74924044e-03
6.666667e+00 2.394737e+00 1.536842e+00 1.65160757e-03
6.666667e+00 2.394737e+00 1.742105e+00 1.55590265e-03
6.666667e+00 2.394737e+00 1.947368e+00 1.45840738e-03
6.666667e+00 2.394737e+00 2.152632e+00 1.36019615e-03
6.666667e+00 2.394737e+00 2.357895e+00 1.26284233e-03
6.666667e+00 2.394737e+00 2.563158e+00 1.16780575e-03
6.666667e+00 2.394737e+00 2.768421e+00 1.07627455e-03
6.666667e+00 2.394737e+00 2.973684e+00 9.89157939e-04
6.666667e+00 2.394737e+00 3.178947e+00 9.07097419e-04
6.666667e+00 2.394737e+00 3.384211e+00 8.30493867e-04
6.666667e+00 2.394737e+00 3.589474e+00 7.59545888e-04
6.666667e+00 2.394737e+00 3.794737e+00 6.94275368e-04
6.666667e+00 2.394737e+00 4.000000e+00 6.34569325e-04
6.666667e+00 2.655263e+00 1.000000e-01 1.56008339e+01
6.666667e+00 2.655263e+00 3.052632e-01 2.96763182e-01
6.666667e+00 2.655263e+00 5.105263e-01 2.45078001e-02
6.666667e+00 2.655263e+00 7.157895e-01 3.34724877e-03
6.666667e+00 2.655263e+00 9.210526e-01 1.12707529e-03
6.666667e+00 2.655263e+00 1.126316e+00 8.46166397e-04
6.666667e+00 2.655263e+00 1.331579e+00 7.79110356e-04
6.666667e+00 2.655263e+00 1.536842e+00 7.35138077e-04
6.666667e+00 2.655263e+00 1.742105e+00 6.92472328e-04
6.666667e+00 2.655263e+00 1.947368e+00 6.49077294e-04
6.666667e+00 2.655263e+00 2.152632e+00 6.05372596e-04
6.666667e+00 2.655263e+00 2.357895e+00 5.62051369e-04
6.666667e+00 2.655263e+00 2.563158e+00 5.19760011e-04
6.666667e+00 2.655263e+00 2.768421e+00 4.79026843e-04
6.666667e+00 2.655263e+00 2.973684e+00 4.40255477e-04
6.666667e+00 2.655263e+00 3.178947e+00 4.03733458e-04
6.666667e+00 2.655263e+00 3.384211e+00 3.69639427e-04
6.666667e+00 2.655263e+00 3.589474e+00 3.38060141e-04
6.666667e+00 2.655263e+00 3.794737e+00 3.09007213e-04
6.666667e+00 2.655263e+00 4.000000e+00 2.82430556e-04
6.666667e+00 2.915789e+00 1.000000e-01 7.54944754e+00
6.666667e+00 2.915789e+00 3.052632e-01 1.43376395e-01
6.666667e+00 2.915789e+00 5.105263e-01 1.17771160e-02
6.666667e+00 2.915789e+00 7.157895e-01 1.56276010e-03
6.666667e+00 2.915789e+00 9.210526e-01 4.93849861e-04
6.666667e+00 2.915789e+00 1.126316e+00 3.60539067e-04
6.666667e+00 2.915789e+00 1.331579e+00 3.30429524e-04
6.666667e+00 2.915789e+00 1.536842e+00 3.11575393e-04
6.666667e+00 2.915789e+00 1.742105e+00 2.93463905e-04
6.666667e+00 2.915789e+00 1.947368e+00 2.75070634e-04
6.666667e+00 2.915789e+00 2.152632e+00 2.56550993e-04
6.666667e+00 2.915789e+00 2.357895e+00 2.38194814e-04
6.666667e+00 2.915789e+00 2.563158e+00 2.20274276e-04
6.666667e+00 2.915789e+00 2.768421e+00 2.03013115e-04
6.666667e+00 2.915789e+00 2.973684e+00 1.86582925e-04
6.666667e+00 2.915789e+00 3.178947e+00 1.71105392e-04
6.666667e+00 2.915789e+00 3.384211e+00 1.56655995e-04
6.666667e+00 2.915789e+00 3.589474e+00 1.43272118e-04
6.666667e+00 2.915789e+00 3.794737e+00 1.30958491e-04
6.666667e+00 2.915789e+00 4.000000e+00 1.19694036e-04
6.666667e+00 3.176316e+00 1.000000e-01 3.41361380e+00
6.666667e+00 3.176316e+00 3.052632e-01 6.47429973e-02
6.666667e+00 3.176316e+00 5.105263e-01 5.29559655e-03
6.666667e+00 3.176316e+00 7.157895e-01 6.86798128e-04
6.666667e+00 3.176316e+00 9.210526e-01 2.05501245e-04
6.666667e+00 3.176316e+00 1.126316e+00 1.46150604e-04
6.666667e+00 3.176316e+00 1.331579e+00 1.33347217e-04
6.666667e+00 3.176316e+00 1.536842e+00 1.25658480e-04
6.666667e+00 3.176316e+00 1.742105e+00 1.18343029e-04
6.666667e+00 3.176316e+00 1.947368e+00 1.10924870e-04
6.666667e+00 3.176316e+00 2.152632e+00 1.03457052e-04
6.666667e+00 3.176316e+00 2.357895e+00 9.60557809e-05
6.666667e+00 3.176316e+00 2.563158e+00 8.88298382e-05
6.666667e+00 3.176316e+00 2.768421e+00 8.18695116e-05
6.666667e+00 3.176316e+00 2.973684e+00 7.52442138e-05
6.666667e+00 3.176316e+00 3.178947e+00 6.90025263e-05
6.666667e+00 3.176316e+00 3.384211e+00 6.31755101e-05
6.666667e+00 3.176316e+00 3.589474e+00 5.77779829e-05
6.666667e+00 3.176316e+00 3.794737e+00 5.28119126e-05
6.666667e+00 3.176316e+00 4.000000e+00 4.82688010e-05
6.666667e+00 3.436842e+00 1.000000e-01 1.44226623e+00
6.666667e+00 3.436842e+00 3.052632e-01 2.73240283e-02
6.666667e+00 3.436842e+00 5.105263e-01 2.22754432e-03
6.666667e+00 3.436842e+00 7.157895e-01 2.83738889e-04
6.666667e+00 3.436842e+00 9.210526e-01 8.10828351e-05
6.666667e+00 3.436842e+00 1.126316e+00 5.63122630e-05
6.666667e+00 3.436842e+00 1.331579e+00 5.11650833e-05
6.666667e+00 3.436842e+00 1.536842e+00 4.81864663e-05
6.666667e+00 3.436842e+00 1.742105e+00 4.53771463e-05
6.666667e+00 3.436842e+00 1.947368e+00 4.25322978e-05
6.666667e+00 3.436842e+00 2.152632e+00 3.96692085e-05
6.666667e+00 3.436842e+00 2.357895e+00 3.68315523e-05
6.666667e+00 3.436842e+00 2.563158e+00 3.40610750e-05
6.666667e+00 3.436842e+00 2.768421e+00 3.13923738e-05
6.666667e+00 3.436842e+00 2.973684e+00 2.88520678e-05
6.666667e+00 3.436842e+00 3.178947e+00 2.64588143e-05
6.666667e+00 3.436842e+00 3.384211e+00 2.42245078e-05
6.666667e+00 3.436842e+00 3.589474e+00 2.21547562e-05
6.666667e+00 3.436842e+00 3.794737e+00 2.02504161e-05
6.666667e+00 3.436842e+00 4.000000e+00 1.85082936e-05
6.666667e+00 3.697368e+00 1.000000e-01 5.69387615e-01
6.666667e+00 3.697368e+00 3.052632e-01 1.07776066e-02
6.666667e+00 3.697368e+00 5.105263e-01 8.76366044e-04
6.666667e+00 3.697368e+00 7.157895e-01 1.10074361e-04
6.666667e+00 3.697368e+00 9.210526e-01 3.02864100e-05
6.666667e+00 3.697368e+00 1.126316e+00 2.06003624e-05
6.666667e+00 3.697368e+00 1.331579e+00 1.86473280e-05
6.666667e+00 3.697368e+00 1.536842e+00 1.75524183e-05
6.666667e+00 3.697368e+00 1.742105e+00 1.65277452e-05
6.666667e+00 3.697368e+00 1.947368e+00 1.54914233e-05
6.666667e+00 3.697368e+00 2.152632e+00 1.44486730e-05
6.666667e+00 3.697368e+00 2.357895e+00 1.34152097e-05
6.666667e+00 3.697368e+00 2.563158e+00 1.24062017e-05
6.666667e+00 3.697368e+00 2.768421e+00 1.14342438e-05
6.666667e+00 3.697368e+00 2.973684e+00 1.05090166e-05
6.666667e+00 3.697368e+00 3.178947e+00 9.63731236e-06
6.666667e+00 3.697368e+00 3.384211e+00 8.82346831e-06
6.666667e+00 3.697368e+00 3.589474e+00 8.06958633e-06
6.666667e+00 3.697368e+00 3.794737e+00 7.37592700e-06
6.666667e+00 3.697368e+00 4.000000e+00 6.74133344e-06
6.666667e+00 3.957895e+00 1.000000e-01 2.10039452e-01
6.666667e+00 3.957895e+00 3.052632e-01 3.97294387e-03
6.666667e+00 3.957895e+00 5.105263e-01 3.22417007e-04
6.666667e+00 3.957895e+00 7.157895e-01 4.00620629e-05
6.666667e+00 3.957895e+00 9.210526e-01 1.06921334e-05
6.666667e+00 3.957895e+00 1.126316e+00 7.14534235e-06
6.666667e+00 3.957895e+00 1.331579e+00 6.44693046e-06
6.666667e+00 3.957895e+00 1.536842e+00 6.06555614e-06
6.666667e+00 3.957895e+00 1.742105e+00 5.71106921e-06
6.666667e+00 3.957895e+00 1.947368e+00 5.35293839e-06
6.666667e+00 3.957895e+00 2.152632e+00 4.99264388e-06
6.666667e+00 3.957895e+00 2.357895e+00 4.63555853e-06
6.666667e+00 3.957895e+00 2.563158e+00 4.28692601e-06
6.666667e+00 3.957895e+00 2.768421e+00 3.95108873e-06
6.666667e+00 3.957895e+00 2.973684e+00 3.63137951e-06
6.666667e+00 3.957895e+00 3.178947e+00 3.33017579e-06
6.666667e+00 3.957895e+00 3.384211e+00 3.04895002e-06
6.666667e+00 3.957895e+00 3.589474e+00 2.78844618e-06
6.666667e+00 3.957895e+00 3.794737e+00 2.54874135e-06
6.666667e+00 3.957895e+00 4.000000e+00 2.32944626e-06
6.666667e+00 4.218421e+00 1.000000e-01 7.23974183e-02
6.666667e+00 4.218421e+00 3.052632e-01 1.36868050e-03
6.666667e+00 4.218421e+00 5.105263e-01 1.10906913e-04
6.666667e+00 4.218421e+00 7.157895e-01 1.36686058e-05
6.666667e+00 4.218421e+00 9.210526e-01 3.56181499e-06
6.666667e+00 4.218421e+00 1.126316e+00 2.34610525e-06
6.666667e+00 4.218421e+00 1.331579e+00 2.11104998e-06
6.666667e+00 4.218421e+00 1.536842e+00 1.98540329e-06
6.666667e+00 4.218421e+00 1.742105e+00 1.86925911e-06
6.666667e+00 4.218421e+00 1.947368e+00 1.75202979e-06
6.666667e+00 4.218421e+00 2.152632e+00 1.63410641e-06
6.666667e+00 4.218421e+00 2.357895e+00 1.51724066e-06
6.666667e+00 4.218421e+00 2.563158e+00 1.40313864e-06
6.666667e+00 4.218421e+00 2.768421e+00 1.29322075e-06
6.666667e+00 4.218421e+00 2.973684e+00 1.18858156e-06
6.666667e+00 4.218421e+00 3.178947e+00 1.08999507e-06
6.666667e+00 4.218421e+00 3.384211e+00 9.97948860e-07
6.666667e+00 4.218421e+00 3.589474e+00 9.12680377e-07
6.666667e+00 4.218421e+00 3.794737e+00 8.34222249e-07
6.666667e+00 4.218421e+00 4.000000e+00 7.62442426e-07
6.666667e+00 4.478947e+00 1.000000e-01 2.33170595e-02
6.666667e+00 4.478947e+00 3.052632e-01 4.40633681e-04
6.666667e+00 4.478947e+00 5.105263e-01 3.56657984e-05
6.666667e+00 4.478947e+00 7.157895e-01 4.36891651e-06
6.666667e+00 4.478947e+00 9.210526e-01 1.11781821e-06
6.666667e+00 4.478947e+00 1.126316e+00 7.27901352e-07
6.666667e+00 4.478947e+00 1.331579e+00 6.53548284e-07
6.666667e+00 4.478947e+00 1.536842e+00 6.14457520e-07
6.666667e+00 4.478947e+00 1.742105e+00 5.78486379e-07
6.666667e+00 4.478947e+00 1.947368e+00 5.42202656e-07
6.666667e+00 4.478947e+00 2.152632e+00 5.05710432e-07
6.666667e+00 4.478947e+00 2.357895e+00 4.69545768e-07
6.666667e+00 4.478947e+00 2.563158e+00 4.34235488e-07
6.666667e+00 4.478947e+00 2.768421e+00 4.00219875e-07
6.666667e+00 4.478947e+00 2.973684e+00 3.67837259e-07
6.666667e+00 4.478947e+00 3.178947e+00 3.37327293e-07
6.666667e+00 4.478947e+00 3.384211e+00 3.08841663e-07
6.666667e+00 4.478947e+00 3.589474e+00 2.82452959e-07
6.666667e+00 4.478947e+00 3.794737e+00 2.58170957e-07
6.666667e+00 4.478947e+00 4.000000e+00 2.35956236e-07
6.666667e+00 4.739474e+00 1.000000e-01 7.01699173e-03
6.666667e+00 4.739474e+00 3.052632e-01 1.32563990e-04
6.666667e+00 4.739474e+00 5.105263e-01 1.07213255e-05
6.666667e+00 4.739474e+00 7.157895e-01 1.30748742e-06
6.666667e+00 4.739474e+00 9.210526e-01 3.29991110e-07
6.666667e+00 4.739474e+00 1.126316e+00 2.13006771e-07
6.666667e+00 4.739474e+00 1.331579e+00 1.90926485e-07
6.666667e+00 4.739474e+00 1.536842e+00 1.79462688e-07
6.666667e+00 4.739474e+00 1.742105e+00 1.68950862e-07
6.666667e+00 4.739474e+00 1.947368e+00 1.58353231e-07
6.666667e+00 4.739474e+00 2.152632e+00 1.47695729e-07
6.666667e+00 4.739474e+00 2.357895e+00 1.37134037e-07
6.666667e+00 4.739474e+00 2.563158e+00 1.26821760e-07
6.666667e+00 4.739474e+00 2.768421e+00 1.16887563e-07
6.666667e+00 4.739474e+00 2.973684e+00 1.07429898e-07
6.666667e+00 4.739474e+00 3.178947e+00 9.85195214e-08
6.666667e+00 4.739474e+00 3.384211e+00 9.01999115e-08
6.666667e+00 4.739474e+00 3.589474e+00 8.24926474e-08
6.666667e+00 4.739474e+00 3.794737e+00 7.54009903e-08
6.666667e+00 4.739474e+00 4.000000e+00 6.89127617e-08
6.666667e+00 5.000000e+00 1.000000e-01 1.97312725e-03
6.666667e+00 5.000000e+00 3.052632e-01 3.72680915e-05
6.666667e+00 5.000000e+00 5.105263e-01 3.01236923e-06
6.666667e+00 5.000000e+00 7.157895e-01 3.66195138e-07
6.666667e+00 5.000000e+00 9.210526e-01 9.15086389e-08
6.666667e+00 5.000000e+00 1.126316e+00 5.86853055e-08
6.666667e+00 5.000000e+00 1.331579e+00 5.25353805e-08
6.666667e+00 5.000000e+00 1.536842e+00 4.93720975e-08
6.666667e+00 5.000000e+00 1.742105e+00 4.64788457e-08
6.666667e+00 5.000000e+00 1.947368e+00 4.35633503e-08
6.666667e+00 5.000000e+00 2.152632e+00 4.06314804e-08
6.666667e+00 5.000000e+00 2.357895e+00 3.77259717e-08
6.666667e+00 5.000000e+00 2.563158e+00 3.48890730e-08
6.666667e+00 5.000000e+00 2.768421e+00 3.21561870e-08
6.666667e+00 5.000000e+00 2.973684e+00 2.95544638e-08
6.666667e+00 5.000000e+00 3.178947e+00 2.71031855e-08
6.666667e+00 5.000000e+00 3.384211e+00 2.48144101e-08
6.666667e+00 5.000000e+00 3.589474e+00 2.26941150e-08
6.666667e+00 5.000000e+00 3.794737e+00 2.07430872e-08
6.666667e+00 5.000000e+00 4.000000e+00 1.89581257e-08
6.923077e+00 5.000000e-02 1.000000e-01 5.29918457e+02
6.923077e+00 5.000000e-02 3.052632e-01 1.10169907e+01
6.923077e+00 5.000000e-02 5.105263e-01 1.49308729e+00
6.923077e+00 5.000000e-02 7.157895e-01 6.97147489e-01
6.923077e+00 5.000000e-02 9.210526e-01 5.93687952e-01
6.923077e+00 5.000000e-02 1.126316e+00 5.63301980e-01
6.923077e+00 5.000000e-02 1.331579e+00 5.38774371e-01
6.923077e+00 5.000000e-02 1.536842e+00 5.12867749e-01
6.923077e+00 5.000000e-02 1.742105e+00 4.85354722e-01
6.923077e+00 5.000000e-02 1.947368e+00 4.56804246e-01
6.923077e+00 5.000000e-02 2.152632e+00 4.27801579e-01
6.923077e+00 5.000000e-02 2.357895e+00 3.98859680e-01
6.923077e+00 5.000000e-02 2.563158e+00 3.70430231e-01
6.923077e+00 5.000000e-02 2.768421e+00 3.42863798e-01
6.923077e+00 5.000000e-02 2.973684e+00 3.16450804e-01
6.923077e+00 5.000000e-02 3.178947e+00 2.91397572e-01
6.923077e+00 5.000000e-02 3.384211e+00 2.67851412e-01
6.923077e+00 5.000000e-02 3.589474e+00 2.45893255e-01
6.923077e+00 5.000000e-02 3.794737e+00 2.25557074e-01
6.923077e+00 5.000000e-02 4.000000e+00 2.06834793e-01
6.923077e+00 3.105263e-01 1.000000e-01 5.05274475e+02
6.923077e+00 3.105263e-01 3.052632e-01 1.01950388e+01
6.923077e+00 3.105263e-01 5.105263e-01 1.11307299e+00
6.923077e+00 3.105263e-01 7.157895e-01 3.59028667e-01
6.923077e+00 3.105263e-01 9.210526e-01 2.68234015e-01
6.923077e+00 3.105263e-01 1.126316e+00 2.49446720e-01
6.923077e+00 3.105263e-01 1.331579e+00 2.38020420e-01
6.923077e+00 3.105263e-01 1.536842e+00 2.26550579e-01
6.923077e+00 3.105263e-01 1.742105e+00 2.14427292e-01
6.923077e+00 3.105263e-01 1.947368e+00 2.01839924e-01
6.923077e+00 3.105263e-01 2.152632e+00 1.89044416e-01
6.923077e+00 3.105263e-01 2.357895e+00 1.76271543e-01
6.923077e+00 3.105263e-01 2.563158e+00 1.63718432e-01
6.923077e+00 3.105263e-01 2.768421e+00 1.51545197e-01
6.923077e+00 3.105263e-01 2.973684e+00 1.39877632e-01
6.923077e+00 3.105263e-01 3.178947e+00 1.28808245e-01
6.923077e+00 3.105263e-01 3.384211e+00 1.18402369e-01
6.923077e+00 3.105263e-01 3.589474e+00 1.08696006e-01
6.923077e+00 3.105263e-01 3.794737e+00 9.97055918e-02
6.923077e+00 3.105263e-01 4.000000e+00 9.14264694e-02
6.923077e+00 5.710526e-01 1.000000e-01 4.50323151e+02
6.923077e+00 5.710526e-01 3.052632e-01 8.99013805e+00
6.923077e+00 5.710526e-01 5.105263e-01 9.01492774e-01
6.923077e+00 5.710526e-01 7.157895e-01 2.31838852e-01
6.923077e+00 5.710526e-01 9.210526e-01 1.53288350e-01
6.923077e+00 5.710526e-01 1.126316e+00 1.39466733e-01
6.923077e+00 5.710526e-01 1.331579e+00 1.32709071e-01
6.923077e+00 5.710526e-01 1.536842e+00 1.26286998e-01
6.923077e+00 5.710526e-01 1.742105e+00 1.19538836e-01
6.923077e+00 5.710526e-01 1.947368e+00 1.12532340e-01
6.923077e+00 5.710526e-01 2.152632e+00 1.05406314e-01
6.923077e+00 5.710526e-01 2.357895e+00 9.82910842e-02
6.923077e+00 5.710526e-01 2.563158e+00 9.12964195e-02
6.923077e+00 5.710526e-01 2.768421e+00 8.45116451e-02
6.923077e+00 5.710526e-01 2.973684e+00 7.80075639e-02
6.923077e+00 5.710526e-01 3.178947e+00 7.18365088e-02
6.923077e+00 5.710526e-01 3.384211e+00 6.60340413e-02
6.923077e+00 5.710526e-01 3.589474e+00 6.06210381e-02
6.923077e+00 5.710526e-01 3.794737e+00 5.56062348e-02
6.923077e+00 5.710526e-01 4.000000e+00 5.09873927e-02
6.923077e+00 8.315790e-01 1.000000e-01 3.75028748e+02
6.923077e+00 8.315790e-01 3.052632e-01 7.43922615e+00
6.923077e+00 8.315790e-01 5.105263e-01 7.10939527e-01
6.923077e+00 8.315790e-01 7.157895e-01 1.55213729e-01
6.923077e+00 8.315790e-01 9.210526e-01 9.09416452e-02
6.923077e+00 8.315790e-01 1.126316e+00 8.06907415e-02
6.923077e+00 8.315790e-01 1.331579e+00 7.65222311e-02
6.923077e+00 8.315790e-01 1.536842e+00 7.27948770e-02
6.923077e+00 8.315790e-01 1.742105e+00 6.89084381e-02
6.923077e+00 8.315790e-01 1.947368e+00 6.48742616e-02
6.923077e+00 8.315790e-01 2.152632e+00 6.07699491e-02
6.923077e+00 8.315790e-01 2.357895e+00 5.66705875e-02
6.923077e+00 8.315790e-01 2.563158e+00 5.26398793e-02
6.923077e+00 8.315790e-01 2.768421e+00 4.87296544e-02
6.923077e+00 8.315790e-01 2.973684e+00 4.49806452e-02
6.923077e+00 8.315790e-01 3.178947e+00 4.14231159e-02
6.923077e+00 8.315790e-01 3.384211e+00 3.80775966e-02
6.923077e+00 8.315790e-01 3.589474e+00 3.49563956e-02
6.923077e+00 8.315790e-01 3.794737e+00 3.20642889e-02
6.923077e+00 8.315790e-01 4.000000e+00 2.94005387e-02
6.923077e+00 1.092105e+00 1.000000e-01 2.91829071e+02
6.923077e+00 1.092105e+00 3.052632e-01 5.76137209e+00
6.923077e+00 1.092105e+00 5.105263e-01 5.33744156e-01
6.923077e+00 1.092105e+00 7.157895e-01 1.02954358e-01
6.923077e+00 1.092105e+00 9.210526e-01 5.35836071e-02
6.923077e+00 1.092105e+00 1.126316e+00 4.62070219e-02
6.923077e+00 1.092105e+00 1.331579e+00 4.36442979e-02
6.923077e+00 1.092105e+00 1.536842e+00 4.15002182e-02
6.923077e+00 1.092105e+00 1.742105e+00 3.92850414e-02
6.923077e+00 1.092105e+00 1.947368e+00 3.69872563e-02
6.923077e+00 1.092105e+00 2.152632e+00 3.46490368e-02
6.923077e+00 1.092105e+00 2.357895e+00 3.23130935e-02
6.923077e+00 1.092105e+00 2.563158e+00 3.00158076e-02
6.923077e+00 1.092105e+00 2.768421e+00 2.77869646e-02
6.923077e+00 1.092105e+00 2.973684e+00 2.56496873e-02
6.923077e+00 1.092105e+00 3.178947e+00 2.36213580e-02
6.923077e+00 1.092105e+00 3.384211e+00 2.17138417e-02
6.923077e+00 1.092105e+00 3.589474e+00 1.99339893e-02
6.923077e+00 1.092105e+00 3.794737e+00 1.82846170e-02
6.923077e+00 1.092105e+00 4.000000e+00 1.67652983e-02
6.923077e+00 1.352632e+00 1.000000e-01 2.12184357e+02
6.923077e+00 1.352632e+00 3.052632e-01 4.17250919e+00
6.923077e+00 1.352632e+00 5.105263e-01 3.78274083e-01
6.923077e+00 1.352632e+00 7.157895e-01 6.63293377e-02
6.923077e+00 1.352632e+00 9.210526e-01 3.08108330e-02
6.923077e+00 1.352632e+00 1.126316e+00 2.57410053e-02
6.923077e+00 1.352632e+00 1.331579e+00 2.42005084e-02
6.923077e+00 1.352632e+00 1.536842e+00 2.29988545e-02
6.923077e+00 1.352632e+00 1.742105e+00 2.17709560e-02
6.923077e+00 1.352632e+00 1.947368e+00 2.04984825e-02
6.923077e+00 1.352632e+00 2.152632e+00 1.92034915e-02
6.923077e+00 1.352632e+00 2.357895e+00 1.79095007e-02
6.923077e+00 1.352632e+00 2.563158e+00 1.66366436e-02
6.923077e+00 1.352632e+00 2.768421e+00 1.54016614e-02
6.923077e+00 1.352632e+00 2.973684e+00 1.42172743e-02
6.923077e+00 1.352632e+00 3.178947e+00 1.30931772e-02
6.923077e+00 1.352632e+00 3.384211e+00 1.20359026e-02
6.923077e+00 1.352632e+00 3.589474e+00 1.10493265e-02
6.923077e+00 1.352632e+00 3.794737e+00 1.01350332e-02
6.923077e+00 1.352632e+00 4.000000e+00 9.29279998e-03
6.923077e+00 1.613158e+00 1.000000e-01 1.44151840e+02
6.923077e+00 1.613158e+00 3.052632e-01 2.82490611e+00
6.923077e+00 1.613158e+00 5.105263e-01 2.52075046e-01
6.923077e+00 1.613158e+00 7.157895e-01 4.10393290e-02
6.923077e+00 1.613158e+00 9.210526e-01 1.71295814e-02
6.923077e+00 1.613158e+00 1.126316e+00 1.38281267e-02
6.923077e+00 1.613158e+00 1.331579e+00 1.29322838e-02
6.923077e+00 1.613158e+00 1.536842e+00 1.22820940e-02
6.923077e+00 1.613158e+00 1.742105e+00 1.16259595e-02
6.923077e+00 1.613158e+00 1.947368e+00 1.09468112e-02
6.923077e+00 1.613158e+00 2.152632e+00 1.02556106e-02
6.923077e+00 1.613158e+00 2.357895e+00 9.56482720e-03
6.923077e+00 1.613158e+00 2.563158e+00 8.88526905e-03
6.923077e+00 1.613158e+00 2.768421e+00 8.22581537e-03
6.923077e+00 1.613158e+00 2.973684e+00 7.59338308e-03
6.923077e+00 1.613158e+00 3.178947e+00 6.99308654e-03
6.923077e+00 1.613158e+00 3.384211e+00 6.42842147e-03
6.923077e+00 1.613158e+00 3.589474e+00 5.90147637e-03
6.923077e+00 1.613158e+00 3.794737e+00 5.41311922e-03
6.923077e+00 1.613158e+00 4.000000e+00 4.96323593e-03
6.923077e+00 1.873684e+00 1.000000e-01 9.15064621e+01
6.923077e+00 1.873684e+00 3.052632e-01 1.78769767e+00
6.923077e+00 1.873684e+00 5.105263e-01 1.57613412e-01
6.923077e+00 1.873684e+00 7.157895e-01 2.42096055e-02
6.923077e+00 1.873684e+00 9.210526e-01 9.15514119e-03
6.923077e+00 1.873684e+00 1.126316e+00 7.12707965e-03
6.923077e+00 1.873684e+00 1.331579e+00 6.62667910e-03
6.923077e+00 1.873684e+00 1.536842e+00 6.28883205e-03
6.923077e+00 1.873684e+00 1.742105e+00 5.95250912e-03
6.923077e+00 1.873684e+00 1.947368e+00 5.60494978e-03
6.923077e+00 1.873684e+00 2.152632e+00 5.25118969e-03
6.923077e+00 1.873684e+00 2.357895e+00 4.89760749e-03
6.923077e+00 1.873684e+00 2.563158e+00 4.54973895e-03
6.923077e+00 1.873684e+00 2.768421e+00 4.21213126e-03
6.923077e+00 1.873684e+00 2.973684e+00 3.88833648e-03
6.923077e+00 1.873684e+00 3.178947e+00 3.58096906e-03
6.923077e+00 1.873684e+00 3.384211e+00 3.29183997e-03
6.923077e+00 1.873684e+00 3.589474e+00 3.02201160e-03
6.923077e+00 1.873684e+00 3.794737e+00 2.77191820e-03
6.923077e+00 1.873684e+00 4.000000e+00 2.54150829e-03
6.923077e+00 2.134211e+00 1.000000e-01 5.42764206e+01
6.923077e+00 2.134211e+00 3.052632e-01 1.05742884e+00
6.923077e+00 2.134211e+00 5.105263e-01 9.23596174e-02
6.923077e+00 2.134211e+00 7.157895e-01 1.35500170e-02
6.923077e+00 2.134211e+00 9.210526e-01 4.68525337e-03
6.923077e+00 2.134211e+00 1.126316e+00 3.51319904e-03
6.923077e+00 2.134211e+00 1.331579e+00 3.24610993e-03
6.923077e+00 2.134211e+00 1.536842e+00 3.07806558e-03
6.923077e+00 2.134211e+00 1.742105e+00 2.91324337e-03
6.923077e+00 2.134211e+00 1.947368e+00 2.74319435e-03
6.923077e+00 2.134211e+00 2.152632e+00 2.57012737e-03
6.923077e+00 2.134211e+00 2.357895e+00 2.39711837e-03
6.923077e+00 2.134211e+00 2.563158e+00 2.22689472e-03
6.923077e+00 2.134211e+00 2.768421e+00 2.06168345e-03
6.923077e+00 2.134211e+00 2.973684e+00 1.90321461e-03
6.923077e+00 2.134211e+00 3.178947e+00 1.75278017e-03
6.923077e+00 2.134211e+00 3.384211e+00 1.61126757e-03
6.923077e+00 2.134211e+00 3.589474e+00 1.47919403e-03
6.923077e+00 2.134211e+00 3.794737e+00 1.35677459e-03
6.923077e+00 2.134211e+00 4.000000e+00 1.24398654e-03
6.923077e+00 2.394737e+00 1.000000e-01 3.00816307e+01
6.923077e+00 2.394737e+00 3.052632e-01 5.84620059e-01
6.923077e+00 2.394737e+00 5.105263e-01 5.06859273e-02
6.923077e+00 2.394737e+00 7.157895e-01 7.17074284e-03
6.923077e+00 2.394737e+00 9.210526e-01 2.28912779e-03
6.923077e+00 2.394737e+00 1.126316e+00 1.65295845e-03
6.923077e+00 2.394737e+00 1.331579e+00 1.51724718e-03
6.923077e+00 2.394737e+00 1.536842e+00 1.43743574e-03
6.923077e+00 2.394737e+00 1.742105e+00 1.36034423e-03
6.923077e+00 2.394737e+00 1.947368e+00 1.28095376e-03
6.923077e+00 2.394737e+00 2.152632e+00 1.20016327e-03
6.923077e+00 2.394737e+00 2.357895e+00 1.11939828e-03
6.923077e+00 2.394737e+00 2.563158e+00 1.03992538e-03
6.923077e+00 2.394737e+00 2.768421e+00 9.62785096e-04
6.923077e+00 2.394737e+00 2.973684e+00 8.88790353e-04
6.923077e+00 2.394737e+00 3.178947e+00 8.18543485e-04
6.923077e+00 2.394737e+00 3.384211e+00 7.52458756e-04
6.923077e+00 2.394737e+00 3.589474e+00 6.90780231e-04
6.923077e+00 2.394737e+00 3.794737e+00 6.33609132e-04
6.923077e+00 2.394737e+00 4.000000e+00 5.80933120e-04
6.923077e+00 2.655263e+00 1.000000e-01 1.55784216e+01
6.923077e+00 2.655263e+00 3.052632e-01 3.02107602e-01
6.923077e+00 2.655263e+00 5.105263e-01 2.60381307e-02
6.923077e+00 2.655263e+00 7.157895e-01 3.57914600e-03
6.923077e+00 2.655263e+00 9.210526e-01 1.06525689e-03
6.923077e+00 2.655263e+00 1.126316e+00 7.41302152e-04
6.923077e+00 2.655263e+00 1.331579e+00 6.75854855e-04
6.923077e+00 2.655263e+00 1.536842e+00 6.39714184e-04
6.923077e+00 2.655263e+00 1.742105e+00 6.05347799e-04
6.923077e+00 2.655263e+00 1.947368e+00 5.70025702e-04
6.923077e+00 2.655263e+00 2.152632e+00 5.34083927e-04
6.923077e+00 2.655263e+00 2.357895e+00 4.98151290e-04
6.923077e+00 2.655263e+00 2.563158e+00 4.62789991e-04
6.923077e+00 2.655263e+00 2.768421e+00 4.28464962e-04
6.923077e+00 2.655263e+00 2.973684e+00 3.95538984e-04
6.923077e+00 2.655263e+00 3.178947e+00 3.64279724e-04
6.923077e+00 2.655263e+00 3.384211e+00 3.34869954e-04
6.923077e+00 2.655263e+00 3.589474e+00 3.07420938e-04
6.923077e+00 2.655263e+00 3.794737e+00 2.81977118e-04
6.923077e+00 2.655263e+00 4.000000e+00 2.58532469e-04
6.923077e+00 2.915789e+00 1.000000e-01 7.53840065e+00
6.923077e+00 2.915789e+00 3.052632e-01 1.45919949e-01
6.923077e+00 2.915789e+00 5.105263e-01 1.25173992e-02
6.923077e+00 2.915789e+00 7.157895e-01 1.68183260e-03
6.923077e+00 2.915789e+00 9.210526e-01 4.71209059e-04
6.923077e+00 2.915789e+00 1.126316e+00 3.16560006e-04
6.923077e+00 2.915789e+00 1.331579e+00 2.86676950e-04
6.923077e+00 2.915789e+00 1.536842e+00 2.71097524e-04
6.923077e+00 2.915789e+00 1.742105e+00 2.56506843e-04
6.923077e+00 2.915789e+00 1.947368e+00 2.41541580e-04
6.923077e+00 2.915789e+00 2.152632e+00 2.26315955e-04
6.923077e+00 2.915789e+00 2.357895e+00 2.11092207e-04
6.923077e+00 2.915789e+00 2.563158e+00 1.96110384e-04
6.923077e+00 2.915789e+00 2.768421e+00 1.81566618e-04
6.923077e+00 2.915789e+00 2.973684e+00 1.67614926e-04
6.923077e+00 2.915789e+00 3.178947e+00 1.54369016e-04
6.923077e+00 2.915789e+00 3.384211e+00 1.41906770e-04
6.923077e+00 2.915789e+00 3.589474e+00 1.30274595e-04
6.923077e+00 2.915789e+00 3.794737e+00 1.19492070e-04
6.923077e+00 2.915789e+00 4.000000e+00 1.09556437e-04
6.923077e+00 3.176316e+00 1.000000e-01 3.40854096e+00
6.923077e+00 3.176316e+00 3.052632e-01 6.58760890e-02
6.923077e+00 3.176316e+00 5.105263e-01 5.62983006e-03
6.923077e+00 3.176316e+00 7.157895e-01 7.42946693e-04
6.923077e+00 3.176316e+00 9.210526e-01 1.97769012e-04
6.923077e+00 3.176316e+00 1.126316e+00 1.28600586e-04
6.923077e+00 3.176316e+00 1.331579e+00 1.15708892e-04
6.923077e+00 3.176316e+00 1.536842e+00 1.09321933e-04
6.923077e+00 3.176316e+00 1.742105e+00 1.03427476e-04
6.923077e+00 3.176316e+00 1.947368e+00 9.73936403e-05
6.923077e+00 3.176316e+00 2.152632e+00 9.12557443e-05
6.923077e+00 3.176316e+00 2.357895e+00 8.51183431e-05
6.923077e+00 3.176316e+00 2.563158e+00 7.90780177e-05
6.923077e+00 3.176316e+00 2.768421e+00 7.32143599e-05
6.923077e+00 3.176316e+00 2.973684e+00 6.75887932e-05
6.923077e+00 3.176316e+00 3.178947e+00 6.22477382e-05
6.923077e+00 3.176316e+00 3.384211e+00 5.72225908e-05
6.923077e+00 3.176316e+00 3.589474e+00 5.25320975e-05
6.923077e+00 3.176316e+00 3.794737e+00 4.81839415e-05
6.923077e+00 3.176316e+00 4.000000e+00 4.41773045e-05
6.923077e+00 3.436842e+00 1.000000e-01 1.44009519e+00
6.923077e+00 3.436842e+00 3.052632e-01 2.77966857e-02
6.923077e+00 3.436842e+00 5.105263e-01 2.36848556e-03
6.923077e+00 3.436842e+00 7.157895e-01 3.08189163e-04
6.923077e+00 3.436842e+00 9.210526e-01 7.86221353e-05
6.923077e+00 3.436842e+00 1.126316e+00 4.96504908e-05
6.923077e+00 3.436842e+00 1.331579e+00 4.44044672e-05
6.923077e+00 3.436842e+00 1.536842e+00 4.19180178e-05
6.923077e+00 3.436842e+00 1.742105e+00 3.96539945e-05
6.923077e+00 3.436842e+00 1.947368e+00 3.73407638e-05
6.923077e+00 3.436842e+00 2.152632e+00 3.49878355e-05
6.923077e+00 3.436842e+00 2.357895e+00 3.26351437e-05
6.923077e+00 3.436842e+00 2.563158e+00 3.03194884e-05
6.923077e+00 3.436842e+00 2.768421e+00 2.80714394e-05
6.923077e+00 3.436842e+00 2.973684e+00 2.59147128e-05
6.923077e+00 3.436842e+00 3.178947e+00 2.38669618e-05
6.923077e+00 3.436842e+00 3.384211e+00 2.19402555e-05
6.923077e+00 3.436842e+00 3.589474e+00 2.01417988e-05
6.923077e+00 3.436842e+00 3.794737e+00 1.84745713e-05
6.923077e+00 3.436842e+00 4.000000e+00 1.69383165e-05
6.923077e+00 3.697368e+00 1.000000e-01 5.68521678e-01
6.923077e+00 3.697368e+00 3.052632e-01 1.09622395e-02
6.923077e+00 3.697368e+00 5.105263e-01 9.31899063e-04
6.923077e+00 3.697368e+00 7.157895e-01 1.19941302e-04
6.923077e+00 3.697368e+00 9.210526e-01 2.95565169e-05
6.923077e+00 3.697368e+00 1.126316e+00 1.81965133e-05
6.923077e+00 3.697368e+00 1.331579e+00 1.61859425e-05
6.923077e+00 3.697368e+00 1.536842e+00 1.52678895e-05
6.923077e+00 3.697368e+00 1.742105e+00 1.44419455e-05
6.923077e+00 3.697368e+00 1.947368e+00 1.35994569e-05
6.923077e+00 3.697368e+00 2.152632e+00 1.27426947e-05
6.923077e+00 3.697368e+00 2.357895e+00 1.18859371e-05
6.923077e+00 3.697368e+00 2.563158e+00 1.10426727e-05
6.923077e+00 3.697368e+00 2.768421e+00 1.02239410e-05
6.923077e+00 3.697368e+00 2.973684e+00 9.43848590e-06
6.923077e+00 3.697368e+00 3.178947e+00 8.69269479e-06
6.923077e+00 3.697368e+00 3.384211e+00 7.99096324e-06
6.923077e+00 3.697368e+00 3.589474e+00 7.33593060e-06
6.923077e+00 3.697368e+00 3.794737e+00 6.72871101e-06
6.923077e+00 3.697368e+00 4.000000e+00 6.16914258e-06
6.923077e+00 3.957895e+00 1.000000e-01 2.09717423e-01
6.923077e+00 3.957895e+00 3.052632e-01 4.04047035e-03
6.923077e+00 3.957895e+00 5.105263e-01 3.42865824e-04
6.923077e+00 3.957895e+00 7.157895e-01 4.37606068e-05
6.923077e+00 3.957895e+00 9.210526e-01 1.04900600e-05
6.923077e+00 3.957895e+00 1.126316e+00 6.32151978e-06
6.923077e+00 3.957895e+00 1.331579e+00 5.59674027e-06
6.923077e+00 3.957895e+00 1.536842e+00 5.27577458e-06
6.923077e+00 3.957895e+00 1.742105e+00 4.98997815e-06
6.923077e+00 3.957895e+00 1.947368e+00 4.69887937e-06
6.923077e+00 3.957895e+00 2.152632e+00 4.40289205e-06
6.923077e+00 3.957895e+00 2.357895e+00 4.10689790e-06
6.923077e+00 3.957895e+00 2.563158e+00 3.81554673e-06
6.923077e+00 3.957895e+00 2.768421e+00 3.53267728e-06
6.923077e+00 3.957895e+00 2.973684e+00 3.26129020e-06
6.923077e+00 3.957895e+00 3.178947e+00 3.00359693e-06
6.923077e+00 3.957895e+00 3.384211e+00 2.76113678e-06
6.923077e+00 3.957895e+00 3.589474e+00 2.53480016e-06
6.923077e+00 3.957895e+00 3.794737e+00 2.32498314e-06
6.923077e+00 3.957895e+00 4.000000e+00 2.13162934e-06
6.923077e+00 4.218421e+00 1.000000e-01 7.22857192e-02
6.923077e+00 4.218421e+00 3.052632e-01 1.39179872e-03
6.923077e+00 4.218421e+00 5.105263e-01 1.17944801e-04
6.923077e+00 4.218421e+00 7.157895e-01 1.49584030e-05
6.923077e+00 4.218421e+00 9.210526e-01 3.50942628e-06
6.923077e+00 4.218421e+00 1.126316e+00 2.07834660e-06
6.923077e+00 4.218421e+00 1.331579e+00 1.83287557e-06
6.923077e+00 4.218421e+00 1.536842e+00 1.72679677e-06
6.923077e+00 4.218421e+00 1.742105e+00 1.63314553e-06
6.923077e+00 4.218421e+00 1.947368e+00 1.53787596e-06
6.923077e+00 4.218421e+00 2.152632e+00 1.44101330e-06
6.923077e+00 4.218421e+00 2.357895e+00 1.34414654e-06
6.923077e+00 4.218421e+00 2.563158e+00 1.24879477e-06
6.923077e+00 4.218421e+00 2.768421e+00 1.15621913e-06
6.923077e+00 4.218421e+00 2.973684e+00 1.06739833e-06
6.923077e+00 4.218421e+00 3.178947e+00 9.83062705e-07
6.923077e+00 4.218421e+00 3.384211e+00 9.03705200e-07
6.923077e+00 4.218421e+00 3.589474e+00 8.29628334e-07
6.923077e+00 4.218421e+00 3.794737e+00 7.60954265e-07
6.923077e+00 4.218421e+00 4.000000e+00 6.97668952e-07
6.923077e+00 4.478947e+00 1.000000e-01 2.32809205e-02
6.923077e+00 4.478947e+00 3.052632e-01 4.48041334e-04
6.923077e+00 4.478947e+00 5.105263e-01 3.79297999e-05
6.923077e+00 4.478947e+00 7.157895e-01 4.78783522e-06
6.923077e+00 4.478947e+00 9.210526e-01 1.10504152e-06
6.923077e+00 4.478947e+00 1.126316e+00 6.45509601e-07
6.923077e+00 4.478947e+00 1.331579e+00 5.67486211e-07
6.923077e+00 4.478947e+00 1.536842e+00 5.34401693e-07
6.923077e+00 4.478947e+00 1.742105e+00 5.05391029e-07
6.923077e+00 4.478947e+00 1.947368e+00 4.75908564e-07
6.923077e+00 4.478947e+00 2.152632e+00 4.45936166e-07
6.923077e+00 4.478947e+00 2.357895e+00 4.15962404e-07
6.923077e+00 4.478947e+00 2.563158e+00 3.86456406e-07
6.923077e+00 4.478947e+00 2.768421e+00 3.57808318e-07
6.923077e+00 4.478947e+00 2.973684e+00 3.30322592e-07
6.923077e+00 4.478947e+00 3.178947e+00 3.04223619e-07
6.923077e+00 4.478947e+00 3.384211e+00 2.79666040e-07
6.923077e+00 4.478947e+00 3.589474e+00 2.56741174e-07
6.923077e+00 4.478947e+00 3.794737e+00 2.35488713e-07
6.923077e+00 4.478947e+00 4.000000e+00 2.15903583e-07
6.923077e+00 4.739474e+00 1.000000e-01 7.00607523e-03
6.923077e+00 4.739474e+00 3.052632e-01 1.34784830e-04
6.923077e+00 4.739474e+00 5.105263e-01 1.14020231e-05
6.923077e+00 4.739474e+00 7.157895e-01 1.43432021e-06
6.923077e+00 4.739474e+00 9.210526e-01 3.27039089e-07
6.923077e+00 4.739474e+00 1.126316e+00 1.89051335e-07
6.923077e+00 4.739474e+00 1.331579e+00 1.65797388e-07
6.923077e+00 4.739474e+00 1.536842e+00 1.56076538e-07
6.923077e+00 4.739474e+00 1.742105e+00 1.47597746e-07
6.923077e+00 4.739474e+00 1.947368e+00 1.38987332e-07
6.923077e+00 4.739474e+00 2.152632e+00 1.30234596e-07
6.923077e+00 4.739474e+00 2.357895e+00 1.21481051e-07
6.923077e+00 4.739474e+00 2.563158e+00 1.12864463e-07
6.923077e+00 4.739474e+00 2.768421e+00 1.04498092e-07
6.923077e+00 4.739474e+00 2.973684e+00 9.64709628e-08
6.923077e+00 4.739474e+00 3.178947e+00 8.88488927e-08
6.923077e+00 4.739474e+00 3.384211e+00 8.16767809e-08
6.923077e+00 4.739474e+00 3.589474e+00 7.49815783e-08
6.923077e+00 4.739474e+00 3.794737e+00 6.87747104e-08
6.923077e+00 4.739474e+00 4.000000e+00 6.30547561e-08
6.923077e+00 5.000000e+00 1.000000e-01 1.97005086e-03
6.923077e+00 5.000000e+00 3.052632e-01 3.78908589e-05
6.923077e+00 5.000000e+00 5.105263e-01 3.20365143e-06
6.923077e+00 5.000000e+00 7.157895e-01 4.02011835e-07
6.923077e+00 5.000000e+00 9.210526e-01 9.08575117e-08
6.923077e+00 5.000000e+00 1.126316e+00 5.21171977e-08
6.923077e+00 5.000000e+00 1.331579e+00 4.56235227e-08
6.923077e+00 5.000000e+00 1.536842e+00 4.29372982e-08
6.923077e+00 5.000000e+00 1.742105e+00 4.06035277e-08
6.923077e+00 5.000000e+00 1.947368e+00 3.82348233e-08
6.923077e+00 5.000000e+00 2.152632e+00 3.58270782e-08
6.923077e+00 5.000000e+00 2.357895e+00 3.34190986e-08
6.923077e+00 5.000000e+00 2.563158e+00 3.10487565e-08
6.923077e+00 5.000000e+00 2.768421e+00 2.87472588e-08
6.923077e+00 5.000000e+00 2.973684e+00 2.65390483e-08
6.923077e+00 5.000000e+00 3.178947e+00 2.44422385e-08
6.923077e+00 5.000000e+00 3.384211e+00 2.24691927e-08
6.923077e+00 5.000000e+00 3.589474e+00 2.06273771e-08
6.923077e+00 5.000000e+00 3.794737e+00 1.89198790e-08
6.923077e+00 5.000000e+00 4.000000e+00 1.73463111e-08
7.179487e+00 5.000000e-02 1.000000e-01 5.36755005e+02
7.179487e+00 5.000000e-02 3.052632e-01 1.12250462e+01
7.179487e+00 5.000000e-02 5.105263e-01 1.46912944e+00
7.179487e+00 5.000000e-02 7.157895e-01 6.29210889e-01
7.179487e+00 5.000000e-02 9.210526e-01 5.19474566e-01
7.179487e+00 5.000000e-02 1.126316e+00 4.91483331e-01
7.179487e+00 5.000000e-02 1.331579e+00 4.71090317e-01
7.179487e+00 5.000000e-02 1.536842e+00 4.49819148e-01
7.179487e+00 5.000000e-02 1.742105e+00 4.27182347e-01
7.179487e+00 5.000000e-02 1.947368e+00 4.03586924e-01
7.179487e+00 5.000000e-02 2.152632e+00 3.79490584e-01
7.179487e+00 5.000000e-02 2.357895e+00 3.55301619e-01
7.179487e+00 5.000000e-02 2.563158e+00 3.31375688e-01
7.179487e+00 5.000000e-02 2.768421e+00 3.08019549e-01
7.179487e+00 5.000000e-02 2.973684e+00 2.85478354e-01
7.179487e+00 5.000000e-02 3.178947e+00 2.63941050e-01
7.179487e+00 5.000000e-02 3.384211e+00 2.43549913e-01
7.179487e+00 5.000000e-02 3.589474e+00 2.24396542e-01
7.179487e+00 5.000000e-02 3.794737e+00 2.06532419e-01
7.179487e+00 5.000000e-02 4.000000e+00 1.89968839e-01
7.179487e+00 3.105263e-01 1.000000e-01 5.11850464e+02
7.179487e+00 3.105263e-01 3.052632e-01 1.04402122e+01
7.179487e+00 3.105263e-01 5.105263e-01 1.13279688e+00
7.179487e+00 3.105263e-01 7.157895e-01 3.34505618e-01
7.179487e+00 3.105263e-01 9.210526e-01 2.35959753e-01
7.179487e+00 3.105263e-01 1.126316e+00 2.17601255e-01
7.179487e+00 3.105263e-01 1.331579e+00 2.07989261e-01
7.179487e+00 3.105263e-01 1.536842e+00 1.98592424e-01
7.179487e+00 3.105263e-01 1.742105e+00 1.88629761e-01
7.179487e+00 3.105263e-01 1.947368e+00 1.78232804e-01
7.179487e+00 3.105263e-01 2.152632e+00 1.67606369e-01
7.179487e+00 3.105263e-01 2.357895e+00 1.56934693e-01
7.179487e+00 3.105263e-01 2.563158e+00 1.46377340e-01
7.179487e+00 3.105263e-01 2.768421e+00 1.36067539e-01
7.179487e+00 3.105263e-01 2.973684e+00 1.26116470e-01
7.179487e+00 3.105263e-01 3.178947e+00 1.16606817e-01
7.179487e+00 3.105263e-01 3.384211e+00 1.07601739e-01
7.179487e+00 3.105263e-01 3.589474e+00 9.91416052e-02
7.179487e+00 3.105263e-01 3.794737e+00 9.12482291e-02
7.179487e+00 3.105263e-01 4.000000e+00 8.39289725e-02
7.179487e+00 5.710526e-01 1.000000e-01 4.56196350e+02
7.179487e+00 5.710526e-01 3.052632e-01 9.22178936e+00
7.179487e+00 5.710526e-01 5.105263e-01 9.31642532e-01
7.179487e+00 5.710526e-01 7.157895e-01 2.21774086e-01
7.179487e+00 5.710526e-01 9.210526e-01 1.35697693e-01
7.179487e+00 5.710526e-01 1.126316e+00 1.21674985e-01
7.179487e+00 5.710526e-01 1.331579e+00 1.15908965e-01
7.179487e+00 5.710526e-01 1.536842e+00 1.10655077e-01
7.179487e+00 5.710526e-01 1.742105e+00 1.05116837e-01
7.179487e+00 5.710526e-01 1.947368e+00 9.93329510e-02
7.179487e+00 5.710526e-01 2.152632e+00 9.34170410e-02
7.179487e+00 5.710526e-01 2.357895e+00 8.74741077e-02
7.179487e+00 5.710526e-01 2.563158e+00 8.15934315e-02
7.179487e+00 5.710526e-01 2.768421e+00 7.58499280e-02
7.179487e+00 5.710526e-01 2.973684e+00 7.03049228e-02
7.179487e+00 5.710526e-01 3.178947e+00 6.50056750e-02
7.179487e+00 5.710526e-01 3.384211e+00 5.99867478e-02
7.179487e+00 5.710526e-01 3.589474e+00 5.52705638e-02
7.179487e+00 5.710526e-01 3.794737e+00 5.08702397e-02
7.179487e+00 5.710526e-01 4.000000e+00 4.67894673e-02
7.179487e+00 8.315790e-01 1.000000e-01 3.79920074e+02
7.179487e+00 8.315790e-01 3.052632e-01 7.63682175e+00
7.179487e+00 8.315790e-01 5.105263e-01 7.41467476e-01
7.179487e+00 8.315790e-01 7.157895e-01 1.51973709e-01
7.179487e+00 8.315790e-01 9.210526e-01 8.11231658e-02
7.179487e+00 8.315790e-01 1.126316e+00 7.04285055e-02
7.179487e+00 8.315790e-01 1.331579e+00 6.68087229e-02
7.179487e+00 8.315790e-01 1.536842e+00 6.37613684e-02
7.179487e+00 8.315790e-01 1.742105e+00 6.05760552e-02
7.179487e+00 8.315790e-01 1.947368e+00 5.72477318e-02
7.179487e+00 8.315790e-01 2.152632e+00 5.38413860e-02
7.179487e+00 8.315790e-01 2.357895e+00 5.04182354e-02
7.179487e+00 8.315790e-01 2.563158e+00 4.70304899e-02
7.179487e+00 8.315790e-01 2.768421e+00 4.37215567e-02
7.179487e+00 8.315790e-01 2.973684e+00 4.05263975e-02
7.179487e+00 8.315790e-01 3.178947e+00 3.74724939e-02
7.179487e+00 8.315790e-01 3.384211e+00 3.45798060e-02
7.179487e+00 8.315790e-01 3.589474e+00 3.18614319e-02
7.179487e+00 8.315790e-01 3.794737e+00 2.93248203e-02
7.179487e+00 8.315790e-01 4.000000e+00 2.69721486e-02
7.179487e+00 1.092105e+00 1.000000e-01 2.95630920e+02
7.179487e+00 1.092105e+00 3.052632e-01 5.91634989e+00
7.179487e+00 1.092105e+00 5.105263e-01 5.59966385e-01
7.179487e+00 1.092105e+00 7.157895e-01 1.02873914e-01
7.179487e+00 1.092105e+00 9.210526e-01 4.82265949e-02
7.179487e+00 1.092105e+00 1.126316e+00 4.03630398e-02
7.179487e+00 1.092105e+00 1.331579e+00 3.80928144e-02
7.179487e+00 1.092105e+00 1.536842e+00 3.63388509e-02
7.179487e+00 1.092105e+00 1.742105e+00 3.45256925e-02
7.179487e+00 1.092105e+00 1.947368e+00 3.26311290e-02
7.179487e+00 1.092105e+00 2.152632e+00 3.06909643e-02
7.179487e+00 1.092105e+00 2.357895e+00 2.87407599e-02
7.179487e+00 1.092105e+00 2.563158e+00 2.68104076e-02
7.179487e+00 1.092105e+00 2.768421e+00 2.49247681e-02
7.179487e+00 1.092105e+00 2.973684e+00 2.31036860e-02
7.179487e+00 1.092105e+00 3.178947e+00 2.13631168e-02
7.179487e+00 1.092105e+00 3.384211e+00 1.97142102e-02
7.179487e+00 1.092105e+00 3.589474e+00 1.81645975e-02
7.179487e+00 1.092105e+00 3.794737e+00 1.67184230e-02
7.179487e+00 1.092105e+00 4.000000e+00 1.53770810e-02
7.179487e+00 1.352632e+00 1.000000e-01 2.14943375e+02
7.179487e+00 1.352632e+00 3.052632e-01 4.28503656e+00
7.179487e+00 1.352632e+00 5.105263e-01 3.98425162e-01
7.179487e+00 1.352632e+00 7.157895e-01 6.74372315e-02
7.179487e+00 1.352632e+00 9.210526e-01 2.80084573e-02
7.179487e+00 1.352632e+00 1.126316e+00 2.25120578e-02
7.179487e+00 1.352632e+00 1.331579e+00 2.11176462e-02
7.179487e+00 1.352632e+00 1.536842e+00 2.01331880e-02
7.179487e+00 1.352632e+00 1.742105e+00 1.91291180e-02
7.179487e+00 1.352632e+00 1.947368e+00 1.80805940e-02
7.179487e+00 1.352632e+00 2.152632e+00 1.70063488e-02
7.179487e+00 1.352632e+00 2.357895e+00 1.59262158e-02
7.179487e+00 1.352632e+00 2.563158e+00 1.48569047e-02
7.179487e+00 1.352632e+00 2.768421e+00 1.38122635e-02
7.179487e+00 1.352632e+00 2.973684e+00 1.28033990e-02
7.179487e+00 1.352632e+00 3.178947e+00 1.18389335e-02
7.179487e+00 1.352632e+00 3.384211e+00 1.09252799e-02
7.179487e+00 1.352632e+00 3.589474e+00 1.00665260e-02
7.179487e+00 1.352632e+00 3.794737e+00 9.26507730e-03
7.179487e+00 1.352632e+00 4.000000e+00 8.52165744e-03
7.179487e+00 1.613158e+00 1.000000e-01 1.46021896e+02
7.179487e+00 1.613158e+00 3.052632e-01 2.90081501e+00
7.179487e+00 1.613158e+00 5.105263e-01 2.66207993e-01
7.179487e+00 1.613158e+00 7.157895e-01 4.23359610e-02
7.179487e+00 1.613158e+00 9.210526e-01 1.57393385e-02
7.179487e+00 1.613158e+00 1.126316e+00 1.21120987e-02
7.179487e+00 1.613158e+00 1.331579e+00 1.12832859e-02
7.179487e+00 1.613158e+00 1.536842e+00 1.07492041e-02
7.179487e+00 1.613158e+00 1.742105e+00 1.02131590e-02
7.179487e+00 1.613158e+00 1.947368e+00 9.65383649e-03
7.179487e+00 1.613158e+00 2.152632e+00 9.08063073e-03
7.179487e+00 1.613158e+00 2.357895e+00 8.50411225e-03
7.179487e+00 1.613158e+00 2.563158e+00 7.93331396e-03
7.179487e+00 1.613158e+00 2.768421e+00 7.37561518e-03
7.179487e+00 1.613158e+00 2.973684e+00 6.83701085e-03
7.179487e+00 1.613158e+00 3.178947e+00 6.32207096e-03
7.179487e+00 1.613158e+00 3.384211e+00 5.83419576e-03
7.179487e+00 1.613158e+00 3.589474e+00 5.37565909e-03
7.179487e+00 1.613158e+00 3.794737e+00 4.94766515e-03
7.179487e+00 1.613158e+00 4.000000e+00 4.55064652e-03
7.179487e+00 1.873684e+00 1.000000e-01 9.26906052e+01
7.179487e+00 1.873684e+00 3.052632e-01 1.83538413e+00
7.179487e+00 1.873684e+00 5.105263e-01 1.66746616e-01
7.179487e+00 1.873684e+00 7.157895e-01 2.52765138e-02
7.179487e+00 1.873684e+00 9.210526e-01 8.50595441e-03
7.179487e+00 1.873684e+00 1.126316e+00 6.25424506e-03
7.179487e+00 1.873684e+00 1.331579e+00 5.78134554e-03
7.179487e+00 1.873684e+00 1.536842e+00 5.50280185e-03
7.179487e+00 1.873684e+00 1.742105e+00 5.22825448e-03
7.179487e+00 1.873684e+00 1.947368e+00 4.94216150e-03
7.179487e+00 1.873684e+00 2.152632e+00 4.64886148e-03
7.179487e+00 1.873684e+00 2.357895e+00 4.35382454e-03
7.179487e+00 1.873684e+00 2.563158e+00 4.06166539e-03
7.179487e+00 1.873684e+00 2.768421e+00 3.77621176e-03
7.179487e+00 1.873684e+00 2.973684e+00 3.50048137e-03
7.179487e+00 1.873684e+00 3.178947e+00 3.23687494e-03
7.179487e+00 1.873684e+00 3.384211e+00 2.98711145e-03
7.179487e+00 1.873684e+00 3.589474e+00 2.75233854e-03
7.179487e+00 1.873684e+00 3.794737e+00 2.53321044e-03
7.179487e+00 1.873684e+00 4.000000e+00 2.32991693e-03
7.179487e+00 2.134211e+00 1.000000e-01 5.49770012e+01
7.179487e+00 2.134211e+00 3.052632e-01 1.08537102e+00
7.179487e+00 2.134211e+00 5.105263e-01 9.78271514e-02
7.179487e+00 2.134211e+00 7.157895e-01 1.42869810e-02
7.179487e+00 2.134211e+00 9.210526e-01 4.40169917e-03
7.179487e+00 2.134211e+00 1.126316e+00 3.08952737e-03
7.179487e+00 2.134211e+00 1.331579e+00 2.83203856e-03
7.179487e+00 2.134211e+00 1.536842e+00 2.69285496e-03
7.179487e+00 2.134211e+00 1.742105e+00 2.55838735e-03
7.179487e+00 2.134211e+00 1.947368e+00 2.41847825e-03
7.179487e+00 2.134211e+00 2.152632e+00 2.27503059e-03
7.179487e+00 2.134211e+00 2.357895e+00 2.13068840e-03
7.179487e+00 2.134211e+00 2.563158e+00 1.98774668e-03
7.179487e+00 2.134211e+00 2.768421e+00 1.84806599e-03
7.179487e+00 2.134211e+00 2.973684e+00 1.71314448e-03
7.179487e+00 2.134211e+00 3.178947e+00 1.58415001e-03
7.179487e+00 2.134211e+00 3.384211e+00 1.46191800e-03
7.179487e+00 2.134211e+00 3.589474e+00 1.34702574e-03
7.179487e+00 2.134211e+00 3.794737e+00 1.23977859e-03
7.179487e+00 2.134211e+00 4.000000e+00 1.14028458e-03
7.179487e+00 2.394737e+00 1.000000e-01 3.04689636e+01
7.179487e+00 2.394737e+00 3.052632e-01 5.99910975e-01
7.179487e+00 2.394737e+00 5.105263e-01 5.37280515e-02
7.179487e+00 2.394737e+00 7.157895e-01 7.62130413e-03
7.179487e+00 2.394737e+00 9.210526e-01 2.17395485e-03
7.179487e+00 2.394737e+00 1.126316e+00 1.45702076e-03
7.179487e+00 2.394737e+00 1.331579e+00 1.32378936e-03
7.179487e+00 2.394737e+00 1.536842e+00 1.25734124e-03
7.179487e+00 2.394737e+00 1.742105e+00 1.19447545e-03
7.179487e+00 2.394737e+00 1.947368e+00 1.12919498e-03
7.179487e+00 2.394737e+00 2.152632e+00 1.06224639e-03
7.179487e+00 2.394737e+00 2.357895e+00 9.94870206e-04
7.179487e+00 2.394737e+00 2.563158e+00 9.28138092e-04
7.179487e+00 2.394737e+00 2.768421e+00 8.62927351e-04
7.179487e+00 2.394737e+00 2.973684e+00 7.99935893e-04
7.179487e+00 2.394737e+00 3.178947e+00 7.39708485e-04
7.179487e+00 2.394737e+00 3.384211e+00 6.82637852e-04
7.179487e+00 2.394737e+00 3.589474e+00 6.28989597e-04
7.179487e+00 2.394737e+00 3.794737e+00 5.78911335e-04
7.179487e+00 2.394737e+00 4.000000e+00 5.32448699e-04
7.179487e+00 2.655263e+00 1.000000e-01 1.57785635e+01
7.179487e+00 2.655263e+00 3.052632e-01 3.09929013e-01
7.179487e+00 2.655263e+00 5.105263e-01 2.76147164e-02
7.179487e+00 2.655263e+00 7.157895e-01 3.82856186e-03
7.179487e+00 2.655263e+00 9.210526e-01 1.02202652e-03
7.179487e+00 2.655263e+00 1.126316e+00 6.55032229e-04
7.179487e+00 2.655263e+00 1.331579e+00 5.89742383e-04
7.179487e+00 2.655263e+00 1.536842e+00 5.59489126e-04
7.179487e+00 2.655263e+00 1.742105e+00 5.31470927e-04
7.179487e+00 2.655263e+00 1.947368e+00 5.02437993e-04
7.179487e+00 2.655263e+00 2.152632e+00 4.72661050e-04
7.179487e+00 2.655263e+00 2.357895e+00 4.42688615e-04
7.179487e+00 2.655263e+00 2.563158e+00 4.13001078e-04
7.179487e+00 2.655263e+00 2.768421e+00 3.83987004e-04
7.179487e+00 2.655263e+00 2.973684e+00 3.55960277e-04
7.179487e+00 2.655263e+00 3.178947e+00 3.29161441e-04
7.179487e+00 2.655263e+00 3.384211e+00 3.03766923e-04
7.179487e+00 2.655263e+00 3.589474e+00 2.79894768e-04
7.179487e+00 2.655263e+00 3.794737e+00 2.57609441e-04
7.179487e+00 2.655263e+00 4.000000e+00 2.36934109e-04
7.179487e+00 2.915789e+00 1.000000e-01 7.63505793e+00
7.179487e+00 2.915789e+00 3.052632e-01 1.49661571e-01
7.179487e+00 2.915789e+00 5.105263e-01 1.32794678e-02
7.179487e+00 2.915789e+00 7.157895e-01 1.80830236e-03
7.179487e+00 2.915789e+00 9.210526e-01 4.56331472e-04
7.179487e+00 2.915789e+00 1.126316e+00 2.80413136e-04
7.179487e+00 2.915789e+00 1.331579e+00 2.50185607e-04
7.179487e+00 2.915789e+00 1.536842e+00 2.37070621e-04
7.179487e+00 2.915789e+00 1.742105e+00 2.25177762e-04
7.179487e+00 2.915789e+00 1.947368e+00 2.12882107e-04
7.179487e+00 2.915789e+00 2.152632e+00 2.00269977e-04
7.179487e+00 2.915789e+00 2.357895e+00 1.87573343e-04
7.179487e+00 2.915789e+00 2.563158e+00 1.74995905e-04
7.179487e+00 2.915789e+00 2.768421e+00 1.62703858e-04
7.179487e+00 2.915789e+00 2.973684e+00 1.50829626e-04
7.179487e+00 2.915789e+00 3.178947e+00 1.39474621e-04
7.179487e+00 2.915789e+00 3.384211e+00 1.28714979e-04
7.179487e+00 2.915789e+00 3.589474e+00 1.18599550e-04
7.179487e+00 2.915789e+00 3.794737e+00 1.09157067e-04
7.179487e+00 2.915789e+00 4.000000e+00 1.00395810e-04
7.179487e+00 3.176316e+00 1.000000e-01 3.45217013e+00
7.179487e+00 3.176316e+00 3.052632e-01 6.75507635e-02
7.179487e+00 3.176316e+00 5.105263e-01 5.97373443e-03
7.179487e+00 3.176316e+00 7.157895e-01 8.02079507e-04
7.179487e+00 3.176316e+00 9.210526e-01 1.93127213e-04
7.179487e+00 3.176316e+00 1.126316e+00 1.14190872e-04
7.179487e+00 3.176316e+00 1.331579e+00 1.00995829e-04
7.179487e+00 3.176316e+00 1.536842e+00 9.55902215e-05
7.179487e+00 3.176316e+00 1.742105e+00 9.07861613e-05
7.179487e+00 3.176316e+00 1.947368e+00 8.58303101e-05
7.179487e+00 3.176316e+00 2.152632e+00 8.07470133e-05
7.179487e+00 3.176316e+00 2.357895e+00 7.56289883e-05
7.179487e+00 3.176316e+00 2.563158e+00 7.05585262e-05
7.179487e+00 3.176316e+00 2.768421e+00 6.56028787e-05
7.179487e+00 3.176316e+00 2.973684e+00 6.08153568e-05
7.179487e+00 3.176316e+00 3.178947e+00 5.62374225e-05
7.179487e+00 3.176316e+00 3.384211e+00 5.18991474e-05
7.179487e+00 3.176316e+00 3.589474e+00 4.78206639e-05
7.179487e+00 3.176316e+00 3.794737e+00 4.40132062e-05
7.179487e+00 3.176316e+00 4.000000e+00 4.04804923e-05
7.179487e+00 3.436842e+00 1.000000e-01 1.45850182e+00
7.179487e+00 3.436842e+00 3.052632e-01 2.84981020e-02
7.179487e+00 3.436842e+00 5.105263e-01 2.51346244e-03
7.179487e+00 3.436842e+00 7.157895e-01 3.33787815e-04
7.179487e+00 3.436842e+00 9.210526e-01 7.73333813e-05
7.179487e+00 3.436842e+00 1.126316e+00 4.41865886e-05
7.179487e+00 3.436842e+00 1.331579e+00 3.87646251e-05
7.179487e+00 3.436842e+00 1.536842e+00 3.66494132e-05
7.179487e+00 3.436842e+00 1.742105e+00 3.48042267e-05
7.179487e+00 3.436842e+00 1.947368e+00 3.29049362e-05
7.179487e+00 3.436842e+00 2.152632e+00 3.09566203e-05
7.179487e+00 3.436842e+00 2.357895e+00 2.89948675e-05
7.179487e+00 3.436842e+00 2.563158e+00 2.70511264e-05
7.179487e+00 3.436842e+00 2.768421e+00 2.51513811e-05
7.179487e+00 3.436842e+00 2.973684e+00 2.33160918e-05
7.179487e+00 3.436842e+00 3.178947e+00 2.15610235e-05
7.179487e+00 3.436842e+00 3.384211e+00 1.98977723e-05
7.179487e+00 3.436842e+00 3.589474e+00 1.83341581e-05
7.179487e+00 3.436842e+00 3.794737e+00 1.68743736e-05
7.179487e+00 3.436842e+00 4.000000e+00 1.55199559e-05
7.179487e+00 3.697368e+00 1.000000e-01 5.75779796e-01
7.179487e+00 3.697368e+00 3.052632e-01 1.12371454e-02
7.179487e+00 3.697368e+00 5.105263e-01 9.89009743e-04
7.179487e+00 3.697368e+00 7.157895e-01 1.30228596e-04
7.179487e+00 3.697368e+00 9.210526e-01 2.92493678e-05
7.179487e+00 3.697368e+00 1.126316e+00 1.62268279e-05
7.179487e+00 3.697368e+00 1.331579e+00 1.41323599e-05
7.179487e+00 3.697368e+00 1.536842e+00 1.33478588e-05
7.179487e+00 3.697368e+00 1.742105e+00 1.26747027e-05
7.179487e+00 3.697368e+00 1.947368e+00 1.19831975e-05
7.179487e+00 3.697368e+00 2.152632e+00 1.12738626e-05
7.179487e+00 3.697368e+00 2.357895e+00 1.05594900e-05
7.179487e+00 3.697368e+00 2.563158e+00 9.85173756e-06
7.179487e+00 3.697368e+00 2.768421e+00 9.15989585e-06
7.179487e+00 3.697368e+00 2.973684e+00 8.49153366e-06
7.179487e+00 3.697368e+00 3.178947e+00 7.85237899e-06
7.179487e+00 3.697368e+00 3.384211e+00 7.24666779e-06
7.179487e+00 3.697368e+00 3.589474e+00 6.67719723e-06
7.179487e+00 3.697368e+00 3.794737e+00 6.14555802e-06
7.179487e+00 3.697368e+00 4.000000e+00 5.65226355e-06
7.179487e+00 3.957895e+00 1.000000e-01 2.12392271e-01
7.179487e+00 3.957895e+00 3.052632e-01 4.14129067e-03
7.179487e+00 3.957895e+00 5.105263e-01 3.63892788e-04
7.179487e+00 3.957895e+00 7.157895e-01 4.76052155e-05
7.179487e+00 3.957895e+00 9.210526e-01 1.04328828e-05
7.179487e+00 3.957895e+00 1.126316e+00 5.64713855e-06
7.179487e+00 3.957895e+00 1.331579e+00 4.88734577e-06
7.179487e+00 3.957895e+00 1.536842e+00 4.61202171e-06
7.179487e+00 3.957895e+00 1.742105e+00 4.37908921e-06
7.179487e+00 3.957895e+00 1.947368e+00 4.14021224e-06
7.179487e+00 3.957895e+00 2.152632e+00 3.89517982e-06
7.179487e+00 3.957895e+00 2.357895e+00 3.64840412e-06
7.179487e+00 3.957895e+00 2.563158e+00 3.40388510e-06
7.179487e+00 3.957895e+00 2.768421e+00 3.16486512e-06
7.179487e+00 3.957895e+00 2.973684e+00 2.93394351e-06
7.179487e+00 3.957895e+00 3.178947e+00 2.71311592e-06
7.179487e+00 3.957895e+00 3.384211e+00 2.50383573e-06
7.179487e+00 3.957895e+00 3.589474e+00 2.30707974e-06
7.179487e+00 3.957895e+00 3.794737e+00 2.12338932e-06
7.179487e+00 3.957895e+00 4.000000e+00 1.95294251e-06
7.179487e+00 4.218421e+00 1.000000e-01 7.32070431e-02
7.179487e+00 4.218421e+00 3.052632e-01 1.42639189e-03
7.179487e+00 4.218421e+00 5.105263e-01 1.25180988e-04
7.179487e+00 4.218421e+00 7.157895e-01 1.62962351e-05
7.179487e+00 4.218421e+00 9.210526e-01 3.50416644e-06
7.179487e+00 4.218421e+00 1.126316e+00 1.85933629e-06
7.179487e+00 4.218421e+00 1.331579e+00 1.60075604e-06
7.179487e+00 4.218421e+00 1.536842e+00 1.50946994e-06
7.179487e+00 4.218421e+00 1.742105e+00 1.43313719e-06
7.179487e+00 4.218421e+00 1.947368e+00 1.35497226e-06
7.179487e+00 4.218421e+00 2.152632e+00 1.27479632e-06
7.179487e+00 4.218421e+00 2.357895e+00 1.19403819e-06
7.179487e+00 4.218421e+00 2.563158e+00 1.11401789e-06
7.179487e+00 4.218421e+00 2.768421e+00 1.03579714e-06
7.179487e+00 4.218421e+00 2.973684e+00 9.60224043e-07
7.179487e+00 4.218421e+00 3.178947e+00 8.87952524e-07
7.179487e+00 4.218421e+00 3.384211e+00 8.19461491e-07
7.179487e+00 4.218421e+00 3.589474e+00 7.55066253e-07
7.179487e+00 4.218421e+00 3.794737e+00 6.94947971e-07
7.179487e+00 4.218421e+00 4.000000e+00 6.39163318e-07
7.179487e+00 4.478947e+00 1.000000e-01 2.35774815e-02
7.179487e+00 4.478947e+00 3.052632e-01 4.59144096e-04
7.179487e+00 4.478947e+00 5.105263e-01 4.02574333e-05
7.179487e+00 4.478947e+00 7.157895e-01 5.22169830e-06
7.179487e+00 4.478947e+00 9.210526e-01 1.10677342e-06
7.179487e+00 4.478947e+00 1.126316e+00 5.78162428e-07
7.179487e+00 4.478947e+00 1.331579e+00 4.95668814e-07
7.179487e+00 4.478947e+00 1.536842e+00 4.67124607e-07
7.179487e+00 4.478947e+00 1.742105e+00 4.43479081e-07
7.179487e+00 4.478947e+00 1.947368e+00 4.19293315e-07
7.179487e+00 4.478947e+00 2.152632e+00 3.94486335e-07
7.179487e+00 4.478947e+00 2.357895e+00 3.69497911e-07
7.179487e+00 4.478947e+00 2.563158e+00 3.44736520e-07
7.179487e+00 4.478947e+00 2.768421e+00 3.20531825e-07
7.179487e+00 4.478947e+00 2.973684e+00 2.97146215e-07
7.179487e+00 4.478947e+00 3.178947e+00 2.74782451e-07
7.179487e+00 4.478947e+00 3.384211e+00 2.53587473e-07
7.179487e+00 4.478947e+00 3.589474e+00 2.33660458e-07
7.179487e+00 4.478947e+00 3.794737e+00 2.15056190e-07
7.179487e+00 4.478947e+00 4.000000e+00 1.97793028e-07
7.179487e+00 4.739474e+00 1.000000e-01 7.09528802e-03
7.179487e+00 4.739474e+00 3.052632e-01 1.38117524e-04
7.179487e+00 4.739474e+00 5.105263e-01 1.21018347e-05
7.179487e+00 4.739474e+00 7.157895e-01 1.56553187e-06
7.179487e+00 4.739474e+00 9.210526e-01 3.28307777e-07
7.179487e+00 4.739474e+00 1.126316e+00 1.69480629e-07
7.179487e+00 4.739474e+00 1.331579e+00 1.44826473e-07
7.179487e+00 4.739474e+00 1.536842e+00 1.36423466e-07
7.179487e+00 4.739474e+00 1.742105e+00 1.29512202e-07
7.179487e+00 4.739474e+00 1.947368e+00 1.22449805e-07
7.179487e+00 4.739474e+00 2.152632e+00 1.15205751e-07
7.179487e+00 4.739474e+00 2.357895e+00 1.07908818e-07
7.179487e+00 4.739474e+00 2.563158e+00 1.00677823e-07
7.179487e+00 4.739474e+00 2.768421e+00 9.36090672e-08
7.179487e+00 4.739474e+00 2.973684e+00 8.67797070e-08
7.179487e+00 4.739474e+00 3.178947e+00 8.02486326e-08
7.179487e+00 4.739474e+00 3.384211e+00 7.40587254e-08
7.179487e+00 4.739474e+00 3.589474e+00 6.82392027e-08
7.179487e+00 4.739474e+00 3.794737e+00 6.28060093e-08
7.179487e+00 4.739474e+00 4.000000e+00 5.77642361e-08
7.179487e+00 5.000000e+00 1.000000e-01 1.99512905e-03
7.179487e+00 5.000000e+00 3.052632e-01 3.88262415e-05
7.179487e+00 5.000000e+00 5.105263e-01 3.40029283e-06
7.179487e+00 5.000000e+00 7.157895e-01 4.39036711e-07
7.179487e+00 5.000000e+00 9.210526e-01 9.13639298e-08
7.179487e+00 5.000000e+00 1.126316e+00 4.67533532e-08
7.179487e+00 5.000000e+00 1.331579e+00 3.98552054e-08
7.179487e+00 5.000000e+00 1.536842e+00 3.75298761e-08
7.179487e+00 5.000000e+00 1.742105e+00 3.56274192e-08
7.179487e+00 5.000000e+00 1.947368e+00 3.36846604e-08
7.179487e+00 5.000000e+00 2.152632e+00 3.16921209e-08
7.179487e+00 5.000000e+00 2.357895e+00 2.96849034e-08
7.179487e+00 5.000000e+00 2.563158e+00 2.76957675e-08
7.179487e+00 5.000000e+00 2.768421e+00 2.57512713e-08
7.179487e+00 5.000000e+00 2.973684e+00 2.38725608e-08
7.179487e+00 5.000000e+00 3.178947e+00 2.20759340e-08
7.179487e+00 5.000000e+00 3.384211e+00 2.03731609e-08
7.179487e+00 5.000000e+00 3.589474e+00 1.87722389e-08
7.179487e+00 5.000000e+00 3.794737e+00 1.72775643e-08
7.179487e+00 5.000000e+00 4.000000e+00 1.58906399e-08
7.435897e+00 5.000000e-02 1.000000e-01 5.42194946e+02
7.435897e+00 5.000000e-02 3.052632e-01 1.13558321e+01
7.435897e+00 5.000000e-02 5.105263e-01 1.47878933e+00
7.435897e+00 5.000000e-02 7.157895e-01 5.85357368e-01
7.435897e+00 5.000000e-02 9.210526e-01 4.61959302e-01
7.435897e+00 5.000000e-02 1.126316e+00 4.32526231e-01
7.435897e+00 5.000000e-02 1.331579e+00 4.14170861e-01
7.435897e+00 5.000000e-02 1.536842e+00 3.96148592e-01
7.435897e+00 5.000000e-02 1.742105e+00 3.77268672e-01
7.435897e+00 5.000000e-02 1.947368e+00 3.57628286e-01
7.435897e+00 5.000000e-02 2.152632e+00 3.37512314e-01
7.435897e+00 5.000000e-02 2.357895e+00 3.17216188e-01
7.435897e+00 5.000000e-02 2.563158e+00 2.97023147e-01
7.435897e+00 5.000000e-02 2.768421e+00 2.77182043e-01
7.435897e+00 5.000000e-02 2.973684e+00 2.57905871e-01
7.435897e+00 5.000000e-02 3.178947e+00 2.39366621e-01
7.435897e+00 5.000000e-02 3.384211e+00 2.21691817e-01
7.435897e+00 5.000000e-02 3.589474e+00 2.04977930e-01
7.435897e+00 5.000000e-02 3.794737e+00 1.89283356e-01
7.435897e+00 5.000000e-02 4.000000e+00 1.74637005e-01
7.435897e+00 3.105263e-01 1.000000e-01 5.17052734e+02
7.435897e+00 3.105263e-01 3.052632e-01 1.05866385e+01
7.435897e+00 3.105263e-01 5.105263e-01 1.16985571e+00
7.435897e+00 3.105263e-01 7.157895e-01 3.23372692e-01
7.435897e+00 3.105263e-01 9.210526e-01 2.12439299e-01
7.435897e+00 3.105263e-01 1.126316e+00 1.92037761e-01
7.435897e+00 3.105263e-01 1.331579e+00 1.82971746e-01
7.435897e+00 3.105263e-01 1.536842e+00 1.74893439e-01
7.435897e+00 3.105263e-01 1.742105e+00 1.66544139e-01
7.435897e+00 3.105263e-01 1.947368e+00 1.57874614e-01
7.435897e+00 3.105263e-01 2.152632e+00 1.48998663e-01
7.435897e+00 3.105263e-01 2.357895e+00 1.40045807e-01
7.435897e+00 3.105263e-01 2.563158e+00 1.31138116e-01
7.435897e+00 3.105263e-01 2.768421e+00 1.22384436e-01
7.435897e+00 3.105263e-01 2.973684e+00 1.13878898e-01
7.435897e+00 3.105263e-01 3.178947e+00 1.05696619e-01
7.435897e+00 3.105263e-01 3.384211e+00 9.78959575e-02
7.435897e+00 3.105263e-01 3.589474e+00 9.05173719e-02
7.435897e+00 3.105263e-01 3.794737e+00 8.35876763e-02
7.435897e+00 3.105263e-01 4.000000e+00 7.71195218e-02
7.435897e+00 5.710526e-01 1.000000e-01 4.60829315e+02
7.435897e+00 5.710526e-01 3.052632e-01 9.35612297e+00
7.435897e+00 5.710526e-01 5.105263e-01 9.71980572e-01
7.435897e+00 5.710526e-01 7.157895e-01 2.20423907e-01
7.435897e+00 5.710526e-01 9.210526e-01 1.23643599e-01
7.435897e+00 5.710526e-01 1.126316e+00 1.07676327e-01
7.435897e+00 5.710526e-01 1.331579e+00 1.02029048e-01
7.435897e+00 5.710526e-01 1.536842e+00 9.74539071e-02
7.435897e+00 5.710526e-01 1.742105e+00 9.27925780e-02
7.435897e+00 5.710526e-01 1.947368e+00 8.79627913e-02
7.435897e+00 5.710526e-01 2.152632e+00 8.30189064e-02
7.435897e+00 5.710526e-01 2.357895e+00 7.80327767e-02
7.435897e+00 5.710526e-01 2.563158e+00 7.30722249e-02
7.435897e+00 5.710526e-01 2.768421e+00 6.81974739e-02
7.435897e+00 5.710526e-01 2.973684e+00 6.34600744e-02
7.435897e+00 5.710526e-01 3.178947e+00 5.89021519e-02
7.435897e+00 5.710526e-01 3.384211e+00 5.45561314e-02
7.435897e+00 5.710526e-01 3.589474e+00 5.04451804e-02
7.435897e+00 5.710526e-01 3.794737e+00 4.65835333e-02
7.435897e+00 5.710526e-01 4.000000e+00 4.29788567e-02
7.435897e+00 8.315790e-01 1.000000e-01 3.83770233e+02
7.435897e+00 8.315790e-01 3.052632e-01 7.74830580e+00
7.435897e+00 8.315790e-01 5.105263e-01 7.77691066e-01
7.435897e+00 8.315790e-01 7.157895e-01 1.54370502e-01
7.435897e+00 8.315790e-01 9.210526e-01 7.48406872e-02
7.435897e+00 8.315790e-01 1.126316e+00 6.25074953e-02
7.435897e+00 8.315790e-01 1.331579e+00 5.88452779e-02
7.435897e+00 8.315790e-01 1.536842e+00 5.61589524e-02
7.435897e+00 8.315790e-01 1.742105e+00 5.34677878e-02
7.435897e+00 8.315790e-01 1.947368e+00 5.06840944e-02
7.435897e+00 8.315790e-01 2.152632e+00 4.78363261e-02
7.435897e+00 8.315790e-01 2.357895e+00 4.49643657e-02
7.435897e+00 8.315790e-01 2.563158e+00 4.21070866e-02
7.435897e+00 8.315790e-01 2.768421e+00 3.92991751e-02
7.435897e+00 8.315790e-01 2.973684e+00 3.65703627e-02
7.435897e+00 8.315790e-01 3.178947e+00 3.39445993e-02
7.435897e+00 8.315790e-01 3.384211e+00 3.14406641e-02
7.435897e+00 8.315790e-01 3.589474e+00 2.90717650e-02
7.435897e+00 8.315790e-01 3.794737e+00 2.68464461e-02
7.435897e+00 8.315790e-01 4.000000e+00 2.47689448e-02
7.435897e+00 1.092105e+00 1.000000e-01 2.98617767e+02
7.435897e+00 1.092105e+00 3.052632e-01 6.00144053e+00
7.435897e+00 1.092105e+00 5.105263e-01 5.89049220e-01
7.435897e+00 1.092105e+00 7.157895e-01 1.06301710e-01
7.435897e+00 1.092105e+00 9.210526e-01 4.50667702e-02
7.435897e+00 1.092105e+00 1.126316e+00 3.59366611e-02
7.435897e+00 1.092105e+00 1.331579e+00 3.35742496e-02
7.435897e+00 1.092105e+00 1.536842e+00 3.20089608e-02
7.435897e+00 1.092105e+00 1.742105e+00 3.04716267e-02
7.435897e+00 1.092105e+00 1.947368e+00 2.88850889e-02
7.435897e+00 1.092105e+00 2.152632e+00 2.72624344e-02
7.435897e+00 1.092105e+00 2.357895e+00 2.56261602e-02
7.435897e+00 1.092105e+00 2.563158e+00 2.39983369e-02
7.435897e+00 1.092105e+00 2.768421e+00 2.23984849e-02
7.435897e+00 1.092105e+00 2.973684e+00 2.08436046e-02
7.435897e+00 1.092105e+00 3.178947e+00 1.93474069e-02
7.435897e+00 1.092105e+00 3.384211e+00 1.79204792e-02
7.435897e+00 1.092105e+00 3.589474e+00 1.65704060e-02
7.435897e+00 1.092105e+00 3.794737e+00 1.53021049e-02
7.435897e+00 1.092105e+00 4.000000e+00 1.41179971e-02
7.435897e+00 1.352632e+00 1.000000e-01 2.17107361e+02
7.435897e+00 1.352632e+00 3.052632e-01 4.34515190e+00
7.435897e+00 1.352632e+00 5.105263e-01 4.19786155e-01
7.435897e+00 1.352632e+00 7.157895e-01 7.06227124e-02
7.435897e+00 1.352632e+00 9.210526e-01 2.65163947e-02
7.435897e+00 1.352632e+00 1.126316e+00 2.01114602e-02
7.435897e+00 1.352632e+00 1.331579e+00 1.86254848e-02
7.435897e+00 1.352632e+00 1.536842e+00 1.77361462e-02
7.435897e+00 1.352632e+00 1.742105e+00 1.68819223e-02
7.435897e+00 1.352632e+00 1.947368e+00 1.60029251e-02
7.435897e+00 1.352632e+00 2.152632e+00 1.51040740e-02
7.435897e+00 1.352632e+00 2.357895e+00 1.41977500e-02
7.435897e+00 1.352632e+00 2.563158e+00 1.32960994e-02
7.435897e+00 1.352632e+00 2.768421e+00 1.24099394e-02
7.435897e+00 1.352632e+00 2.973684e+00 1.15486374e-02
7.435897e+00 1.352632e+00 3.178947e+00 1.07198302e-02
7.435897e+00 1.352632e+00 3.384211e+00 9.92934965e-03
7.435897e+00 1.352632e+00 3.589474e+00 9.18139145e-03
7.435897e+00 1.352632e+00 3.794737e+00 8.47864989e-03
7.435897e+00 1.352632e+00 4.000000e+00 7.82253128e-03
7.435897e+00 1.613158e+00 1.000000e-01 1.47486450e+02
7.435897e+00 1.613158e+00 3.052632e-01 2.94026828e+00
7.435897e+00 1.613158e+00 5.105263e-01 2.80699998e-01
7.435897e+00 1.613158e+00 7.157895e-01 4.47978042e-02
7.435897e+00 1.613158e+00 9.210526e-01 1.50942225e-02
7.435897e+00 1.613158e+00 1.126316e+00 1.08599383e-02
7.435897e+00 1.613158e+00 1.331579e+00 9.95897688e-03
7.435897e+00 1.613158e+00 1.536842e+00 9.47057642e-03
7.435897e+00 1.613158e+00 1.742105e+00 9.01299063e-03
7.435897e+00 1.613158e+00 1.947368e+00 8.54361057e-03
7.435897e+00 1.613158e+00 2.152632e+00 8.06382112e-03
7.435897e+00 1.613158e+00 2.357895e+00 7.58004515e-03
7.435897e+00 1.613158e+00 2.563158e+00 7.09873531e-03
7.435897e+00 1.613158e+00 2.768421e+00 6.62572077e-03
7.435897e+00 1.613158e+00 2.973684e+00 6.16597524e-03
7.435897e+00 1.613158e+00 3.178947e+00 5.72353695e-03
7.435897e+00 1.613158e+00 3.384211e+00 5.30152302e-03
7.435897e+00 1.613158e+00 3.589474e+00 4.90219099e-03
7.435897e+00 1.613158e+00 3.794737e+00 4.52700909e-03
7.435897e+00 1.613158e+00 4.000000e+00 4.17667534e-03
7.435897e+00 1.873684e+00 1.000000e-01 9.36167450e+01
7.435897e+00 1.873684e+00 3.052632e-01 1.85950661e+00
7.435897e+00 1.873684e+00 5.105263e-01 1.75875127e-01
7.435897e+00 1.873684e+00 7.157895e-01 2.69610118e-02
7.435897e+00 1.873684e+00 9.210526e-01 8.25972017e-03
7.435897e+00 1.873684e+00 1.126316e+00 5.62925916e-03
7.435897e+00 1.873684e+00 1.331579e+00 5.10667311e-03
7.435897e+00 1.873684e+00 1.536842e+00 4.84885601e-03
7.435897e+00 1.873684e+00 1.742105e+00 4.61374968e-03
7.435897e+00 1.873684e+00 1.947368e+00 4.37341118e-03
7.435897e+00 1.873684e+00 2.152632e+00 4.12784331e-03
7.435897e+00 1.873684e+00 2.357895e+00 3.88023257e-03
7.435897e+00 1.873684e+00 2.563158e+00 3.63389961e-03
7.435897e+00 1.873684e+00 2.768421e+00 3.39180627e-03
7.435897e+00 1.873684e+00 2.973684e+00 3.15648760e-03
7.435897e+00 1.873684e+00 3.178947e+00 2.93002720e-03
7.435897e+00 1.873684e+00 3.384211e+00 2.71400600e-03
7.435897e+00 1.873684e+00 3.589474e+00 2.50959396e-03
7.435897e+00 1.873684e+00 3.794737e+00 2.31752405e-03
7.435897e+00 1.873684e+00 4.000000e+00 2.13817996e-03
7.435897e+00 2.134211e+00 1.000000e-01 5.55242958e+01
7.435897e+00 2.134211e+00 3.052632e-01 1.09914172e+00
7.435897e+00 2.134211e+00 5.105263e-01 1.03181876e-01
7.435897e+00 2.134211e+00 7.157895e-01 1.53330639e-02
7.435897e+00 2.134211e+00 9.210526e-01 4.32498800e-03
7.435897e+00 2.134211e+00 1.126316e+00 2.79191416e-03
7.435897e+00 2.134211e+00 1.331579e+00 2.50351033e-03
7.435897e+00 2.134211e+00 1.536842e+00 2.37317267e-03
7.435897e+00 2.134211e+00 1.742105e+00 2.25764955e-03
7.435897e+00 2.134211e+00 1.947368e+00 2.14001630e-03
7.435897e+00 2.134211e+00 2.152632e+00 2.01985752e-03
7.435897e+00 2.134211e+00 2.357895e+00 1.89871306e-03
7.435897e+00 2.134211e+00 2.563158e+00 1.77819340e-03
7.435897e+00 2.134211e+00 2.768421e+00 1.65974244e-03
7.435897e+00 2.134211e+00 2.973684e+00 1.54460932e-03
7.435897e+00 2.134211e+00 3.178947e+00 1.43380323e-03
7.435897e+00 2.134211e+00 3.384211e+00 1.32810487e-03
7.435897e+00 2.134211e+00 3.589474e+00 1.22808374e-03
7.435897e+00 2.134211e+00 3.794737e+00 1.13409758e-03
7.435897e+00 2.134211e+00 4.000000e+00 1.04632927e-03
7.435897e+00 2.394737e+00 1.000000e-01 3.07712421e+01
7.435897e+00 2.394737e+00 3.052632e-01 6.07262135e-01
7.435897e+00 2.394737e+00 5.105263e-01 5.66588938e-02
7.435897e+00 2.394737e+00 7.157895e-01 8.21805838e-03
7.435897e+00 2.394737e+00 9.210526e-01 2.15949328e-03
7.435897e+00 2.394737e+00 1.126316e+00 1.32202916e-03
7.435897e+00 2.394737e+00 1.331579e+00 1.17117248e-03
7.435897e+00 2.394737e+00 1.536842e+00 1.10823149e-03
7.435897e+00 2.394737e+00 1.742105e+00 1.05405506e-03
7.435897e+00 2.394737e+00 1.947368e+00 9.99116455e-04
7.435897e+00 2.394737e+00 2.152632e+00 9.43021965e-04
7.435897e+00 2.394737e+00 2.357895e+00 8.86467868e-04
7.435897e+00 2.394737e+00 2.563158e+00 8.30209930e-04
7.435897e+00 2.394737e+00 2.768421e+00 7.74914399e-04
7.435897e+00 2.394737e+00 2.973684e+00 7.21165736e-04
7.435897e+00 2.394737e+00 3.178947e+00 6.69436005e-04
7.435897e+00 2.394737e+00 3.384211e+00 6.20089704e-04
7.435897e+00 2.394737e+00 3.589474e+00 5.73390804e-04
7.435897e+00 2.394737e+00 3.794737e+00 5.29509678e-04
7.435897e+00 2.394737e+00 4.000000e+00 4.88531077e-04
7.435897e+00 2.655263e+00 1.000000e-01 1.59346218e+01
7.435897e+00 2.655263e+00 3.052632e-01 3.13603789e-01
7.435897e+00 2.655263e+00 5.105263e-01 2.91134287e-02
7.435897e+00 2.655263e+00 7.157895e-01 4.14332328e-03
7.435897e+00 2.655263e+00 9.210526e-01 1.02529163e-03
7.435897e+00 2.655263e+00 1.126316e+00 5.96753845e-04
7.435897e+00 2.655263e+00 1.331579e+00 5.22176037e-04
7.435897e+00 2.655263e+00 1.536842e+00 4.93206433e-04
7.435897e+00 2.655263e+00 1.742105e+00 4.68989048e-04
7.435897e+00 2.655263e+00 1.947368e+00 4.44536039e-04
7.435897e+00 2.655263e+00 2.152632e+00 4.19580523e-04
7.435897e+00 2.655263e+00 2.357895e+00 3.94421164e-04
7.435897e+00 2.655263e+00 2.563158e+00 3.69390589e-04
7.435897e+00 2.655263e+00 2.768421e+00 3.44791129e-04
7.435897e+00 2.655263e+00 2.973684e+00 3.20878491e-04
7.435897e+00 2.655263e+00 3.178947e+00 2.97863764e-04
7.435897e+00 2.655263e+00 3.384211e+00 2.75909319e-04
7.435897e+00 2.655263e+00 3.589474e+00 2.55131192e-04
7.435897e+00 2.655263e+00 3.794737e+00 2.35606116e-04
7.435897e+00 2.655263e+00 4.000000e+00 2.17373075e-04
7.435897e+00 2.915789e+00 1.000000e-01 7.71036673e+00
7.435897e+00 2.915789e+00 3.052632e-01 1.51383772e-01
7.435897e+00 2.915789e+00 5.105263e-01 1.39961094e-02
7.435897e+00 2.915789e+00 7.157895e-01 1.96241587e-03
7.435897e+00 2.915789e+00 9.210526e-01 4.61801625e-04
7.435897e+00 2.915789e+00 1.126316e+00 2.56470084e-04
7.435897e+00 2.915789e+00 1.331579e+00 2.21699229e-04
7.435897e+00 2.915789e+00 1.536842e+00 2.09014339e-04
7.435897e+00 2.915789e+00 1.742105e+00 1.98704685e-04
7.435897e+00 2.915789e+00 1.947368e+00 1.88340637e-04
7.435897e+00 2.915789e+00 2.152632e+00 1.77767870e-04
7.435897e+00 2.915789e+00 2.357895e+00 1.67109160e-04
7.435897e+00 2.915789e+00 2.563158e+00 1.56505805e-04
7.435897e+00 2.915789e+00 2.768421e+00 1.46084189e-04
7.435897e+00 2.915789e+00 2.973684e+00 1.35953494e-04
7.435897e+00 2.915789e+00 3.178947e+00 1.26203144e-04
7.435897e+00 2.915789e+00 3.384211e+00 1.16901268e-04
7.435897e+00 2.915789e+00 3.589474e+00 1.08098335e-04
7.435897e+00 2.915789e+00 3.794737e+00 9.98258474e-05
7.435897e+00 2.915789e+00 4.000000e+00 9.21002138e-05
7.435897e+00 3.176316e+00 1.000000e-01 3.48614287e+00
7.435897e+00 3.176316e+00 3.052632e-01 6.83077425e-02
7.435897e+00 3.176316e+00 5.105263e-01 6.29431847e-03
7.435897e+00 3.176316e+00 7.157895e-01 8.72290402e-04
7.435897e+00 3.176316e+00 9.210526e-01 1.96923676e-04
7.435897e+00 3.176316e+00 1.126316e+00 1.04827435e-04
7.435897e+00 3.176316e+00 1.331579e+00 8.95649428e-05
7.435897e+00 3.176316e+00 1.536842e+00 8.42886730e-05
7.435897e+00 3.176316e+00 1.742105e+00 8.01129572e-05
7.435897e+00 3.176316e+00 1.947368e+00 7.59326504e-05
7.435897e+00 3.176316e+00 2.152632e+00 7.16704599e-05
7.435897e+00 3.176316e+00 2.357895e+00 6.73735703e-05
7.435897e+00 3.176316e+00 2.563158e+00 6.30988361e-05
7.435897e+00 3.176316e+00 2.768421e+00 5.88976145e-05
7.435897e+00 3.176316e+00 2.973684e+00 5.48134994e-05
7.435897e+00 3.176316e+00 3.178947e+00 5.08825397e-05
7.435897e+00 3.176316e+00 3.384211e+00 4.71325475e-05
7.435897e+00 3.176316e+00 3.589474e+00 4.35833790e-05
7.435897e+00 3.176316e+00 3.794737e+00 4.02480982e-05
7.435897e+00 3.176316e+00 4.000000e+00 3.71332681e-05
7.435897e+00 3.436842e+00 1.000000e-01 1.47282803e+00
7.435897e+00 3.436842e+00 3.052632e-01 2.88102590e-02
7.435897e+00 3.436842e+00 5.105263e-01 2.64766137e-03
7.435897e+00 3.436842e+00 7.157895e-01 3.63597122e-04
7.435897e+00 3.436842e+00 9.210526e-01 7.93583968e-05
7.435897e+00 3.436842e+00 1.126316e+00 4.07005646e-05
7.435897e+00 3.436842e+00 1.331579e+00 3.44014807e-05
7.435897e+00 3.436842e+00 1.536842e+00 3.23203967e-05
7.435897e+00 3.436842e+00 1.742105e+00 3.07126138e-05
7.435897e+00 3.436842e+00 1.947368e+00 2.91095312e-05
7.435897e+00 3.436842e+00 2.152632e+00 2.74755439e-05
7.435897e+00 3.436842e+00 2.357895e+00 2.58284308e-05
7.435897e+00 3.436842e+00 2.563158e+00 2.41898233e-05
7.435897e+00 3.436842e+00 2.768421e+00 2.25793046e-05
7.435897e+00 3.436842e+00 2.973684e+00 2.10137150e-05
7.435897e+00 3.436842e+00 3.178947e+00 1.95067732e-05
7.435897e+00 3.436842e+00 3.384211e+00 1.80692186e-05
7.435897e+00 3.436842e+00 3.589474e+00 1.67086291e-05
7.435897e+00 3.436842e+00 3.794737e+00 1.54299887e-05
7.435897e+00 3.436842e+00 4.000000e+00 1.42358022e-05
7.435897e+00 3.697368e+00 1.000000e-01 5.81426442e-01
7.435897e+00 3.697368e+00 3.052632e-01 1.13579296e-02
7.435897e+00 3.697368e+00 5.105263e-01 1.04158116e-03
7.435897e+00 3.697368e+00 7.157895e-01 1.42033969e-04
7.435897e+00 3.697368e+00 9.210526e-01 3.01739492e-05
7.435897e+00 3.697368e+00 1.126316e+00 1.49913021e-05
7.435897e+00 3.697368e+00 1.331579e+00 1.25496517e-05
7.435897e+00 3.697368e+00 1.536842e+00 1.17725140e-05
7.435897e+00 3.697368e+00 1.742105e+00 1.11847194e-05
7.435897e+00 3.697368e+00 1.947368e+00 1.06007228e-05
7.435897e+00 3.697368e+00 2.152632e+00 1.00056977e-05
7.435897e+00 3.697368e+00 2.357895e+00 9.40590689e-06
7.435897e+00 3.697368e+00 2.563158e+00 8.80920106e-06
7.435897e+00 3.697368e+00 2.768421e+00 8.22272887e-06
7.435897e+00 3.697368e+00 2.973684e+00 7.65262484e-06
7.435897e+00 3.697368e+00 3.178947e+00 7.10387667e-06
7.435897e+00 3.697368e+00 3.384211e+00 6.58036970e-06
7.435897e+00 3.697368e+00 3.589474e+00 6.08488244e-06
7.435897e+00 3.697368e+00 3.794737e+00 5.61923707e-06
7.435897e+00 3.697368e+00 4.000000e+00 5.18434581e-06
7.435897e+00 3.957895e+00 1.000000e-01 2.14472651e-01
7.435897e+00 3.957895e+00 3.052632e-01 4.18513082e-03
7.435897e+00 3.957895e+00 5.105263e-01 3.83165432e-04
7.435897e+00 3.957895e+00 7.157895e-01 5.19690730e-05
7.435897e+00 3.957895e+00 9.210526e-01 1.08085023e-05
7.435897e+00 3.957895e+00 1.126316e+00 5.23045537e-06
7.435897e+00 3.957895e+00 1.331579e+00 4.34238791e-06
7.435897e+00 3.957895e+00 1.536842e+00 4.06808340e-06
7.435897e+00 3.957895e+00 1.742105e+00 3.86430838e-06
7.435897e+00 3.957895e+00 1.947368e+00 3.66247332e-06
7.435897e+00 3.957895e+00 2.152632e+00 3.45690592e-06
7.435897e+00 3.957895e+00 2.357895e+00 3.24969528e-06
7.435897e+00 3.957895e+00 2.563158e+00 3.04354944e-06
7.435897e+00 3.957895e+00 2.768421e+00 2.84093903e-06
7.435897e+00 3.957895e+00 2.973684e+00 2.64397704e-06
7.435897e+00 3.957895e+00 3.178947e+00 2.45438900e-06
7.435897e+00 3.957895e+00 3.384211e+00 2.27352098e-06
7.435897e+00 3.957895e+00 3.589474e+00 2.10233475e-06
7.435897e+00 3.957895e+00 3.794737e+00 1.94145400e-06
7.435897e+00 3.957895e+00 4.000000e+00 1.79119843e-06
7.435897e+00 4.218421e+00 1.000000e-01 7.39234388e-02
7.435897e+00 4.218421e+00 3.052632e-01 1.44131132e-03
7.435897e+00 4.218421e+00 5.105263e-01 1.31791559e-04
7.435897e+00 4.218421e+00 7.157895e-01 1.78024529e-05
7.435897e+00 4.218421e+00 9.210526e-01 3.64248126e-06
7.435897e+00 4.218421e+00 1.126316e+00 1.72575426e-06
7.435897e+00 4.218421e+00 1.331579e+00 1.42292038e-06
7.435897e+00 4.218421e+00 1.536842e+00 1.33155140e-06
7.435897e+00 4.218421e+00 1.742105e+00 1.26467182e-06
7.435897e+00 4.218421e+00 1.947368e+00 1.19860135e-06
7.435897e+00 4.218421e+00 2.152632e+00 1.13132978e-06
7.435897e+00 4.218421e+00 2.357895e+00 1.06351683e-06
7.435897e+00 4.218421e+00 2.563158e+00 9.96055064e-07
7.435897e+00 4.218421e+00 2.768421e+00 9.29749774e-07
7.435897e+00 4.218421e+00 2.973684e+00 8.65291668e-07
7.435897e+00 4.218421e+00 3.178947e+00 8.03247758e-07
7.435897e+00 4.218421e+00 3.384211e+00 7.44057559e-07
7.435897e+00 4.218421e+00 3.589474e+00 6.88033367e-07
7.435897e+00 4.218421e+00 3.794737e+00 6.35383458e-07
7.435897e+00 4.218421e+00 4.000000e+00 5.86208103e-07
7.435897e+00 4.478947e+00 1.000000e-01 2.38080453e-02
7.435897e+00 4.478947e+00 3.052632e-01 4.63902950e-04
7.435897e+00 4.478947e+00 5.105263e-01 4.23786078e-05
7.435897e+00 4.478947e+00 7.157895e-01 5.70725115e-06
7.435897e+00 4.478947e+00 9.210526e-01 1.15340765e-06
7.435897e+00 4.478947e+00 1.126316e+00 5.37519782e-07
7.435897e+00 4.478947e+00 1.331579e+00 4.40763017e-07
7.435897e+00 4.478947e+00 1.536842e+00 4.12092646e-07
7.435897e+00 4.478947e+00 1.742105e+00 3.91348948e-07
7.435897e+00 4.478947e+00 1.947368e+00 3.70899329e-07
7.435897e+00 4.478947e+00 2.152632e+00 3.50082217e-07
7.435897e+00 4.478947e+00 2.357895e+00 3.29099123e-07
7.435897e+00 4.478947e+00 2.563158e+00 3.08224202e-07
7.435897e+00 4.478947e+00 2.768421e+00 2.87706740e-07
7.435897e+00 4.478947e+00 2.973684e+00 2.67761152e-07
7.435897e+00 4.478947e+00 3.178947e+00 2.48562884e-07
7.435897e+00 4.478947e+00 3.384211e+00 2.30246712e-07
7.435897e+00 4.478947e+00 3.589474e+00 2.12910820e-07
7.435897e+00 4.478947e+00 3.794737e+00 1.96617904e-07
7.435897e+00 4.478947e+00 4.000000e+00 1.81400921e-07
7.435897e+00 4.739474e+00 1.000000e-01 7.16463616e-03
7.435897e+00 4.739474e+00 3.052632e-01 1.39539305e-04
7.435897e+00 4.739474e+00 5.105263e-01 1.27384128e-05
7.435897e+00 4.739474e+00 7.157895e-01 1.71174258e-06
7.435897e+00 4.739474e+00 9.210526e-01 3.42796596e-07
7.435897e+00 4.739474e+00 1.126316e+00 1.57768710e-07
7.435897e+00 4.739474e+00 1.331579e+00 1.28820730e-07
7.435897e+00 4.739474e+00 1.536842e+00 1.20357512e-07
7.435897e+00 4.739474e+00 1.742105e+00 1.14288511e-07
7.435897e+00 4.739474e+00 1.947368e+00 1.08315724e-07
7.435897e+00 4.739474e+00 2.152632e+00 1.02236505e-07
7.435897e+00 4.739474e+00 2.357895e+00 9.61088347e-08
7.435897e+00 4.739474e+00 2.563158e+00 9.00127262e-08
7.435897e+00 4.739474e+00 2.768421e+00 8.40210106e-08
7.435897e+00 4.739474e+00 2.973684e+00 7.81964289e-08
7.435897e+00 4.739474e+00 3.178947e+00 7.25898346e-08
7.435897e+00 4.739474e+00 3.384211e+00 6.72409399e-08
7.435897e+00 4.739474e+00 3.589474e+00 6.21780956e-08
7.435897e+00 4.739474e+00 3.794737e+00 5.74199603e-08
7.435897e+00 4.739474e+00 4.000000e+00 5.29759916e-08
7.435897e+00 5.000000e+00 1.000000e-01 2.01462116e-03
7.435897e+00 5.000000e+00 3.052632e-01 3.92239454e-05
7.435897e+00 5.000000e+00 5.105263e-01 3.57893578e-06
7.435897e+00 5.000000e+00 7.157895e-01 4.80167387e-07
7.435897e+00 5.000000e+00 9.210526e-01 9.55289110e-08
7.435897e+00 5.000000e+00 1.126316e+00 4.35639791e-08
7.435897e+00 5.000000e+00 1.331579e+00 3.54582177e-08
7.435897e+00 5.000000e+00 1.536842e+00 3.31113164e-08
7.435897e+00 5.000000e+00 1.742105e+00 3.14396544e-08
7.435897e+00 5.000000e+00 1.947368e+00 2.97964018e-08
7.435897e+00 5.000000e+00 2.152632e+00 2.81240524e-08
7.435897e+00 5.000000e+00 2.357895e+00 2.64383928e-08
7.435897e+00 5.000000e+00 2.563158e+00 2.47614516e-08
7.435897e+00 5.000000e+00 2.768421e+00 2.31132589e-08
7.435897e+00 5.000000e+00 2.973684e+00 2.15110099e-08
7.435897e+00 5.000000e+00 3.178947e+00 1.99687200e-08
7.435897e+00 5.000000e+00 3.384211e+00 1.84973050e-08
7.435897e+00 5.000000e+00 3.589474e+00 1.71046057e-08
7.435897e+00 5.000000e+00 3.794737e+00 1.57956599e-08
7.435897e+00 5.000000e+00 4.000000e+00 1.45731880e-08
7.692307e+00 5.000000e-02 1.000000e-01 5.37802795e+02
7.692307e+00 5.000000e-02 3.052632e-01 1.12861099e+01
7.692307e+00 5.000000e-02 5.105263e-01 1.50161934e+00
7.692307e+00 5.000000e-02 7.157895e-01 5.56144774e-01
7.692307e+00 5.000000e-02 9.210526e-01 4.15298820e-01
7.692307e+00 5.000000e-02 1.126316e+00 3.82558435e-01
7.692307e+00 5.000000e-02 1.331579e+00 3.65348548e-01
7.692307e+00 5.000000e-02 1.536842e+00 3.49924147e-01
7.692307e+00 5.000000e-02 1.742105e+00 3.34140569e-01
7.692307e+00 5.000000e-02 1.947368e+00 3.17761689e-01
7.692307e+00 5.000000e-02 2.152632e+00 3.00926715e-01
7.692307e+00 5.000000e-02 2.357895e+00 2.83848643e-01
7.692307e+00 5.000000e-02 2.563158e+00 2.66756356e-01
7.692307e+00 5.000000e-02 2.768421e+00 2.49860942e-01
7.692307e+00 5.000000e-02 2.973684e+00 2.33341977e-01
7.692307e+00 5.000000e-02 3.178947e+00 2.17354044e-01
7.692307e+00 5.000000e-02 3.384211e+00 2.02017605e-01
7.692307e+00 5.000000e-02 3.589474e+00 1.87421799e-01
7.692307e+00 5.000000e-02 3.794737e+00 1.73629761e-01
7.692307e+00 5.000000e-02 4.000000e+00 1.60679147e-01
7.692307e+00 3.105263e-01 1.000000e-01 5.12845337e+02
7.692307e+00 3.105263e-01 3.052632e-01 1.05284767e+01
7.692307e+00 3.105263e-01 5.105263e-01 1.21285021e+00
7.692307e+00 3.105263e-01 7.157895e-01 3.21541429e-01
7.692307e+00 3.105263e-01 9.210526e-01 1.95022687e-01
7.692307e+00 3.105263e-01 1.126316e+00 1.70893610e-01
7.692307e+00 3.105263e-01 1.331579e+00 1.61668271e-01
7.692307e+00 3.105263e-01 1.536842e+00 1.54525548e-01
7.692307e+00 3.105263e-01 1.742105e+00 1.47473812e-01
7.692307e+00 3.105263e-01 1.947368e+00 1.40223190e-01
7.692307e+00 3.105263e-01 2.152632e+00 1.32790163e-01
7.692307e+00 3.105263e-01 2.357895e+00 1.25257909e-01
7.692307e+00 3.105263e-01 2.563158e+00 1.17720760e-01
7.692307e+00 3.105263e-01 2.768421e+00 1.10270336e-01
7.692307e+00 3.105263e-01 2.973684e+00 1.02985546e-01
7.692307e+00 3.105263e-01 3.178947e+00 9.59333256e-02
7.692307e+00 3.105263e-01 3.384211e+00 8.91678259e-02
7.692307e+00 3.105263e-01 3.589474e+00 8.27277452e-02
7.692307e+00 3.105263e-01 3.794737e+00 7.66415223e-02
7.692307e+00 3.105263e-01 4.000000e+00 7.09253252e-02
7.692307e+00 5.710526e-01 1.000000e-01 4.57061432e+02
7.692307e+00 5.710526e-01 3.052632e-01 9.30168056e+00
7.692307e+00 5.710526e-01 5.105263e-01 1.01463592e+00
7.692307e+00 5.710526e-01 7.157895e-01 2.25651860e-01
7.692307e+00 5.710526e-01 9.210526e-01 1.15691617e-01
7.692307e+00 5.710526e-01 1.126316e+00 9.63912085e-02
7.692307e+00 5.710526e-01 1.331579e+00 9.02967826e-02
7.692307e+00 5.710526e-01 1.536842e+00 8.61332119e-02
7.692307e+00 5.710526e-01 1.742105e+00 8.21596533e-02
7.692307e+00 5.710526e-01 1.947368e+00 7.81080127e-02
7.692307e+00 5.710526e-01 2.152632e+00 7.39652216e-02
7.692307e+00 5.710526e-01 2.357895e+00 6.97707087e-02
7.692307e+00 5.710526e-01 2.563158e+00 6.55746162e-02
7.692307e+00 5.710526e-01 2.768421e+00 6.14265725e-02
7.692307e+00 5.710526e-01 2.973684e+00 5.73705472e-02
7.692307e+00 5.710526e-01 3.178947e+00 5.34438528e-02
7.692307e+00 5.710526e-01 3.384211e+00 4.96762022e-02
7.692307e+00 5.710526e-01 3.589474e+00 4.60892059e-02
7.692307e+00 5.710526e-01 3.794737e+00 4.26987745e-02
7.692307e+00 5.710526e-01 4.000000e+00 3.95145416e-02
7.692307e+00 8.315790e-01 1.000000e-01 3.80614716e+02
7.692307e+00 8.315790e-01 3.052632e-01 7.69835091e+00
7.692307e+00 8.315790e-01 5.105263e-01 8.13922346e-01
7.692307e+00 8.315790e-01 7.157895e-01 1.61275536e-01
7.692307e+00 8.315790e-01 9.210526e-01 7.13256299e-02
7.692307e+00 8.315790e-01 1.126316e+00 5.62989227e-02
7.692307e+00 8.315790e-01 1.331579e+00 5.21674119e-02
7.692307e+00 8.315790e-01 1.536842e+00 4.96544652e-02
7.692307e+00 8.315790e-01 1.742105e+00 4.73390520e-02
7.692307e+00 8.315790e-01 1.947368e+00 4.49978746e-02
7.692307e+00 8.315790e-01 2.152632e+00 4.26095687e-02
7.692307e+00 8.315790e-01 2.357895e+00 4.01934013e-02
7.692307e+00 8.315790e-01 2.563158e+00 3.77769768e-02
7.692307e+00 8.315790e-01 2.768421e+00 3.53882127e-02
7.692307e+00 8.315790e-01 2.973684e+00 3.30525897e-02
7.692307e+00 8.315790e-01 3.178947e+00 3.07910237e-02
7.692307e+00 8.315790e-01 3.384211e+00 2.86208279e-02
7.692307e+00 8.315790e-01 3.589474e+00 2.65546646e-02
7.692307e+00 8.315790e-01 3.794737e+00 2.46015452e-02
7.692307e+00 8.315790e-01 4.000000e+00 2.27669869e-02
7.692307e+00 1.092105e+00 1.000000e-01 2.96147919e+02
7.692307e+00 1.092105e+00 3.052632e-01 5.95817375e+00
7.692307e+00 1.092105e+00 5.105263e-01 6.16880953e-01
7.692307e+00 1.092105e+00 7.157895e-01 1.12650104e-01
7.692307e+00 1.092105e+00 9.210526e-01 4.37120311e-02
7.692307e+00 1.092105e+00 1.126316e+00 3.25726233e-02
7.692307e+00 1.092105e+00 1.331579e+00 2.98167784e-02
7.692307e+00 1.092105e+00 1.536842e+00 2.83141285e-02
7.692307e+00 1.092105e+00 1.742105e+00 2.69792452e-02
7.692307e+00 1.092105e+00 1.947368e+00 2.56410297e-02
7.692307e+00 1.092105e+00 2.152632e+00 2.42791958e-02
7.692307e+00 1.092105e+00 2.357895e+00 2.29024459e-02
7.692307e+00 1.092105e+00 2.563158e+00 2.15258636e-02
7.692307e+00 1.092105e+00 2.768421e+00 2.01651715e-02
7.692307e+00 1.092105e+00 2.973684e+00 1.88346636e-02
7.692307e+00 1.092105e+00 3.178947e+00 1.75463110e-02
7.692307e+00 1.092105e+00 3.384211e+00 1.63098667e-02
7.692307e+00 1.092105e+00 3.589474e+00 1.51326489e-02
7.692307e+00 1.092105e+00 3.794737e+00 1.40197603e-02
7.692307e+00 1.092105e+00 4.000000e+00 1.29743125e-02
7.692307e+00 1.352632e+00 1.000000e-01 2.15300842e+02
7.692307e+00 1.352632e+00 3.052632e-01 4.31027794e+00
7.692307e+00 1.352632e+00 5.105263e-01 4.39457089e-01
7.692307e+00 1.352632e+00 7.157895e-01 7.55827129e-02
7.692307e+00 1.352632e+00 9.210526e-01 2.61474252e-02
7.692307e+00 1.352632e+00 1.126316e+00 1.83481500e-02
7.692307e+00 1.352632e+00 1.331579e+00 1.65712442e-02
7.692307e+00 1.352632e+00 1.536842e+00 1.56961270e-02
7.692307e+00 1.352632e+00 1.742105e+00 1.49477841e-02
7.692307e+00 1.352632e+00 1.947368e+00 1.42042525e-02
7.692307e+00 1.352632e+00 2.152632e+00 1.34492265e-02
7.692307e+00 1.352632e+00 2.357895e+00 1.26865506e-02
7.692307e+00 1.352632e+00 2.563158e+00 1.19241830e-02
7.692307e+00 1.352632e+00 2.768421e+00 1.11706546e-02
7.692307e+00 1.352632e+00 2.973684e+00 1.04337726e-02
7.692307e+00 1.352632e+00 3.178947e+00 9.72021092e-03
7.692307e+00 1.352632e+00 3.384211e+00 9.03536845e-03
7.692307e+00 1.352632e+00 3.589474e+00 8.38327408e-03
7.692307e+00 1.352632e+00 3.794737e+00 7.76682515e-03
7.692307e+00 1.352632e+00 4.000000e+00 7.18766730e-03
7.692307e+00 1.613158e+00 1.000000e-01 1.46252075e+02
7.692307e+00 1.613158e+00 3.052632e-01 2.91427088e+00
7.692307e+00 1.613158e+00 5.105263e-01 2.93594003e-01
7.692307e+00 1.613158e+00 7.157895e-01 4.82683629e-02
7.692307e+00 1.613158e+00 9.210526e-01 1.51122818e-02
7.692307e+00 1.613158e+00 1.126316e+00 9.97389201e-03
7.692307e+00 1.613158e+00 1.331579e+00 8.87713954e-03
7.692307e+00 1.613158e+00 1.536842e+00 8.38531088e-03
7.692307e+00 1.613158e+00 1.742105e+00 7.98095763e-03
7.692307e+00 1.613158e+00 1.947368e+00 7.58280652e-03
7.692307e+00 1.613158e+00 2.152632e+00 7.17945257e-03
7.692307e+00 1.613158e+00 2.357895e+00 6.77228672e-03
7.692307e+00 1.613158e+00 2.563158e+00 6.36538304e-03
7.692307e+00 1.613158e+00 2.768421e+00 5.96319837e-03
7.692307e+00 1.613158e+00 2.973684e+00 5.56990039e-03
7.692307e+00 1.613158e+00 3.178947e+00 5.18905977e-03
7.692307e+00 1.613158e+00 3.384211e+00 4.82351100e-03
7.692307e+00 1.613158e+00 3.589474e+00 4.47543245e-03
7.692307e+00 1.613158e+00 3.794737e+00 4.14635241e-03
7.692307e+00 1.613158e+00 4.000000e+00 3.83718265e-03
7.692307e+00 1.873684e+00 1.000000e-01 9.28288956e+01
7.692307e+00 1.873684e+00 3.052632e-01 1.84160781e+00
7.692307e+00 1.873684e+00 5.105263e-01 1.83747470e-01
7.692307e+00 1.873684e+00 7.157895e-01 2.91816965e-02
7.692307e+00 1.873684e+00 9.210526e-01 8.38401355e-03
7.692307e+00 1.873684e+00 1.126316e+00 5.20480145e-03
7.692307e+00 1.873684e+00 1.331579e+00 4.56062239e-03
7.692307e+00 1.873684e+00 1.536842e+00 4.29535657e-03
7.692307e+00 1.873684e+00 1.742105e+00 4.08579595e-03
7.692307e+00 1.873684e+00 1.947368e+00 3.88138788e-03
7.692307e+00 1.873684e+00 2.152632e+00 3.67477164e-03
7.692307e+00 1.873684e+00 2.357895e+00 3.46633280e-03
7.692307e+00 1.873684e+00 2.563158e+00 3.25807952e-03
7.692307e+00 1.873684e+00 2.768421e+00 3.05225956e-03
7.692307e+00 1.873684e+00 2.973684e+00 2.85098678e-03
7.692307e+00 1.873684e+00 3.178947e+00 2.65608239e-03
7.692307e+00 1.873684e+00 3.384211e+00 2.46899785e-03
7.692307e+00 1.873684e+00 3.589474e+00 2.29084399e-03
7.692307e+00 1.873684e+00 3.794737e+00 2.12240755e-03
7.692307e+00 1.873684e+00 4.000000e+00 1.96415419e-03
7.692307e+00 2.134211e+00 1.000000e-01 5.50546684e+01
7.692307e+00 2.134211e+00 3.052632e-01 1.08776104e+00
7.692307e+00 2.134211e+00 5.105263e-01 1.07671529e-01
7.692307e+00 2.134211e+00 7.157895e-01 1.66457836e-02
7.692307e+00 2.134211e+00 9.210526e-01 4.44400590e-03
7.692307e+00 2.134211e+00 1.126316e+00 2.59871874e-03
7.692307e+00 2.134211e+00 1.331579e+00 2.24010949e-03
7.692307e+00 2.134211e+00 1.536842e+00 2.10333150e-03
7.692307e+00 2.134211e+00 1.742105e+00 1.99950277e-03
7.692307e+00 2.134211e+00 1.947368e+00 1.89918024e-03
7.692307e+00 2.134211e+00 2.152632e+00 1.79800647e-03
7.692307e+00 2.134211e+00 2.357895e+00 1.69601187e-03
7.692307e+00 2.134211e+00 2.563158e+00 1.59412506e-03
7.692307e+00 2.134211e+00 2.768421e+00 1.49343233e-03
7.692307e+00 2.134211e+00 2.973684e+00 1.39496208e-03
7.692307e+00 2.134211e+00 3.178947e+00 1.29961129e-03
7.692307e+00 2.134211e+00 3.384211e+00 1.20808138e-03
7.692307e+00 2.134211e+00 3.589474e+00 1.12091866e-03
7.692307e+00 2.134211e+00 3.794737e+00 1.03850418e-03
7.692307e+00 2.134211e+00 4.000000e+00 9.61072161e-04
7.692307e+00 2.394737e+00 1.000000e-01 3.05098267e+01
7.692307e+00 2.394737e+00 3.052632e-01 6.00574851e-01
7.692307e+00 2.394737e+00 5.105263e-01 5.90551421e-02
7.692307e+00 2.394737e+00 7.157895e-01 8.93894024e-03
7.692307e+00 2.394737e+00 9.210526e-01 2.24274420e-03
7.692307e+00 2.394737e+00 1.126316e+00 1.23865122e-03
7.692307e+00 2.394737e+00 1.331579e+00 1.04995247e-03
7.692307e+00 2.394737e+00 1.536842e+00 9.82714933e-04
7.692307e+00 2.394737e+00 1.742105e+00 9.33625211e-04
7.692307e+00 2.394737e+00 1.947368e+00 8.86656402e-04
7.692307e+00 2.394737e+00 2.152632e+00 8.39387125e-04
7.692307e+00 2.394737e+00 2.357895e+00 7.91763130e-04
7.692307e+00 2.394737e+00 2.563158e+00 7.44199147e-04
7.692307e+00 2.394737e+00 2.768421e+00 6.97197684e-04
7.692307e+00 2.394737e+00 2.973684e+00 6.51236391e-04
7.692307e+00 2.394737e+00 3.178947e+00 6.06725516e-04
7.692307e+00 2.394737e+00 3.384211e+00 5.63997601e-04
7.692307e+00 2.394737e+00 3.589474e+00 5.23308467e-04
7.692307e+00 2.394737e+00 3.794737e+00 4.84833901e-04
7.692307e+00 2.394737e+00 4.000000e+00 4.48684877e-04
7.692307e+00 2.655263e+00 1.000000e-01 1.57987156e+01
7.692307e+00 2.655263e+00 3.052632e-01 3.09968293e-01
7.692307e+00 2.655263e+00 5.105263e-01 3.03118154e-02
7.692307e+00 2.655263e+00 7.157895e-01 4.51231282e-03
7.692307e+00 2.655263e+00 9.210526e-01 1.07466173e-03
7.692307e+00 2.655263e+00 1.126316e+00 5.62664878e-04
7.692307e+00 2.655263e+00 1.331579e+00 4.69008693e-04
7.692307e+00 2.655263e+00 1.536842e+00 4.37564333e-04
7.692307e+00 2.655263e+00 1.742105e+00 4.15451097e-04
7.692307e+00 2.655263e+00 1.947368e+00 3.94492439e-04
7.692307e+00 2.655263e+00 2.152632e+00 3.73446674e-04
7.692307e+00 2.655263e+00 2.357895e+00 3.52255098e-04
7.692307e+00 2.655263e+00 2.563158e+00 3.31095507e-04
7.692307e+00 2.655263e+00 2.768421e+00 3.10186559e-04
7.692307e+00 2.655263e+00 2.973684e+00 2.89739895e-04
7.692307e+00 2.655263e+00 3.178947e+00 2.69938144e-04
7.692307e+00 2.655263e+00 3.384211e+00 2.50930083e-04
7.692307e+00 2.655263e+00 3.589474e+00 2.32828068e-04
7.692307e+00 2.655263e+00 3.794737e+00 2.15710999e-04
7.692307e+00 2.655263e+00 4.000000e+00 1.99627611e-04
7.692307e+00 2.915789e+00 1.000000e-01 7.64439154e+00
7.692307e+00 2.915789e+00 3.052632e-01 1.49553210e-01
7.692307e+00 2.915789e+00 5.105263e-01 1.45581653e-02
7.692307e+00 2.915789e+00 7.157895e-01 2.13880395e-03
7.692307e+00 2.915789e+00 9.210526e-01 4.87832935e-04
7.692307e+00 2.915789e+00 1.126316e+00 2.43265808e-04
7.692307e+00 2.915789e+00 1.331579e+00 1.99487069e-04
7.692307e+00 2.915789e+00 1.536842e+00 1.85522062e-04
7.692307e+00 2.915789e+00 1.742105e+00 1.76039975e-04
7.692307e+00 2.915789e+00 1.947368e+00 1.67136546e-04
7.692307e+00 2.915789e+00 2.152632e+00 1.58214083e-04
7.692307e+00 2.915789e+00 2.357895e+00 1.49234678e-04
7.692307e+00 2.915789e+00 2.563158e+00 1.40270422e-04
7.692307e+00 2.915789e+00 2.768421e+00 1.31412802e-04
7.692307e+00 2.915789e+00 2.973684e+00 1.22751284e-04
7.692307e+00 2.915789e+00 3.178947e+00 1.14362869e-04
7.692307e+00 2.915789e+00 3.384211e+00 1.06310363e-04
7.692307e+00 2.915789e+00 3.589474e+00 9.86414234e-05
7.692307e+00 2.915789e+00 3.794737e+00 9.13898257e-05
7.692307e+00 2.915789e+00 4.000000e+00 8.45759278e-05
7.692307e+00 3.176316e+00 1.000000e-01 3.45622921e+00
7.692307e+00 3.176316e+00 3.052632e-01 6.74529821e-02
7.692307e+00 3.176316e+00 5.105263e-01 6.54163817e-03
7.692307e+00 3.176316e+00 7.157895e-01 9.51126625e-04
7.692307e+00 3.176316e+00 9.210526e-01 2.09385253e-04
7.692307e+00 3.176316e+00 1.126316e+00 9.99776748e-05
7.692307e+00 3.176316e+00 1.331579e+00 8.07283213e-05
7.692307e+00 3.176316e+00 1.536842e+00 7.48485254e-05
7.692307e+00 3.176316e+00 1.742105e+00 7.09823144e-05
7.692307e+00 3.176316e+00 1.947368e+00 6.73836767e-05
7.692307e+00 3.176316e+00 2.152632e+00 6.37841949e-05
7.692307e+00 3.176316e+00 2.357895e+00 6.01637294e-05
7.692307e+00 3.176316e+00 2.563158e+00 5.65496957e-05
7.692307e+00 3.176316e+00 2.768421e+00 5.29791068e-05
7.692307e+00 3.176316e+00 2.973684e+00 4.94873930e-05
7.692307e+00 3.176316e+00 3.178947e+00 4.61058153e-05
7.692307e+00 3.176316e+00 3.384211e+00 4.28596759e-05
7.692307e+00 3.176316e+00 3.589474e+00 3.97680815e-05
7.692307e+00 3.176316e+00 3.794737e+00 3.68445399e-05
7.692307e+00 3.176316e+00 4.000000e+00 3.40974111e-05
7.692307e+00 3.436842e+00 1.000000e-01 1.46016109e+00
7.692307e+00 3.436842e+00 3.052632e-01 2.84397509e-02
7.692307e+00 3.436842e+00 5.105263e-01 2.74977484e-03
7.692307e+00 3.436842e+00 7.157895e-01 3.96562886e-04
7.692307e+00 3.436842e+00 9.210526e-01 8.48337222e-05
7.692307e+00 3.436842e+00 1.126316e+00 3.90087989e-05
7.692307e+00 3.436842e+00 1.331579e+00 3.10557552e-05
7.692307e+00 3.436842e+00 1.536842e+00 2.87124458e-05
7.692307e+00 3.436842e+00 1.742105e+00 2.72147900e-05
7.692307e+00 3.436842e+00 1.947368e+00 2.58319960e-05
7.692307e+00 3.436842e+00 2.152632e+00 2.44513685e-05
7.692307e+00 3.436842e+00 2.357895e+00 2.30632904e-05
7.692307e+00 3.436842e+00 2.563158e+00 2.16779063e-05
7.692307e+00 3.436842e+00 2.768421e+00 2.03091604e-05
7.692307e+00 3.436842e+00 2.973684e+00 1.89707971e-05
7.692307e+00 3.436842e+00 3.178947e+00 1.76745361e-05
7.692307e+00 3.436842e+00 3.384211e+00 1.64302164e-05
7.692307e+00 3.436842e+00 3.589474e+00 1.52451148e-05
7.692307e+00 3.436842e+00 3.794737e+00 1.41243991e-05
7.692307e+00 3.436842e+00 4.000000e+00 1.30712988e-05
7.692307e+00 3.697368e+00 1.000000e-01 5.76417029e-01
7.692307e+00 3.697368e+00 3.052632e-01 1.12086879e-02
7.692307e+00 3.697368e+00 5.105263e-01 1.08113827e-03
7.692307e+00 3.697368e+00 7.157895e-01 1.54934576e-04
7.692307e+00 3.697368e+00 9.210526e-01 3.23956010e-05
7.692307e+00 3.697368e+00 1.126316e+00 1.44296937e-05
7.692307e+00 3.697368e+00 1.331579e+00 1.13447959e-05
7.692307e+00 3.697368e+00 1.536842e+00 1.04621513e-05
7.692307e+00 3.697368e+00 1.742105e+00 9.91174329e-06
7.692307e+00 3.697368e+00 1.947368e+00 9.40712744e-06
7.692307e+00 3.697368e+00 2.152632e+00 8.90409592e-06
7.692307e+00 3.697368e+00 2.357895e+00 8.39855693e-06
7.692307e+00 3.697368e+00 2.563158e+00 7.89407204e-06
7.692307e+00 3.697368e+00 2.768421e+00 7.39568259e-06
7.692307e+00 3.697368e+00 2.973684e+00 6.90832576e-06
7.692307e+00 3.697368e+00 3.178947e+00 6.43632166e-06
7.692307e+00 3.697368e+00 3.384211e+00 5.98320094e-06
7.692307e+00 3.697368e+00 3.589474e+00 5.55164570e-06
7.692307e+00 3.697368e+00 3.794737e+00 5.14353633e-06
7.692307e+00 3.697368e+00 4.000000e+00 4.76004971e-06
7.692307e+00 3.957895e+00 1.000000e-01 2.12622121e-01
7.692307e+00 3.957895e+00 3.052632e-01 4.12921421e-03
7.692307e+00 3.957895e+00 5.105263e-01 3.97537049e-04
7.692307e+00 3.957895e+00 7.157895e-01 5.66937742e-05
7.692307e+00 3.957895e+00 9.210526e-01 1.16441233e-05
7.692307e+00 3.957895e+00 1.126316e+00 5.05266598e-06
7.692307e+00 3.957895e+00 1.331579e+00 3.93014625e-06
7.692307e+00 3.957895e+00 1.536842e+00 3.61641810e-06
7.692307e+00 3.957895e+00 1.742105e+00 3.42475028e-06
7.692307e+00 3.957895e+00 1.947368e+00 3.25010319e-06
7.692307e+00 3.957895e+00 2.152632e+00 3.07622759e-06
7.692307e+00 3.957895e+00 2.357895e+00 2.90155754e-06
7.692307e+00 3.957895e+00 2.563158e+00 2.72726879e-06
7.692307e+00 3.957895e+00 2.768421e+00 2.55508780e-06
7.692307e+00 3.957895e+00 2.973684e+00 2.38672214e-06
7.692307e+00 3.957895e+00 3.178947e+00 2.22365929e-06
7.692307e+00 3.957895e+00 3.384211e+00 2.06711525e-06
7.692307e+00 3.957895e+00 3.589474e+00 1.91802633e-06
7.692307e+00 3.957895e+00 3.794737e+00 1.77703100e-06
7.692307e+00 3.957895e+00 4.000000e+00 1.64454332e-06
7.692307e+00 4.218421e+00 1.000000e-01 7.32849240e-02
7.692307e+00 4.218421e+00 3.052632e-01 1.42181001e-03
7.692307e+00 4.218421e+00 5.105263e-01 1.36686911e-04
7.692307e+00 4.218421e+00 7.157895e-01 1.94217628e-05
7.692307e+00 4.218421e+00 9.210526e-01 3.93451410e-06
7.692307e+00 4.218421e+00 1.126316e+00 1.67199664e-06
7.692307e+00 4.218421e+00 1.331579e+00 1.28909937e-06
7.692307e+00 4.218421e+00 1.536842e+00 1.18402181e-06
7.692307e+00 4.218421e+00 1.742105e+00 1.12088674e-06
7.692307e+00 4.218421e+00 1.947368e+00 1.06364553e-06
7.692307e+00 4.218421e+00 2.152632e+00 1.00672503e-06
7.692307e+00 4.218421e+00 2.357895e+00 9.49556238e-07
7.692307e+00 4.218421e+00 2.563158e+00 8.92518358e-07
7.692307e+00 4.218421e+00 2.768421e+00 8.36173285e-07
7.692307e+00 4.218421e+00 2.973684e+00 7.81076153e-07
7.692307e+00 4.218421e+00 3.178947e+00 7.27713314e-07
7.692307e+00 4.218421e+00 3.384211e+00 6.76485513e-07
7.692307e+00 4.218421e+00 3.589474e+00 6.27695044e-07
7.692307e+00 4.218421e+00 3.794737e+00 5.81553820e-07
7.692307e+00 4.218421e+00 4.000000e+00 5.38194854e-07
7.692307e+00 4.478947e+00 1.000000e-01 2.36022267e-02
7.692307e+00 4.478947e+00 3.052632e-01 4.57566668e-04
7.692307e+00 4.478947e+00 5.105263e-01 4.39410505e-05
7.692307e+00 4.478947e+00 7.157895e-01 6.22651214e-06
7.692307e+00 4.478947e+00 9.210526e-01 1.24839619e-06
7.692307e+00 4.478947e+00 1.126316e+00 5.21984873e-07
7.692307e+00 4.478947e+00 1.331579e+00 3.99625804e-07
7.692307e+00 4.478947e+00 1.536842e+00 3.66511244e-07
7.692307e+00 4.478947e+00 1.742105e+00 3.46871730e-07
7.692307e+00 4.478947e+00 1.947368e+00 3.29138601e-07
7.692307e+00 4.478947e+00 2.152632e+00 3.11519216e-07
7.692307e+00 4.478947e+00 2.357895e+00 2.93828208e-07
7.692307e+00 4.478947e+00 2.563158e+00 2.76178469e-07
7.692307e+00 4.478947e+00 2.768421e+00 2.58743825e-07
7.692307e+00 4.478947e+00 2.973684e+00 2.41694948e-07
7.692307e+00 4.478947e+00 3.178947e+00 2.25183371e-07
7.692307e+00 4.478947e+00 3.384211e+00 2.09331617e-07
7.692307e+00 4.478947e+00 3.589474e+00 1.94234133e-07
7.692307e+00 4.478947e+00 3.794737e+00 1.79956359e-07
7.692307e+00 4.478947e+00 4.000000e+00 1.66539323e-07
7.692307e+00 4.739474e+00 1.000000e-01 7.10266037e-03
7.692307e+00 4.739474e+00 3.052632e-01 1.37620285e-04
7.692307e+00 4.739474e+00 5.105263e-01 1.32054784e-05
7.692307e+00 4.739474e+00 7.157895e-01 1.86750299e-06
7.692307e+00 4.739474e+00 9.210526e-01 3.71582530e-07
7.692307e+00 4.739474e+00 1.126316e+00 1.53480826e-07
7.692307e+00 4.739474e+00 1.331579e+00 1.16868627e-07
7.692307e+00 4.739474e+00 1.536842e+00 1.07062199e-07
7.692307e+00 4.739474e+00 1.742105e+00 1.01303513e-07
7.692307e+00 4.739474e+00 1.947368e+00 9.61200897e-08
7.692307e+00 4.739474e+00 2.152632e+00 9.09735860e-08
7.692307e+00 4.739474e+00 2.357895e+00 8.58068603e-08
7.692307e+00 4.739474e+00 2.563158e+00 8.06527751e-08
7.692307e+00 4.739474e+00 2.768421e+00 7.55611467e-08
7.692307e+00 4.739474e+00 2.973684e+00 7.05826366e-08
7.692307e+00 4.739474e+00 3.178947e+00 6.57607444e-08
7.692307e+00 4.739474e+00 3.384211e+00 6.11316722e-08
7.692307e+00 4.739474e+00 3.589474e+00 5.67227509e-08
7.692307e+00 4.739474e+00 3.794737e+00 5.25531831e-08
7.692307e+00 4.739474e+00 4.000000e+00 4.86350054e-08
7.692307e+00 5.000000e+00 1.000000e-01 1.99718750e-03
7.692307e+00 5.000000e+00 3.052632e-01 3.86818683e-05
7.692307e+00 5.000000e+00 5.105263e-01 3.70963767e-06
7.692307e+00 5.000000e+00 7.157895e-01 5.23863037e-07
7.692307e+00 5.000000e+00 9.210526e-01 1.03662927e-07
7.692307e+00 5.000000e+00 1.126316e+00 4.24357154e-08
7.692307e+00 5.000000e+00 1.331579e+00 3.21828821e-08
7.692307e+00 5.000000e+00 1.536842e+00 2.94572668e-08
7.692307e+00 5.000000e+00 1.742105e+00 2.78683938e-08
7.692307e+00 5.000000e+00 1.947368e+00 2.64415068e-08
7.692307e+00 5.000000e+00 2.152632e+00 2.50255408e-08
7.692307e+00 5.000000e+00 2.357895e+00 2.36041640e-08
7.692307e+00 5.000000e+00 2.563158e+00 2.21863417e-08
7.692307e+00 5.000000e+00 2.768421e+00 2.07857696e-08
7.692307e+00 5.000000e+00 2.973684e+00 1.94162659e-08
7.692307e+00 5.000000e+00 3.178947e+00 1.80898567e-08
7.692307e+00 5.000000e+00 3.384211e+00 1.68164540e-08
7.692307e+00 5.000000e+00 3.589474e+00 1.56036712e-08
7.692307e+00 5.000000e+00 3.794737e+00 1.44566679e-08
7.692307e+00 5.000000e+00 4.000000e+00 1.33788465e-08
7.948718e+00 5.000000e-02 1.000000e-01 5.29672546e+02
7.948718e+00 5.000000e-02 3.052632e-01 1.12011518e+01
7.948718e+00 5.000000e-02 5.105263e-01 1.50485373e+00
7.948718e+00 5.000000e-02 7.157895e-01 5.22830725e-01
7.948718e+00 5.000000e-02 9.210526e-01 3.70744586e-01
7.948718e+00 5.000000e-02 1.126316e+00 3.37338507e-01
7.948718e+00 5.000000e-02 1.331579e+00 3.22303146e-01
7.948718e+00 5.000000e-02 1.536842e+00 3.09624225e-01
7.948718e+00 5.000000e-02 1.742105e+00 2.96655476e-01
7.948718e+00 5.000000e-02 1.947368e+00 2.83063173e-01
7.948718e+00 5.000000e-02 2.152632e+00 2.68966198e-01
7.948718e+00 5.000000e-02 2.357895e+00 2.54560113e-01
7.948718e+00 5.000000e-02 2.563158e+00 2.40051672e-01
7.948718e+00 5.000000e-02 2.768421e+00 2.25622118e-01
7.948718e+00 5.000000e-02 2.973684e+00 2.11435184e-01
7.948718e+00 5.000000e-02 3.178947e+00 1.97622716e-01
7.948718e+00 5.000000e-02 3.384211e+00 1.84294075e-01
7.948718e+00 5.000000e-02 3.589474e+00 1.71536043e-01
7.948718e+00 5.000000e-02 3.794737e+00 1.59409314e-01
7.948718e+00 5.000000e-02 4.000000e+00 1.47955298e-01
7.948718e+00 3.105263e-01 1.000000e-01 5.05101044e+02
7.948718e+00 3.105263e-01 3.052632e-01 1.04724579e+01
7.948718e+00 3.105263e-01 5.105263e-01 1.24396324e+00
7.948718e+00 3.105263e-01 7.157895e-01 3.16973269e-01
7.948718e+00 3.105263e-01 9.210526e-01 1.77998677e-01
7.948718e+00 3.105263e-01 1.126316e+00 1.51481897e-01
7.948718e+00 3.105263e-01 1.331579e+00 1.42709151e-01
7.948718e+00 3.105263e-01 1.536842e+00 1.36678457e-01
7.948718e+00 3.105263e-01 1.742105e+00 1.30860254e-01
7.948718e+00 3.105263e-01 1.947368e+00 1.24847896e-01
7.948718e+00 3.105263e-01 2.152632e+00 1.18631348e-01
7.948718e+00 3.105263e-01 2.357895e+00 1.12283863e-01
7.948718e+00 3.105263e-01 2.563158e+00 1.05891041e-01
7.948718e+00 3.105263e-01 2.768421e+00 9.95317549e-02
7.948718e+00 3.105263e-01 2.973684e+00 9.32780951e-02
7.948718e+00 3.105263e-01 3.178947e+00 8.71886462e-02
7.948718e+00 3.105263e-01 3.384211e+00 8.13120678e-02
7.948718e+00 3.105263e-01 3.589474e+00 7.56854787e-02
7.948718e+00 3.105263e-01 3.794737e+00 7.03365281e-02
7.948718e+00 3.105263e-01 4.000000e+00 6.52839392e-02
7.948718e+00 5.710526e-01 1.000000e-01 4.50149017e+02
7.948718e+00 5.710526e-01 3.052632e-01 9.25420761e+00
7.948718e+00 5.710526e-01 5.105263e-01 1.04901242e+00
7.948718e+00 5.710526e-01 7.157895e-01 2.29051724e-01
7.948718e+00 5.710526e-01 9.210526e-01 1.07789792e-01
7.948718e+00 5.710526e-01 1.126316e+00 8.59288052e-02
7.948718e+00 5.710526e-01 1.331579e+00 7.97834173e-02
7.948718e+00 5.710526e-01 1.536842e+00 7.61739835e-02
7.948718e+00 5.710526e-01 1.742105e+00 7.28781596e-02
7.948718e+00 5.710526e-01 1.947368e+00 6.95181638e-02
7.948718e+00 5.710526e-01 2.152632e+00 6.60561472e-02
7.948718e+00 5.710526e-01 2.357895e+00 6.25240430e-02
7.948718e+00 5.710526e-01 2.563158e+00 5.89665771e-02
7.948718e+00 5.710526e-01 2.768421e+00 5.54280467e-02
7.948718e+00 5.710526e-01 2.973684e+00 5.19475043e-02
7.948718e+00 5.710526e-01 3.178947e+00 4.85577770e-02
7.948718e+00 5.710526e-01 3.384211e+00 4.52861972e-02
7.948718e+00 5.710526e-01 3.589474e+00 4.21535186e-02
7.948718e+00 5.710526e-01 3.794737e+00 3.91750373e-02
7.948718e+00 5.710526e-01 4.000000e+00 3.63614000e-02
7.948718e+00 8.315790e-01 1.000000e-01 3.74844086e+02
7.948718e+00 8.315790e-01 3.052632e-01 7.65628529e+00
7.948718e+00 8.315790e-01 5.105263e-01 8.44316602e-01
7.948718e+00 8.315790e-01 7.157895e-01 1.67019442e-01
7.948718e+00 8.315790e-01 9.210526e-01 6.77938759e-02
7.948718e+00 8.315790e-01 1.126316e+00 5.05075231e-02
7.948718e+00 8.315790e-01 1.331579e+00 4.61514480e-02
7.948718e+00 8.315790e-01 1.536842e+00 4.39136550e-02
7.948718e+00 8.315790e-01 1.742105e+00 4.19806838e-02
7.948718e+00 8.315790e-01 1.947368e+00 4.00378630e-02
7.948718e+00 8.315790e-01 2.152632e+00 3.80430222e-02
7.948718e+00 8.315790e-01 2.357895e+00 3.60095724e-02
7.948718e+00 8.315790e-01 2.563158e+00 3.39618027e-02
7.948718e+00 8.315790e-01 2.768421e+00 3.19248252e-02
7.948718e+00 8.315790e-01 2.973684e+00 2.99210306e-02
7.948718e+00 8.315790e-01 3.178947e+00 2.79694553e-02
7.948718e+00 8.315790e-01 3.384211e+00 2.60855407e-02
7.948718e+00 8.315790e-01 3.589474e+00 2.42815260e-02
7.948718e+00 8.315790e-01 3.794737e+00 2.25661714e-02
7.948718e+00 8.315790e-01 4.000000e+00 2.09454894e-02
7.948718e+00 1.092105e+00 1.000000e-01 2.91644623e+02
7.948718e+00 1.092105e+00 3.052632e-01 5.92188787e+00
7.948718e+00 1.092105e+00 5.105263e-01 6.40646815e-01
7.948718e+00 1.092105e+00 7.157895e-01 1.18293002e-01
7.948718e+00 1.092105e+00 9.210526e-01 4.23450097e-02
7.948718e+00 1.092105e+00 1.126316e+00 2.94252932e-02
7.948718e+00 1.092105e+00 1.331579e+00 2.64182370e-02
7.948718e+00 1.092105e+00 1.536842e+00 2.50437483e-02
7.948718e+00 1.092105e+00 1.742105e+00 2.39212848e-02
7.948718e+00 1.092105e+00 1.947368e+00 2.28095837e-02
7.948718e+00 1.092105e+00 2.152632e+00 2.16724388e-02
7.948718e+00 1.092105e+00 2.357895e+00 2.05142442e-02
7.948718e+00 1.092105e+00 2.563158e+00 1.93481594e-02
7.948718e+00 1.092105e+00 2.768421e+00 1.81881599e-02
7.948718e+00 1.092105e+00 2.973684e+00 1.70469619e-02
7.948718e+00 1.092105e+00 3.178947e+00 1.59353986e-02
7.948718e+00 1.092105e+00 3.384211e+00 1.48623632e-02
7.948718e+00 1.092105e+00 3.589474e+00 1.38346506e-02
7.948718e+00 1.092105e+00 3.794737e+00 1.28574641e-02
7.948718e+00 1.092105e+00 4.000000e+00 1.19341416e-02
7.948718e+00 1.352632e+00 1.000000e-01 2.12016830e+02
7.948718e+00 1.352632e+00 3.052632e-01 4.28079987e+00
7.948718e+00 1.352632e+00 5.105263e-01 4.56368506e-01
7.948718e+00 1.352632e+00 7.157895e-01 8.01287368e-02
7.948718e+00 1.352632e+00 9.210526e-01 2.57803183e-02
7.948718e+00 1.352632e+00 1.126316e+00 1.66980252e-02
7.948718e+00 1.352632e+00 1.331579e+00 1.47077460e-02
7.948718e+00 1.352632e+00 1.536842e+00 1.38863390e-02
7.948718e+00 1.352632e+00 1.742105e+00 1.32520413e-02
7.948718e+00 1.352632e+00 1.947368e+00 1.26334699e-02
7.948718e+00 1.352632e+00 2.152632e+00 1.20030744e-02
7.948718e+00 1.352632e+00 2.357895e+00 1.13616902e-02
7.948718e+00 1.352632e+00 2.563158e+00 1.07160499e-02
7.948718e+00 1.352632e+00 2.768421e+00 1.00738062e-02
7.948718e+00 1.352632e+00 2.973684e+00 9.44190193e-03
7.948718e+00 1.352632e+00 3.178947e+00 8.82640667e-03
7.948718e+00 1.352632e+00 3.384211e+00 8.23219307e-03
7.948718e+00 1.352632e+00 3.589474e+00 7.66305998e-03
7.948718e+00 1.352632e+00 3.794737e+00 7.12181628e-03
7.948718e+00 1.352632e+00 4.000000e+00 6.61042938e-03
7.948718e+00 1.613158e+00 1.000000e-01 1.44014420e+02
7.948718e+00 1.613158e+00 3.052632e-01 2.89204073e+00
7.948718e+00 1.613158e+00 5.105263e-01 3.04682642e-01
7.948718e+00 1.613158e+00 7.157895e-01 5.15027009e-02
7.948718e+00 1.613158e+00 9.210526e-01 1.51398368e-02
7.948718e+00 1.613158e+00 1.126316e+00 9.14698746e-03
7.948718e+00 1.613158e+00 1.331579e+00 7.89383147e-03
7.948718e+00 1.613158e+00 1.536842e+00 7.42070377e-03
7.948718e+00 1.613158e+00 1.742105e+00 7.07504386e-03
7.948718e+00 1.613158e+00 1.947368e+00 6.74329000e-03
7.948718e+00 1.613158e+00 2.152632e+00 6.40648976e-03
7.948718e+00 1.613158e+00 2.357895e+00 6.06416864e-03
7.948718e+00 1.613158e+00 2.563158e+00 5.71965473e-03
7.948718e+00 1.613158e+00 2.768421e+00 5.37693640e-03
7.948718e+00 1.613158e+00 2.973684e+00 5.03974548e-03
7.948718e+00 1.613158e+00 3.178947e+00 4.71127778e-03
7.948718e+00 1.613158e+00 3.384211e+00 4.39415639e-03
7.948718e+00 1.613158e+00 3.589474e+00 4.09040879e-03
7.948718e+00 1.613158e+00 3.794737e+00 3.80153954e-03
7.948718e+00 1.613158e+00 4.000000e+00 3.52857821e-03
7.948718e+00 1.873684e+00 1.000000e-01 9.14045486e+01
7.948718e+00 1.873684e+00 3.052632e-01 1.82612705e+00
7.948718e+00 1.873684e+00 5.105263e-01 1.90493092e-01
7.948718e+00 1.873684e+00 7.157895e-01 3.12709995e-02
7.948718e+00 1.873684e+00 9.210526e-01 8.51906091e-03
7.948718e+00 1.873684e+00 1.126316e+00 4.81086457e-03
7.948718e+00 1.873684e+00 1.331579e+00 4.06369474e-03
7.948718e+00 1.873684e+00 1.536842e+00 3.80260823e-03
7.948718e+00 1.873684e+00 1.742105e+00 3.62189999e-03
7.948718e+00 1.873684e+00 1.947368e+00 3.45125445e-03
7.948718e+00 1.873684e+00 2.152632e+00 3.27871437e-03
7.948718e+00 1.873684e+00 2.357895e+00 3.10350582e-03
7.948718e+00 1.873684e+00 2.563158e+00 2.92722066e-03
7.948718e+00 1.873684e+00 2.768421e+00 2.75186775e-03
7.948718e+00 1.873684e+00 2.973684e+00 2.57933326e-03
7.948718e+00 1.873684e+00 3.178947e+00 2.41125282e-03
7.948718e+00 1.873684e+00 3.384211e+00 2.24896823e-03
7.948718e+00 1.873684e+00 3.589474e+00 2.09352607e-03
7.948718e+00 1.873684e+00 3.794737e+00 1.94569328e-03
7.948718e+00 1.873684e+00 4.000000e+00 1.80599443e-03
7.948718e+00 2.134211e+00 1.000000e-01 5.42077026e+01
7.948718e+00 2.134211e+00 3.052632e-01 1.07782030e+00
7.948718e+00 2.134211e+00 5.105263e-01 1.11495502e-01
7.948718e+00 2.134211e+00 7.157895e-01 1.78874452e-02
7.948718e+00 2.134211e+00 9.210526e-01 4.57169209e-03
7.948718e+00 2.134211e+00 1.126316e+00 2.42095883e-03
7.948718e+00 2.134211e+00 1.331579e+00 2.00027367e-03
7.948718e+00 2.134211e+00 1.536842e+00 1.86280115e-03
7.948718e+00 2.134211e+00 1.742105e+00 1.77246553e-03
7.948718e+00 2.134211e+00 1.947368e+00 1.68854930e-03
7.948718e+00 2.134211e+00 2.152632e+00 1.60404621e-03
7.948718e+00 2.134211e+00 2.357895e+00 1.51831878e-03
7.948718e+00 2.134211e+00 2.563158e+00 1.43208960e-03
7.948718e+00 2.134211e+00 2.768421e+00 1.34631630e-03
7.948718e+00 2.134211e+00 2.973684e+00 1.26191974e-03
7.948718e+00 2.134211e+00 3.178947e+00 1.17970270e-03
7.948718e+00 2.134211e+00 3.384211e+00 1.10031373e-03
7.948718e+00 2.134211e+00 3.589474e+00 1.02427090e-03
7.948718e+00 2.134211e+00 3.794737e+00 9.51948110e-04
7.948718e+00 2.134211e+00 4.000000e+00 8.83601198e-04
7.948718e+00 2.394737e+00 1.000000e-01 3.00393715e+01
7.948718e+00 2.394737e+00 3.052632e-01 5.94685376e-01
7.948718e+00 2.394737e+00 5.105263e-01 6.10810369e-02
7.948718e+00 2.394737e+00 7.157895e-01 9.62276012e-03
7.948718e+00 2.394737e+00 9.210526e-01 2.33177491e-03
7.948718e+00 2.394737e+00 1.126316e+00 1.16283202e-03
7.948718e+00 2.394737e+00 1.331579e+00 9.39588004e-04
7.948718e+00 2.394737e+00 1.536842e+00 8.70712334e-04
7.948718e+00 2.394737e+00 1.742105e+00 8.27627839e-04
7.948718e+00 2.394737e+00 1.947368e+00 7.88257341e-04
7.948718e+00 2.394737e+00 2.152632e+00 7.48763443e-04
7.948718e+00 2.394737e+00 2.357895e+00 7.08743464e-04
7.948718e+00 2.394737e+00 2.563158e+00 6.68495602e-04
7.948718e+00 2.394737e+00 2.768421e+00 6.28463866e-04
7.948718e+00 2.394737e+00 2.973684e+00 5.89072471e-04
7.948718e+00 2.394737e+00 3.178947e+00 5.50697732e-04
7.948718e+00 2.394737e+00 3.384211e+00 5.13642677e-04
7.948718e+00 2.394737e+00 3.589474e+00 4.78147762e-04
7.948718e+00 2.394737e+00 3.794737e+00 4.44388366e-04
7.948718e+00 2.394737e+00 4.000000e+00 4.12484194e-04
7.948718e+00 2.655263e+00 1.000000e-01 1.55546131e+01
7.948718e+00 2.655263e+00 3.052632e-01 3.06745440e-01
7.948718e+00 2.655263e+00 5.105263e-01 3.13170366e-02
7.948718e+00 2.655263e+00 7.157895e-01 4.86276997e-03
7.948718e+00 2.655263e+00 9.210526e-01 1.12739997e-03
7.948718e+00 2.655263e+00 1.126316e+00 5.32138802e-04
7.948718e+00 2.655263e+00 1.331579e+00 4.20626078e-04
7.948718e+00 2.655263e+00 1.536842e+00 3.87867272e-04
7.948718e+00 2.655263e+00 1.742105e+00 3.68292414e-04
7.948718e+00 2.655263e+00 1.947368e+00 3.50690301e-04
7.948718e+00 2.655263e+00 2.152632e+00 3.33100645e-04
7.948718e+00 2.655263e+00 2.357895e+00 3.15293582e-04
7.948718e+00 2.655263e+00 2.563158e+00 2.97390623e-04
7.948718e+00 2.655263e+00 2.768421e+00 2.79584143e-04
7.948718e+00 2.655263e+00 2.973684e+00 2.62062706e-04
7.948718e+00 2.655263e+00 3.178947e+00 2.44993018e-04
7.948718e+00 2.655263e+00 3.384211e+00 2.28509336e-04
7.948718e+00 2.655263e+00 3.589474e+00 2.12719868e-04
7.948718e+00 2.655263e+00 3.794737e+00 1.97701418e-04
7.948718e+00 2.655263e+00 4.000000e+00 1.83507756e-04
7.948718e+00 2.915789e+00 1.000000e-01 7.52607679e+00
7.948718e+00 2.915789e+00 3.052632e-01 1.47921771e-01
7.948718e+00 2.915789e+00 5.105263e-01 1.50259184e-02
7.948718e+00 2.915789e+00 7.157895e-01 2.30638613e-03
7.948718e+00 2.915789e+00 9.210526e-01 5.15628373e-04
7.948718e+00 2.915789e+00 1.126316e+00 2.31665952e-04
7.948718e+00 2.915789e+00 1.331579e+00 1.79289142e-04
7.948718e+00 2.915789e+00 1.536842e+00 1.64525161e-04
7.948718e+00 2.915789e+00 1.742105e+00 1.56063557e-04
7.948718e+00 2.915789e+00 1.947368e+00 1.48569990e-04
7.948718e+00 2.915789e+00 2.152632e+00 1.41110650e-04
7.948718e+00 2.915789e+00 2.357895e+00 1.33565845e-04
7.948718e+00 2.915789e+00 2.563158e+00 1.25982129e-04
7.948718e+00 2.915789e+00 2.768421e+00 1.18439690e-04
7.948718e+00 2.915789e+00 2.973684e+00 1.11018126e-04
7.948718e+00 2.915789e+00 3.178947e+00 1.03787395e-04
7.948718e+00 2.915789e+00 3.384211e+00 9.68050444e-05
7.948718e+00 2.915789e+00 3.589474e+00 9.01163803e-05
7.948718e+00 2.915789e+00 3.794737e+00 8.37543703e-05
7.948718e+00 2.915789e+00 4.000000e+00 7.77417154e-05
7.948718e+00 3.176316e+00 1.000000e-01 3.40265989e+00
7.948718e+00 3.176316e+00 3.052632e-01 6.66881055e-02
7.948718e+00 3.176316e+00 5.105263e-01 6.74595172e-03
7.948718e+00 3.176316e+00 7.157895e-01 1.02601317e-03
7.948718e+00 3.176316e+00 9.210526e-01 2.22688730e-04
7.948718e+00 3.176316e+00 1.126316e+00 9.58144374e-05
7.948718e+00 3.176316e+00 1.331579e+00 7.27016159e-05
7.948718e+00 3.176316e+00 1.536842e+00 6.64065010e-05
7.948718e+00 3.176316e+00 1.742105e+00 6.29303177e-05
7.948718e+00 3.176316e+00 1.947368e+00 5.98954939e-05
7.948718e+00 3.176316e+00 2.152632e+00 5.68854266e-05
7.948718e+00 3.176316e+00 2.357895e+00 5.38432760e-05
7.948718e+00 3.176316e+00 2.563158e+00 5.07862896e-05
7.948718e+00 3.176316e+00 2.768421e+00 4.77460089e-05
7.948718e+00 3.176316e+00 2.973684e+00 4.47545499e-05
7.948718e+00 3.176316e+00 3.178947e+00 4.18399213e-05
7.948718e+00 3.176316e+00 3.384211e+00 3.90253372e-05
7.948718e+00 3.176316e+00 3.589474e+00 3.63289873e-05
7.948718e+00 3.176316e+00 3.794737e+00 3.37643978e-05
7.948718e+00 3.176316e+00 4.000000e+00 3.13404635e-05
7.948718e+00 3.436842e+00 1.000000e-01 1.43750346e+00
7.948718e+00 3.436842e+00 3.052632e-01 2.81071570e-02
7.948718e+00 3.436842e+00 5.105263e-01 2.83357967e-03
7.948718e+00 3.436842e+00 7.157895e-01 4.27862746e-04
7.948718e+00 3.436842e+00 9.210526e-01 9.06781570e-05
7.948718e+00 3.436842e+00 1.126316e+00 3.75952004e-05
7.948718e+00 3.436842e+00 1.331579e+00 2.80199001e-05
7.948718e+00 3.436842e+00 1.536842e+00 2.54843198e-05
7.948718e+00 3.436842e+00 1.742105e+00 2.41287580e-05
7.948718e+00 3.436842e+00 1.947368e+00 2.29605666e-05
7.948718e+00 3.436842e+00 2.152632e+00 2.18055648e-05
7.948718e+00 3.436842e+00 2.357895e+00 2.06392488e-05
7.948718e+00 3.436842e+00 2.563158e+00 1.94674849e-05
7.948718e+00 3.436842e+00 2.768421e+00 1.83021839e-05
7.948718e+00 3.436842e+00 2.973684e+00 1.71555948e-05
7.948718e+00 3.436842e+00 3.178947e+00 1.60384134e-05
7.948718e+00 3.436842e+00 3.384211e+00 1.49595498e-05
7.948718e+00 3.436842e+00 3.589474e+00 1.39260464e-05
7.948718e+00 3.436842e+00 3.794737e+00 1.29429554e-05
7.948718e+00 3.436842e+00 4.000000e+00 1.20138284e-05
7.948718e+00 3.697368e+00 1.000000e-01 5.67464352e-01
7.948718e+00 3.697368e+00 3.052632e-01 1.10744024e-02
7.948718e+00 3.697368e+00 5.105263e-01 1.11341663e-03
7.948718e+00 3.697368e+00 7.157895e-01 1.67176622e-04
7.948718e+00 3.697368e+00 9.210526e-01 3.47668611e-05
7.948718e+00 3.697368e+00 1.126316e+00 1.39744234e-05
7.948718e+00 3.697368e+00 1.331579e+00 1.02527711e-05
7.948718e+00 3.697368e+00 1.536842e+00 9.28933605e-06
7.948718e+00 3.697368e+00 1.742105e+00 8.78816445e-06
7.948718e+00 3.697368e+00 1.947368e+00 8.36117943e-06
7.948718e+00 3.697368e+00 2.152632e+00 7.94024345e-06
7.948718e+00 3.697368e+00 2.357895e+00 7.51547168e-06
7.948718e+00 3.697368e+00 2.563158e+00 7.08881089e-06
7.948718e+00 3.697368e+00 2.768421e+00 6.66453070e-06
7.948718e+00 3.697368e+00 2.973684e+00 6.24702852e-06
7.948718e+00 3.697368e+00 3.178947e+00 5.84025474e-06
7.948718e+00 3.697368e+00 3.384211e+00 5.44741988e-06
7.948718e+00 3.697368e+00 3.589474e+00 5.07108234e-06
7.948718e+00 3.697368e+00 3.794737e+00 4.71311068e-06
7.948718e+00 3.697368e+00 4.000000e+00 4.37477956e-06
7.948718e+00 3.957895e+00 1.000000e-01 2.09317371e-01
7.948718e+00 3.957895e+00 3.052632e-01 4.07881429e-03
7.948718e+00 3.957895e+00 5.105263e-01 4.09209664e-04
7.948718e+00 3.957895e+00 7.157895e-01 6.11750147e-05
7.948718e+00 3.957895e+00 9.210526e-01 1.25359593e-05
7.948718e+00 3.957895e+00 1.126316e+00 4.91315996e-06
7.948718e+00 3.957895e+00 1.331579e+00 3.55691122e-06
7.948718e+00 3.957895e+00 1.536842e+00 3.21203947e-06
7.948718e+00 3.957895e+00 1.742105e+00 3.03665320e-06
7.948718e+00 3.957895e+00 1.947368e+00 2.88865931e-06
7.948718e+00 3.957895e+00 2.152632e+00 2.74312697e-06
7.948718e+00 3.957895e+00 2.357895e+00 2.59636749e-06
7.948718e+00 3.957895e+00 2.563158e+00 2.44897183e-06
7.948718e+00 3.957895e+00 2.768421e+00 2.30240244e-06
7.948718e+00 3.957895e+00 2.973684e+00 2.15817772e-06
7.948718e+00 3.957895e+00 3.178947e+00 2.01765238e-06
7.948718e+00 3.957895e+00 3.384211e+00 1.88194599e-06
7.948718e+00 3.957895e+00 3.589474e+00 1.75193827e-06
7.948718e+00 3.957895e+00 3.794737e+00 1.62826927e-06
7.948718e+00 3.957895e+00 4.000000e+00 1.51138306e-06
7.948718e+00 4.218421e+00 1.000000e-01 7.21452236e-02
7.948718e+00 4.218421e+00 3.052632e-01 1.40420918e-03
7.948718e+00 4.218421e+00 5.105263e-01 1.40647928e-04
7.948718e+00 4.218421e+00 7.157895e-01 2.09569334e-05
7.948718e+00 4.218421e+00 9.210526e-01 4.24618975e-06
7.948718e+00 4.218421e+00 1.126316e+00 1.63119932e-06
7.948718e+00 4.218421e+00 1.331579e+00 1.16805711e-06
7.948718e+00 4.218421e+00 1.536842e+00 1.05190804e-06
7.948718e+00 4.218421e+00 1.742105e+00 9.93899334e-07
7.948718e+00 4.218421e+00 1.947368e+00 9.45340275e-07
7.948718e+00 4.218421e+00 2.152632e+00 8.97684799e-07
7.948718e+00 4.218421e+00 2.357895e+00 8.49652281e-07
7.948718e+00 4.218421e+00 2.563158e+00 8.01418651e-07
7.948718e+00 4.218421e+00 2.768421e+00 7.53455765e-07
7.948718e+00 4.218421e+00 2.973684e+00 7.06260437e-07
7.948718e+00 4.218421e+00 3.178947e+00 6.60276498e-07
7.948718e+00 4.218421e+00 3.384211e+00 6.15868601e-07
7.948718e+00 4.218421e+00 3.589474e+00 5.73323405e-07
7.948718e+00 4.218421e+00 3.794737e+00 5.32853790e-07
7.948718e+00 4.218421e+00 4.000000e+00 4.94603171e-07
7.948718e+00 4.478947e+00 1.000000e-01 2.32350267e-02
7.948718e+00 4.478947e+00 3.052632e-01 4.51842381e-04
7.948718e+00 4.478947e+00 5.105263e-01 4.52016575e-05
7.948718e+00 4.478947e+00 7.157895e-01 6.71860607e-06
7.948718e+00 4.478947e+00 9.210526e-01 1.34976835e-06
7.948718e+00 4.478947e+00 1.126316e+00 5.10569009e-07
7.948718e+00 4.478947e+00 1.331579e+00 3.62444297e-07
7.948718e+00 4.478947e+00 1.536842e+00 3.25685590e-07
7.948718e+00 4.478947e+00 1.742105e+00 3.07583150e-07
7.948718e+00 4.478947e+00 1.947368e+00 2.92524959e-07
7.948718e+00 4.478947e+00 2.152632e+00 2.77771505e-07
7.948718e+00 4.478947e+00 2.357895e+00 2.62907662e-07
7.948718e+00 4.478947e+00 2.563158e+00 2.47982342e-07
7.948718e+00 4.478947e+00 2.768421e+00 2.33142003e-07
7.948718e+00 4.478947e+00 2.973684e+00 2.18538872e-07
7.948718e+00 4.478947e+00 3.178947e+00 2.04310567e-07
7.948718e+00 4.478947e+00 3.384211e+00 1.90569907e-07
7.948718e+00 4.478947e+00 3.589474e+00 1.77405383e-07
7.948718e+00 4.478947e+00 3.794737e+00 1.64882863e-07
7.948718e+00 4.478947e+00 4.000000e+00 1.53047196e-07
7.948718e+00 4.739474e+00 1.000000e-01 6.99212588e-03
7.948718e+00 4.739474e+00 3.052632e-01 1.35885333e-04
7.948718e+00 4.739474e+00 5.105263e-01 1.35814735e-05
7.948718e+00 4.739474e+00 7.157895e-01 2.01506941e-06
7.948718e+00 4.739474e+00 9.210526e-01 4.02302078e-07
7.948718e+00 4.739474e+00 1.126316e+00 1.50420490e-07
7.948718e+00 4.739474e+00 1.331579e+00 1.06072463e-07
7.948718e+00 4.739474e+00 1.536842e+00 9.51523589e-08
7.948718e+00 4.739474e+00 1.742105e+00 8.98311825e-08
7.948718e+00 4.739474e+00 1.947368e+00 8.54265636e-08
7.948718e+00 4.739474e+00 2.152632e+00 8.11165108e-08
7.948718e+00 4.739474e+00 2.357895e+00 7.67754997e-08
7.948718e+00 4.739474e+00 2.563158e+00 7.24171940e-08
7.948718e+00 4.739474e+00 2.768421e+00 6.80834802e-08
7.948718e+00 4.739474e+00 2.973684e+00 6.38192219e-08
7.948718e+00 4.739474e+00 3.178947e+00 5.96642522e-08
7.948718e+00 4.739474e+00 3.384211e+00 5.56515616e-08
7.948718e+00 4.739474e+00 3.589474e+00 5.18073122e-08
7.948718e+00 4.739474e+00 3.794737e+00 4.81504472e-08
7.948718e+00 4.739474e+00 4.000000e+00 4.46940938e-08
7.948718e+00 5.000000e+00 1.000000e-01 1.96609902e-03
7.948718e+00 5.000000e+00 3.052632e-01 3.81915161e-05
7.948718e+00 5.000000e+00 5.105263e-01 3.81468340e-06
7.948718e+00 5.000000e+00 7.157895e-01 5.65251071e-07
7.948718e+00 5.000000e+00 9.210526e-01 1.12343130e-07
7.948718e+00 5.000000e+00 1.126316e+00 4.16501820e-08
7.948718e+00 5.000000e+00 1.331579e+00 2.92258413e-08
7.948718e+00 5.000000e+00 1.536842e+00 2.61836810e-08
7.948718e+00 5.000000e+00 1.742105e+00 2.47127812e-08
7.948718e+00 5.000000e+00 1.947368e+00 2.34996094e-08
7.948718e+00 5.000000e+00 2.152632e+00 2.23136674e-08
7.948718e+00 5.000000e+00 2.357895e+00 2.11195079e-08
7.948718e+00 5.000000e+00 2.563158e+00 1.99205896e-08
7.948718e+00 5.000000e+00 2.768421e+00 1.87285139e-08
7.948718e+00 5.000000e+00 2.973684e+00 1.75555037e-08
7.948718e+00 5.000000e+00 3.178947e+00 1.64125584e-08
7.948718e+00 5.000000e+00 3.384211e+00 1.53087871e-08
7.948718e+00 5.000000e+00 3.589474e+00 1.42513059e-08
7.948718e+00 5.000000e+00 3.794737e+00 1.32453861e-08
7.948718e+00 5.000000e+00 4.000000e+00 1.22945769e-08
8.205129e+00 5.000000e-02 1.000000e-01 5.30964417e+02
8.205129e+00 5.000000e-02 3.052632e-01 1.13965845e+01
8.205129e+00 5.000000e-02 5.105263e-01 1.49111676e+00
8.205129e+00 5.000000e-02 7.157895e-01 4.81094241e-01
8.205129e+00 5.000000e-02 9.210526e-01 3.26424927e-01
8.205129e+00 5.000000e-02 1.126316e+00 2.96081513e-01
8.205129e+00 5.000000e-02 1.331579e+00 2.84421474e-01
8.205129e+00 5.000000e-02 1.536842e+00 2.74598598e-01
8.205129e+00 5.000000e-02 1.742105e+00 2.64126956e-01
8.205129e+00 5.000000e-02 1.947368e+00 2.52863348e-01
8.205129e+00 5.000000e-02 2.152632e+00 2.41020694e-01
8.205129e+00 5.000000e-02 2.357895e+00 2.28818655e-01
8.205129e+00 5.000000e-02 2.563158e+00 2.16454864e-01
8.205129e+00 5.000000e-02 2.768421e+00 2.04095662e-01
8.205129e+00 5.000000e-02 2.973684e+00 1.91877723e-01
8.205129e+00 5.000000e-02 3.178947e+00 1.79920286e-01
8.205129e+00 5.000000e-02 3.384211e+00 1.68319255e-01
8.205129e+00 5.000000e-02 3.589474e+00 1.57154873e-01
8.205129e+00 5.000000e-02 3.794737e+00 1.46483749e-01
8.205129e+00 5.000000e-02 4.000000e+00 1.36350721e-01
8.205129e+00 3.105263e-01 1.000000e-01 5.06400787e+02
8.205129e+00 3.105263e-01 3.052632e-01 1.07079830e+01
8.205129e+00 3.105263e-01 5.105263e-01 1.26685202e+00
8.205129e+00 3.105263e-01 7.157895e-01 3.05221736e-01
8.205129e+00 3.105263e-01 9.210526e-01 1.59254372e-01
8.205129e+00 3.105263e-01 1.126316e+00 1.32999167e-01
8.205129e+00 3.105263e-01 1.331579e+00 1.25699371e-01
8.205129e+00 3.105263e-01 1.536842e+00 1.21041968e-01
8.205129e+00 3.105263e-01 1.742105e+00 1.16404235e-01
8.205129e+00 3.105263e-01 1.947368e+00 1.11458175e-01
8.205129e+00 3.105263e-01 2.152632e+00 1.06255464e-01
8.205129e+00 3.105263e-01 2.357895e+00 1.00888573e-01
8.205129e+00 3.105263e-01 2.563158e+00 9.54461098e-02
8.205129e+00 3.105263e-01 2.768421e+00 9.00019631e-02
8.205129e+00 3.105263e-01 2.973684e+00 8.46187100e-02
8.205129e+00 3.105263e-01 3.178947e+00 7.93493688e-02
8.205129e+00 3.105263e-01 3.384211e+00 7.42366388e-02
8.205129e+00 3.105263e-01 3.589474e+00 6.93148375e-02
8.205129e+00 3.105263e-01 3.794737e+00 6.46102875e-02
8.205129e+00 3.105263e-01 4.000000e+00 6.01416565e-02
8.205129e+00 5.710526e-01 1.000000e-01 4.51318909e+02
8.205129e+00 5.710526e-01 3.052632e-01 9.47624969e+00
8.205129e+00 5.710526e-01 5.105263e-01 1.07978535e+00
8.205129e+00 5.710526e-01 7.157895e-01 2.26969272e-01
8.205129e+00 5.710526e-01 9.210526e-01 9.80852842e-02
8.205129e+00 5.710526e-01 1.126316e+00 7.55907744e-02
8.205129e+00 5.710526e-01 1.331579e+00 7.01925755e-02
8.205129e+00 5.710526e-01 1.536842e+00 6.73854128e-02
8.205129e+00 5.710526e-01 1.742105e+00 6.47796094e-02
8.205129e+00 5.710526e-01 1.947368e+00 6.20326512e-02
8.205129e+00 5.710526e-01 2.152632e+00 5.91434948e-02
8.205129e+00 5.710526e-01 2.357895e+00 5.61617389e-02
8.205129e+00 5.710526e-01 2.563158e+00 5.31355590e-02
8.205129e+00 5.710526e-01 2.768421e+00 5.01073822e-02
8.205129e+00 5.710526e-01 2.973684e+00 4.71121743e-02
8.205129e+00 5.710526e-01 3.178947e+00 4.41800617e-02
8.205129e+00 5.710526e-01 3.384211e+00 4.13344540e-02
8.205129e+00 5.710526e-01 3.589474e+00 3.85949016e-02
8.205129e+00 5.710526e-01 3.794737e+00 3.59761380e-02
8.205129e+00 5.710526e-01 4.000000e+00 3.34885083e-02
8.205129e+00 8.315790e-01 1.000000e-01 3.75815857e+02
8.205129e+00 8.315790e-01 3.052632e-01 7.84399509e+00
8.205129e+00 8.315790e-01 5.105263e-01 8.74000847e-01
8.205129e+00 8.315790e-01 7.157895e-01 1.68936685e-01
8.205129e+00 8.315790e-01 9.210526e-01 6.28004149e-02
8.205129e+00 8.315790e-01 1.126316e+00 4.45819795e-02
8.205129e+00 8.315790e-01 1.331579e+00 4.05783914e-02
8.205129e+00 8.315790e-01 1.536842e+00 3.88131477e-02
8.205129e+00 8.315790e-01 1.742105e+00 3.72929201e-02
8.205129e+00 8.315790e-01 1.947368e+00 3.57122384e-02
8.205129e+00 8.315790e-01 2.152632e+00 3.40519659e-02
8.205129e+00 8.315790e-01 2.357895e+00 3.23374048e-02
8.205129e+00 8.315790e-01 2.563158e+00 3.05967238e-02
8.205129e+00 8.315790e-01 2.768421e+00 2.88541038e-02
8.205129e+00 8.315790e-01 2.973684e+00 2.71303002e-02
8.205129e+00 8.315790e-01 3.178947e+00 2.54423972e-02
8.205129e+00 8.315790e-01 3.384211e+00 2.38043107e-02
8.205129e+00 8.315790e-01 3.589474e+00 2.22269669e-02
8.205129e+00 8.315790e-01 3.794737e+00 2.07191557e-02
8.205129e+00 8.315790e-01 4.000000e+00 1.92866735e-02
8.205129e+00 1.092105e+00 1.000000e-01 2.92394043e+02
8.205129e+00 1.092105e+00 3.052632e-01 6.06734133e+00
8.205129e+00 1.092105e+00 5.105263e-01 6.65241301e-01
8.205129e+00 1.092105e+00 7.157895e-01 1.21467538e-01
8.205129e+00 1.092105e+00 9.210526e-01 3.99345197e-02
8.205129e+00 1.092105e+00 1.126316e+00 2.60941125e-02
8.205129e+00 1.092105e+00 1.331579e+00 2.32247412e-02
8.205129e+00 1.092105e+00 1.536842e+00 2.21196823e-02
8.205129e+00 1.092105e+00 1.742105e+00 2.12390702e-02
8.205129e+00 1.092105e+00 1.947368e+00 2.03381889e-02
8.205129e+00 1.092105e+00 2.152632e+00 1.93938874e-02
8.205129e+00 1.092105e+00 2.357895e+00 1.84184667e-02
8.205129e+00 1.092105e+00 2.563158e+00 1.74277332e-02
8.205129e+00 1.092105e+00 2.768421e+00 1.64357815e-02
8.205129e+00 1.092105e+00 2.973684e+00 1.54543137e-02
8.205129e+00 1.092105e+00 3.178947e+00 1.44931106e-02
8.205129e+00 1.092105e+00 3.384211e+00 1.35602169e-02
8.205129e+00 1.092105e+00 3.589474e+00 1.26619162e-02
8.205129e+00 1.092105e+00 3.794737e+00 1.18031027e-02
8.205129e+00 1.092105e+00 4.000000e+00 1.09872101e-02
8.205129e+00 1.352632e+00 1.000000e-01 2.12555038e+02
8.205129e+00 1.352632e+00 3.052632e-01 4.38500595e+00
8.205129e+00 1.352632e+00 5.105263e-01 4.74665612e-01
8.205129e+00 1.352632e+00 7.157895e-01 8.31955448e-02
8.205129e+00 1.352632e+00 9.210526e-01 2.47343369e-02
8.205129e+00 1.352632e+00 1.126316e+00 1.48921786e-02
8.205129e+00 1.352632e+00 1.331579e+00 1.29334042e-02
8.205129e+00 1.352632e+00 1.536842e+00 1.22584747e-02
8.205129e+00 1.352632e+00 1.742105e+00 1.17608747e-02
8.205129e+00 1.352632e+00 1.947368e+00 1.12612201e-02
8.205129e+00 1.352632e+00 2.152632e+00 1.07388198e-02
8.205129e+00 1.352632e+00 2.357895e+00 1.01991929e-02
8.205129e+00 1.352632e+00 2.563158e+00 9.65095963e-03
8.205129e+00 1.352632e+00 2.768421e+00 9.10188723e-03
8.205129e+00 1.352632e+00 2.973684e+00 8.55856203e-03
8.205129e+00 1.352632e+00 3.178947e+00 8.02641083e-03
8.205129e+00 1.352632e+00 3.384211e+00 7.50988442e-03
8.205129e+00 1.352632e+00 3.589474e+00 7.01248785e-03
8.205129e+00 1.352632e+00 3.794737e+00 6.53690984e-03
8.205129e+00 1.352632e+00 4.000000e+00 6.08507171e-03
8.205129e+00 1.613158e+00 1.000000e-01 1.44375046e+02
8.205129e+00 1.613158e+00 3.052632e-01 2.96138549e+00
8.205129e+00 1.613158e+00 5.105263e-01 3.17127228e-01
8.205129e+00 1.613158e+00 7.157895e-01 5.39102517e-02
8.205129e+00 1.613158e+00 9.210526e-01 1.47590199e-02
8.205129e+00 1.613158e+00 1.126316e+00 8.21084343e-03
8.205129e+00 1.613158e+00 1.331579e+00 6.94597699e-03
8.205129e+00 1.613158e+00 1.536842e+00 6.54818863e-03
8.205129e+00 1.613158e+00 1.742105e+00 6.27654186e-03
8.205129e+00 1.613158e+00 1.947368e+00 6.00923225e-03
8.205129e+00 1.613158e+00 2.152632e+00 5.73062617e-03
8.205129e+00 1.613158e+00 2.357895e+00 5.44289080e-03
8.205129e+00 1.613158e+00 2.563158e+00 5.15048159e-03
8.205129e+00 1.613158e+00 2.768421e+00 4.85758297e-03
8.205129e+00 1.613158e+00 2.973684e+00 4.56769066e-03
8.205129e+00 1.613158e+00 3.178947e+00 4.28375835e-03
8.205129e+00 1.613158e+00 3.384211e+00 4.00813669e-03
8.205129e+00 1.613158e+00 3.589474e+00 3.74270999e-03
8.205129e+00 1.613158e+00 3.794737e+00 3.48890456e-03
8.205129e+00 1.613158e+00 4.000000e+00 3.24777514e-03
8.205129e+00 1.873684e+00 1.000000e-01 9.16302185e+01
8.205129e+00 1.873684e+00 3.052632e-01 1.86912334e+00
8.205129e+00 1.873684e+00 5.105263e-01 1.98304564e-01
8.205129e+00 1.873684e+00 7.157895e-01 3.29281837e-02
8.205129e+00 1.873684e+00 9.210526e-01 8.42511095e-03
8.205129e+00 1.873684e+00 1.126316e+00 4.34895325e-03
8.205129e+00 1.873684e+00 1.331579e+00 3.57913645e-03
8.205129e+00 1.873684e+00 1.536842e+00 3.35456058e-03
8.205129e+00 1.873684e+00 1.742105e+00 3.21207172e-03
8.205129e+00 1.873684e+00 1.947368e+00 3.07483878e-03
8.205129e+00 1.873684e+00 2.152632e+00 2.93232989e-03
8.205129e+00 1.873684e+00 2.357895e+00 2.78518884e-03
8.205129e+00 1.873684e+00 2.563158e+00 2.63563613e-03
8.205129e+00 1.873684e+00 2.768421e+00 2.48580147e-03
8.205129e+00 1.873684e+00 2.973684e+00 2.33749812e-03
8.205129e+00 1.873684e+00 3.178947e+00 2.19222088e-03
8.205129e+00 1.873684e+00 3.384211e+00 2.05119164e-03
8.205129e+00 1.873684e+00 3.589474e+00 1.91537582e-03
8.205129e+00 1.873684e+00 3.794737e+00 1.78550335e-03
8.205129e+00 1.873684e+00 4.000000e+00 1.66210637e-03
8.205129e+00 2.134211e+00 1.000000e-01 5.43397598e+01
8.205129e+00 2.134211e+00 3.052632e-01 1.10271120e+00
8.205129e+00 2.134211e+00 5.105263e-01 1.16045967e-01
8.205129e+00 2.134211e+00 7.157895e-01 1.89175121e-02
8.205129e+00 2.134211e+00 9.210526e-01 4.57904534e-03
8.205129e+00 2.134211e+00 1.126316e+00 2.20459304e-03
8.205129e+00 2.134211e+00 1.331579e+00 1.76386943e-03
8.205129e+00 2.134211e+00 1.536842e+00 1.64301554e-03
8.205129e+00 2.134211e+00 1.742105e+00 1.57145900e-03
8.205129e+00 2.134211e+00 1.947368e+00 1.50407304e-03
8.205129e+00 2.134211e+00 2.152632e+00 1.43437379e-03
8.205129e+00 2.134211e+00 2.357895e+00 1.36243249e-03
8.205129e+00 2.134211e+00 2.563158e+00 1.28930691e-03
8.205129e+00 2.134211e+00 2.768421e+00 1.21603510e-03
8.205129e+00 2.134211e+00 2.973684e+00 1.14350091e-03
8.205129e+00 2.134211e+00 3.178947e+00 1.07244588e-03
8.205129e+00 2.134211e+00 3.384211e+00 1.00346340e-03
8.205129e+00 2.134211e+00 3.589474e+00 9.37026693e-04
8.205129e+00 2.134211e+00 3.794737e+00 8.73497454e-04
8.205129e+00 2.134211e+00 4.000000e+00 8.13133141e-04
8.205129e+00 2.394737e+00 1.000000e-01 3.01116371e+01
8.205129e+00 2.394737e+00 3.052632e-01 6.08158469e-01
8.205129e+00 2.394737e+00 5.105263e-01 6.35502785e-02
8.205129e+00 2.394737e+00 7.157895e-01 1.02092838e-02
8.205129e+00 2.394737e+00 9.210526e-01 2.36138469e-03
8.205129e+00 2.394737e+00 1.126316e+00 1.06674223e-03
8.205129e+00 2.394737e+00 1.331579e+00 8.29688390e-04
8.205129e+00 2.394737e+00 1.536842e+00 7.67901598e-04
8.205129e+00 2.394737e+00 1.742105e+00 7.33592256e-04
8.205129e+00 2.394737e+00 1.947368e+00 7.02007150e-04
8.205129e+00 2.394737e+00 2.152632e+00 6.69472211e-04
8.205129e+00 2.394737e+00 2.357895e+00 6.35911478e-04
8.205129e+00 2.394737e+00 2.563158e+00 6.01792941e-04
8.205129e+00 2.394737e+00 2.768421e+00 5.67600306e-04
8.205129e+00 2.394737e+00 2.973684e+00 5.33751620e-04
8.205129e+00 2.394737e+00 3.178947e+00 5.00589784e-04
8.205129e+00 2.394737e+00 3.384211e+00 4.68394806e-04
8.205129e+00 2.394737e+00 3.589474e+00 4.37386858e-04
8.205129e+00 2.394737e+00 3.794737e+00 4.07734799e-04
8.205129e+00 2.394737e+00 4.000000e+00 3.79559759e-04
8.205129e+00 2.655263e+00 1.000000e-01 1.55916233e+01
8.205129e+00 2.655263e+00 3.052632e-01 3.13571125e-01
8.205129e+00 2.655263e+00 5.105263e-01 3.25681195e-02
8.205129e+00 2.655263e+00 7.157895e-01 5.17114531e-03
8.205129e+00 2.655263e+00 9.210526e-01 1.15249271e-03
8.205129e+00 2.655263e+00 1.126316e+00 4.91690356e-04
8.205129e+00 2.655263e+00 1.331579e+00 3.71985108e-04
8.205129e+00 2.655263e+00 1.536842e+00 3.42055195e-04
8.205129e+00 2.655263e+00 1.742105e+00 3.26377718e-04
8.205129e+00 2.655263e+00 1.947368e+00 3.12265765e-04
8.205129e+00 2.655263e+00 2.152632e+00 2.97791266e-04
8.205129e+00 2.655263e+00 2.357895e+00 2.82867579e-04
8.205129e+00 2.655263e+00 2.563158e+00 2.67696480e-04
8.205129e+00 2.655263e+00 2.768421e+00 2.52489815e-04
8.205129e+00 2.655263e+00 2.973684e+00 2.37435583e-04
8.205129e+00 2.655263e+00 3.178947e+00 2.22686271e-04
8.205129e+00 2.655263e+00 3.384211e+00 2.08365498e-04
8.205129e+00 2.655263e+00 3.589474e+00 1.94572844e-04
8.205129e+00 2.655263e+00 3.794737e+00 1.81382740e-04
8.205129e+00 2.655263e+00 4.000000e+00 1.68849569e-04
8.205129e+00 2.915789e+00 1.000000e-01 7.54380894e+00
8.205129e+00 2.915789e+00 3.052632e-01 1.51160285e-01
8.205129e+00 2.915789e+00 5.105263e-01 1.56187499e-02
8.205129e+00 2.915789e+00 7.157895e-01 2.45680474e-03
8.205129e+00 2.915789e+00 9.210526e-01 5.31283033e-04
8.205129e+00 2.915789e+00 1.126316e+00 2.15518769e-04
8.205129e+00 2.915789e+00 1.331579e+00 1.58801529e-04
8.205129e+00 2.915789e+00 1.536842e+00 1.45093945e-04
8.205129e+00 2.915789e+00 1.742105e+00 1.38277086e-04
8.205129e+00 2.915789e+00 1.947368e+00 1.32271802e-04
8.205129e+00 2.915789e+00 2.152632e+00 1.26139188e-04
8.205129e+00 2.915789e+00 2.357895e+00 1.19819721e-04
8.205129e+00 2.915789e+00 2.563158e+00 1.13394817e-04
8.205129e+00 2.915789e+00 2.768421e+00 1.06955107e-04
8.205129e+00 2.915789e+00 2.973684e+00 1.00579164e-04
8.205129e+00 2.915789e+00 3.178947e+00 9.43319537e-05
8.205129e+00 2.915789e+00 3.384211e+00 8.82661843e-05
8.205129e+00 2.915789e+00 3.589474e+00 8.24237359e-05
8.205129e+00 2.915789e+00 3.794737e+00 7.68366226e-05
8.205129e+00 2.915789e+00 4.000000e+00 7.15275455e-05
8.205129e+00 3.176316e+00 1.000000e-01 3.41061234e+00
8.205129e+00 3.176316e+00 3.052632e-01 6.81275651e-02
8.205129e+00 3.176316e+00 5.105263e-01 7.00893765e-03
8.205129e+00 3.176316e+00 7.157895e-01 1.09428097e-03
8.205129e+00 3.176316e+00 9.210526e-01 2.30954553e-04
8.205129e+00 3.176316e+00 1.126316e+00 8.96948040e-05
8.205129e+00 3.176316e+00 1.331579e+00 6.44920146e-05
8.205129e+00 3.176316e+00 1.536842e+00 5.85657945e-05
8.205129e+00 3.176316e+00 1.742105e+00 5.57492313e-05
8.205129e+00 3.176316e+00 1.947368e+00 5.33179773e-05
8.205129e+00 3.176316e+00 2.152632e+00 5.08450139e-05
8.205129e+00 3.176316e+00 2.357895e+00 4.82984397e-05
8.205129e+00 3.176316e+00 2.563158e+00 4.57092756e-05
8.205129e+00 3.176316e+00 2.768421e+00 4.31138833e-05
8.205129e+00 3.176316e+00 2.973684e+00 4.05441097e-05
8.205129e+00 3.176316e+00 3.178947e+00 3.80260462e-05
8.205129e+00 3.176316e+00 3.384211e+00 3.55810844e-05
8.205129e+00 3.176316e+00 3.589474e+00 3.32261443e-05
8.205129e+00 3.176316e+00 3.794737e+00 3.09739662e-05
8.205129e+00 3.176316e+00 4.000000e+00 2.88338670e-05
8.205129e+00 3.436842e+00 1.000000e-01 1.44084072e+00
8.205129e+00 3.436842e+00 3.052632e-01 2.87066344e-02
8.205129e+00 3.436842e+00 5.105263e-01 2.94285989e-03
8.205129e+00 3.436842e+00 7.157895e-01 4.56745795e-04
8.205129e+00 3.436842e+00 9.210526e-01 9.45462452e-05
8.205129e+00 3.436842e+00 1.126316e+00 3.53903524e-05
8.205129e+00 3.436842e+00 1.331579e+00 2.48917095e-05
8.205129e+00 3.436842e+00 1.536842e+00 2.24766936e-05
8.205129e+00 3.436842e+00 1.742105e+00 2.13725016e-05
8.205129e+00 3.436842e+00 1.947368e+00 2.04366934e-05
8.205129e+00 3.436842e+00 2.152632e+00 1.94885051e-05
8.205129e+00 3.436842e+00 2.357895e+00 1.85126155e-05
8.205129e+00 3.436842e+00 2.563158e+00 1.75204586e-05
8.205129e+00 3.436842e+00 2.768421e+00 1.65257861e-05
8.205129e+00 3.436842e+00 2.973684e+00 1.55408852e-05
8.205129e+00 3.436842e+00 3.178947e+00 1.45757767e-05
8.205129e+00 3.436842e+00 3.384211e+00 1.36386961e-05
8.205129e+00 3.436842e+00 3.589474e+00 1.27360399e-05
8.205129e+00 3.436842e+00 3.794737e+00 1.18727876e-05
8.205129e+00 3.436842e+00 4.000000e+00 1.10524825e-05
8.205129e+00 3.697368e+00 1.000000e-01 5.68774521e-01
8.205129e+00 3.697368e+00 3.052632e-01 1.13082686e-02
8.205129e+00 3.697368e+00 5.105263e-01 1.15596224e-03
8.205129e+00 3.697368e+00 7.157895e-01 1.78580449e-04
8.205129e+00 3.697368e+00 9.210526e-01 3.64049229e-05
8.205129e+00 3.697368e+00 1.126316e+00 1.32181185e-05
8.205129e+00 3.697368e+00 1.331579e+00 9.12001542e-06
8.205129e+00 3.697368e+00 1.536842e+00 8.19355773e-06
8.205129e+00 3.697368e+00 1.742105e+00 7.78341109e-06
8.205129e+00 3.697368e+00 1.947368e+00 7.44137287e-06
8.205129e+00 3.697368e+00 2.152632e+00 7.09601591e-06
8.205129e+00 3.697368e+00 2.357895e+00 6.74074636e-06
8.205129e+00 3.697368e+00 2.563158e+00 6.37953190e-06
8.205129e+00 3.697368e+00 2.768421e+00 6.01741613e-06
8.205129e+00 3.697368e+00 2.973684e+00 5.65881419e-06
8.205129e+00 3.697368e+00 3.178947e+00 5.30743182e-06
8.205129e+00 3.697368e+00 3.384211e+00 4.96622988e-06
8.205129e+00 3.697368e+00 3.589474e+00 4.63756851e-06
8.205129e+00 3.697368e+00 3.794737e+00 4.32325032e-06
8.205129e+00 3.697368e+00 4.000000e+00 4.02455089e-06
8.205129e+00 3.957895e+00 1.000000e-01 2.09798619e-01
8.205129e+00 3.957895e+00 3.052632e-01 4.16427059e-03
8.205129e+00 3.957895e+00 5.105263e-01 4.24726750e-04
8.205129e+00 3.957895e+00 7.157895e-01 6.53797324e-05
8.205129e+00 3.957895e+00 9.210526e-01 1.31707366e-05
8.205129e+00 3.957895e+00 1.126316e+00 4.66591609e-06
8.205129e+00 3.957895e+00 1.331579e+00 3.16752858e-06
8.205129e+00 3.957895e+00 1.536842e+00 2.83333520e-06
8.205129e+00 3.957895e+00 1.742105e+00 2.68921258e-06
8.205129e+00 3.957895e+00 1.947368e+00 2.57066381e-06
8.205129e+00 3.957895e+00 2.152632e+00 2.45132742e-06
8.205129e+00 3.957895e+00 2.357895e+00 2.32860975e-06
8.205129e+00 3.957895e+00 2.563158e+00 2.20385300e-06
8.205129e+00 3.957895e+00 2.768421e+00 2.07877110e-06
8.205129e+00 3.957895e+00 2.973684e+00 1.95490179e-06
8.205129e+00 3.957895e+00 3.178947e+00 1.83352176e-06
8.205129e+00 3.957895e+00 3.384211e+00 1.71565102e-06
8.205129e+00 3.957895e+00 3.589474e+00 1.60211584e-06
8.205129e+00 3.957895e+00 3.794737e+00 1.49353411e-06
8.205129e+00 3.957895e+00 4.000000e+00 1.39034648e-06
8.205129e+00 4.218421e+00 1.000000e-01 7.23105222e-02
8.205129e+00 4.218421e+00 3.052632e-01 1.43344735e-03
8.205129e+00 4.218421e+00 5.105263e-01 1.45948725e-04
8.205129e+00 4.218421e+00 7.157895e-01 2.24052692e-05
8.205129e+00 4.218421e+00 9.210526e-01 4.47276580e-06
8.205129e+00 4.218421e+00 1.126316e+00 1.55414466e-06
8.205129e+00 4.218421e+00 1.331579e+00 1.04117396e-06
8.205129e+00 4.218421e+00 1.536842e+00 9.27943233e-07
8.205129e+00 4.218421e+00 1.742105e+00 8.80116545e-07
8.205129e+00 4.218421e+00 1.947368e+00 8.41215922e-07
8.205129e+00 4.218421e+00 2.152632e+00 8.02153238e-07
8.205129e+00 4.218421e+00 2.357895e+00 7.62000468e-07
8.205129e+00 4.218421e+00 2.563158e+00 7.21181209e-07
8.205129e+00 4.218421e+00 2.768421e+00 6.80254402e-07
8.205129e+00 4.218421e+00 2.973684e+00 6.39722202e-07
8.205129e+00 4.218421e+00 3.178947e+00 6.00003148e-07
8.205129e+00 4.218421e+00 3.384211e+00 5.61433183e-07
8.205129e+00 4.218421e+00 3.589474e+00 5.24280495e-07
8.205129e+00 4.218421e+00 3.794737e+00 4.88748981e-07
8.205129e+00 4.218421e+00 4.000000e+00 4.54982398e-07
8.205129e+00 4.478947e+00 1.000000e-01 2.32881270e-02
8.205129e+00 4.478947e+00 3.052632e-01 4.61206480e-04
8.205129e+00 4.478947e+00 5.105263e-01 4.68972430e-05
8.205129e+00 4.478947e+00 7.157895e-01 7.18477759e-06
8.205129e+00 4.478947e+00 9.210526e-01 1.42457498e-06
8.205129e+00 4.478947e+00 1.126316e+00 4.87689817e-07
8.205129e+00 4.478947e+00 1.331579e+00 3.23320307e-07
8.205129e+00 4.478947e+00 1.536842e+00 2.87319068e-07
8.205129e+00 4.478947e+00 1.742105e+00 2.72354413e-07
8.205129e+00 4.478947e+00 1.947368e+00 2.60290761e-07
8.205129e+00 4.478947e+00 2.152632e+00 2.48201474e-07
8.205129e+00 4.478947e+00 2.357895e+00 2.35779012e-07
8.205129e+00 4.478947e+00 2.563158e+00 2.23149684e-07
8.205129e+00 4.478947e+00 2.768421e+00 2.10486647e-07
8.205129e+00 4.478947e+00 2.973684e+00 1.97945951e-07
8.205129e+00 4.478947e+00 3.178947e+00 1.85656333e-07
8.205129e+00 4.478947e+00 3.384211e+00 1.73722370e-07
8.205129e+00 4.478947e+00 3.589474e+00 1.62226797e-07
8.205129e+00 4.478947e+00 3.794737e+00 1.51232271e-07
8.205129e+00 4.478947e+00 4.000000e+00 1.40784095e-07
8.205129e+00 4.739474e+00 1.000000e-01 7.00807665e-03
8.205129e+00 4.739474e+00 3.052632e-01 1.38691743e-04
8.205129e+00 4.739474e+00 5.105263e-01 1.40891698e-05
8.205129e+00 4.739474e+00 7.157895e-01 2.15528098e-06
8.205129e+00 4.739474e+00 9.210526e-01 4.25211880e-07
8.205129e+00 4.739474e+00 1.126316e+00 1.43957521e-07
8.205129e+00 4.739474e+00 1.331579e+00 9.46784766e-08
8.205129e+00 4.739474e+00 1.536842e+00 8.39466594e-08
8.205129e+00 4.739474e+00 1.742105e+00 7.95389639e-08
8.205129e+00 4.739474e+00 1.947368e+00 7.60100534e-08
8.205129e+00 4.739474e+00 2.152632e+00 7.24790823e-08
8.205129e+00 4.739474e+00 2.357895e+00 6.88517332e-08
8.205129e+00 4.739474e+00 2.563158e+00 6.51639738e-08
8.205129e+00 4.739474e+00 2.768421e+00 6.14664017e-08
8.205129e+00 4.739474e+00 2.973684e+00 5.78044350e-08
8.205129e+00 4.739474e+00 3.178947e+00 5.42156755e-08
8.205129e+00 4.739474e+00 3.384211e+00 5.07308897e-08
8.205129e+00 4.739474e+00 3.589474e+00 4.73739732e-08
8.205129e+00 4.739474e+00 3.794737e+00 4.41633432e-08
8.205129e+00 4.739474e+00 4.000000e+00 4.11123260e-08
8.205129e+00 5.000000e+00 1.000000e-01 1.97057799e-03
8.205129e+00 5.000000e+00 3.052632e-01 3.89782872e-05
8.205129e+00 5.000000e+00 5.105263e-01 3.95692268e-06
8.205129e+00 5.000000e+00 7.157895e-01 6.04660841e-07
8.205129e+00 5.000000e+00 9.210526e-01 1.18864854e-07
8.205129e+00 5.000000e+00 1.126316e+00 3.99174702e-08
8.205129e+00 5.000000e+00 1.331579e+00 2.60980215e-08
8.205129e+00 5.000000e+00 1.536842e+00 2.31008048e-08
8.205129e+00 5.000000e+00 1.742105e+00 2.18806306e-08
8.205129e+00 5.000000e+00 1.947368e+00 2.09086437e-08
8.205129e+00 5.000000e+00 2.152632e+00 1.99372714e-08
8.205129e+00 5.000000e+00 2.357895e+00 1.89395006e-08
8.205129e+00 5.000000e+00 2.563158e+00 1.79251423e-08
8.205129e+00 5.000000e+00 2.768421e+00 1.69080554e-08
8.205129e+00 5.000000e+00 2.973684e+00 1.59007651e-08
8.205129e+00 5.000000e+00 3.178947e+00 1.49135939e-08
8.205129e+00 5.000000e+00 3.384211e+00 1.39550185e-08
8.205129e+00 5.000000e+00 3.589474e+00 1.30316087e-08
8.205129e+00 5.000000e+00 3.794737e+00 1.21484494e-08
8.205129e+00 5.000000e+00 4.000000e+00 1.13091598e-08
8.461538e+00 5.000000e-02 1.000000e-01 5.42221741e+02
8.461538e+00 5.000000e-02 3.052632e-01 1.18439789e+01
8.461538e+00 5.000000e-02 5.105263e-01 1.49922776e+00
8.461538e+00 5.000000e-02 7.157895e-01 4.49751437e-01
8.461538e+00 5.000000e-02 9.210526e-01 2.90740728e-01
8.461538e+00 5.000000e-02 1.126316e+00 2.62226075e-01
8.461538e+00 5.000000e-02 1.331579e+00 2.52782732e-01
8.461538e+00 5.000000e-02 1.536842e+00 2.44873807e-01
8.461538e+00 5.000000e-02 1.742105e+00 2.36163601e-01
8.461538e+00 5.000000e-02 1.947368e+00 2.26649314e-01
8.461538e+00 5.000000e-02 2.152632e+00 2.16578662e-01
8.461538e+00 5.000000e-02 2.357895e+00 2.06164956e-01
8.461538e+00 5.000000e-02 2.563158e+00 1.95575476e-01
8.461538e+00 5.000000e-02 2.768421e+00 1.84947908e-01
8.461538e+00 5.000000e-02 2.973684e+00 1.74396336e-01
8.461538e+00 5.000000e-02 3.178947e+00 1.64022148e-01
8.461538e+00 5.000000e-02 3.384211e+00 1.53908312e-01
8.461538e+00 5.000000e-02 3.589474e+00 1.44125178e-01
8.461538e+00 5.000000e-02 3.794737e+00 1.34727657e-01
8.461538e+00 5.000000e-02 4.000000e+00 1.25757307e-01
8.461538e+00 3.105263e-01 1.000000e-01 5.17195679e+02
8.461538e+00 3.105263e-01 3.052632e-01 1.11747856e+01
8.461538e+00 3.105263e-01 5.105263e-01 1.30299699e+00
8.461538e+00 3.105263e-01 7.157895e-01 2.97137260e-01
8.461538e+00 3.105263e-01 9.210526e-01 1.43779978e-01
8.461538e+00 3.105263e-01 1.126316e+00 1.17643811e-01
8.461538e+00 3.105263e-01 1.331579e+00 1.11460127e-01
8.461538e+00 3.105263e-01 1.536842e+00 1.07791588e-01
8.461538e+00 3.105263e-01 1.742105e+00 1.04004204e-01
8.461538e+00 3.105263e-01 1.947368e+00 9.98590440e-02
8.461538e+00 3.105263e-01 2.152632e+00 9.54475254e-02
8.461538e+00 3.105263e-01 2.357895e+00 9.08717886e-02
8.461538e+00 3.105263e-01 2.563158e+00 8.62119645e-02
8.461538e+00 3.105263e-01 2.768421e+00 8.15320089e-02
8.461538e+00 3.105263e-01 2.973684e+00 7.68845379e-02
8.461538e+00 3.105263e-01 3.178947e+00 7.23139122e-02
8.461538e+00 3.105263e-01 3.384211e+00 6.78578317e-02
8.461538e+00 3.105263e-01 3.589474e+00 6.35465980e-02
8.461538e+00 3.105263e-01 3.794737e+00 5.94046488e-02
8.461538e+00 3.105263e-01 4.000000e+00 5.54506108e-02
8.461538e+00 5.710526e-01 1.000000e-01 4.60951050e+02
8.461538e+00 5.710526e-01 3.052632e-01 9.90300274e+00
8.461538e+00 5.710526e-01 5.105263e-01 1.12076199e+00
8.461538e+00 5.710526e-01 7.157895e-01 2.26549268e-01
8.461538e+00 5.710526e-01 9.210526e-01 8.99043158e-02
8.461538e+00 5.710526e-01 1.126316e+00 6.68981820e-02
8.461538e+00 5.710526e-01 1.331579e+00 6.21345490e-02
8.461538e+00 5.710526e-01 1.536842e+00 5.99402487e-02
8.461538e+00 5.710526e-01 1.742105e+00 5.78436628e-02
8.461538e+00 5.710526e-01 1.947368e+00 5.55571690e-02
8.461538e+00 5.710526e-01 2.152632e+00 5.31142391e-02
8.461538e+00 5.710526e-01 2.357895e+00 5.05739823e-02
8.461538e+00 5.710526e-01 2.563158e+00 4.79839779e-02
8.461538e+00 5.710526e-01 2.768421e+00 4.53810953e-02
8.461538e+00 5.710526e-01 2.973684e+00 4.27958593e-02
8.461538e+00 5.710526e-01 3.178947e+00 4.02530804e-02
8.461538e+00 5.710526e-01 3.384211e+00 3.77735645e-02
8.461538e+00 5.710526e-01 3.589474e+00 3.53745632e-02
8.461538e+00 5.710526e-01 3.794737e+00 3.30697596e-02
8.461538e+00 5.710526e-01 4.000000e+00 3.08690667e-02
8.461538e+00 8.315790e-01 1.000000e-01 3.83834991e+02
8.461538e+00 8.315790e-01 3.052632e-01 8.20205307e+00
8.461538e+00 8.315790e-01 5.105263e-01 9.11806524e-01
8.461538e+00 8.315790e-01 7.157895e-01 1.71676129e-01
8.461538e+00 8.315790e-01 9.210526e-01 5.85147738e-02
8.461538e+00 8.315790e-01 1.126316e+00 3.95404436e-02
8.461538e+00 8.315790e-01 1.331579e+00 3.58758830e-02
8.461538e+00 8.315790e-01 1.536842e+00 3.44903171e-02
8.461538e+00 8.315790e-01 1.742105e+00 3.32814939e-02
8.461538e+00 8.315790e-01 1.947368e+00 3.19740698e-02
8.461538e+00 8.315790e-01 2.152632e+00 3.05737071e-02
8.461538e+00 8.315790e-01 2.357895e+00 2.91144866e-02
8.461538e+00 8.315790e-01 2.563158e+00 2.76252162e-02
8.461538e+00 8.315790e-01 2.768421e+00 2.61277985e-02
8.461538e+00 8.315790e-01 2.973684e+00 2.46400032e-02
8.461538e+00 8.315790e-01 3.178947e+00 2.31766365e-02
8.461538e+00 8.315790e-01 3.384211e+00 2.17495058e-02
8.461538e+00 8.315790e-01 3.589474e+00 2.03685444e-02
8.461538e+00 8.315790e-01 3.794737e+00 1.90417264e-02
8.461538e+00 8.315790e-01 4.000000e+00 1.77747682e-02
8.461538e+00 1.092105e+00 1.000000e-01 2.98627045e+02
8.461538e+00 1.092105e+00 3.052632e-01 6.34544611e+00
8.461538e+00 1.092105e+00 5.105263e-01 6.96135879e-01
8.461538e+00 1.092105e+00 7.157895e-01 1.25088334e-01
8.461538e+00 1.092105e+00 9.210526e-01 3.78354192e-02
8.461538e+00 1.092105e+00 1.126316e+00 2.32279878e-02
8.461538e+00 1.092105e+00 1.331579e+00 2.05174331e-02
8.461538e+00 1.092105e+00 1.536842e+00 1.96390655e-02
8.461538e+00 1.092105e+00 1.742105e+00 1.89448465e-02
8.461538e+00 1.092105e+00 1.947368e+00 1.82041321e-02
8.461538e+00 1.092105e+00 2.152632e+00 1.74095444e-02
8.461538e+00 1.092105e+00 2.357895e+00 1.65802203e-02
8.461538e+00 1.092105e+00 2.563158e+00 1.57329049e-02
8.461538e+00 1.092105e+00 2.768421e+00 1.48806209e-02
8.461538e+00 1.092105e+00 2.973684e+00 1.40336454e-02
8.461538e+00 1.092105e+00 3.178947e+00 1.32004153e-02
8.461538e+00 1.092105e+00 3.384211e+00 1.23878326e-02
8.461538e+00 1.092105e+00 3.589474e+00 1.16014685e-02
8.461538e+00 1.092105e+00 3.794737e+00 1.08458465e-02
8.461538e+00 1.092105e+00 4.000000e+00 1.01243118e-02
8.461538e+00 1.352632e+00 1.000000e-01 2.17079697e+02
8.461538e+00 1.352632e+00 3.052632e-01 4.58571768e+00
8.461538e+00 1.352632e+00 5.105263e-01 4.97602403e-01
8.461538e+00 1.352632e+00 7.157895e-01 8.65299553e-02
8.461538e+00 1.352632e+00 9.210526e-01 2.38138754e-02
8.461538e+00 1.352632e+00 1.126316e+00 1.33219585e-02
8.461538e+00 1.352632e+00 1.331579e+00 1.14220204e-02
8.461538e+00 1.352632e+00 1.536842e+00 1.08756535e-02
8.461538e+00 1.352632e+00 1.742105e+00 1.04857096e-02
8.461538e+00 1.352632e+00 1.947368e+00 1.00769792e-02
8.461538e+00 1.352632e+00 2.152632e+00 9.63843241e-03
8.461538e+00 1.352632e+00 2.357895e+00 9.18004382e-03
8.461538e+00 1.352632e+00 2.563158e+00 8.71129148e-03
8.461538e+00 1.352632e+00 2.768421e+00 8.23965762e-03
8.461538e+00 1.352632e+00 2.973684e+00 7.77083542e-03
8.461538e+00 1.352632e+00 3.178947e+00 7.30957789e-03
8.461538e+00 1.352632e+00 3.384211e+00 6.85970392e-03
8.461538e+00 1.352632e+00 3.589474e+00 6.42435299e-03
8.461538e+00 1.352632e+00 3.794737e+00 6.00598892e-03
8.461538e+00 1.352632e+00 4.000000e+00 5.60647482e-03
8.461538e+00 1.613158e+00 1.000000e-01 1.47443436e+02
8.461538e+00 1.613158e+00 3.052632e-01 3.09629536e+00
8.461538e+00 1.613158e+00 5.105263e-01 3.32779109e-01
8.461538e+00 1.613158e+00 7.157895e-01 5.64893186e-02
8.461538e+00 1.613158e+00 9.210526e-01 1.44226626e-02
8.461538e+00 1.613158e+00 1.126316e+00 7.38877803e-03
8.461538e+00 1.613158e+00 1.331579e+00 6.13477081e-03
8.461538e+00 1.613158e+00 1.536842e+00 5.80591336e-03
8.461538e+00 1.613158e+00 1.742105e+00 5.59368962e-03
8.461538e+00 1.613158e+00 1.947368e+00 5.37602417e-03
8.461538e+00 1.613158e+00 2.152632e+00 5.14266035e-03
8.461538e+00 1.613158e+00 2.357895e+00 4.89842612e-03
8.461538e+00 1.613158e+00 2.563158e+00 4.64850850e-03
8.461538e+00 1.613158e+00 2.768421e+00 4.39694803e-03
8.461538e+00 1.613158e+00 2.973684e+00 4.14685532e-03
8.461538e+00 1.613158e+00 3.178947e+00 3.90075729e-03
8.461538e+00 1.613158e+00 3.384211e+00 3.66073055e-03
8.461538e+00 1.613158e+00 3.589474e+00 3.42842634e-03
8.461538e+00 1.613158e+00 3.794737e+00 3.20519973e-03
8.461538e+00 1.613158e+00 4.000000e+00 2.99201836e-03
8.461538e+00 1.873684e+00 1.000000e-01 9.35743408e+01
8.461538e+00 1.873684e+00 3.052632e-01 1.95371759e+00
8.461538e+00 1.873684e+00 5.105263e-01 2.08187312e-01
8.461538e+00 1.873684e+00 7.157895e-01 3.46965007e-02
8.461538e+00 1.873684e+00 9.210526e-01 8.34377110e-03
8.461538e+00 1.873684e+00 1.126316e+00 3.93961277e-03
8.461538e+00 1.873684e+00 1.331579e+00 3.16255027e-03
8.461538e+00 1.873684e+00 1.536842e+00 2.97279423e-03
8.461538e+00 1.873684e+00 1.742105e+00 2.86153913e-03
8.461538e+00 1.873684e+00 1.947368e+00 2.75024632e-03
8.461538e+00 1.873684e+00 2.152632e+00 2.63111247e-03
8.461538e+00 1.873684e+00 2.357895e+00 2.50632549e-03
8.461538e+00 1.873684e+00 2.563158e+00 2.37854733e-03
8.461538e+00 1.873684e+00 2.768421e+00 2.24987464e-03
8.461538e+00 1.873684e+00 2.973684e+00 2.12193839e-03
8.461538e+00 1.873684e+00 3.178947e+00 1.99603569e-03
8.461538e+00 1.873684e+00 3.384211e+00 1.87323196e-03
8.461538e+00 1.873684e+00 3.589474e+00 1.75437983e-03
8.461538e+00 1.873684e+00 3.794737e+00 1.64015975e-03
8.461538e+00 1.873684e+00 4.000000e+00 1.53107813e-03
8.461538e+00 2.134211e+00 1.000000e-01 5.54908180e+01
8.461538e+00 2.134211e+00 3.052632e-01 1.15224993e+00
8.461538e+00 2.134211e+00 5.105263e-01 1.21843740e-01
8.461538e+00 2.134211e+00 7.157895e-01 2.00171508e-02
8.461538e+00 2.134211e+00 9.210526e-01 4.58829198e-03
8.461538e+00 2.134211e+00 1.126316e+00 2.01119762e-03
8.461538e+00 2.134211e+00 1.331579e+00 1.55974214e-03
8.461538e+00 2.134211e+00 1.536842e+00 1.45542866e-03
8.461538e+00 2.134211e+00 1.742105e+00 1.39948993e-03
8.461538e+00 2.134211e+00 1.947368e+00 1.34503038e-03
8.461538e+00 2.134211e+00 2.152632e+00 1.28687220e-03
8.461538e+00 2.134211e+00 2.357895e+00 1.22590992e-03
8.461538e+00 2.134211e+00 2.563158e+00 1.16345135e-03
8.461538e+00 2.134211e+00 2.768421e+00 1.10053492e-03
8.461538e+00 2.134211e+00 2.973684e+00 1.03797019e-03
8.461538e+00 2.134211e+00 3.178947e+00 9.76394338e-04
8.461538e+00 2.134211e+00 3.384211e+00 9.16329504e-04
8.461538e+00 2.134211e+00 3.589474e+00 8.58197454e-04
8.461538e+00 2.134211e+00 3.794737e+00 8.02329043e-04
8.461538e+00 2.134211e+00 4.000000e+00 7.48974271e-04
8.461538e+00 2.394737e+00 1.000000e-01 3.07485123e+01
8.461538e+00 2.394737e+00 3.052632e-01 6.35274529e-01
8.461538e+00 2.394737e+00 5.105263e-01 6.67192489e-02
8.461538e+00 2.394737e+00 7.157895e-01 1.08368434e-02
8.461538e+00 2.394737e+00 9.210526e-01 2.39016814e-03
8.461538e+00 2.394737e+00 1.126316e+00 9.80150071e-04
8.461538e+00 2.394737e+00 1.331579e+00 7.34396453e-04
8.461538e+00 2.394737e+00 1.536842e+00 6.80008321e-04
8.461538e+00 2.394737e+00 1.742105e+00 6.53112540e-04
8.461538e+00 2.394737e+00 1.947368e+00 6.27660076e-04
8.461538e+00 2.394737e+00 2.152632e+00 6.00565341e-04
8.461538e+00 2.394737e+00 2.357895e+00 5.72143297e-04
8.461538e+00 2.394737e+00 2.563158e+00 5.43008035e-04
8.461538e+00 2.394737e+00 2.768421e+00 5.13655657e-04
8.461538e+00 2.394737e+00 2.973684e+00 4.84460761e-04
8.461538e+00 2.394737e+00 3.178947e+00 4.55724658e-04
8.461538e+00 2.394737e+00 3.384211e+00 4.27693565e-04
8.461538e+00 2.394737e+00 3.589474e+00 4.00563324e-04
8.461538e+00 2.394737e+00 3.794737e+00 3.74488853e-04
8.461538e+00 2.394737e+00 4.000000e+00 3.49586946e-04
8.461538e+00 2.655263e+00 1.000000e-01 1.59209414e+01
8.461538e+00 2.655263e+00 3.052632e-01 3.27452153e-01
8.461538e+00 2.655263e+00 5.105263e-01 3.41851786e-02
8.461538e+00 2.655263e+00 7.157895e-01 5.50206518e-03
8.461538e+00 2.655263e+00 9.210526e-01 1.17657846e-03
8.461538e+00 2.655263e+00 1.126316e+00 4.54950961e-04
8.461538e+00 2.655263e+00 1.331579e+00 3.29643051e-04
8.461538e+00 2.655263e+00 1.536842e+00 3.02828819e-04
8.461538e+00 2.655263e+00 1.742105e+00 2.90491793e-04
8.461538e+00 2.655263e+00 1.947368e+00 2.79148779e-04
8.461538e+00 2.655263e+00 2.152632e+00 2.67112424e-04
8.461538e+00 2.655263e+00 2.357895e+00 2.54483515e-04
8.461538e+00 2.655263e+00 2.563158e+00 2.41531932e-04
8.461538e+00 2.655263e+00 2.768421e+00 2.28479665e-04
8.461538e+00 2.655263e+00 2.973684e+00 2.15495325e-04
8.461538e+00 2.655263e+00 3.178947e+00 2.02715455e-04
8.461538e+00 2.655263e+00 3.384211e+00 1.90247971e-04
8.461538e+00 2.655263e+00 3.589474e+00 1.78180577e-04
8.461538e+00 2.655263e+00 3.794737e+00 1.66583181e-04
8.461538e+00 2.655263e+00 4.000000e+00 1.55506525e-04
8.461538e+00 2.915789e+00 1.000000e-01 7.70295954e+00
8.461538e+00 2.915789e+00 3.052632e-01 1.57808021e-01
8.461538e+00 2.915789e+00 5.105263e-01 1.63900629e-02
8.461538e+00 2.915789e+00 7.157895e-01 2.61870585e-03
8.461538e+00 2.915789e+00 9.210526e-01 5.46285009e-04
8.461538e+00 2.915789e+00 1.126316e+00 2.00739698e-04
8.461538e+00 2.915789e+00 1.331579e+00 1.40902441e-04
8.461538e+00 2.915789e+00 1.536842e+00 1.28429820e-04
8.461538e+00 2.915789e+00 1.742105e+00 1.23042424e-04
8.461538e+00 2.915789e+00 1.947368e+00 1.18225726e-04
8.461538e+00 2.915789e+00 2.152632e+00 1.13133501e-04
8.461538e+00 2.915789e+00 2.357895e+00 1.07789383e-04
8.461538e+00 2.915789e+00 2.563158e+00 1.02306331e-04
8.461538e+00 2.915789e+00 2.768421e+00 9.67791275e-05
8.461538e+00 2.915789e+00 2.973684e+00 9.12803880e-05
8.461538e+00 2.915789e+00 3.178947e+00 8.58674248e-05
8.461538e+00 2.915789e+00 3.384211e+00 8.05869786e-05
8.461538e+00 2.915789e+00 3.589474e+00 7.54759167e-05
8.461538e+00 2.915789e+00 3.794737e+00 7.05633647e-05
8.461538e+00 2.915789e+00 4.000000e+00 6.58715944e-05
8.461538e+00 3.176316e+00 1.000000e-01 3.48249173e+00
8.461538e+00 3.176316e+00 3.052632e-01 7.11065084e-02
8.461538e+00 3.176316e+00 5.105263e-01 7.35311676e-03
8.461538e+00 3.176316e+00 7.157895e-01 1.16796792e-03
8.461538e+00 3.176316e+00 9.210526e-01 2.38881534e-04
8.461538e+00 3.176316e+00 1.126316e+00 8.40518405e-05
8.461538e+00 3.176316e+00 1.331579e+00 5.72958052e-05
8.461538e+00 3.176316e+00 1.536842e+00 5.18320521e-05
8.461538e+00 3.176316e+00 1.742105e+00 4.95962049e-05
8.461538e+00 3.176316e+00 1.947368e+00 4.76495079e-05
8.461538e+00 3.176316e+00 2.152632e+00 4.55989102e-05
8.461538e+00 3.176316e+00 2.357895e+00 4.34465583e-05
8.461538e+00 3.176316e+00 2.563158e+00 4.12375230e-05
8.461538e+00 3.176316e+00 2.768421e+00 3.90100868e-05
8.461538e+00 3.176316e+00 2.973684e+00 3.67939429e-05
8.461538e+00 3.176316e+00 3.178947e+00 3.46123816e-05
8.461538e+00 3.176316e+00 3.384211e+00 3.24840039e-05
8.461538e+00 3.176316e+00 3.589474e+00 3.04239366e-05
8.461538e+00 3.176316e+00 3.794737e+00 2.84438374e-05
8.461538e+00 3.176316e+00 4.000000e+00 2.65527178e-05
8.461538e+00 3.436842e+00 1.000000e-01 1.47118163e+00
8.461538e+00 3.436842e+00 3.052632e-01 2.99557112e-02
8.461538e+00 3.436842e+00 5.105263e-01 3.08660208e-03
8.461538e+00 3.436842e+00 7.157895e-01 4.87998303e-04
8.461538e+00 3.436842e+00 9.210526e-01 9.82608617e-05
8.461538e+00 3.436842e+00 1.126316e+00 3.33423923e-05
8.461538e+00 3.436842e+00 1.331579e+00 2.21413738e-05
8.461538e+00 3.436842e+00 1.536842e+00 1.98903217e-05
8.461538e+00 3.436842e+00 1.742105e+00 1.90099545e-05
8.461538e+00 3.436842e+00 1.947368e+00 1.82617568e-05
8.461538e+00 3.436842e+00 2.152632e+00 1.74764082e-05
8.461538e+00 3.436842e+00 2.357895e+00 1.66520513e-05
8.461538e+00 3.436842e+00 2.563158e+00 1.58056955e-05
8.461538e+00 3.436842e+00 2.768421e+00 1.49521629e-05
8.461538e+00 3.436842e+00 2.973684e+00 1.41028504e-05
8.461538e+00 3.436842e+00 3.178947e+00 1.32667383e-05
8.461538e+00 3.436842e+00 3.384211e+00 1.24510079e-05
8.461538e+00 3.436842e+00 3.589474e+00 1.16614219e-05
8.461538e+00 3.436842e+00 3.794737e+00 1.09024995e-05
8.461538e+00 3.436842e+00 4.000000e+00 1.01776650e-05
8.461538e+00 3.697368e+00 1.000000e-01 5.80743611e-01
8.461538e+00 3.697368e+00 3.052632e-01 1.17983418e-02
8.461538e+00 3.697368e+00 5.105263e-01 1.21215929e-03
8.461538e+00 3.697368e+00 7.157895e-01 1.90945226e-04
8.461538e+00 3.697368e+00 9.210526e-01 3.79801459e-05
8.461538e+00 3.697368e+00 1.126316e+00 1.25107463e-05
8.461538e+00 3.697368e+00 1.331579e+00 8.12146936e-06
8.461538e+00 3.697368e+00 1.536842e+00 7.25017526e-06
8.461538e+00 3.697368e+00 1.742105e+00 6.92187086e-06
8.461538e+00 3.697368e+00 1.947368e+00 6.64872960e-06
8.461538e+00 3.697368e+00 2.152632e+00 6.36297727e-06
8.461538e+00 3.697368e+00 2.357895e+00 6.06300955e-06
8.461538e+00 3.697368e+00 2.563158e+00 5.75494914e-06
8.461538e+00 3.697368e+00 2.768421e+00 5.44422937e-06
8.461538e+00 3.697368e+00 2.973684e+00 5.13502891e-06
8.461538e+00 3.697368e+00 3.178947e+00 4.83060739e-06
8.461538e+00 3.697368e+00 3.384211e+00 4.53360371e-06
8.461538e+00 3.697368e+00 3.589474e+00 4.24612836e-06
8.461538e+00 3.697368e+00 3.794737e+00 3.96980022e-06
8.461538e+00 3.697368e+00 4.000000e+00 3.70588032e-06
8.461538e+00 3.957895e+00 1.000000e-01 2.14211196e-01
8.461538e+00 3.957895e+00 3.052632e-01 4.34416020e-03
8.461538e+00 3.957895e+00 5.105263e-01 4.45293845e-04
8.461538e+00 3.957895e+00 7.157895e-01 6.99464945e-05
8.461538e+00 3.957895e+00 9.210526e-01 1.37818643e-05
8.461538e+00 3.957895e+00 1.126316e+00 4.43318140e-06
8.461538e+00 3.957895e+00 1.331579e+00 2.82350629e-06
8.461538e+00 3.957895e+00 1.536842e+00 2.50696849e-06
8.461538e+00 3.957895e+00 1.742105e+00 2.39122119e-06
8.461538e+00 3.957895e+00 1.947368e+00 2.29663465e-06
8.461538e+00 3.957895e+00 2.152632e+00 2.19797766e-06
8.461538e+00 3.957895e+00 2.357895e+00 2.09441032e-06
8.461538e+00 3.957895e+00 2.563158e+00 1.98802081e-06
8.461538e+00 3.957895e+00 2.768421e+00 1.88070362e-06
8.461538e+00 3.957895e+00 2.973684e+00 1.77389882e-06
8.461538e+00 3.957895e+00 3.178947e+00 1.66874554e-06
8.461538e+00 3.957895e+00 3.384211e+00 1.56615079e-06
8.461538e+00 3.957895e+00 3.589474e+00 1.46684170e-06
8.461538e+00 3.957895e+00 3.794737e+00 1.37138647e-06
8.461538e+00 3.957895e+00 4.000000e+00 1.28021793e-06
8.461538e+00 4.218421e+00 1.000000e-01 7.38307908e-02
8.461538e+00 4.218421e+00 3.052632e-01 1.49521488e-03
8.461538e+00 4.218421e+00 5.105263e-01 1.52993671e-04
8.461538e+00 4.218421e+00 7.157895e-01 2.39804140e-05
8.461538e+00 4.218421e+00 9.210526e-01 4.69110955e-06
8.461538e+00 4.218421e+00 1.126316e+00 1.48118954e-06
8.461538e+00 4.218421e+00 1.331579e+00 9.28864608e-07
8.461538e+00 4.218421e+00 1.536842e+00 8.21023548e-07
8.461538e+00 4.218421e+00 1.742105e+00 7.82500933e-07
8.461538e+00 4.218421e+00 1.947368e+00 7.51489267e-07
8.461538e+00 4.218421e+00 2.152632e+00 7.19217098e-07
8.461538e+00 4.218421e+00 2.357895e+00 6.85341263e-07
8.461538e+00 4.218421e+00 2.563158e+00 6.50538311e-07
8.461538e+00 4.218421e+00 2.768421e+00 6.15424028e-07
8.461538e+00 4.218421e+00 2.973684e+00 5.80476865e-07
8.461538e+00 4.218421e+00 3.178947e+00 5.46069487e-07
8.461538e+00 4.218421e+00 3.384211e+00 5.12498616e-07
8.461538e+00 4.218421e+00 3.589474e+00 4.80001574e-07
8.461538e+00 4.218421e+00 3.794737e+00 4.48767281e-07
8.461538e+00 4.218421e+00 4.000000e+00 4.18933553e-07
8.461538e+00 4.478947e+00 1.000000e-01 2.37775873e-02
8.461538e+00 4.478947e+00 3.052632e-01 4.81042196e-04
8.461538e+00 4.478947e+00 5.105263e-01 4.91554165e-05
8.461538e+00 4.478947e+00 7.157895e-01 7.69226972e-06
8.461538e+00 4.478947e+00 9.210526e-01 1.49671689e-06
8.461538e+00 4.478947e+00 1.126316e+00 4.65918561e-07
8.461538e+00 4.478947e+00 1.331579e+00 2.88637153e-07
8.461538e+00 4.478947e+00 1.536842e+00 2.54206270e-07
8.461538e+00 4.478947e+00 1.742105e+00 2.42125424e-07
8.461538e+00 4.478947e+00 1.947368e+00 2.32513742e-07
8.461538e+00 4.478947e+00 2.152632e+00 2.22531952e-07
8.461538e+00 4.478947e+00 2.357895e+00 2.12053706e-07
8.461538e+00 4.478947e+00 2.563158e+00 2.01286923e-07
8.461538e+00 4.478947e+00 2.768421e+00 1.90422881e-07
8.461538e+00 4.478947e+00 2.973684e+00 1.79610694e-07
8.461538e+00 4.478947e+00 3.178947e+00 1.68964689e-07
8.461538e+00 4.478947e+00 3.384211e+00 1.58577450e-07
8.461538e+00 4.478947e+00 3.589474e+00 1.48522759e-07
8.461538e+00 4.478947e+00 3.794737e+00 1.38858240e-07
8.461538e+00 4.478947e+00 4.000000e+00 1.29626898e-07
8.461538e+00 4.739474e+00 1.000000e-01 7.15533551e-03
8.461538e+00 4.739474e+00 3.052632e-01 1.44648249e-04
8.461538e+00 4.739474e+00 5.105263e-01 1.47663159e-05
8.461538e+00 4.739474e+00 7.157895e-01 2.30803357e-06
8.461538e+00 4.739474e+00 9.210526e-01 4.47318769e-07
8.461538e+00 4.739474e+00 1.126316e+00 1.37782607e-07
8.461538e+00 4.739474e+00 1.331579e+00 8.45663024e-08
8.461538e+00 4.739474e+00 1.536842e+00 7.42705524e-08
8.461538e+00 4.739474e+00 1.742105e+00 7.07059442e-08
8.461538e+00 4.739474e+00 1.947368e+00 6.78955914e-08
8.461538e+00 4.739474e+00 2.152632e+00 6.49814424e-08
8.461538e+00 4.739474e+00 2.357895e+00 6.19224636e-08
8.461538e+00 4.739474e+00 2.563158e+00 5.87788804e-08
8.461538e+00 4.739474e+00 2.768421e+00 5.56066411e-08
8.461538e+00 4.739474e+00 2.973684e+00 5.24493906e-08
8.461538e+00 4.739474e+00 3.178947e+00 4.93406915e-08
8.461538e+00 4.739474e+00 3.384211e+00 4.63076297e-08
8.461538e+00 4.739474e+00 3.589474e+00 4.33714433e-08
8.461538e+00 4.739474e+00 3.794737e+00 4.05492280e-08
8.461538e+00 4.739474e+00 4.000000e+00 3.78536278e-08
8.461538e+00 5.000000e+00 1.000000e-01 2.01197900e-03
8.461538e+00 5.000000e+00 3.052632e-01 4.06506151e-05
8.461538e+00 5.000000e+00 5.105263e-01 4.14683791e-06
8.461538e+00 5.000000e+00 7.157895e-01 6.47618492e-07
8.461538e+00 5.000000e+00 9.210526e-01 1.25160184e-07
8.461538e+00 5.000000e+00 1.126316e+00 3.82566085e-08
8.461538e+00 5.000000e+00 1.331579e+00 2.33196626e-08
8.461538e+00 5.000000e+00 1.536842e+00 2.04378097e-08
8.461538e+00 5.000000e+00 1.742105e+00 1.94497165e-08
8.461538e+00 5.000000e+00 1.947368e+00 1.86759177e-08
8.461538e+00 5.000000e+00 2.152632e+00 1.78744362e-08
8.461538e+00 5.000000e+00 2.357895e+00 1.70331784e-08
8.461538e+00 5.000000e+00 2.563158e+00 1.61685278e-08
8.461538e+00 5.000000e+00 2.768421e+00 1.52960329e-08
8.461538e+00 5.000000e+00 2.973684e+00 1.44275454e-08
8.461538e+00 5.000000e+00 3.178947e+00 1.35724481e-08
8.461538e+00 5.000000e+00 3.384211e+00 1.27381128e-08
8.461538e+00 5.000000e+00 3.589474e+00 1.19304771e-08
8.461538e+00 5.000000e+00 3.794737e+00 1.11541523e-08
8.461538e+00 5.000000e+00 4.000000e+00 1.04126752e-08
8.717949e+00 5.000000e-02 1.000000e-01 5.48545837e+02
8.717949e+00 5.000000e-02 3.052632e-01 1.21238604e+01
8.717949e+00 5.000000e-02 5.105263e-01 1.54969203e+00
8.717949e+00 5.000000e-02 7.157895e-01 4.48763222e-01
8.717949e+00 5.000000e-02 9.210526e-01 2.72549927e-01
8.717949e+00 5.000000e-02 1.126316e+00 2.38804922e-01
8.717949e+00 5.000000e-02 1.331579e+00 2.27976441e-01
8.717949e+00 5.000000e-02 1.536842e+00 2.20145583e-01
8.717949e+00 5.000000e-02 1.742105e+00 2.12215573e-01
8.717949e+00 5.000000e-02 1.947368e+00 2.03854427e-01
8.717949e+00 5.000000e-02 2.152632e+00 1.95137337e-01
8.717949e+00 5.000000e-02 2.357895e+00 1.86169758e-01
8.717949e+00 5.000000e-02 2.563158e+00 1.77053422e-01
8.717949e+00 5.000000e-02 2.768421e+00 1.67883098e-01
8.717949e+00 5.000000e-02 2.973684e+00 1.58748507e-01
8.717949e+00 5.000000e-02 3.178947e+00 1.49729088e-01
8.717949e+00 5.000000e-02 3.384211e+00 1.40897900e-01
8.717949e+00 5.000000e-02 3.589474e+00 1.32313132e-01
8.717949e+00 5.000000e-02 3.794737e+00 1.24027923e-01
8.717949e+00 5.000000e-02 4.000000e+00 1.16080768e-01
8.717949e+00 3.105263e-01 1.000000e-01 5.23229187e+02
8.717949e+00 3.105263e-01 3.052632e-01 1.14460897e+01
8.717949e+00 3.105263e-01 5.105263e-01 1.35844052e+00
8.717949e+00 3.105263e-01 7.157895e-01 3.06026787e-01
8.717949e+00 3.105263e-01 9.210526e-01 1.38076678e-01
8.717949e+00 3.105263e-01 1.126316e+00 1.07943572e-01
8.717949e+00 3.105263e-01 1.331579e+00 1.00743905e-01
8.717949e+00 3.105263e-01 1.536842e+00 9.69892144e-02
8.717949e+00 3.105263e-01 1.742105e+00 9.34905708e-02
8.717949e+00 3.105263e-01 1.947368e+00 8.98240507e-02
8.717949e+00 3.105263e-01 2.152632e+00 8.59912112e-02
8.717949e+00 3.105263e-01 2.357895e+00 8.20433423e-02
8.717949e+00 3.105263e-01 2.563158e+00 7.80281946e-02
8.717949e+00 3.105263e-01 2.768421e+00 7.39894062e-02
8.717949e+00 3.105263e-01 2.973684e+00 6.99657425e-02
8.717949e+00 3.105263e-01 3.178947e+00 6.59928843e-02
8.717949e+00 3.105263e-01 3.384211e+00 6.21025115e-02
8.717949e+00 3.105263e-01 3.589474e+00 5.83206899e-02
8.717949e+00 3.105263e-01 3.794737e+00 5.46702072e-02
8.717949e+00 3.105263e-01 4.000000e+00 5.11684790e-02
8.717949e+00 5.710526e-01 1.000000e-01 4.66318542e+02
8.717949e+00 5.710526e-01 3.052632e-01 1.01426620e+01
8.717949e+00 5.710526e-01 5.105263e-01 1.17146873e+00
8.717949e+00 5.710526e-01 7.157895e-01 2.37083957e-01
8.717949e+00 5.710526e-01 9.210526e-01 8.80785659e-02
8.717949e+00 5.710526e-01 1.126316e+00 6.18311614e-02
8.717949e+00 5.710526e-01 1.331579e+00 5.62732704e-02
8.717949e+00 5.710526e-01 1.536842e+00 5.39699160e-02
8.717949e+00 5.710526e-01 1.742105e+00 5.20108640e-02
8.717949e+00 5.710526e-01 1.947368e+00 4.99777645e-02
8.717949e+00 5.710526e-01 2.152632e+00 4.78496701e-02
8.717949e+00 5.710526e-01 2.357895e+00 4.56547551e-02
8.717949e+00 5.710526e-01 2.563158e+00 4.34215926e-02
8.717949e+00 5.710526e-01 2.768421e+00 4.11746912e-02
8.717949e+00 5.710526e-01 2.973684e+00 3.89365405e-02
8.717949e+00 5.710526e-01 3.178947e+00 3.67263854e-02
8.717949e+00 5.710526e-01 3.384211e+00 3.45621556e-02
8.717949e+00 5.710526e-01 3.589474e+00 3.24583240e-02
8.717949e+00 5.710526e-01 3.794737e+00 3.04273739e-02
8.717949e+00 5.710526e-01 4.000000e+00 2.84790210e-02
8.717949e+00 8.315790e-01 1.000000e-01 3.88290863e+02
8.717949e+00 8.315790e-01 3.052632e-01 8.39762402e+00
8.717949e+00 8.315790e-01 5.105263e-01 9.53848839e-01
8.717949e+00 8.315790e-01 7.157895e-01 1.81397974e-01
8.717949e+00 8.315790e-01 9.210526e-01 5.83367683e-02
8.717949e+00 8.315790e-01 1.126316e+00 3.68266255e-02
8.717949e+00 8.315790e-01 1.331579e+00 3.25573906e-02
8.717949e+00 8.315790e-01 1.536842e+00 3.10740974e-02
8.717949e+00 8.315790e-01 1.742105e+00 2.99324691e-02
8.717949e+00 8.315790e-01 1.947368e+00 2.87650842e-02
8.717949e+00 8.315790e-01 2.152632e+00 2.75425892e-02
8.717949e+00 8.315790e-01 2.357895e+00 2.62802672e-02
8.717949e+00 8.315790e-01 2.563158e+00 2.49953363e-02
8.717949e+00 8.315790e-01 2.768421e+00 2.37023793e-02
8.717949e+00 8.315790e-01 2.973684e+00 2.24142857e-02
8.717949e+00 8.315790e-01 3.178947e+00 2.11424492e-02
8.717949e+00 8.315790e-01 3.384211e+00 1.98968649e-02
8.717949e+00 8.315790e-01 3.589474e+00 1.86860804e-02
8.717949e+00 8.315790e-01 3.794737e+00 1.75171401e-02
8.717949e+00 8.315790e-01 4.000000e+00 1.63956843e-02
8.717949e+00 1.092105e+00 1.000000e-01 3.02080750e+02
8.717949e+00 1.092105e+00 3.052632e-01 6.49346733e+00
8.717949e+00 1.092105e+00 5.105263e-01 7.28214681e-01
8.717949e+00 1.092105e+00 7.157895e-01 1.32976264e-01
8.717949e+00 1.092105e+00 9.210526e-01 3.82946469e-02
8.717949e+00 1.092105e+00 1.126316e+00 2.18086988e-02
8.717949e+00 1.092105e+00 1.331579e+00 1.86593514e-02
8.717949e+00 1.092105e+00 1.536842e+00 1.77041478e-02
8.717949e+00 1.092105e+00 1.742105e+00 1.70419998e-02
8.717949e+00 1.092105e+00 1.947368e+00 1.63780935e-02
8.717949e+00 1.092105e+00 2.152632e+00 1.56832039e-02
8.717949e+00 1.092105e+00 2.357895e+00 1.49650779e-02
8.717949e+00 1.092105e+00 2.563158e+00 1.42337093e-02
8.717949e+00 1.092105e+00 2.768421e+00 1.34976236e-02
8.717949e+00 1.092105e+00 2.973684e+00 1.27642574e-02
8.717949e+00 1.092105e+00 3.178947e+00 1.20401969e-02
8.717949e+00 1.092105e+00 3.384211e+00 1.13310227e-02
8.717949e+00 1.092105e+00 3.589474e+00 1.06416829e-02
8.717949e+00 1.092105e+00 3.794737e+00 9.97607317e-03
8.717949e+00 1.092105e+00 4.000000e+00 9.33750719e-03
8.717949e+00 1.352632e+00 1.000000e-01 2.19579895e+02
8.717949e+00 1.352632e+00 3.052632e-01 4.68991041e+00
8.717949e+00 1.352632e+00 5.105263e-01 5.20270586e-01
8.717949e+00 1.352632e+00 7.157895e-01 9.23409685e-02
8.717949e+00 1.352632e+00 9.210526e-01 2.44137514e-02
8.717949e+00 1.352632e+00 1.126316e+00 1.26126381e-02
8.717949e+00 1.352632e+00 1.331579e+00 1.04112308e-02
8.717949e+00 1.352632e+00 1.536842e+00 9.80973803e-03
8.717949e+00 1.352632e+00 1.742105e+00 9.43420455e-03
8.717949e+00 1.352632e+00 1.947368e+00 9.06668138e-03
8.717949e+00 1.352632e+00 2.152632e+00 8.68257228e-03
8.717949e+00 1.352632e+00 2.357895e+00 8.28529056e-03
8.717949e+00 1.352632e+00 2.563158e+00 7.88056012e-03
8.717949e+00 1.352632e+00 2.768421e+00 7.47311581e-03
8.717949e+00 1.352632e+00 2.973684e+00 7.06718024e-03
8.717949e+00 1.352632e+00 3.178947e+00 6.66635064e-03
8.717949e+00 1.352632e+00 3.384211e+00 6.27379259e-03
8.717949e+00 1.352632e+00 3.589474e+00 5.89213800e-03
8.717949e+00 1.352632e+00 3.794737e+00 5.52370353e-03
8.717949e+00 1.352632e+00 4.000000e+00 5.17017813e-03
8.717949e+00 1.613158e+00 1.000000e-01 1.49134323e+02
8.717949e+00 1.613158e+00 3.052632e-01 3.16465592e+00
8.717949e+00 1.613158e+00 5.105263e-01 3.47670436e-01
8.717949e+00 1.613158e+00 7.157895e-01 6.04281090e-02
8.717949e+00 1.613158e+00 9.210526e-01 1.49445832e-02
8.717949e+00 1.613158e+00 1.126316e+00 7.05460086e-03
8.717949e+00 1.613158e+00 1.331579e+00 5.60539262e-03
8.717949e+00 1.613158e+00 1.536842e+00 5.23989974e-03
8.717949e+00 1.613158e+00 1.742105e+00 5.03361085e-03
8.717949e+00 1.613158e+00 1.947368e+00 4.83728992e-03
8.717949e+00 1.613158e+00 2.152632e+00 4.63261688e-03
8.717949e+00 1.613158e+00 2.357895e+00 4.42080898e-03
8.717949e+00 1.613158e+00 2.563158e+00 4.20490466e-03
8.717949e+00 1.613158e+00 2.768421e+00 3.98755958e-03
8.717949e+00 1.613158e+00 2.973684e+00 3.77101032e-03
8.717949e+00 1.613158e+00 3.178947e+00 3.55716050e-03
8.717949e+00 1.613158e+00 3.384211e+00 3.34771420e-03
8.717949e+00 1.613158e+00 3.589474e+00 3.14410776e-03
8.717949e+00 1.613158e+00 3.794737e+00 2.94752768e-03
8.717949e+00 1.613158e+00 4.000000e+00 2.75890133e-03
8.717949e+00 1.873684e+00 1.000000e-01 9.46430435e+01
8.717949e+00 1.873684e+00 3.052632e-01 1.99559486e+00
8.717949e+00 1.873684e+00 5.105263e-01 2.17306167e-01
8.717949e+00 1.873684e+00 7.157895e-01 3.71698551e-02
8.717949e+00 1.873684e+00 9.210526e-01 8.72191321e-03
8.717949e+00 1.873684e+00 1.126316e+00 3.79293249e-03
8.717949e+00 1.873684e+00 1.331579e+00 2.89700297e-03
8.717949e+00 1.873684e+00 1.536842e+00 2.68455409e-03
8.717949e+00 1.873684e+00 1.742105e+00 2.57542497e-03
8.717949e+00 1.873684e+00 1.947368e+00 2.47475621e-03
8.717949e+00 1.873684e+00 2.152632e+00 2.37015029e-03
8.717949e+00 1.873684e+00 2.357895e+00 2.26186262e-03
8.717949e+00 1.873684e+00 2.563158e+00 2.15143943e-03
8.717949e+00 1.873684e+00 2.768421e+00 2.04025395e-03
8.717949e+00 1.873684e+00 2.973684e+00 1.92946673e-03
8.717949e+00 1.873684e+00 3.178947e+00 1.82007288e-03
8.717949e+00 1.873684e+00 3.384211e+00 1.71291735e-03
8.717949e+00 1.873684e+00 3.589474e+00 1.60874880e-03
8.717949e+00 1.873684e+00 3.794737e+00 1.50817703e-03
8.717949e+00 1.873684e+00 4.000000e+00 1.41167024e-03
8.717949e+00 2.134211e+00 1.000000e-01 5.61220894e+01
8.717949e+00 2.134211e+00 3.052632e-01 1.17624104e+00
8.717949e+00 2.134211e+00 5.105263e-01 1.27059996e-01
8.717949e+00 2.134211e+00 7.157895e-01 2.14619637e-02
8.717949e+00 2.134211e+00 9.210526e-01 4.83063934e-03
8.717949e+00 2.134211e+00 1.126316e+00 1.95200264e-03
8.717949e+00 2.134211e+00 1.331579e+00 1.43255282e-03
8.717949e+00 2.134211e+00 1.536842e+00 1.31510035e-03
8.717949e+00 2.134211e+00 1.742105e+00 1.25975965e-03
8.717949e+00 2.134211e+00 1.947368e+00 1.21035066e-03
8.717949e+00 2.134211e+00 2.152632e+00 1.15923421e-03
8.717949e+00 2.134211e+00 2.357895e+00 1.10630295e-03
8.717949e+00 2.134211e+00 2.563158e+00 1.05231092e-03
8.717949e+00 2.134211e+00 2.768421e+00 9.97938332e-04
8.717949e+00 2.134211e+00 2.973684e+00 9.43756429e-04
8.717949e+00 2.134211e+00 3.178947e+00 8.90253927e-04
8.717949e+00 2.134211e+00 3.384211e+00 8.37849861e-04
8.717949e+00 2.134211e+00 3.589474e+00 7.86903896e-04
8.717949e+00 2.134211e+00 3.794737e+00 7.37712486e-04
8.717949e+00 2.134211e+00 4.000000e+00 6.90512068e-04
8.717949e+00 2.394737e+00 1.000000e-01 3.10970707e+01
8.717949e+00 2.394737e+00 3.052632e-01 6.48141742e-01
8.717949e+00 2.394737e+00 5.105263e-01 6.95111230e-02
8.717949e+00 2.394737e+00 7.157895e-01 1.16240066e-02
8.717949e+00 2.394737e+00 9.210526e-01 2.53100274e-03
8.717949e+00 2.394737e+00 1.126316e+00 9.58593911e-04
8.717949e+00 2.394737e+00 1.331579e+00 6.76324475e-04
8.717949e+00 2.394737e+00 1.536842e+00 6.14815915e-04
8.717949e+00 2.394737e+00 1.742105e+00 5.87988412e-04
8.717949e+00 2.394737e+00 1.947368e+00 5.64834976e-04
8.717949e+00 2.394737e+00 2.152632e+00 5.40993933e-04
8.717949e+00 2.394737e+00 2.357895e+00 5.16308122e-04
8.717949e+00 2.394737e+00 2.563158e+00 4.91117418e-04
8.717949e+00 2.394737e+00 2.768421e+00 4.65746736e-04
8.717949e+00 2.394737e+00 2.973684e+00 4.40461474e-04
8.717949e+00 2.394737e+00 3.178947e+00 4.15493676e-04
8.717949e+00 2.394737e+00 3.384211e+00 3.91038950e-04
8.717949e+00 2.394737e+00 3.589474e+00 3.67263798e-04
8.717949e+00 2.394737e+00 3.794737e+00 3.44306842e-04
8.717949e+00 2.394737e+00 4.000000e+00 3.22278560e-04
8.717949e+00 2.655263e+00 1.000000e-01 1.61008511e+01
8.717949e+00 2.655263e+00 3.052632e-01 3.33918780e-01
8.717949e+00 2.655263e+00 5.105263e-01 3.55848894e-02
8.717949e+00 2.655263e+00 7.157895e-01 5.90275601e-03
8.717949e+00 2.655263e+00 9.210526e-01 1.25171070e-03
8.717949e+00 2.655263e+00 1.126316e+00 4.48101026e-04
8.717949e+00 2.655263e+00 1.331579e+00 3.04389978e-04
8.717949e+00 2.655263e+00 1.536842e+00 2.73962214e-04
8.717949e+00 2.655263e+00 1.742105e+00 2.61562847e-04
8.717949e+00 2.655263e+00 1.947368e+00 2.51216785e-04
8.717949e+00 2.655263e+00 2.152632e+00 2.40617970e-04
8.717949e+00 2.655263e+00 2.357895e+00 2.29643629e-04
8.717949e+00 2.655263e+00 2.563158e+00 2.18442743e-04
8.717949e+00 2.655263e+00 2.768421e+00 2.07159508e-04
8.717949e+00 2.655263e+00 2.973684e+00 1.95914574e-04
8.717949e+00 2.655263e+00 3.178947e+00 1.84810066e-04
8.717949e+00 2.655263e+00 3.384211e+00 1.73933528e-04
8.717949e+00 2.655263e+00 3.589474e+00 1.63359131e-04
8.717949e+00 2.655263e+00 3.794737e+00 1.53148765e-04
8.717949e+00 2.655263e+00 4.000000e+00 1.43351150e-04
8.717949e+00 2.915789e+00 1.000000e-01 7.78976631e+00
8.717949e+00 2.915789e+00 3.052632e-01 1.60854772e-01
8.717949e+00 2.915789e+00 5.105263e-01 1.70478784e-02
8.717949e+00 2.915789e+00 7.157895e-01 2.80947890e-03
8.717949e+00 2.915789e+00 9.210526e-01 5.83332730e-04
8.717949e+00 2.915789e+00 1.126316e+00 1.98985639e-04
8.717949e+00 2.915789e+00 1.331579e+00 1.30446118e-04
8.717949e+00 2.915789e+00 1.536842e+00 1.16256357e-04
8.717949e+00 2.915789e+00 1.742105e+00 1.10803958e-04
8.717949e+00 2.915789e+00 1.947368e+00 1.06399530e-04
8.717949e+00 2.915789e+00 2.152632e+00 1.01912025e-04
8.717949e+00 2.915789e+00 2.357895e+00 9.72662529e-05
8.717949e+00 2.915789e+00 2.563158e+00 9.25231870e-05
8.717949e+00 2.915789e+00 2.768421e+00 8.77448110e-05
8.717949e+00 2.915789e+00 2.973684e+00 8.29822966e-05
8.717949e+00 2.915789e+00 3.178947e+00 7.82792413e-05
8.717949e+00 2.915789e+00 3.384211e+00 7.36726870e-05
8.717949e+00 2.915789e+00 3.589474e+00 6.91939931e-05
8.717949e+00 2.915789e+00 3.794737e+00 6.48695204e-05
8.717949e+00 2.915789e+00 4.000000e+00 6.07197071e-05
8.717949e+00 3.176316e+00 1.000000e-01 3.52164912e+00
8.717949e+00 3.176316e+00 3.052632e-01 7.24526718e-02
8.717949e+00 3.176316e+00 5.105263e-01 7.64307752e-03
8.717949e+00 3.176316e+00 7.157895e-01 1.25297939e-03
8.717949e+00 3.176316e+00 9.210526e-01 2.55835417e-04
8.717949e+00 3.176316e+00 1.126316e+00 8.37893094e-05
8.717949e+00 3.176316e+00 1.331579e+00 5.31739097e-05
8.717949e+00 3.176316e+00 1.536842e+00 4.69456136e-05
8.717949e+00 3.176316e+00 1.742105e+00 4.46686608e-05
8.717949e+00 3.176316e+00 1.947368e+00 4.28844105e-05
8.717949e+00 3.176316e+00 2.152632e+00 4.10760040e-05
8.717949e+00 3.176316e+00 2.357895e+00 3.92043657e-05
8.717949e+00 3.176316e+00 2.563158e+00 3.72930590e-05
8.717949e+00 3.176316e+00 2.768421e+00 3.53673458e-05
8.717949e+00 3.176316e+00 2.973684e+00 3.34478609e-05
8.717949e+00 3.176316e+00 3.178947e+00 3.15523321e-05
8.717949e+00 3.176316e+00 3.384211e+00 2.96956150e-05
8.717949e+00 3.176316e+00 3.589474e+00 2.78905190e-05
8.717949e+00 3.176316e+00 3.794737e+00 2.61475197e-05
8.717949e+00 3.176316e+00 4.000000e+00 2.44749044e-05
8.717949e+00 3.436842e+00 1.000000e-01 1.48769212e+00
8.717949e+00 3.436842e+00 3.052632e-01 3.05135194e-02
8.717949e+00 3.436842e+00 5.105263e-01 3.20648984e-03
8.717949e+00 3.436842e+00 7.157895e-01 5.23466093e-04
8.717949e+00 3.436842e+00 9.210526e-01 1.05479390e-04
8.717949e+00 3.436842e+00 1.126316e+00 3.34003198e-05
8.717949e+00 3.436842e+00 1.331579e+00 2.05946308e-05
8.717949e+00 3.436842e+00 1.536842e+00 1.80245606e-05
8.717949e+00 3.436842e+00 1.742105e+00 1.71232005e-05
8.717949e+00 3.436842e+00 1.947368e+00 1.64359626e-05
8.717949e+00 3.436842e+00 2.152632e+00 1.57429895e-05
8.717949e+00 3.436842e+00 2.357895e+00 1.50259302e-05
8.717949e+00 3.436842e+00 2.563158e+00 1.42935060e-05
8.717949e+00 3.436842e+00 2.768421e+00 1.35555147e-05
8.717949e+00 3.436842e+00 2.973684e+00 1.28198863e-05
8.717949e+00 3.436842e+00 3.178947e+00 1.20934073e-05
8.717949e+00 3.436842e+00 3.384211e+00 1.13818169e-05
8.717949e+00 3.436842e+00 3.589474e+00 1.06899834e-05
8.717949e+00 3.436842e+00 3.794737e+00 1.00219504e-05
8.717949e+00 3.436842e+00 4.000000e+00 9.38087942e-06
8.717949e+00 3.697368e+00 1.000000e-01 5.87251067e-01
8.717949e+00 3.697368e+00 3.052632e-01 1.20150661e-02
8.717949e+00 3.697368e+00 5.105263e-01 1.25865289e-03
8.717949e+00 3.697368e+00 7.157895e-01 2.04801399e-04
8.717949e+00 3.697368e+00 9.210526e-01 4.08441774e-05
8.717949e+00 3.697368e+00 1.126316e+00 1.25838096e-05
8.717949e+00 3.697368e+00 1.331579e+00 7.56910686e-06
8.717949e+00 3.697368e+00 1.536842e+00 6.57318014e-06
8.717949e+00 3.697368e+00 1.742105e+00 6.23550159e-06
8.717949e+00 3.697368e+00 1.947368e+00 5.98413817e-06
8.717949e+00 3.697368e+00 2.152632e+00 5.73185707e-06
8.717949e+00 3.697368e+00 2.357895e+00 5.47085256e-06
8.717949e+00 3.697368e+00 2.563158e+00 5.20425147e-06
8.717949e+00 3.697368e+00 2.768421e+00 4.93556900e-06
8.717949e+00 3.697368e+00 2.973684e+00 4.66773827e-06
8.717949e+00 3.697368e+00 3.178947e+00 4.40324993e-06
8.717949e+00 3.697368e+00 3.384211e+00 4.14416991e-06
8.717949e+00 3.697368e+00 3.589474e+00 3.89228308e-06
8.717949e+00 3.697368e+00 3.794737e+00 3.64905554e-06
8.717949e+00 3.697368e+00 4.000000e+00 3.41565101e-06
8.717949e+00 3.957895e+00 1.000000e-01 2.16608688e-01
8.717949e+00 3.957895e+00 3.052632e-01 4.42309072e-03
8.717949e+00 3.957895e+00 5.105263e-01 4.62201133e-04
8.717949e+00 3.957895e+00 7.157895e-01 7.50147374e-05
8.717949e+00 3.957895e+00 9.210526e-01 1.48418285e-05
8.717949e+00 3.957895e+00 1.126316e+00 4.47397861e-06
8.717949e+00 3.957895e+00 1.331579e+00 2.63592756e-06
8.717949e+00 3.957895e+00 1.536842e+00 2.27379951e-06
8.717949e+00 3.957895e+00 1.742105e+00 2.15429168e-06
8.717949e+00 3.957895e+00 1.947368e+00 2.06711798e-06
8.717949e+00 3.957895e+00 2.152632e+00 1.97997201e-06
8.717949e+00 3.957895e+00 2.357895e+00 1.88983802e-06
8.717949e+00 3.957895e+00 2.563158e+00 1.79775770e-06
8.717949e+00 3.957895e+00 2.768421e+00 1.70494877e-06
8.717949e+00 3.957895e+00 2.973684e+00 1.61243941e-06
8.717949e+00 3.957895e+00 3.178947e+00 1.52107293e-06
8.717949e+00 3.957895e+00 3.384211e+00 1.43158093e-06
8.717949e+00 3.957895e+00 3.589474e+00 1.34457071e-06
8.717949e+00 3.957895e+00 3.794737e+00 1.26055170e-06
8.717949e+00 3.957895e+00 4.000000e+00 1.17992545e-06
8.717949e+00 4.218421e+00 1.000000e-01 7.46563375e-02
8.717949e+00 4.218421e+00 3.052632e-01 1.52215268e-03
8.717949e+00 4.218421e+00 5.105263e-01 1.58756768e-04
8.717949e+00 4.218421e+00 7.157895e-01 2.57157826e-05
8.717949e+00 4.218421e+00 9.210526e-01 5.05725166e-06
8.717949e+00 4.218421e+00 1.126316e+00 1.49879600e-06
8.717949e+00 4.218421e+00 1.331579e+00 8.68369170e-07
8.717949e+00 4.218421e+00 1.536842e+00 7.44911915e-07
8.717949e+00 4.218421e+00 1.742105e+00 7.05018863e-07
8.717949e+00 4.218421e+00 1.947368e+00 6.76398145e-07
8.717949e+00 4.218421e+00 2.152632e+00 6.47882018e-07
8.717949e+00 4.218421e+00 2.357895e+00 6.18396086e-07
8.717949e+00 4.218421e+00 2.563158e+00 5.88268790e-07
8.717949e+00 4.218421e+00 2.768421e+00 5.57901444e-07
8.717949e+00 4.218421e+00 2.973684e+00 5.27631983e-07
8.717949e+00 4.218421e+00 3.178947e+00 4.97735584e-07
8.717949e+00 4.218421e+00 3.384211e+00 4.68451219e-07
8.717949e+00 4.218421e+00 3.589474e+00 4.39981278e-07
8.717949e+00 4.218421e+00 3.794737e+00 4.12488504e-07
8.717949e+00 4.218421e+00 4.000000e+00 3.86105938e-07
8.717949e+00 4.478947e+00 1.000000e-01 2.40432825e-02
8.717949e+00 4.478947e+00 3.052632e-01 4.89652564e-04
8.717949e+00 4.478947e+00 5.105263e-01 5.09957536e-05
8.717949e+00 4.478947e+00 7.157895e-01 8.24835570e-06
8.717949e+00 4.478947e+00 9.210526e-01 1.61481046e-06
8.717949e+00 4.478947e+00 1.126316e+00 4.72426564e-07
8.717949e+00 4.478947e+00 1.331579e+00 2.70139964e-07
8.717949e+00 4.478947e+00 1.536842e+00 2.30702682e-07
8.717949e+00 4.478947e+00 1.742105e+00 2.18163123e-07
8.717949e+00 4.478947e+00 1.947368e+00 2.09282931e-07
8.717949e+00 4.478947e+00 2.152632e+00 2.00460121e-07
8.717949e+00 4.478947e+00 2.357895e+00 1.91338742e-07
8.717949e+00 4.478947e+00 2.563158e+00 1.82017857e-07
8.717949e+00 4.478947e+00 2.768421e+00 1.72622748e-07
8.717949e+00 4.478947e+00 2.973684e+00 1.63256388e-07
8.717949e+00 4.478947e+00 3.178947e+00 1.54006742e-07
8.717949e+00 4.478947e+00 3.384211e+00 1.44946085e-07
8.717949e+00 4.478947e+00 3.589474e+00 1.36137032e-07
8.717949e+00 4.478947e+00 3.794737e+00 1.27630628e-07
8.717949e+00 4.478947e+00 4.000000e+00 1.19467302e-07
8.717949e+00 4.739474e+00 1.000000e-01 7.23524671e-03
8.717949e+00 4.739474e+00 3.052632e-01 1.47224971e-04
8.717949e+00 4.739474e+00 5.105263e-01 1.53166693e-05
8.717949e+00 4.739474e+00 7.157895e-01 2.47475350e-06
8.717949e+00 4.739474e+00 9.210526e-01 4.82892574e-07
8.717949e+00 4.739474e+00 1.126316e+00 1.39923344e-07
8.717949e+00 4.739474e+00 1.331579e+00 7.92145656e-08
8.717949e+00 4.739474e+00 1.536842e+00 6.74176945e-08
8.717949e+00 4.739474e+00 1.742105e+00 6.37114539e-08
8.717949e+00 4.739474e+00 1.947368e+00 6.11127291e-08
8.717949e+00 4.739474e+00 2.152632e+00 5.85362336e-08
8.717949e+00 4.739474e+00 2.357895e+00 5.58730981e-08
8.717949e+00 4.739474e+00 2.563158e+00 5.31515845e-08
8.717949e+00 4.739474e+00 2.768421e+00 5.04081186e-08
8.717949e+00 4.739474e+00 2.973684e+00 4.76732751e-08
8.717949e+00 4.739474e+00 3.178947e+00 4.49722144e-08
8.717949e+00 4.739474e+00 3.384211e+00 4.23264375e-08
8.717949e+00 4.739474e+00 3.589474e+00 3.97540951e-08
8.717949e+00 4.739474e+00 3.794737e+00 3.72700555e-08
8.717949e+00 4.739474e+00 4.000000e+00 3.48863445e-08
8.717949e+00 5.000000e+00 1.000000e-01 2.03443994e-03
8.717949e+00 5.000000e+00 3.052632e-01 4.13722482e-05
8.717949e+00 5.000000e+00 5.105263e-01 4.30088448e-06
8.717949e+00 5.000000e+00 7.157895e-01 6.94371522e-07
8.717949e+00 5.000000e+00 9.210526e-01 1.35169799e-07
8.717949e+00 5.000000e+00 1.126316e+00 3.88949566e-08
8.717949e+00 5.000000e+00 1.331579e+00 2.18578258e-08
8.717949e+00 5.000000e+00 1.536842e+00 1.85549620e-08
8.717949e+00 5.000000e+00 1.742105e+00 1.75262471e-08
8.717949e+00 5.000000e+00 1.947368e+00 1.68103078e-08
8.717949e+00 5.000000e+00 2.152632e+00 1.61015876e-08
8.717949e+00 5.000000e+00 2.357895e+00 1.53690980e-08
8.717949e+00 5.000000e+00 2.563158e+00 1.46205261e-08
8.717949e+00 5.000000e+00 2.768421e+00 1.38659093e-08
8.717949e+00 5.000000e+00 2.973684e+00 1.31136320e-08
8.717949e+00 5.000000e+00 3.178947e+00 1.23706467e-08
8.717949e+00 5.000000e+00 3.384211e+00 1.16428964e-08
8.717949e+00 5.000000e+00 3.589474e+00 1.09353158e-08
8.717949e+00 5.000000e+00 3.794737e+00 1.02520552e-08
8.717949e+00 5.000000e+00 4.000000e+00 9.59635482e-09
8.974359e+00 5.000000e-02 1.000000e-01 5.39280884e+02
8.974359e+00 5.000000e-02 3.052632e-01 1.19592686e+01
8.974359e+00 5.000000e-02 5.105263e-01 1.62417209e+00
8.974359e+00 5.000000e-02 7.157895e-01 4.73968208e-01
8.974359e+00 5.000000e-02 9.210526e-01 2.68612772e-01
8.974359e+00 5.000000e-02 1.126316e+00 2.23064765e-01
8.974359e+00 5.000000e-02 1.331579e+00 2.07946539e-01
8.974359e+00 5.000000e-02 1.536842e+00 1.98986024e-01
8.974359e+00 5.000000e-02 1.742105e+00 1.91294655e-01
8.974359e+00 5.000000e-02 1.947368e+00 1.83779567e-01
8.974359e+00 5.000000e-02 2.152632e+00 1.76177099e-01
8.974359e+00 5.000000e-02 2.357895e+00 1.68430790e-01
8.974359e+00 5.000000e-02 2.563158e+00 1.60569385e-01
8.974359e+00 5.000000e-02 2.768421e+00 1.52643770e-01
8.974359e+00 5.000000e-02 2.973684e+00 1.44720092e-01
8.974359e+00 5.000000e-02 3.178947e+00 1.36866048e-01
8.974359e+00 5.000000e-02 3.384211e+00 1.29139721e-01
8.974359e+00 5.000000e-02 3.589474e+00 1.21597670e-01
8.974359e+00 5.000000e-02 3.794737e+00 1.14284441e-01
8.974359e+00 5.000000e-02 4.000000e+00 1.07238084e-01
8.974359e+00 3.105263e-01 1.000000e-01 5.14321899e+02
8.974359e+00 3.105263e-01 3.052632e-01 1.12528629e+01
8.974359e+00 3.105263e-01 5.105263e-01 1.41679513e+00
8.974359e+00 3.105263e-01 7.157895e-01 3.30622315e-01
8.974359e+00 3.105263e-01 9.210526e-01 1.41437218e-01
8.974359e+00 3.105263e-01 1.126316e+00 1.02946624e-01
8.974359e+00 3.105263e-01 1.331579e+00 9.26932693e-02
8.974359e+00 3.105263e-01 1.536842e+00 8.79827142e-02
8.974359e+00 3.105263e-01 1.742105e+00 8.43980908e-02
8.974359e+00 3.105263e-01 1.947368e+00 8.10204819e-02
8.974359e+00 3.105263e-01 2.152632e+00 7.76418224e-02
8.974359e+00 3.105263e-01 2.357895e+00 7.42166117e-02
8.974359e+00 3.105263e-01 2.563158e+00 7.07478970e-02
8.974359e+00 3.105263e-01 2.768421e+00 6.72550797e-02
8.974359e+00 3.105263e-01 2.973684e+00 6.37655258e-02
8.974359e+00 3.105263e-01 3.178947e+00 6.03059456e-02
8.974359e+00 3.105263e-01 3.384211e+00 5.69038875e-02
8.974359e+00 3.105263e-01 3.589474e+00 5.35820611e-02
8.974359e+00 3.105263e-01 3.794737e+00 5.03611267e-02
8.974359e+00 3.105263e-01 4.000000e+00 4.72574160e-02
8.974359e+00 5.710526e-01 1.000000e-01 4.58342499e+02
8.974359e+00 5.710526e-01 3.052632e-01 9.95287418e+00
8.974359e+00 5.710526e-01 5.105263e-01 1.21691298e+00
8.974359e+00 5.710526e-01 7.157895e-01 2.57949412e-01
8.974359e+00 5.710526e-01 9.210526e-01 9.25916210e-02
8.974359e+00 5.710526e-01 1.126316e+00 6.00224026e-02
8.974359e+00 5.710526e-01 1.331579e+00 5.21709844e-02
8.974359e+00 5.710526e-01 1.536842e+00 4.91111577e-02
8.974359e+00 5.710526e-01 1.742105e+00 4.70120236e-02
8.974359e+00 5.710526e-01 1.947368e+00 4.51006740e-02
8.974359e+00 5.710526e-01 2.152632e+00 4.32079323e-02
8.974359e+00 5.710526e-01 2.357895e+00 4.12965417e-02
8.974359e+00 5.710526e-01 2.563158e+00 3.93642634e-02
8.974359e+00 5.710526e-01 2.768421e+00 3.74204330e-02
8.974359e+00 5.710526e-01 2.973684e+00 3.54790539e-02
8.974359e+00 5.710526e-01 3.178947e+00 3.35548222e-02
8.974359e+00 5.710526e-01 3.384211e+00 3.16624232e-02
8.974359e+00 5.710526e-01 3.589474e+00 2.98149716e-02
8.974359e+00 5.710526e-01 3.794737e+00 2.80232728e-02
8.974359e+00 5.710526e-01 4.000000e+00 2.62966733e-02
8.974359e+00 8.315790e-01 1.000000e-01 3.81621277e+02
8.974359e+00 8.315790e-01 3.052632e-01 8.22740173e+00
8.974359e+00 8.315790e-01 5.105263e-01 9.87100422e-01
8.974359e+00 8.315790e-01 7.157895e-01 1.97627991e-01
8.974359e+00 8.315790e-01 9.210526e-01 6.24588728e-02
8.974359e+00 8.315790e-01 1.126316e+00 3.63277830e-02
8.974359e+00 8.315790e-01 1.331579e+00 3.04005016e-02
8.974359e+00 8.315790e-01 1.536842e+00 2.83583868e-02
8.974359e+00 8.315790e-01 1.742105e+00 2.70875543e-02
8.974359e+00 8.315790e-01 1.947368e+00 2.59695463e-02
8.974359e+00 8.315790e-01 2.152632e+00 2.48734951e-02
8.974359e+00 8.315790e-01 2.357895e+00 2.37706769e-02
8.974359e+00 8.315790e-01 2.563158e+00 2.26573627e-02
8.974359e+00 8.315790e-01 2.768421e+00 2.15382352e-02
8.974359e+00 8.315790e-01 2.973684e+00 2.04208177e-02
8.974359e+00 8.315790e-01 3.178947e+00 1.93135720e-02
8.974359e+00 8.315790e-01 3.384211e+00 1.82246510e-02
8.974359e+00 8.315790e-01 3.589474e+00 1.71615705e-02
8.974359e+00 8.315790e-01 3.794737e+00 1.61305387e-02
8.974359e+00 8.315790e-01 4.000000e+00 1.51369059e-02
8.974359e+00 1.092105e+00 1.000000e-01 2.96871185e+02
8.974359e+00 1.092105e+00 3.052632e-01 6.35254240e+00
8.974359e+00 1.092105e+00 5.105263e-01 7.50915110e-01
8.974359e+00 1.092105e+00 7.157895e-01 1.44691169e-01
8.974359e+00 1.092105e+00 9.210526e-01 4.15249988e-02
8.974359e+00 1.092105e+00 1.126316e+00 2.18300670e-02
8.974359e+00 1.092105e+00 1.331579e+00 1.75428353e-02
8.974359e+00 1.092105e+00 1.536842e+00 1.62012875e-02
8.974359e+00 1.092105e+00 1.742105e+00 1.54392701e-02
8.974359e+00 1.092105e+00 1.947368e+00 1.47927394e-02
8.974359e+00 1.092105e+00 2.152632e+00 1.41652012e-02
8.974359e+00 1.092105e+00 2.357895e+00 1.35357725e-02
8.974359e+00 1.092105e+00 2.563158e+00 1.29012605e-02
8.974359e+00 1.092105e+00 2.768421e+00 1.22638680e-02
8.974359e+00 1.092105e+00 2.973684e+00 1.16276098e-02
8.974359e+00 1.092105e+00 3.178947e+00 1.09972609e-02
8.974359e+00 1.092105e+00 3.384211e+00 1.03773605e-02
8.974359e+00 1.092105e+00 3.589474e+00 9.77213122e-03
8.974359e+00 1.092105e+00 3.794737e+00 9.18519963e-03
8.974359e+00 1.092105e+00 4.000000e+00 8.61949008e-03
8.974359e+00 1.352632e+00 1.000000e-01 2.15778885e+02
8.974359e+00 1.352632e+00 3.052632e-01 4.58189440e+00
8.974359e+00 1.352632e+00 5.105263e-01 5.34715831e-01
8.974359e+00 1.352632e+00 7.157895e-01 1.00228384e-01
8.974359e+00 1.352632e+00 9.210526e-01 2.66997050e-02
8.974359e+00 1.352632e+00 1.126316e+00 1.27925733e-02
8.974359e+00 1.352632e+00 1.331579e+00 9.85296536e-03
8.974359e+00 1.352632e+00 1.536842e+00 9.00053047e-03
8.974359e+00 1.352632e+00 1.742105e+00 8.55591241e-03
8.974359e+00 1.352632e+00 1.947368e+00 8.19236040e-03
8.974359e+00 1.352632e+00 2.152632e+00 7.84316938e-03
8.974359e+00 1.352632e+00 2.357895e+00 7.49396998e-03
8.974359e+00 1.352632e+00 2.563158e+00 7.14240037e-03
8.974359e+00 1.352632e+00 2.768421e+00 6.78941747e-03
8.974359e+00 1.352632e+00 2.973684e+00 6.43719640e-03
8.974359e+00 1.352632e+00 3.178947e+00 6.08824845e-03
8.974359e+00 1.352632e+00 3.384211e+00 5.74513618e-03
8.974359e+00 1.352632e+00 3.589474e+00 5.41012175e-03
8.974359e+00 1.352632e+00 3.794737e+00 5.08524524e-03
8.974359e+00 1.352632e+00 4.000000e+00 4.77209128e-03
8.974359e+00 1.613158e+00 1.000000e-01 1.46543869e+02
8.974359e+00 1.613158e+00 3.052632e-01 3.08789372e+00
8.974359e+00 1.613158e+00 5.105263e-01 3.56244326e-01
8.974359e+00 1.613158e+00 7.157895e-01 6.53961971e-02
8.974359e+00 1.613158e+00 9.210526e-01 1.64335947e-02
8.974359e+00 1.613158e+00 1.126316e+00 7.23991636e-03
8.974359e+00 1.613158e+00 1.331579e+00 5.33855380e-03
8.974359e+00 1.613158e+00 1.536842e+00 4.81973821e-03
8.974359e+00 1.613158e+00 1.742105e+00 4.56952350e-03
8.974359e+00 1.613158e+00 1.947368e+00 4.37250314e-03
8.974359e+00 1.613158e+00 2.152632e+00 4.18527052e-03
8.974359e+00 1.613158e+00 2.357895e+00 3.99860181e-03
8.974359e+00 1.613158e+00 2.563158e+00 3.81088303e-03
8.974359e+00 1.613158e+00 2.768421e+00 3.62248835e-03
8.974359e+00 1.613158e+00 2.973684e+00 3.43454839e-03
8.974359e+00 1.613158e+00 3.178947e+00 3.24839819e-03
8.974359e+00 1.613158e+00 3.384211e+00 3.06535116e-03
8.974359e+00 1.613158e+00 3.589474e+00 2.88663316e-03
8.974359e+00 1.613158e+00 3.794737e+00 2.71330564e-03
8.974359e+00 1.613158e+00 4.000000e+00 2.54624337e-03
8.974359e+00 1.873684e+00 1.000000e-01 9.29939651e+01
8.974359e+00 1.873684e+00 3.052632e-01 1.94497025e+00
8.974359e+00 1.873684e+00 5.105263e-01 2.22058877e-01
8.974359e+00 1.873684e+00 7.157895e-01 4.01033610e-02
8.974359e+00 1.873684e+00 9.210526e-01 9.62281413e-03
8.974359e+00 1.873684e+00 1.126316e+00 3.93319270e-03
8.974359e+00 1.873684e+00 1.331579e+00 2.77594035e-03
8.974359e+00 1.873684e+00 1.536842e+00 2.47524166e-03
8.974359e+00 1.873684e+00 1.742105e+00 2.34017358e-03
8.974359e+00 1.873684e+00 1.947368e+00 2.23778980e-03
8.974359e+00 1.873684e+00 2.152632e+00 2.14154646e-03
8.974359e+00 1.873684e+00 2.357895e+00 2.04587122e-03
8.974359e+00 1.873684e+00 2.563158e+00 1.94975478e-03
8.974359e+00 1.873684e+00 2.768421e+00 1.85335136e-03
8.974359e+00 1.873684e+00 2.973684e+00 1.75719860e-03
8.974359e+00 1.873684e+00 3.178947e+00 1.66196341e-03
8.974359e+00 1.873684e+00 3.384211e+00 1.56832032e-03
8.974359e+00 1.873684e+00 3.589474e+00 1.47689413e-03
8.974359e+00 1.873684e+00 3.794737e+00 1.38822442e-03
8.974359e+00 1.873684e+00 4.000000e+00 1.30275788e-03
8.974359e+00 2.134211e+00 1.000000e-01 5.51415062e+01
8.974359e+00 2.134211e+00 3.052632e-01 1.14523232e+00
8.974359e+00 2.134211e+00 5.105263e-01 1.29524529e-01
8.974359e+00 2.134211e+00 7.157895e-01 2.30880361e-02
8.974359e+00 2.134211e+00 9.210526e-01 5.33946743e-03
8.974359e+00 2.134211e+00 1.126316e+00 2.04263208e-03
8.974359e+00 2.134211e+00 1.331579e+00 1.38069387e-03
8.974359e+00 2.134211e+00 1.536842e+00 1.21536897e-03
8.974359e+00 2.134211e+00 1.742105e+00 1.14570407e-03
8.974359e+00 2.134211e+00 1.947368e+00 1.09483954e-03
8.974359e+00 2.134211e+00 2.152632e+00 1.04754569e-03
8.974359e+00 2.134211e+00 2.357895e+00 1.00067945e-03
8.974359e+00 2.134211e+00 2.563158e+00 9.53636947e-04
8.974359e+00 2.134211e+00 2.768421e+00 9.06472676e-04
8.974359e+00 2.134211e+00 2.973684e+00 8.59441468e-04
8.974359e+00 2.134211e+00 3.178947e+00 8.12866434e-04
8.974359e+00 2.134211e+00 3.384211e+00 7.67071440e-04
8.974359e+00 2.134211e+00 3.589474e+00 7.22357479e-04
8.974359e+00 2.134211e+00 3.794737e+00 6.78993994e-04
8.974359e+00 2.134211e+00 4.000000e+00 6.37196004e-04
8.974359e+00 2.394737e+00 1.000000e-01 3.05524311e+01
8.974359e+00 2.394737e+00 3.052632e-01 6.30488098e-01
8.974359e+00 2.394737e+00 5.105263e-01 7.07091466e-02
8.974359e+00 2.394737e+00 7.157895e-01 1.24710444e-02
8.974359e+00 2.394737e+00 9.210526e-01 2.80006067e-03
8.974359e+00 2.394737e+00 1.126316e+00 1.01100886e-03
8.974359e+00 2.394737e+00 1.331579e+00 6.55453827e-04
8.974359e+00 2.394737e+00 1.536842e+00 5.69452764e-04
8.974359e+00 2.394737e+00 1.742105e+00 5.35205880e-04
8.974359e+00 2.394737e+00 1.947368e+00 5.11095917e-04
8.974359e+00 2.394737e+00 2.152632e+00 4.88928577e-04
8.974359e+00 2.394737e+00 2.357895e+00 4.67021979e-04
8.974359e+00 2.394737e+00 2.563158e+00 4.45055164e-04
8.974359e+00 2.394737e+00 2.768421e+00 4.23039921e-04
8.974359e+00 2.394737e+00 2.973684e+00 4.01090598e-04
8.974359e+00 2.394737e+00 3.178947e+00 3.79354460e-04
8.974359e+00 2.394737e+00 3.384211e+00 3.57984303e-04
8.974359e+00 2.394737e+00 3.589474e+00 3.37118836e-04
8.974359e+00 2.394737e+00 3.794737e+00 3.16883641e-04
8.974359e+00 2.394737e+00 4.000000e+00 2.97377526e-04
8.974359e+00 2.655263e+00 1.000000e-01 1.58182716e+01
8.974359e+00 2.655263e+00 3.052632e-01 3.24571013e-01
8.974359e+00 2.655263e+00 5.105263e-01 3.61318961e-02
8.974359e+00 2.655263e+00 7.157895e-01 6.31769933e-03
8.974359e+00 2.655263e+00 9.210526e-01 1.38514047e-03
8.974359e+00 2.655263e+00 1.126316e+00 4.75792331e-04
8.974359e+00 2.655263e+00 1.331579e+00 2.96531973e-04
8.974359e+00 2.655263e+00 1.536842e+00 2.54283368e-04
8.974359e+00 2.655263e+00 1.742105e+00 2.38273438e-04
8.974359e+00 2.655263e+00 1.947368e+00 2.27385171e-04
8.974359e+00 2.655263e+00 2.152632e+00 2.17484354e-04
8.974359e+00 2.655263e+00 2.357895e+00 2.07726611e-04
8.974359e+00 2.655263e+00 2.563158e+00 1.97950969e-04
8.974359e+00 2.655263e+00 2.768421e+00 1.88157108e-04
8.974359e+00 2.655263e+00 2.973684e+00 1.78394170e-04
8.974359e+00 2.655263e+00 3.178947e+00 1.68726867e-04
8.974359e+00 2.655263e+00 3.384211e+00 1.59222531e-04
8.974359e+00 2.655263e+00 3.589474e+00 1.49943182e-04
8.974359e+00 2.655263e+00 3.794737e+00 1.40943230e-04
8.974359e+00 2.655263e+00 4.000000e+00 1.32267975e-04
8.974359e+00 2.915789e+00 1.000000e-01 7.65281630e+00
8.974359e+00 2.915789e+00 3.052632e-01 1.56248465e-01
8.974359e+00 2.915789e+00 5.105263e-01 1.72830503e-02
8.974359e+00 2.915789e+00 7.157895e-01 3.00071784e-03
8.974359e+00 2.915789e+00 9.210526e-01 6.45453401e-04
8.974359e+00 2.915789e+00 1.126316e+00 2.12489831e-04
8.974359e+00 2.915789e+00 1.331579e+00 1.27689898e-04
8.974359e+00 2.915789e+00 1.536842e+00 1.08119675e-04
8.974359e+00 2.915789e+00 1.742105e+00 1.01013306e-04
8.974359e+00 2.915789e+00 1.947368e+00 9.63339844e-05
8.974359e+00 2.915789e+00 2.152632e+00 9.21235114e-05
8.974359e+00 2.915789e+00 2.357895e+00 8.79852305e-05
8.974359e+00 2.915789e+00 2.563158e+00 8.38425840e-05
8.974359e+00 2.915789e+00 2.768421e+00 7.96935492e-05
8.974359e+00 2.915789e+00 2.973684e+00 7.55581859e-05
8.974359e+00 2.915789e+00 3.178947e+00 7.14640191e-05
8.974359e+00 2.915789e+00 3.384211e+00 6.74384355e-05
8.974359e+00 2.915789e+00 3.589474e+00 6.35084434e-05
8.974359e+00 2.915789e+00 3.794737e+00 5.96968894e-05
8.974359e+00 2.915789e+00 4.000000e+00 5.60226727e-05
8.974359e+00 3.176316e+00 1.000000e-01 3.45964646e+00
8.974359e+00 3.176316e+00 3.052632e-01 7.03391135e-02
8.974359e+00 3.176316e+00 5.105263e-01 7.73845660e-03
8.974359e+00 3.176316e+00 7.157895e-01 1.33590959e-03
8.974359e+00 3.176316e+00 9.210526e-01 2.82999739e-04
8.974359e+00 3.176316e+00 1.126316e+00 8.99033985e-05
8.974359e+00 3.176316e+00 1.331579e+00 5.22779264e-05
8.974359e+00 3.176316e+00 1.536842e+00 4.37396884e-05
8.974359e+00 3.176316e+00 1.742105e+00 4.07497100e-05
8.974359e+00 3.176316e+00 1.947368e+00 3.88376611e-05
8.974359e+00 3.176316e+00 2.152632e+00 3.71342103e-05
8.974359e+00 3.176316e+00 2.357895e+00 3.54643053e-05
8.974359e+00 3.176316e+00 2.563158e+00 3.37938400e-05
8.974359e+00 3.176316e+00 2.768421e+00 3.21211955e-05
8.974359e+00 3.176316e+00 2.973684e+00 3.04543628e-05
8.974359e+00 3.176316e+00 3.178947e+00 2.88041247e-05
8.974359e+00 3.176316e+00 3.384211e+00 2.71817498e-05
8.974359e+00 3.176316e+00 3.589474e+00 2.55978175e-05
8.974359e+00 3.176316e+00 3.794737e+00 2.40615682e-05
8.974359e+00 3.176316e+00 4.000000e+00 2.25807562e-05
8.974359e+00 3.436842e+00 1.000000e-01 1.46146894e+00
8.974359e+00 3.436842e+00 3.052632e-01 2.96100434e-02
8.974359e+00 3.436842e+00 5.105263e-01 3.24305985e-03
8.974359e+00 3.436842e+00 7.157895e-01 5.57297259e-04
8.974359e+00 3.436842e+00 9.210526e-01 1.16637195e-04
8.974359e+00 3.436842e+00 1.126316e+00 3.59787082e-05
8.974359e+00 3.436842e+00 1.331579e+00 2.03259824e-05
8.974359e+00 3.436842e+00 1.536842e+00 1.68213392e-05
8.974359e+00 3.436842e+00 1.742105e+00 1.56305778e-05
8.974359e+00 3.436842e+00 1.947368e+00 1.48885447e-05
8.974359e+00 3.436842e+00 2.152632e+00 1.42334338e-05
8.974359e+00 3.436842e+00 2.357895e+00 1.35927330e-05
8.974359e+00 3.436842e+00 2.563158e+00 1.29521986e-05
8.974359e+00 3.436842e+00 2.768421e+00 1.23110658e-05
8.974359e+00 3.436842e+00 2.973684e+00 1.16721785e-05
8.974359e+00 3.436842e+00 3.178947e+00 1.10397077e-05
8.974359e+00 3.436842e+00 3.384211e+00 1.04179262e-05
8.974359e+00 3.436842e+00 3.589474e+00 9.81087760e-06
8.974359e+00 3.436842e+00 3.794737e+00 9.22213076e-06
8.974359e+00 3.436842e+00 4.000000e+00 8.65458969e-06
8.974359e+00 3.697368e+00 1.000000e-01 5.76890290e-01
8.974359e+00 3.697368e+00 3.052632e-01 1.16550950e-02
8.974359e+00 3.697368e+00 5.105263e-01 1.27192156e-03
8.974359e+00 3.697368e+00 7.157895e-01 2.17779685e-04
8.974359e+00 3.697368e+00 9.210526e-01 4.51483174e-05
8.974359e+00 3.697368e+00 1.126316e+00 1.35985347e-05
8.974359e+00 3.697368e+00 1.331579e+00 7.49537003e-06
8.974359e+00 3.697368e+00 1.536842e+00 6.14326200e-06
8.974359e+00 3.697368e+00 1.742105e+00 5.69504755e-06
8.974359e+00 3.697368e+00 1.947368e+00 5.42187445e-06
8.974359e+00 3.697368e+00 2.152632e+00 5.18264778e-06
8.974359e+00 3.697368e+00 2.357895e+00 4.94913638e-06
8.974359e+00 3.697368e+00 2.563158e+00 4.71584281e-06
8.974359e+00 3.697368e+00 2.768421e+00 4.48237324e-06
8.974359e+00 3.697368e+00 2.973684e+00 4.24975951e-06
8.974359e+00 3.697368e+00 3.178947e+00 4.01948137e-06
8.974359e+00 3.697368e+00 3.384211e+00 3.79309972e-06
8.974359e+00 3.697368e+00 3.589474e+00 3.57209228e-06
8.974359e+00 3.697368e+00 3.794737e+00 3.35773348e-06
8.974359e+00 3.697368e+00 4.000000e+00 3.15110697e-06
8.974359e+00 3.957895e+00 1.000000e-01 2.12784261e-01
8.974359e+00 3.957895e+00 3.052632e-01 4.28935885e-03
8.974359e+00 3.957895e+00 5.105263e-01 4.66759957e-04
8.974359e+00 3.957895e+00 7.157895e-01 7.96937238e-05
8.974359e+00 3.957895e+00 9.210526e-01 1.64004177e-05
8.974359e+00 3.957895e+00 1.126316e+00 4.84703469e-06
8.974359e+00 3.957895e+00 1.331579e+00 2.61758510e-06
8.974359e+00 3.957895e+00 1.536842e+00 2.12770055e-06
8.974359e+00 3.957895e+00 1.742105e+00 1.96848077e-06
8.974359e+00 3.957895e+00 1.947368e+00 1.87322007e-06
8.974359e+00 3.957895e+00 2.152632e+00 1.79036499e-06
8.974359e+00 3.957895e+00 2.357895e+00 1.70964086e-06
8.974359e+00 3.957895e+00 2.563158e+00 1.62902847e-06
8.974359e+00 3.957895e+00 2.768421e+00 1.54837028e-06
8.974359e+00 3.957895e+00 2.973684e+00 1.46801381e-06
8.974359e+00 3.957895e+00 3.178947e+00 1.38847315e-06
8.974359e+00 3.957895e+00 3.384211e+00 1.31027230e-06
8.974359e+00 3.957895e+00 3.589474e+00 1.23393204e-06
8.974359e+00 3.957895e+00 3.794737e+00 1.15988735e-06
8.974359e+00 3.957895e+00 4.000000e+00 1.08851248e-06
8.974359e+00 4.218421e+00 1.000000e-01 7.33374879e-02
8.974359e+00 4.218421e+00 3.052632e-01 1.47580693e-03
8.974359e+00 4.218421e+00 5.105263e-01 1.60239579e-04
8.974359e+00 4.218421e+00 7.157895e-01 2.72999932e-05
8.974359e+00 4.218421e+00 9.210526e-01 5.58676993e-06
8.974359e+00 4.218421e+00 1.126316e+00 1.62698916e-06
8.974359e+00 4.218421e+00 1.331579e+00 8.64299125e-07
8.974359e+00 4.218421e+00 1.536842e+00 6.97755638e-07
8.974359e+00 4.218421e+00 1.742105e+00 6.44456122e-07
8.974359e+00 4.218421e+00 1.947368e+00 6.13040243e-07
8.974359e+00 4.218421e+00 2.152632e+00 5.85872499e-07
8.974359e+00 4.218421e+00 2.357895e+00 5.59439513e-07
8.974359e+00 4.218421e+00 2.563158e+00 5.33054560e-07
8.974359e+00 4.218421e+00 2.768421e+00 5.06658580e-07
8.974359e+00 4.218421e+00 2.973684e+00 4.80364292e-07
8.974359e+00 4.218421e+00 3.178947e+00 4.54335662e-07
8.974359e+00 4.218421e+00 3.384211e+00 4.28748649e-07
8.974359e+00 4.218421e+00 3.589474e+00 4.03768553e-07
8.974359e+00 4.218421e+00 3.794737e+00 3.79540580e-07
8.974359e+00 4.218421e+00 4.000000e+00 3.56186007e-07
8.974359e+00 4.478947e+00 1.000000e-01 2.36183628e-02
8.974359e+00 4.478947e+00 3.052632e-01 4.74666565e-04
8.974359e+00 4.478947e+00 5.105263e-01 5.14521234e-05
8.974359e+00 4.478947e+00 7.157895e-01 8.75169644e-06
8.974359e+00 4.478947e+00 9.210526e-01 1.78348898e-06
8.974359e+00 4.478947e+00 1.126316e+00 5.13607915e-07
8.974359e+00 4.478947e+00 1.331579e+00 2.69358424e-07
8.974359e+00 4.478947e+00 1.536842e+00 2.16273037e-07
8.974359e+00 4.478947e+00 1.742105e+00 1.99483054e-07
8.974359e+00 4.478947e+00 1.947368e+00 1.89701922e-07
8.974359e+00 4.478947e+00 2.152632e+00 1.81281280e-07
8.974359e+00 4.478947e+00 2.357895e+00 1.73098215e-07
8.974359e+00 4.478947e+00 2.563158e+00 1.64933155e-07
8.974359e+00 4.478947e+00 2.768421e+00 1.56765410e-07
8.974359e+00 4.478947e+00 2.973684e+00 1.48629454e-07
8.974359e+00 4.478947e+00 3.178947e+00 1.40576191e-07
8.974359e+00 4.478947e+00 3.384211e+00 1.32659281e-07
8.974359e+00 4.478947e+00 3.589474e+00 1.24930438e-07
8.974359e+00 4.478947e+00 3.794737e+00 1.17434219e-07
8.974359e+00 4.478947e+00 4.000000e+00 1.10208028e-07
8.974359e+00 4.739474e+00 1.000000e-01 7.10734073e-03
8.974359e+00 4.739474e+00 3.052632e-01 1.42701669e-04
8.974359e+00 4.739474e+00 5.105263e-01 1.54492991e-05
8.974359e+00 4.739474e+00 7.157895e-01 2.62470689e-06
8.974359e+00 4.739474e+00 9.210526e-01 5.33242485e-07
8.974359e+00 4.739474e+00 1.126316e+00 1.52291378e-07
8.974359e+00 4.739474e+00 1.331579e+00 7.90943915e-08
8.974359e+00 4.739474e+00 1.536842e+00 6.32403783e-08
8.974359e+00 4.739474e+00 1.742105e+00 5.82697695e-08
8.974359e+00 4.739474e+00 1.947368e+00 5.53997133e-08
8.974359e+00 4.739474e+00 2.152632e+00 5.29377147e-08
8.974359e+00 4.739474e+00 2.357895e+00 5.05472180e-08
8.974359e+00 4.739474e+00 2.563158e+00 4.81624589e-08
8.974359e+00 4.739474e+00 2.768421e+00 4.57772806e-08
8.974359e+00 4.739474e+00 2.973684e+00 4.34014353e-08
8.974359e+00 4.739474e+00 3.178947e+00 4.10497485e-08
8.974359e+00 4.739474e+00 3.384211e+00 3.87380368e-08
8.974359e+00 4.739474e+00 3.589474e+00 3.64811505e-08
8.974359e+00 4.739474e+00 3.794737e+00 3.42921815e-08
8.974359e+00 4.739474e+00 4.000000e+00 3.21821219e-08
8.974359e+00 5.000000e+00 1.000000e-01 1.99846737e-03
8.974359e+00 5.000000e+00 3.052632e-01 4.00976678e-05
8.974359e+00 5.000000e+00 5.105263e-01 4.33723972e-06
8.974359e+00 5.000000e+00 7.157895e-01 7.36231300e-07
8.974359e+00 5.000000e+00 9.210526e-01 1.49244755e-07
8.974359e+00 5.000000e+00 1.126316e+00 4.23675885e-08
8.974359e+00 5.000000e+00 1.331579e+00 2.18469722e-08
8.974359e+00 5.000000e+00 1.536842e+00 1.74133827e-08
8.974359e+00 5.000000e+00 1.742105e+00 1.60321125e-08
8.974359e+00 5.000000e+00 1.947368e+00 1.52398361e-08
8.974359e+00 5.000000e+00 2.152632e+00 1.45619188e-08
8.974359e+00 5.000000e+00 2.357895e+00 1.39041623e-08
8.974359e+00 5.000000e+00 2.563158e+00 1.32481244e-08
8.974359e+00 5.000000e+00 2.768421e+00 1.25919906e-08
8.974359e+00 5.000000e+00 2.973684e+00 1.19384644e-08
8.974359e+00 5.000000e+00 3.178947e+00 1.12916139e-08
8.974359e+00 5.000000e+00 3.384211e+00 1.06557128e-08
8.974359e+00 5.000000e+00 3.589474e+00 1.00349151e-08
8.974359e+00 5.000000e+00 3.794737e+00 9.43281631e-09
8.974359e+00 5.000000e+00 4.000000e+00 8.85237306e-09
9.230769e+00 5.000000e-02 1.000000e-01 5.23522949e+02
9.230769e+00 5.000000e-02 3.052632e-01 1.15931292e+01
9.230769e+00 5.000000e-02 5.105263e-01 1.67814374e+00
9.230769e+00 5.000000e-02 7.157895e-01 4.93235439e-01
9.230769e+00 5.000000e-02 9.210526e-01 2.62376487e-01
9.230769e+00 5.000000e-02 1.126316e+00 2.06799597e-01
9.230769e+00 5.000000e-02 1.331579e+00 1.88637361e-01
9.230769e+00 5.000000e-02 1.536842e+00 1.79333553e-01
9.230769e+00 5.000000e-02 1.742105e+00 1.72285795e-01
9.230769e+00 5.000000e-02 1.947368e+00 1.65758267e-01
9.230769e+00 5.000000e-02 2.152632e+00 1.59245536e-01
9.230769e+00 5.000000e-02 2.357895e+00 1.52613103e-01
9.230769e+00 5.000000e-02 2.563158e+00 1.45851731e-01
9.230769e+00 5.000000e-02 2.768421e+00 1.39005452e-01
9.230769e+00 5.000000e-02 2.973684e+00 1.32126063e-01
9.230769e+00 5.000000e-02 3.178947e+00 1.25275522e-01
9.230769e+00 5.000000e-02 3.384211e+00 1.18506290e-01
9.230769e+00 5.000000e-02 3.589474e+00 1.11868933e-01
9.230769e+00 5.000000e-02 3.794737e+00 1.05406210e-01
9.230769e+00 5.000000e-02 4.000000e+00 9.91516039e-02
9.230769e+00 3.105263e-01 1.000000e-01 4.99180450e+02
9.230769e+00 3.105263e-01 3.052632e-01 1.08601542e+01
9.230769e+00 3.105263e-01 5.105263e-01 1.45805359e+00
9.230769e+00 3.105263e-01 7.157895e-01 3.52642924e-01
9.230769e+00 3.105263e-01 9.210526e-01 1.44325227e-01
9.230769e+00 3.105263e-01 1.126316e+00 9.78950113e-02
9.230769e+00 3.105263e-01 1.331579e+00 8.49487111e-02
9.230769e+00 3.105263e-01 1.536842e+00 7.95868337e-02
9.230769e+00 3.105263e-01 1.742105e+00 7.61012062e-02
9.230769e+00 3.105263e-01 1.947368e+00 7.30915964e-02
9.230769e+00 3.105263e-01 2.152632e+00 7.01718554e-02
9.230769e+00 3.105263e-01 2.357895e+00 6.72307462e-02
9.230769e+00 3.105263e-01 2.563158e+00 6.42464757e-02
9.230769e+00 3.105263e-01 2.768421e+00 6.12290986e-02
9.230769e+00 3.105263e-01 2.973684e+00 5.82001992e-02
9.230769e+00 3.105263e-01 3.178947e+00 5.51838502e-02
9.230769e+00 3.105263e-01 3.384211e+00 5.22043742e-02
9.230769e+00 3.105263e-01 3.589474e+00 4.92822751e-02
9.230769e+00 3.105263e-01 3.794737e+00 4.64366302e-02
9.230769e+00 3.105263e-01 4.000000e+00 4.36825119e-02
9.230769e+00 5.710526e-01 1.000000e-01 4.44798859e+02
9.230769e+00 5.710526e-01 3.052632e-01 9.58226681e+00
9.230769e+00 5.710526e-01 5.105263e-01 1.24720931e+00
9.230769e+00 5.710526e-01 7.157895e-01 2.77188659e-01
9.230769e+00 5.710526e-01 9.210526e-01 9.71406922e-02
9.230769e+00 5.710526e-01 1.126316e+00 5.83093427e-02
9.230769e+00 5.710526e-01 1.331579e+00 4.82567474e-02
9.230769e+00 5.710526e-01 1.536842e+00 4.45769168e-02
9.230769e+00 5.710526e-01 1.742105e+00 4.24392708e-02
9.230769e+00 5.710526e-01 1.947368e+00 4.06986549e-02
9.230769e+00 5.710526e-01 2.152632e+00 3.90491672e-02
9.230769e+00 5.710526e-01 2.357895e+00 3.74035425e-02
9.230769e+00 5.710526e-01 2.563158e+00 3.57400216e-02
9.230769e+00 5.710526e-01 2.768421e+00 3.40608880e-02
9.230769e+00 5.710526e-01 2.973684e+00 3.23761366e-02
9.230769e+00 5.710526e-01 3.178947e+00 3.06989402e-02
9.230769e+00 5.710526e-01 3.384211e+00 2.90419571e-02
9.230769e+00 5.710526e-01 3.589474e+00 2.74171121e-02
9.230769e+00 5.710526e-01 3.794737e+00 2.58346181e-02
9.230769e+00 5.710526e-01 4.000000e+00 2.43028291e-02
9.230769e+00 8.315790e-01 1.000000e-01 3.70312225e+02
9.230769e+00 8.315790e-01 3.052632e-01 7.90515041e+00
9.230769e+00 8.315790e-01 5.105263e-01 1.00743473e+00
9.230769e+00 8.315790e-01 7.157895e-01 2.12637305e-01
9.230769e+00 8.315790e-01 9.210526e-01 6.67649060e-02
9.230769e+00 8.315790e-01 1.126316e+00 3.59687582e-02
9.230769e+00 8.315790e-01 1.331579e+00 2.83718221e-02
9.230769e+00 8.315790e-01 1.536842e+00 2.58271676e-02
9.230769e+00 8.315790e-01 1.742105e+00 2.44811252e-02
9.230769e+00 8.315790e-01 1.947368e+00 2.34423690e-02
9.230769e+00 8.315790e-01 2.152632e+00 2.24796534e-02
9.230769e+00 8.315790e-01 2.357895e+00 2.15274040e-02
9.230769e+00 8.315790e-01 2.563158e+00 2.05683410e-02
9.230769e+00 8.315790e-01 2.768421e+00 1.96014792e-02
9.230769e+00 8.315790e-01 2.973684e+00 1.86320078e-02
9.230769e+00 8.315790e-01 3.178947e+00 1.76670104e-02
9.230769e+00 8.315790e-01 3.384211e+00 1.67137627e-02
9.230769e+00 8.315790e-01 3.589474e+00 1.57789830e-02
9.230769e+00 8.315790e-01 3.794737e+00 1.48684662e-02
9.230769e+00 8.315790e-01 4.000000e+00 1.39872059e-02
9.230769e+00 1.092105e+00 1.000000e-01 2.88052490e+02
9.230769e+00 1.092105e+00 3.052632e-01 6.09280682e+00
9.230769e+00 1.092105e+00 5.105263e-01 7.63265729e-01
9.230769e+00 1.092105e+00 7.157895e-01 1.55430093e-01
9.230769e+00 1.092105e+00 9.210526e-01 4.49406244e-02
9.230769e+00 1.092105e+00 1.126316e+00 2.19831914e-02
9.230769e+00 1.092105e+00 1.331579e+00 1.65146627e-02
9.230769e+00 1.092105e+00 1.536842e+00 1.48042571e-02
9.230769e+00 1.092105e+00 1.742105e+00 1.39700165e-02
9.230769e+00 1.092105e+00 1.947368e+00 1.33577976e-02
9.230769e+00 1.092105e+00 2.152632e+00 1.28024397e-02
9.230769e+00 1.092105e+00 2.357895e+00 1.22575229e-02
9.230769e+00 1.092105e+00 2.563158e+00 1.17104473e-02
9.230769e+00 1.092105e+00 2.768421e+00 1.11596948e-02
9.230769e+00 1.092105e+00 2.973684e+00 1.06077651e-02
9.230769e+00 1.092105e+00 3.178947e+00 1.00584477e-02
9.230769e+00 1.092105e+00 3.384211e+00 9.51584429e-03
9.230769e+00 1.092105e+00 3.589474e+00 8.98376666e-03
9.230769e+00 1.092105e+00 3.794737e+00 8.46552942e-03
9.230769e+00 1.092105e+00 4.000000e+00 7.96385854e-03
9.230769e+00 1.352632e+00 1.000000e-01 2.09355988e+02
9.230769e+00 1.352632e+00 3.052632e-01 4.38748360e+00
9.230769e+00 1.352632e+00 5.105263e-01 5.41434824e-01
9.230769e+00 1.352632e+00 7.157895e-01 1.07348166e-01
9.230769e+00 1.352632e+00 9.210526e-01 2.91233975e-02
9.230769e+00 1.352632e+00 1.126316e+00 1.30749587e-02
9.230769e+00 1.352632e+00 1.331579e+00 9.35348123e-03
9.230769e+00 1.352632e+00 1.536842e+00 8.25137459e-03
9.230769e+00 1.352632e+00 1.742105e+00 7.75065925e-03
9.230769e+00 1.352632e+00 1.947368e+00 7.40037253e-03
9.230769e+00 1.352632e+00 2.152632e+00 7.08900951e-03
9.230769e+00 1.352632e+00 2.357895e+00 6.78590033e-03
9.230769e+00 1.352632e+00 2.563158e+00 6.48252945e-03
9.230769e+00 1.352632e+00 2.768421e+00 6.17751060e-03
9.230769e+00 1.352632e+00 2.973684e+00 5.87195344e-03
9.230769e+00 1.352632e+00 3.178947e+00 5.56793017e-03
9.230769e+00 1.352632e+00 3.384211e+00 5.26764803e-03
9.230769e+00 1.352632e+00 3.589474e+00 4.97317361e-03
9.230769e+00 1.352632e+00 3.794737e+00 4.68632393e-03
9.230769e+00 1.352632e+00 4.000000e+00 4.40866873e-03
9.230769e+00 1.613158e+00 1.000000e-01 1.42174301e+02
9.230769e+00 1.613158e+00 3.052632e-01 2.95261717e+00
9.230769e+00 1.613158e+00 5.105263e-01 3.59458208e-01
9.230769e+00 1.613158e+00 7.157895e-01 6.97948411e-02
9.230769e+00 1.613158e+00 9.210526e-01 1.80088319e-02
9.230769e+00 1.613158e+00 1.126316e+00 7.49551505e-03
9.230769e+00 1.613158e+00 1.331579e+00 5.10882866e-03
9.230769e+00 1.613158e+00 1.536842e+00 4.43276484e-03
9.230769e+00 1.613158e+00 1.742105e+00 4.14417032e-03
9.230769e+00 1.613158e+00 1.947368e+00 3.95123474e-03
9.230769e+00 1.613158e+00 2.152632e+00 3.78312077e-03
9.230769e+00 1.613158e+00 2.357895e+00 3.62068182e-03
9.230769e+00 1.613158e+00 2.563158e+00 3.45855253e-03
9.230769e+00 1.613158e+00 2.768421e+00 3.29573336e-03
9.230769e+00 1.613158e+00 2.973684e+00 3.13270465e-03
9.230769e+00 1.613158e+00 3.178947e+00 2.97052506e-03
9.230769e+00 1.613158e+00 3.384211e+00 2.81034899e-03
9.230769e+00 1.613158e+00 3.589474e+00 2.65326025e-03
9.230769e+00 1.613158e+00 3.794737e+00 2.50025257e-03
9.230769e+00 1.613158e+00 4.000000e+00 2.35213153e-03
9.230769e+00 1.873684e+00 1.000000e-01 9.02170639e+01
9.230769e+00 1.873684e+00 3.052632e-01 1.85739386e+00
9.230769e+00 1.873684e+00 5.105263e-01 2.23356515e-01
9.230769e+00 1.873684e+00 7.157895e-01 4.26448137e-02
9.230769e+00 1.873684e+00 9.210526e-01 1.05711613e-02
9.230769e+00 1.873684e+00 1.126316e+00 4.11714893e-03
9.230769e+00 1.873684e+00 1.331579e+00 2.67696660e-03
9.230769e+00 1.873684e+00 1.536842e+00 2.28364835e-03
9.230769e+00 1.873684e+00 1.742105e+00 2.12472910e-03
9.230769e+00 1.873684e+00 1.947368e+00 2.02293391e-03
9.230769e+00 1.873684e+00 2.152632e+00 1.93593267e-03
9.230769e+00 1.873684e+00 2.357895e+00 1.85246894e-03
9.230769e+00 1.873684e+00 2.563158e+00 1.76939776e-03
9.230769e+00 1.873684e+00 2.768421e+00 1.68605207e-03
9.230769e+00 1.873684e+00 2.973684e+00 1.60264631e-03
9.230769e+00 1.873684e+00 3.178947e+00 1.51968317e-03
9.230769e+00 1.873684e+00 3.384211e+00 1.43774634e-03
9.230769e+00 1.873684e+00 3.589474e+00 1.35739846e-03
9.230769e+00 1.873684e+00 3.794737e+00 1.27912627e-03
9.230769e+00 1.873684e+00 4.000000e+00 1.20336004e-03
9.230769e+00 2.134211e+00 1.000000e-01 5.34929466e+01
9.230769e+00 2.134211e+00 3.052632e-01 1.09244764e+00
9.230769e+00 2.134211e+00 5.105263e-01 1.29918337e-01
9.230769e+00 2.134211e+00 7.157895e-01 2.44648848e-02
9.230769e+00 2.134211e+00 9.210526e-01 5.87160559e-03
9.230769e+00 2.134211e+00 1.126316e+00 2.15823390e-03
9.230769e+00 2.134211e+00 1.331579e+00 1.34119671e-03
9.230769e+00 2.134211e+00 1.536842e+00 1.12471730e-03
9.230769e+00 2.134211e+00 1.742105e+00 1.04136486e-03
9.230769e+00 2.134211e+00 1.947368e+00 9.90076573e-04
9.230769e+00 2.134211e+00 2.152632e+00 9.47060296e-04
9.230769e+00 2.134211e+00 2.357895e+00 9.06071393e-04
9.230769e+00 2.134211e+00 2.563158e+00 8.65380163e-04
9.230769e+00 2.134211e+00 2.768421e+00 8.24597373e-04
9.230769e+00 2.134211e+00 2.973684e+00 7.83802476e-04
9.230769e+00 2.134211e+00 3.178947e+00 7.43230514e-04
9.230769e+00 2.134211e+00 3.384211e+00 7.03161932e-04
9.230769e+00 2.134211e+00 3.589474e+00 6.63870014e-04
9.230769e+00 2.134211e+00 3.794737e+00 6.25593762e-04
9.230769e+00 2.134211e+00 4.000000e+00 5.88540745e-04
9.230769e+00 2.394737e+00 1.000000e-01 2.96380978e+01
9.230769e+00 2.394737e+00 3.052632e-01 6.00850999e-01
9.230769e+00 2.394737e+00 5.105263e-01 7.07516223e-02
9.230769e+00 2.394737e+00 7.157895e-01 1.31718917e-02
9.230769e+00 2.394737e+00 9.210526e-01 3.07939737e-03
9.230769e+00 2.394737e+00 1.126316e+00 1.07665360e-03
9.230769e+00 2.394737e+00 1.331579e+00 6.41074206e-04
9.230769e+00 2.394737e+00 1.536842e+00 5.28529868e-04
9.230769e+00 2.394737e+00 1.742105e+00 4.86982055e-04
9.230769e+00 2.394737e+00 1.947368e+00 4.62355849e-04
9.230769e+00 2.394737e+00 2.152632e+00 4.42068704e-04
9.230769e+00 2.394737e+00 2.357895e+00 4.22867102e-04
9.230769e+00 2.394737e+00 2.563158e+00 4.03849874e-04
9.230769e+00 2.394737e+00 2.768421e+00 3.84809275e-04
9.230769e+00 2.394737e+00 2.973684e+00 3.65769985e-04
9.230769e+00 2.394737e+00 3.178947e+00 3.46837041e-04
9.230769e+00 2.394737e+00 3.384211e+00 3.28140217e-04
9.230769e+00 2.394737e+00 3.589474e+00 3.09805473e-04
9.230769e+00 2.394737e+00 3.794737e+00 2.91945704e-04
9.230769e+00 2.394737e+00 4.000000e+00 2.74655962e-04
9.230769e+00 2.655263e+00 1.000000e-01 1.53445082e+01
9.230769e+00 2.655263e+00 3.052632e-01 3.09061527e-01
9.230769e+00 2.655263e+00 5.105263e-01 3.60780768e-02
9.230769e+00 2.655263e+00 7.157895e-01 6.65340107e-03
9.230769e+00 2.655263e+00 9.210526e-01 1.52264338e-03
9.230769e+00 2.655263e+00 1.126316e+00 5.10019076e-04
9.230769e+00 2.655263e+00 1.331579e+00 2.91874749e-04
9.230769e+00 2.655263e+00 1.536842e+00 2.36672975e-04
9.230769e+00 2.655263e+00 1.742105e+00 2.17024950e-04
9.230769e+00 2.655263e+00 1.947368e+00 2.05771445e-04
9.230769e+00 2.655263e+00 2.152632e+00 1.96658497e-04
9.230769e+00 2.655263e+00 2.357895e+00 1.88087230e-04
9.230769e+00 2.655263e+00 2.563158e+00 1.79617986e-04
9.230769e+00 2.655263e+00 2.768421e+00 1.71145381e-04
9.230769e+00 2.655263e+00 2.973684e+00 1.62676719e-04
9.230769e+00 2.655263e+00 3.178947e+00 1.54256457e-04
9.230769e+00 2.655263e+00 3.384211e+00 1.45941842e-04
9.230769e+00 2.655263e+00 3.589474e+00 1.37787851e-04
9.230769e+00 2.655263e+00 3.794737e+00 1.29845357e-04
9.230769e+00 2.655263e+00 4.000000e+00 1.22155936e-04
9.230769e+00 2.915789e+00 1.000000e-01 7.42346191e+00
9.230769e+00 2.915789e+00 3.052632e-01 1.48680329e-01
9.230769e+00 2.915789e+00 5.105263e-01 1.72268581e-02
9.230769e+00 2.915789e+00 7.157895e-01 3.15219606e-03
9.230769e+00 2.915789e+00 9.210526e-01 7.09013315e-04
9.230769e+00 2.915789e+00 1.126316e+00 2.29014753e-04
9.230769e+00 2.915789e+00 1.331579e+00 1.26417930e-04
9.230769e+00 2.915789e+00 1.536842e+00 1.00897843e-04
9.230769e+00 2.915789e+00 1.742105e+00 9.20937237e-05
9.230769e+00 2.915789e+00 1.947368e+00 8.72054516e-05
9.230769e+00 2.915789e+00 2.152632e+00 8.33094164e-05
9.230769e+00 2.915789e+00 2.357895e+00 7.96668173e-05
9.230769e+00 2.915789e+00 2.563158e+00 7.60753683e-05
9.230769e+00 2.915789e+00 2.768421e+00 7.24853599e-05
9.230769e+00 2.915789e+00 2.973684e+00 6.88981818e-05
9.230769e+00 2.915789e+00 3.178947e+00 6.53321622e-05
9.230769e+00 2.915789e+00 3.384211e+00 6.18108388e-05
9.230769e+00 2.915789e+00 3.589474e+00 5.83576948e-05
9.230769e+00 2.915789e+00 3.794737e+00 5.49941033e-05
9.230769e+00 2.915789e+00 4.000000e+00 5.17375447e-05
9.230769e+00 3.176316e+00 1.000000e-01 3.35590672e+00
9.230769e+00 3.176316e+00 3.052632e-01 6.68943375e-02
9.230769e+00 3.176316e+00 5.105263e-01 7.70199066e-03
9.230769e+00 3.176316e+00 7.157895e-01 1.40034070e-03
9.230769e+00 3.176316e+00 9.210526e-01 3.10611591e-04
9.230769e+00 3.176316e+00 1.126316e+00 9.73266433e-05
9.230769e+00 3.176316e+00 1.331579e+00 5.20281828e-05
9.230769e+00 3.176316e+00 1.536842e+00 4.09178756e-05
9.230769e+00 3.176316e+00 1.742105e+00 3.71846618e-05
9.230769e+00 3.176316e+00 1.947368e+00 3.51680683e-05
9.230769e+00 3.176316e+00 2.152632e+00 3.35843069e-05
9.230769e+00 3.176316e+00 2.357895e+00 3.21115440e-05
9.230769e+00 3.176316e+00 2.563158e+00 3.06623806e-05
9.230769e+00 3.176316e+00 2.768421e+00 2.92149180e-05
9.230769e+00 3.176316e+00 2.973684e+00 2.77689051e-05
9.230769e+00 3.176316e+00 3.178947e+00 2.63316651e-05
9.230769e+00 3.176316e+00 3.384211e+00 2.49125187e-05
9.230769e+00 3.176316e+00 3.589474e+00 2.35208136e-05
9.230769e+00 3.176316e+00 3.794737e+00 2.21652062e-05
9.230769e+00 3.176316e+00 4.000000e+00 2.08527399e-05
9.230769e+00 3.436842e+00 1.000000e-01 1.41762781e+00
9.230769e+00 3.436842e+00 3.052632e-01 2.81470232e-02
9.230769e+00 3.436842e+00 5.105263e-01 3.22390813e-03
9.230769e+00 3.436842e+00 7.157895e-01 5.83137677e-04
9.230769e+00 3.436842e+00 9.210526e-01 1.27912921e-04
9.230769e+00 3.436842e+00 1.126316e+00 3.90900132e-05
9.230769e+00 3.436842e+00 1.331579e+00 2.03220097e-05
9.230769e+00 3.436842e+00 1.536842e+00 1.57707927e-05
9.230769e+00 3.436842e+00 1.742105e+00 1.42746640e-05
9.230769e+00 3.436842e+00 1.947368e+00 1.34855281e-05
9.230769e+00 3.436842e+00 2.152632e+00 1.28737993e-05
9.230769e+00 3.436842e+00 2.357895e+00 1.23077907e-05
9.230769e+00 3.436842e+00 2.563158e+00 1.17517911e-05
9.230769e+00 3.436842e+00 2.768421e+00 1.11968338e-05
9.230769e+00 3.436842e+00 2.973684e+00 1.06425896e-05
9.230769e+00 3.436842e+00 3.178947e+00 1.00917414e-05
9.230769e+00 3.436842e+00 3.384211e+00 9.54787993e-06
9.230769e+00 3.436842e+00 3.589474e+00 9.01455314e-06
9.230769e+00 3.436842e+00 3.794737e+00 8.49503067e-06
9.230769e+00 3.436842e+00 4.000000e+00 7.99204736e-06
9.230769e+00 3.697368e+00 1.000000e-01 5.59579253e-01
9.230769e+00 3.697368e+00 3.052632e-01 1.10751847e-02
9.230769e+00 3.697368e+00 5.105263e-01 1.26319914e-03
9.230769e+00 3.697368e+00 7.157895e-01 2.27548415e-04
9.230769e+00 3.697368e+00 9.210526e-01 4.94763772e-05
9.230769e+00 3.697368e+00 1.126316e+00 1.48170739e-05
9.230769e+00 3.697368e+00 1.331579e+00 7.52345022e-06
9.230769e+00 3.697368e+00 1.536842e+00 5.77069341e-06
9.230769e+00 3.697368e+00 1.742105e+00 5.20471076e-06
9.230769e+00 3.697368e+00 1.947368e+00 4.91213677e-06
9.230769e+00 3.697368e+00 2.152632e+00 4.68790995e-06
9.230769e+00 3.697368e+00 2.357895e+00 4.48131959e-06
9.230769e+00 3.697368e+00 2.563158e+00 4.27871009e-06
9.230769e+00 3.697368e+00 2.768421e+00 4.07657762e-06
9.230769e+00 3.697368e+00 2.973684e+00 3.87478440e-06
9.230769e+00 3.697368e+00 3.178947e+00 3.67423195e-06
9.230769e+00 3.697368e+00 3.384211e+00 3.47622836e-06
9.230769e+00 3.697368e+00 3.589474e+00 3.28206056e-06
9.230769e+00 3.697368e+00 3.794737e+00 3.09291340e-06
9.230769e+00 3.697368e+00 4.000000e+00 2.90979483e-06
9.230769e+00 3.957895e+00 1.000000e-01 2.06397563e-01
9.230769e+00 3.957895e+00 3.052632e-01 4.07477608e-03
9.230769e+00 3.957895e+00 5.105263e-01 4.63209348e-04
9.230769e+00 3.957895e+00 7.157895e-01 8.31732978e-05
9.230769e+00 3.957895e+00 9.210526e-01 1.79612725e-05
9.230769e+00 3.957895e+00 1.126316e+00 5.29334375e-06
9.230769e+00 3.957895e+00 1.331579e+00 2.63602283e-06
9.230769e+00 3.957895e+00 1.536842e+00 2.00194813e-06
9.230769e+00 3.957895e+00 1.742105e+00 1.80008976e-06
9.230769e+00 3.957895e+00 1.947368e+00 1.69746136e-06
9.230769e+00 3.957895e+00 2.152632e+00 1.61955904e-06
9.230769e+00 3.957895e+00 2.357895e+00 1.54804832e-06
9.230769e+00 3.957895e+00 2.563158e+00 1.47800529e-06
9.230769e+00 3.957895e+00 2.768421e+00 1.40816644e-06
9.230769e+00 3.957895e+00 2.973684e+00 1.33845515e-06
9.230769e+00 3.957895e+00 3.178947e+00 1.26918144e-06
9.230769e+00 3.957895e+00 3.384211e+00 1.20078687e-06
9.230769e+00 3.957895e+00 3.589474e+00 1.13371846e-06
9.230769e+00 3.957895e+00 3.794737e+00 1.06838547e-06
9.230769e+00 3.957895e+00 4.000000e+00 1.00513194e-06
9.230769e+00 4.218421e+00 1.000000e-01 7.11358711e-02
9.230769e+00 4.218421e+00 3.052632e-01 1.40167109e-03
9.230769e+00 4.218421e+00 5.105263e-01 1.58928771e-04
9.230769e+00 4.218421e+00 7.157895e-01 2.84667040e-05
9.230769e+00 4.218421e+00 9.210526e-01 6.11532687e-06
9.230769e+00 4.218421e+00 1.126316e+00 1.77991308e-06
9.230769e+00 4.218421e+00 1.331579e+00 8.72700980e-07
9.230769e+00 4.218421e+00 1.536842e+00 6.57403348e-07
9.230769e+00 4.218421e+00 1.742105e+00 5.89625245e-07
9.230769e+00 4.218421e+00 1.947368e+00 5.55617930e-07
9.230769e+00 4.218421e+00 2.152632e+00 5.30004115e-07
9.230769e+00 4.218421e+00 2.357895e+00 5.06565641e-07
9.230769e+00 4.218421e+00 2.563158e+00 4.83631425e-07
9.230769e+00 4.218421e+00 2.768421e+00 4.60774913e-07
9.230769e+00 4.218421e+00 2.973684e+00 4.37960836e-07
9.230769e+00 4.218421e+00 3.178947e+00 4.15293982e-07
9.230769e+00 4.218421e+00 3.384211e+00 3.92914558e-07
9.230769e+00 4.218421e+00 3.589474e+00 3.70969332e-07
9.230769e+00 4.218421e+00 3.794737e+00 3.49592597e-07
9.230769e+00 4.218421e+00 4.000000e+00 3.28895453e-07
9.230769e+00 4.478947e+00 1.000000e-01 2.29092333e-02
9.230769e+00 4.478947e+00 3.052632e-01 4.50747553e-04
9.230769e+00 4.478947e+00 5.105263e-01 5.10088867e-05
9.230769e+00 4.478947e+00 7.157895e-01 9.11959341e-06
9.230769e+00 4.478947e+00 9.210526e-01 1.95143593e-06
9.230769e+00 4.478947e+00 1.126316e+00 5.62628315e-07
9.230769e+00 4.478947e+00 1.331579e+00 2.72544440e-07
9.230769e+00 4.478947e+00 1.536842e+00 2.03984797e-07
9.230769e+00 4.478947e+00 1.742105e+00 1.82583705e-07
9.230769e+00 4.478947e+00 1.947368e+00 1.71956515e-07
9.230769e+00 4.478947e+00 2.152632e+00 1.64001520e-07
9.230769e+00 4.478947e+00 2.357895e+00 1.56739105e-07
9.230769e+00 4.478947e+00 2.563158e+00 1.49639604e-07
9.230769e+00 4.478947e+00 2.768421e+00 1.42566250e-07
9.230769e+00 4.478947e+00 2.973684e+00 1.35507406e-07
9.230769e+00 4.478947e+00 3.178947e+00 1.28493923e-07
9.230769e+00 4.478947e+00 3.384211e+00 1.21569926e-07
9.230769e+00 4.478947e+00 3.589474e+00 1.14780271e-07
9.230769e+00 4.478947e+00 3.794737e+00 1.08166127e-07
9.230769e+00 4.478947e+00 4.000000e+00 1.01762716e-07
9.230769e+00 4.739474e+00 1.000000e-01 6.89392397e-03
9.230769e+00 4.739474e+00 3.052632e-01 1.35494673e-04
9.230769e+00 4.739474e+00 5.105263e-01 1.53112887e-05
9.230769e+00 4.739474e+00 7.157895e-01 2.73369096e-06
9.230769e+00 4.739474e+00 9.210526e-01 5.83278961e-07
9.230769e+00 4.739474e+00 1.126316e+00 1.66990716e-07
9.230769e+00 4.739474e+00 1.331579e+00 8.01570792e-08
9.230769e+00 4.739474e+00 1.536842e+00 5.96965108e-08
9.230769e+00 4.739474e+00 1.742105e+00 5.33499502e-08
9.230769e+00 4.739474e+00 1.947368e+00 5.02228019e-08
9.230769e+00 4.739474e+00 2.152632e+00 4.78931099e-08
9.230769e+00 4.739474e+00 2.357895e+00 4.57701965e-08
9.230769e+00 4.739474e+00 2.563158e+00 4.36962644e-08
9.230769e+00 4.739474e+00 2.768421e+00 4.16305710e-08
9.230769e+00 4.739474e+00 2.973684e+00 3.95692297e-08
9.230769e+00 4.739474e+00 3.178947e+00 3.75212821e-08
9.230769e+00 4.739474e+00 3.384211e+00 3.54993723e-08
9.230769e+00 4.739474e+00 3.589474e+00 3.35167698e-08
9.230769e+00 4.739474e+00 3.794737e+00 3.15854471e-08
9.230769e+00 4.739474e+00 4.000000e+00 2.97156184e-08
9.230769e+00 5.000000e+00 1.000000e-01 1.93845341e-03
9.230769e+00 5.000000e+00 3.052632e-01 3.80692873e-05
9.230769e+00 5.000000e+00 5.105263e-01 4.29749252e-06
9.230769e+00 5.000000e+00 7.157895e-01 7.66526398e-07
9.230769e+00 5.000000e+00 9.210526e-01 1.63212462e-07
9.230769e+00 5.000000e+00 1.126316e+00 4.64900687e-08
9.230769e+00 5.000000e+00 1.331579e+00 2.21665211e-08
9.230769e+00 5.000000e+00 1.536842e+00 1.64476841e-08
9.230769e+00 5.000000e+00 1.742105e+00 1.46819055e-08
9.230769e+00 5.000000e+00 1.947368e+00 1.38168446e-08
9.230769e+00 5.000000e+00 2.152632e+00 1.31746178e-08
9.230769e+00 5.000000e+00 2.357895e+00 1.25902098e-08
9.230769e+00 5.000000e+00 2.563158e+00 1.20195534e-08
9.230769e+00 5.000000e+00 2.768421e+00 1.14512675e-08
9.230769e+00 5.000000e+00 2.973684e+00 1.08842482e-08
9.230769e+00 5.000000e+00 3.178947e+00 1.03209175e-08
9.230769e+00 5.000000e+00 3.384211e+00 9.76476766e-09
9.230769e+00 5.000000e+00 3.589474e+00 9.21942611e-09
9.230769e+00 5.000000e+00 3.794737e+00 8.68819328e-09
9.230769e+00 5.000000e+00 4.000000e+00 8.17385448e-09
9.487180e+00 5.000000e-02 1.000000e-01 5.20626770e+02
9.487180e+00 5.000000e-02 3.052632e-01 1.15077829e+01
9.487180e+00 5.000000e-02 5.105263e-01 1.67912781e+00
9.487180e+00 5.000000e-02 7.157895e-01 4.77084726e-01
9.487180e+00 5.000000e-02 9.210526e-01 2.39759400e-01
9.487180e+00 5.000000e-02 1.126316e+00 1.83925331e-01
9.487180e+00 5.000000e-02 1.331579e+00 1.67488083e-01
9.487180e+00 5.000000e-02 1.536842e+00 1.60078675e-01
9.487180e+00 5.000000e-02 1.742105e+00 1.54642910e-01
9.487180e+00 5.000000e-02 1.947368e+00 1.49450555e-01
9.487180e+00 5.000000e-02 2.152632e+00 1.44087091e-01
9.487180e+00 5.000000e-02 2.357895e+00 1.38493970e-01
9.487180e+00 5.000000e-02 2.563158e+00 1.32707685e-01
9.487180e+00 5.000000e-02 2.768421e+00 1.26792103e-01
9.487180e+00 5.000000e-02 2.973684e+00 1.20810956e-01
9.487180e+00 5.000000e-02 3.178947e+00 1.14823036e-01
9.487180e+00 5.000000e-02 3.384211e+00 1.08881399e-01
9.487180e+00 5.000000e-02 3.589474e+00 1.03031330e-01
9.487180e+00 5.000000e-02 3.794737e+00 9.73113477e-02
9.487180e+00 5.000000e-02 4.000000e+00 9.17536393e-02
9.487180e+00 3.105263e-01 1.000000e-01 4.96433624e+02
9.487180e+00 3.105263e-01 3.052632e-01 1.08019848e+01
9.487180e+00 3.105263e-01 5.105263e-01 1.48080146e+00
9.487180e+00 3.105263e-01 7.157895e-01 3.55421722e-01
9.487180e+00 3.105263e-01 9.210526e-01 1.37713283e-01
9.487180e+00 3.105263e-01 1.126316e+00 8.86751115e-02
9.487180e+00 3.105263e-01 1.331579e+00 7.57361576e-02
9.487180e+00 3.105263e-01 1.536842e+00 7.10355043e-02
9.487180e+00 3.105263e-01 1.742105e+00 6.82472512e-02
9.487180e+00 3.105263e-01 1.947368e+00 6.58458397e-02
9.487180e+00 3.105263e-01 2.152632e+00 6.34517595e-02
9.487180e+00 3.105263e-01 2.357895e+00 6.09815195e-02
9.487180e+00 3.105263e-01 2.563158e+00 5.84351122e-02
9.487180e+00 3.105263e-01 2.768421e+00 5.58325201e-02
9.487180e+00 3.105263e-01 2.973684e+00 5.32013029e-02
9.487180e+00 3.105263e-01 3.178947e+00 5.05670421e-02
9.487180e+00 3.105263e-01 3.384211e+00 4.79523428e-02
9.487180e+00 3.105263e-01 3.589474e+00 4.53779362e-02
9.487180e+00 3.105263e-01 3.794737e+00 4.28600498e-02
9.487180e+00 3.105263e-01 4.000000e+00 4.04136032e-02
9.487180e+00 5.710526e-01 1.000000e-01 4.42344330e+02
9.487180e+00 5.710526e-01 3.052632e-01 9.53144073e+00
9.487180e+00 5.710526e-01 5.105263e-01 1.27164602e+00
9.487180e+00 5.710526e-01 7.157895e-01 2.84285158e-01
9.487180e+00 5.710526e-01 9.210526e-01 9.54333991e-02
9.487180e+00 5.710526e-01 1.126316e+00 5.37293218e-02
9.487180e+00 5.710526e-01 1.331579e+00 4.32332829e-02
9.487180e+00 5.710526e-01 1.536842e+00 3.98076996e-02
9.487180e+00 5.710526e-01 1.742105e+00 3.80404852e-02
9.487180e+00 5.710526e-01 1.947368e+00 3.66425849e-02
9.487180e+00 5.710526e-01 2.152632e+00 3.52929570e-02
9.487180e+00 5.710526e-01 2.357895e+00 3.39148790e-02
9.487180e+00 5.710526e-01 2.563158e+00 3.24980319e-02
9.487180e+00 5.710526e-01 2.768421e+00 3.10516749e-02
9.487180e+00 5.710526e-01 2.973684e+00 2.95894332e-02
9.487180e+00 5.710526e-01 3.178947e+00 2.81253234e-02
9.487180e+00 5.710526e-01 3.384211e+00 2.66719069e-02
9.487180e+00 5.710526e-01 3.589474e+00 2.52405591e-02
9.487180e+00 5.710526e-01 3.794737e+00 2.38406435e-02
9.487180e+00 5.710526e-01 4.000000e+00 2.24803369e-02
9.487180e+00 8.315790e-01 1.000000e-01 3.68259399e+02
9.487180e+00 8.315790e-01 3.052632e-01 7.85952806e+00
9.487180e+00 8.315790e-01 5.105263e-01 1.02805698e+00
9.487180e+00 8.315790e-01 7.157895e-01 2.20047399e-01
9.487180e+00 8.315790e-01 9.210526e-01 6.70151711e-02
9.487180e+00 8.315790e-01 1.126316e+00 3.36961895e-02
9.487180e+00 8.315790e-01 1.331579e+00 2.55609266e-02
9.487180e+00 8.315790e-01 1.536842e+00 2.30861977e-02
9.487180e+00 8.315790e-01 1.742105e+00 2.19382849e-02
9.487180e+00 8.315790e-01 1.947368e+00 2.10971199e-02
9.487180e+00 8.315790e-01 2.152632e+00 2.03098580e-02
9.487180e+00 8.315790e-01 2.357895e+00 1.95139423e-02
9.487180e+00 8.315790e-01 2.563158e+00 1.86983645e-02
9.487180e+00 8.315790e-01 2.768421e+00 1.78664494e-02
9.487180e+00 8.315790e-01 2.973684e+00 1.70255695e-02
9.487180e+00 8.315790e-01 3.178947e+00 1.61834694e-02
9.487180e+00 8.315790e-01 3.384211e+00 1.53475869e-02
9.487180e+00 8.315790e-01 3.589474e+00 1.45243108e-02
9.487180e+00 8.315790e-01 3.794737e+00 1.37190688e-02
9.487180e+00 8.315790e-01 4.000000e+00 1.29364468e-02
9.487180e+00 1.092105e+00 1.000000e-01 2.86448151e+02
9.487180e+00 1.092105e+00 3.052632e-01 6.05363035e+00
9.487180e+00 1.092105e+00 5.105263e-01 7.78512537e-01
9.487180e+00 1.092105e+00 7.157895e-01 1.61589652e-01
9.487180e+00 1.092105e+00 9.210526e-01 4.58331779e-02
9.487180e+00 1.092105e+00 1.126316e+00 2.09191553e-02
9.487180e+00 1.092105e+00 1.331579e+00 1.49701061e-02
9.487180e+00 1.092105e+00 1.536842e+00 1.32507132e-02
9.487180e+00 1.092105e+00 1.742105e+00 1.25183044e-02
9.487180e+00 1.092105e+00 1.947368e+00 1.20177045e-02
9.487180e+00 1.092105e+00 2.152632e+00 1.15631893e-02
9.487180e+00 1.092105e+00 2.357895e+00 1.11083742e-02
9.487180e+00 1.092105e+00 2.563158e+00 1.06437765e-02
9.487180e+00 1.092105e+00 2.768421e+00 1.01703107e-02
9.487180e+00 1.092105e+00 2.973684e+00 9.69186891e-03
9.487180e+00 1.092105e+00 3.178947e+00 9.21271462e-03
9.487180e+00 1.092105e+00 3.384211e+00 8.73705372e-03
9.487180e+00 1.092105e+00 3.589474e+00 8.26851465e-03
9.487180e+00 1.092105e+00 3.794737e+00 7.81021407e-03
9.487180e+00 1.092105e+00 4.000000e+00 7.36476947e-03
9.487180e+00 1.352632e+00 1.000000e-01 2.08185165e+02
9.487180e+00 1.352632e+00 3.052632e-01 4.35615206e+00
9.487180e+00 1.352632e+00 5.105263e-01 5.51628172e-01
9.487180e+00 1.352632e+00 7.157895e-01 1.11835912e-01
9.487180e+00 1.352632e+00 9.210526e-01 3.00518814e-02
9.487180e+00 1.352632e+00 1.126316e+00 1.26233427e-02
9.487180e+00 1.352632e+00 1.331579e+00 8.53381213e-03
9.487180e+00 1.352632e+00 1.536842e+00 7.39735598e-03
9.487180e+00 1.352632e+00 1.742105e+00 6.94595557e-03
9.487180e+00 1.352632e+00 1.947368e+00 6.65643951e-03
9.487180e+00 1.352632e+00 2.152632e+00 6.40128599e-03
9.487180e+00 1.352632e+00 2.357895e+00 6.14853203e-03
9.487180e+00 1.352632e+00 2.563158e+00 5.89116057e-03
9.487180e+00 1.352632e+00 2.768421e+00 5.62912412e-03
9.487180e+00 1.352632e+00 2.973684e+00 5.36437519e-03
9.487180e+00 1.352632e+00 3.178947e+00 5.09926816e-03
9.487180e+00 1.352632e+00 3.384211e+00 4.83606476e-03
9.487180e+00 1.352632e+00 3.589474e+00 4.57677944e-03
9.487180e+00 1.352632e+00 3.794737e+00 4.32316866e-03
9.487180e+00 1.352632e+00 4.000000e+00 4.07664618e-03
9.487180e+00 1.613158e+00 1.000000e-01 1.41376526e+02
9.487180e+00 1.613158e+00 3.052632e-01 2.92949700e+00
9.487180e+00 1.613158e+00 5.105263e-01 3.65709126e-01
9.487180e+00 1.613158e+00 7.157895e-01 7.27557912e-02
9.487180e+00 1.613158e+00 9.210526e-01 1.87425315e-02
9.487180e+00 1.613158e+00 1.126316e+00 7.33190728e-03
9.487180e+00 1.613158e+00 1.331579e+00 4.69226995e-03
9.487180e+00 1.613158e+00 1.536842e+00 3.98116698e-03
9.487180e+00 1.613158e+00 1.742105e+00 3.71471909e-03
9.487180e+00 1.613158e+00 1.947368e+00 3.55347246e-03
9.487180e+00 1.613158e+00 2.152632e+00 3.41542577e-03
9.487180e+00 1.613158e+00 2.357895e+00 3.28004174e-03
9.487180e+00 1.613158e+00 2.563158e+00 3.14261229e-03
9.487180e+00 1.613158e+00 2.768421e+00 3.00282380e-03
9.487180e+00 1.613158e+00 2.973684e+00 2.86164344e-03
9.487180e+00 1.613158e+00 3.178947e+00 2.72025377e-03
9.487180e+00 1.613158e+00 3.384211e+00 2.57986947e-03
9.487180e+00 1.613158e+00 3.589474e+00 2.44158763e-03
9.487180e+00 1.613158e+00 3.794737e+00 2.30631558e-03
9.487180e+00 1.613158e+00 4.000000e+00 2.17482471e-03
9.487180e+00 1.873684e+00 1.000000e-01 8.97096024e+01
9.487180e+00 1.873684e+00 3.052632e-01 1.84167147e+00
9.487180e+00 1.873684e+00 5.105263e-01 2.26901367e-01
9.487180e+00 1.873684e+00 7.157895e-01 4.44411412e-02
9.487180e+00 1.873684e+00 9.210526e-01 1.10701025e-02
9.487180e+00 1.873684e+00 1.126316e+00 4.07447666e-03
9.487180e+00 1.873684e+00 1.331579e+00 2.47515878e-03
9.487180e+00 1.873684e+00 1.536842e+00 2.05502519e-03
9.487180e+00 1.873684e+00 1.742105e+00 1.90513593e-03
9.487180e+00 1.873684e+00 1.947368e+00 1.81910268e-03
9.487180e+00 1.873684e+00 2.152632e+00 1.74749375e-03
9.487180e+00 1.873684e+00 2.357895e+00 1.67794933e-03
9.487180e+00 1.873684e+00 2.563158e+00 1.60757673e-03
9.487180e+00 1.873684e+00 2.768421e+00 1.53606490e-03
9.487180e+00 1.873684e+00 2.973684e+00 1.46384700e-03
9.487180e+00 1.873684e+00 3.178947e+00 1.39154319e-03
9.487180e+00 1.873684e+00 3.384211e+00 1.31974847e-03
9.487180e+00 1.873684e+00 3.589474e+00 1.24901778e-03
9.487180e+00 1.873684e+00 3.794737e+00 1.17983203e-03
9.487180e+00 1.873684e+00 4.000000e+00 1.11257506e-03
9.487180e+00 2.134211e+00 1.000000e-01 5.31914978e+01
9.487180e+00 2.134211e+00 3.052632e-01 1.08258605e+00
9.487180e+00 2.134211e+00 5.105263e-01 1.31787851e-01
9.487180e+00 2.134211e+00 7.157895e-01 2.54755877e-02
9.487180e+00 2.134211e+00 9.210526e-01 6.17608475e-03
9.487180e+00 2.134211e+00 1.126316e+00 2.15784088e-03
9.487180e+00 2.134211e+00 1.331579e+00 1.24826503e-03
9.487180e+00 2.134211e+00 1.536842e+00 1.01420388e-03
9.487180e+00 2.134211e+00 1.742105e+00 9.34089709e-04
9.487180e+00 2.134211e+00 1.947368e+00 8.90264986e-04
9.487180e+00 2.134211e+00 2.152632e+00 8.54757207e-04
9.487180e+00 2.134211e+00 2.357895e+00 8.20608751e-04
9.487180e+00 2.134211e+00 2.563158e+00 7.86156685e-04
9.487180e+00 2.134211e+00 2.768421e+00 7.51181447e-04
9.487180e+00 2.134211e+00 2.973684e+00 7.15870527e-04
9.487180e+00 2.134211e+00 3.178947e+00 6.80516183e-04
9.487180e+00 2.134211e+00 3.384211e+00 6.45412714e-04
9.487180e+00 2.134211e+00 3.589474e+00 6.10830088e-04
9.487180e+00 2.134211e+00 3.794737e+00 5.76997234e-04
9.487180e+00 2.134211e+00 4.000000e+00 5.44109615e-04
9.487180e+00 2.394737e+00 1.000000e-01 2.94708786e+01
9.487180e+00 2.394737e+00 3.052632e-01 5.95136225e-01
9.487180e+00 2.394737e+00 5.105263e-01 7.16726705e-02
9.487180e+00 2.394737e+00 7.157895e-01 1.37020946e-02
9.487180e+00 2.394737e+00 9.210526e-01 3.24936002e-03
9.487180e+00 2.394737e+00 1.126316e+00 1.08606648e-03
9.487180e+00 2.394737e+00 1.331579e+00 6.00451371e-04
9.487180e+00 2.394737e+00 1.536842e+00 4.77600843e-04
9.487180e+00 2.394737e+00 1.742105e+00 4.37000941e-04
9.487180e+00 2.394737e+00 1.947368e+00 4.15733783e-04
9.487180e+00 2.394737e+00 2.152632e+00 3.98939039e-04
9.487180e+00 2.394737e+00 2.357895e+00 3.82939499e-04
9.487180e+00 2.394737e+00 2.563158e+00 3.66845721e-04
9.487180e+00 2.394737e+00 2.768421e+00 3.50522634e-04
9.487180e+00 2.394737e+00 2.973684e+00 3.34047014e-04
9.487180e+00 2.394737e+00 3.178947e+00 3.17552680e-04
9.487180e+00 2.394737e+00 3.384211e+00 3.01175052e-04
9.487180e+00 2.394737e+00 3.589474e+00 2.85039714e-04
9.487180e+00 2.394737e+00 3.794737e+00 2.69253796e-04
9.487180e+00 2.394737e+00 4.000000e+00 2.53907579e-04
9.487180e+00 2.655263e+00 1.000000e-01 1.52578583e+01
9.487180e+00 2.655263e+00 3.052632e-01 3.05994987e-01
9.487180e+00 2.655263e+00 5.105263e-01 3.65034156e-02
9.487180e+00 2.655263e+00 7.157895e-01 6.91365171e-03
9.487180e+00 2.655263e+00 9.210526e-01 1.61029561e-03
9.487180e+00 2.655263e+00 1.126316e+00 5.18418616e-04
9.487180e+00 2.655263e+00 1.331579e+00 2.75028986e-04
9.487180e+00 2.655263e+00 1.536842e+00 2.14317071e-04
9.487180e+00 2.655263e+00 1.742105e+00 1.94838023e-04
9.487180e+00 2.655263e+00 1.947368e+00 1.85021941e-04
9.487180e+00 2.655263e+00 2.152632e+00 1.77455469e-04
9.487180e+00 2.655263e+00 2.357895e+00 1.70311789e-04
9.487180e+00 2.655263e+00 2.563158e+00 1.63146920e-04
9.487180e+00 2.655263e+00 2.768421e+00 1.55886344e-04
9.487180e+00 2.655263e+00 2.973684e+00 1.48559484e-04
9.487180e+00 2.655263e+00 3.178947e+00 1.41224984e-04
9.487180e+00 2.655263e+00 3.384211e+00 1.33942245e-04
9.487180e+00 2.655263e+00 3.589474e+00 1.26767176e-04
9.487180e+00 2.655263e+00 3.794737e+00 1.19747572e-04
9.487180e+00 2.655263e+00 4.000000e+00 1.12923466e-04
9.487180e+00 2.915789e+00 1.000000e-01 7.38152409e+00
9.487180e+00 2.915789e+00 3.052632e-01 1.47154510e-01
9.487180e+00 2.915789e+00 5.105263e-01 1.74115617e-02
9.487180e+00 2.915789e+00 7.157895e-01 3.27200140e-03
9.487180e+00 2.915789e+00 9.210526e-01 7.51019688e-04
9.487180e+00 2.915789e+00 1.126316e+00 2.34297724e-04
9.487180e+00 2.915789e+00 1.331579e+00 1.19787845e-04
9.487180e+00 2.915789e+00 1.536842e+00 9.15534692e-05
9.487180e+00 2.915789e+00 1.742105e+00 8.27170516e-05
9.487180e+00 2.915789e+00 1.947368e+00 7.84130461e-05
9.487180e+00 2.915789e+00 2.152632e+00 7.51687330e-05
9.487180e+00 2.915789e+00 2.357895e+00 7.21319448e-05
9.487180e+00 2.915789e+00 2.563158e+00 6.90944435e-05
9.487180e+00 2.915789e+00 2.768421e+00 6.60189035e-05
9.487180e+00 2.915789e+00 2.973684e+00 6.29162532e-05
9.487180e+00 2.915789e+00 3.178947e+00 5.98102233e-05
9.487180e+00 2.915789e+00 3.384211e+00 5.67263196e-05
9.487180e+00 2.915789e+00 3.589474e+00 5.36879634e-05
9.487180e+00 2.915789e+00 3.794737e+00 5.07152945e-05
9.487180e+00 2.915789e+00 4.000000e+00 4.78253532e-05
9.487180e+00 3.176316e+00 1.000000e-01 3.33694172e+00
9.487180e+00 3.176316e+00 3.052632e-01 6.61892295e-02
9.487180e+00 3.176316e+00 5.105263e-01 7.77759217e-03
9.487180e+00 3.176316e+00 7.157895e-01 1.45214633e-03
9.487180e+00 3.176316e+00 9.210526e-01 3.29381874e-04
9.487180e+00 3.176316e+00 1.126316e+00 1.00112433e-04
9.487180e+00 3.176316e+00 1.331579e+00 4.95494460e-05
9.487180e+00 3.176316e+00 1.536842e+00 3.71998649e-05
9.487180e+00 3.176316e+00 1.742105e+00 3.34135875e-05
9.487180e+00 3.176316e+00 1.947368e+00 3.16231708e-05
9.487180e+00 3.176316e+00 2.152632e+00 3.03005781e-05
9.487180e+00 3.176316e+00 2.357895e+00 2.90723601e-05
9.487180e+00 3.176316e+00 2.563158e+00 2.78469361e-05
9.487180e+00 3.176316e+00 2.768421e+00 2.66072166e-05
9.487180e+00 3.176316e+00 2.973684e+00 2.53568542e-05
9.487180e+00 3.176316e+00 3.178947e+00 2.41051985e-05
9.487180e+00 3.176316e+00 3.384211e+00 2.28624303e-05
9.487180e+00 3.176316e+00 3.589474e+00 2.16379249e-05
9.487180e+00 3.176316e+00 3.794737e+00 2.04399585e-05
9.487180e+00 3.176316e+00 4.000000e+00 1.92753178e-05
9.487180e+00 3.436842e+00 1.000000e-01 1.40961540e+00
9.487180e+00 3.436842e+00 3.052632e-01 2.78440490e-02
9.487180e+00 3.436842e+00 5.105263e-01 3.25314188e-03
9.487180e+00 3.436842e+00 7.157895e-01 6.04194240e-04
9.487180e+00 3.436842e+00 9.210526e-01 1.35749724e-04
9.487180e+00 3.436842e+00 1.126316e+00 4.03887389e-05
9.487180e+00 3.436842e+00 1.331579e+00 1.94404674e-05
9.487180e+00 3.436842e+00 1.536842e+00 1.43630696e-05
9.487180e+00 3.436842e+00 1.742105e+00 1.28324273e-05
9.487180e+00 3.436842e+00 1.947368e+00 1.21265530e-05
9.487180e+00 3.436842e+00 2.152632e+00 1.16144074e-05
9.487180e+00 3.436842e+00 2.357895e+00 1.11421905e-05
9.487180e+00 3.436842e+00 2.563158e+00 1.06721636e-05
9.487180e+00 3.436842e+00 2.768421e+00 1.01969636e-05
9.487180e+00 3.436842e+00 2.973684e+00 9.71778172e-06
9.487180e+00 3.436842e+00 3.178947e+00 9.23814059e-06
9.487180e+00 3.436842e+00 3.384211e+00 8.76189642e-06
9.487180e+00 3.436842e+00 3.589474e+00 8.29265809e-06
9.487180e+00 3.436842e+00 3.794737e+00 7.83357427e-06
9.487180e+00 3.436842e+00 4.000000e+00 7.38725248e-06
9.487180e+00 3.697368e+00 1.000000e-01 5.56416154e-01
9.487180e+00 3.697368e+00 3.052632e-01 1.09540084e-02
9.487180e+00 3.697368e+00 5.105263e-01 1.27388490e-03
9.487180e+00 3.697368e+00 7.157895e-01 2.35596061e-04
9.487180e+00 3.697368e+00 9.210526e-01 5.25368196e-05
9.487180e+00 3.697368e+00 1.126316e+00 1.53648016e-05
9.487180e+00 3.697368e+00 1.331579e+00 7.22477444e-06
9.487180e+00 3.697368e+00 1.536842e+00 5.26380245e-06
9.487180e+00 3.697368e+00 1.742105e+00 4.68065446e-06
9.487180e+00 3.697368e+00 1.947368e+00 4.41728344e-06
9.487180e+00 3.697368e+00 2.152632e+00 4.22911216e-06
9.487180e+00 3.697368e+00 2.357895e+00 4.05671562e-06
9.487180e+00 3.697368e+00 2.563158e+00 3.88545141e-06
9.487180e+00 3.697368e+00 2.768421e+00 3.71241458e-06
9.487180e+00 3.697368e+00 2.973684e+00 3.53795735e-06
9.487180e+00 3.697368e+00 3.178947e+00 3.36334597e-06
9.487180e+00 3.697368e+00 3.384211e+00 3.18997286e-06
9.487180e+00 3.697368e+00 3.589474e+00 3.01915179e-06
9.487180e+00 3.697368e+00 3.794737e+00 2.85201872e-06
9.487180e+00 3.697368e+00 4.000000e+00 2.68952840e-06
9.487180e+00 3.957895e+00 1.000000e-01 2.05230877e-01
9.487180e+00 3.957895e+00 3.052632e-01 4.02962696e-03
9.487180e+00 3.957895e+00 5.105263e-01 4.66906116e-04
9.487180e+00 3.957895e+00 7.157895e-01 8.60645741e-05
9.487180e+00 3.957895e+00 9.210526e-01 1.90797946e-05
9.487180e+00 3.957895e+00 1.126316e+00 5.50482218e-06
9.487180e+00 3.957895e+00 1.331579e+00 2.53949247e-06
9.487180e+00 3.957895e+00 1.536842e+00 1.82854114e-06
9.487180e+00 3.957895e+00 1.742105e+00 1.61938033e-06
9.487180e+00 3.957895e+00 1.947368e+00 1.52650443e-06
9.487180e+00 3.957895e+00 2.152632e+00 1.46100399e-06
9.487180e+00 3.957895e+00 2.357895e+00 1.40131112e-06
9.487180e+00 3.957895e+00 2.563158e+00 1.34211018e-06
9.487180e+00 3.957895e+00 2.768421e+00 1.28233182e-06
9.487180e+00 3.957895e+00 2.973684e+00 1.22207416e-06
9.487180e+00 3.957895e+00 3.178947e+00 1.16176193e-06
9.487180e+00 3.957895e+00 3.384211e+00 1.10188205e-06
9.487180e+00 3.957895e+00 3.589474e+00 1.04287949e-06
9.487180e+00 3.957895e+00 3.794737e+00 9.85149654e-07
9.487180e+00 3.957895e+00 4.000000e+00 9.29026100e-07
9.487180e+00 4.218421e+00 1.000000e-01 7.07337484e-02
9.487180e+00 4.218421e+00 3.052632e-01 1.38599449e-03
9.487180e+00 4.218421e+00 5.105263e-01 1.60138079e-04
9.487180e+00 4.218421e+00 7.157895e-01 2.94427537e-05
9.487180e+00 4.218421e+00 9.210526e-01 6.49796448e-06
9.487180e+00 4.218421e+00 1.126316e+00 1.85516842e-06
9.487180e+00 4.218421e+00 1.331579e+00 8.42922987e-07
9.487180e+00 4.218421e+00 1.536842e+00 6.01124668e-07
9.487180e+00 4.218421e+00 1.742105e+00 5.30579655e-07
9.487180e+00 4.218421e+00 1.947368e+00 4.99673831e-07
9.487180e+00 4.218421e+00 2.152632e+00 4.78103118e-07
9.487180e+00 4.218421e+00 2.357895e+00 4.58530735e-07
9.487180e+00 4.218421e+00 2.563158e+00 4.39149687e-07
9.487180e+00 4.218421e+00 2.768421e+00 4.19587025e-07
9.487180e+00 4.218421e+00 2.973684e+00 3.99870657e-07
9.487180e+00 4.218421e+00 3.178947e+00 3.80137948e-07
9.487180e+00 4.218421e+00 3.384211e+00 3.60544703e-07
9.487180e+00 4.218421e+00 3.589474e+00 3.41239797e-07
9.487180e+00 4.218421e+00 3.794737e+00 3.22351212e-07
9.487180e+00 4.218421e+00 4.000000e+00 3.03987377e-07
9.487180e+00 4.478947e+00 1.000000e-01 2.27797329e-02
9.487180e+00 4.478947e+00 3.052632e-01 4.45671059e-04
9.487180e+00 4.478947e+00 5.105263e-01 5.13827399e-05
9.487180e+00 4.478947e+00 7.157895e-01 9.42895167e-06
9.487180e+00 4.478947e+00 9.210526e-01 2.07394805e-06
9.487180e+00 4.478947e+00 1.126316e+00 5.87415286e-07
9.487180e+00 4.478947e+00 1.331579e+00 2.63780862e-07
9.487180e+00 4.478947e+00 1.536842e+00 1.86687075e-07
9.487180e+00 4.478947e+00 1.742105e+00 1.64336996e-07
9.487180e+00 4.478947e+00 1.947368e+00 1.54645946e-07
9.487180e+00 4.478947e+00 2.152632e+00 1.47938181e-07
9.487180e+00 4.478947e+00 2.357895e+00 1.41872761e-07
9.487180e+00 4.478947e+00 2.563158e+00 1.35873421e-07
9.487180e+00 4.478947e+00 2.768421e+00 1.29820251e-07
9.487180e+00 4.478947e+00 2.973684e+00 1.23720085e-07
9.487180e+00 4.478947e+00 3.178947e+00 1.17614910e-07
9.487180e+00 4.478947e+00 3.384211e+00 1.11552929e-07
9.487180e+00 4.478947e+00 3.589474e+00 1.05580256e-07
9.487180e+00 4.478947e+00 3.794737e+00 9.97361980e-08
9.487180e+00 4.478947e+00 4.000000e+00 9.40544993e-08
9.487180e+00 4.739474e+00 1.000000e-01 6.85495464e-03
9.487180e+00 4.739474e+00 3.052632e-01 1.33960843e-04
9.487180e+00 4.739474e+00 5.105263e-01 1.54203444e-05
9.487180e+00 4.739474e+00 7.157895e-01 2.82568385e-06
9.487180e+00 4.739474e+00 9.210526e-01 6.19984121e-07
9.487180e+00 4.739474e+00 1.126316e+00 1.74568626e-07
9.487180e+00 4.739474e+00 1.331579e+00 7.76997311e-08
9.487180e+00 4.739474e+00 1.536842e+00 5.46716272e-08
9.487180e+00 4.739474e+00 1.742105e+00 4.80266849e-08
9.487180e+00 4.739474e+00 1.947368e+00 4.51678090e-08
9.487180e+00 4.739474e+00 2.152632e+00 4.32013607e-08
9.487180e+00 4.739474e+00 2.357895e+00 4.14281303e-08
9.487180e+00 4.739474e+00 2.563158e+00 3.96757045e-08
9.487180e+00 4.739474e+00 2.768421e+00 3.79080163e-08
9.487180e+00 4.739474e+00 2.973684e+00 3.61267425e-08
9.487180e+00 4.739474e+00 3.178947e+00 3.43439872e-08
9.487180e+00 4.739474e+00 3.384211e+00 3.25739897e-08
9.487180e+00 4.739474e+00 3.589474e+00 3.08299200e-08
9.487180e+00 4.739474e+00 3.794737e+00 2.91235445e-08
9.487180e+00 4.739474e+00 4.000000e+00 2.74644911e-08
9.487180e+00 5.000000e+00 1.000000e-01 1.92749628e-03
9.487180e+00 5.000000e+00 3.052632e-01 3.76367352e-05
9.487180e+00 5.000000e+00 5.105263e-01 4.32746492e-06
9.487180e+00 5.000000e+00 7.157895e-01 7.92170340e-07
9.487180e+00 5.000000e+00 9.210526e-01 1.73500268e-07
9.487180e+00 5.000000e+00 1.126316e+00 4.86444129e-08
9.487180e+00 5.000000e+00 1.331579e+00 2.15115215e-08
9.487180e+00 5.000000e+00 1.536842e+00 1.50708477e-08
9.487180e+00 5.000000e+00 1.742105e+00 1.32186617e-08
9.487180e+00 5.000000e+00 1.947368e+00 1.24263213e-08
9.487180e+00 5.000000e+00 2.152632e+00 1.18838113e-08
9.487180e+00 5.000000e+00 2.357895e+00 1.13956178e-08
9.487180e+00 5.000000e+00 2.563158e+00 1.09134621e-08
9.487180e+00 5.000000e+00 2.768421e+00 1.04271853e-08
9.487180e+00 5.000000e+00 2.973684e+00 9.93720750e-09
9.487180e+00 5.000000e+00 3.178947e+00 9.44689571e-09
9.487180e+00 5.000000e+00 3.384211e+00 8.96001495e-09
9.487180e+00 5.000000e+00 3.589474e+00 8.48028847e-09
9.487180e+00 5.000000e+00 3.794737e+00 8.01092614e-09
9.487180e+00 5.000000e+00 4.000000e+00 7.55460139e-09
9.743589e+00 5.000000e-02 1.000000e-01 5.37357605e+02
9.743589e+00 5.000000e-02 3.052632e-01 1.20091610e+01
9.743589e+00 5.000000e-02 5.105263e-01 1.67497003e+00
9.743589e+00 5.000000e-02 7.157895e-01 4.40003395e-01
9.743589e+00 5.000000e-02 9.210526e-01 2.06828788e-01
9.743589e+00 5.000000e-02 1.126316e+00 1.57673851e-01
9.743589e+00 5.000000e-02 1.331579e+00 1.46306038e-01
9.743589e+00 5.000000e-02 1.536842e+00 1.42162472e-01
9.743589e+00 5.000000e-02 1.742105e+00 1.38782814e-01
9.743589e+00 5.000000e-02 1.947368e+00 1.34974793e-01
9.743589e+00 5.000000e-02 2.152632e+00 1.30660206e-01
9.743589e+00 5.000000e-02 2.357895e+00 1.25959262e-01
9.743589e+00 5.000000e-02 2.563158e+00 1.20993942e-01
9.743589e+00 5.000000e-02 2.768421e+00 1.15862437e-01
9.743589e+00 5.000000e-02 2.973684e+00 1.10642068e-01
9.743589e+00 5.000000e-02 3.178947e+00 1.05391860e-01
9.743589e+00 5.000000e-02 3.384211e+00 1.00163192e-01
9.743589e+00 5.000000e-02 3.589474e+00 9.49961022e-02
9.743589e+00 5.000000e-02 3.794737e+00 8.99261758e-02
9.743589e+00 5.000000e-02 4.000000e+00 8.49812403e-02
9.743589e+00 3.105263e-01 1.000000e-01 5.12514282e+02
9.743589e+00 3.105263e-01 3.052632e-01 1.13509703e+01
9.743589e+00 3.105263e-01 5.105263e-01 1.51901674e+00
9.743589e+00 3.105263e-01 7.157895e-01 3.46444011e-01
9.743589e+00 3.105263e-01 9.210526e-01 1.23979352e-01
9.743589e+00 3.105263e-01 1.126316e+00 7.65407979e-02
9.743589e+00 3.105263e-01 1.331579e+00 6.58270270e-02
9.743589e+00 3.105263e-01 1.536842e+00 6.27722591e-02
9.743589e+00 3.105263e-01 1.742105e+00 6.10546395e-02
9.743589e+00 3.105263e-01 1.947368e+00 5.93606867e-02
9.743589e+00 3.105263e-01 2.152632e+00 5.74801117e-02
9.743589e+00 3.105263e-01 2.357895e+00 5.54289818e-02
9.743589e+00 3.105263e-01 2.563158e+00 5.32555543e-02
9.743589e+00 3.105263e-01 2.768421e+00 5.10045812e-02
9.743589e+00 3.105263e-01 2.973684e+00 4.87112477e-02
9.743589e+00 3.105263e-01 3.178947e+00 4.64031920e-02
9.743589e+00 3.105263e-01 3.384211e+00 4.41032983e-02
9.743589e+00 3.105263e-01 3.589474e+00 4.18299548e-02
9.743589e+00 3.105263e-01 3.794737e+00 3.95986438e-02
9.743589e+00 3.105263e-01 4.000000e+00 3.74223590e-02
9.743589e+00 5.710526e-01 1.000000e-01 4.56704041e+02
9.743589e+00 5.710526e-01 3.052632e-01 1.00378227e+01
9.743589e+00 5.710526e-01 5.105263e-01 1.31752324e+00
9.743589e+00 5.710526e-01 7.157895e-01 2.84274817e-01
9.743589e+00 5.710526e-01 9.210526e-01 8.86637419e-02
9.743589e+00 5.710526e-01 1.126316e+00 4.68751490e-02
9.743589e+00 5.710526e-01 1.331579e+00 3.75017039e-02
9.743589e+00 5.710526e-01 1.536842e+00 3.50543335e-02
9.743589e+00 5.710526e-01 1.742105e+00 3.39484923e-02
9.743589e+00 5.710526e-01 1.947368e+00 3.29864435e-02
9.743589e+00 5.710526e-01 2.152632e+00 3.19454856e-02
9.743589e+00 5.710526e-01 2.357895e+00 3.08118276e-02
9.743589e+00 5.710526e-01 2.563158e+00 2.96085402e-02
9.743589e+00 5.710526e-01 2.768421e+00 2.83602327e-02
9.743589e+00 5.710526e-01 2.973684e+00 2.70870253e-02
9.743589e+00 5.710526e-01 3.178947e+00 2.58049946e-02
9.743589e+00 5.710526e-01 3.384211e+00 2.45269835e-02
9.743589e+00 5.710526e-01 3.589474e+00 2.32633147e-02
9.743589e+00 5.710526e-01 3.794737e+00 2.20229626e-02
9.743589e+00 5.710526e-01 4.000000e+00 2.08130982e-02
9.743589e+00 8.315790e-01 1.000000e-01 3.80223206e+02
9.743589e+00 8.315790e-01 3.052632e-01 8.28533268e+00
9.743589e+00 8.315790e-01 5.105263e-01 1.07056212e+00
9.743589e+00 8.315790e-01 7.157895e-01 2.23461300e-01
9.743589e+00 8.315790e-01 9.210526e-01 6.38506636e-02
9.743589e+00 8.315790e-01 1.126316e+00 2.97876596e-02
9.743589e+00 8.315790e-01 1.331579e+00 2.21769307e-02
9.743589e+00 8.315790e-01 1.536842e+00 2.02785190e-02
9.743589e+00 8.315790e-01 1.742105e+00 1.95394456e-02
9.743589e+00 8.315790e-01 1.947368e+00 1.89689603e-02
9.743589e+00 8.315790e-01 2.152632e+00 1.83706339e-02
9.743589e+00 8.315790e-01 2.357895e+00 1.77213214e-02
9.743589e+00 8.315790e-01 2.563158e+00 1.70314312e-02
9.743589e+00 8.315790e-01 2.768421e+00 1.63148269e-02
9.743589e+00 8.315790e-01 2.973684e+00 1.55833941e-02
9.743589e+00 8.315790e-01 3.178947e+00 1.48464749e-02
9.743589e+00 8.315790e-01 3.384211e+00 1.41115775e-02
9.743589e+00 8.315790e-01 3.589474e+00 1.33848777e-02
9.743589e+00 8.315790e-01 3.794737e+00 1.26714827e-02
9.743589e+00 8.315790e-01 4.000000e+00 1.19755501e-02
9.743589e+00 1.092105e+00 1.000000e-01 2.95755951e+02
9.743589e+00 1.092105e+00 3.052632e-01 6.38462019e+00
9.743589e+00 1.092105e+00 5.105263e-01 8.12945366e-01
9.743589e+00 1.092105e+00 7.157895e-01 1.65752187e-01
9.743589e+00 1.092105e+00 9.210526e-01 4.45606038e-02
9.743589e+00 1.092105e+00 1.126316e+00 1.87603328e-02
9.743589e+00 1.092105e+00 1.331579e+00 1.30136739e-02
9.743589e+00 1.092105e+00 1.536842e+00 1.16192102e-02
9.743589e+00 1.092105e+00 1.742105e+00 1.11312345e-02
9.743589e+00 1.092105e+00 1.947368e+00 1.07941320e-02
9.743589e+00 1.092105e+00 2.152632e+00 1.04527604e-02
9.743589e+00 1.092105e+00 2.357895e+00 1.00843348e-02
9.743589e+00 1.092105e+00 2.563158e+00 9.69274435e-03
9.743589e+00 1.092105e+00 2.768421e+00 9.28563531e-03
9.743589e+00 1.092105e+00 2.973684e+00 8.86977371e-03
9.743589e+00 1.092105e+00 3.178947e+00 8.45064782e-03
9.743589e+00 1.092105e+00 3.384211e+00 8.03254545e-03
9.743589e+00 1.092105e+00 3.589474e+00 7.61907175e-03
9.743589e+00 1.092105e+00 3.794737e+00 7.21310219e-03
9.743589e+00 1.092105e+00 4.000000e+00 6.81701722e-03
9.743589e+00 1.352632e+00 1.000000e-01 2.14949585e+02
9.743589e+00 1.352632e+00 3.052632e-01 4.59528828e+00
9.743589e+00 1.352632e+00 5.105263e-01 5.76874554e-01
9.743589e+00 1.352632e+00 7.157895e-01 1.15487970e-01
9.743589e+00 1.352632e+00 9.210526e-01 2.96921041e-02
9.743589e+00 1.352632e+00 1.126316e+00 1.14865629e-02
9.743589e+00 1.352632e+00 1.331579e+00 7.44312350e-03
9.743589e+00 1.352632e+00 1.536842e+00 6.47972990e-03
9.743589e+00 1.352632e+00 1.742105e+00 6.16801064e-03
9.743589e+00 1.352632e+00 1.947368e+00 5.97328693e-03
9.743589e+00 1.352632e+00 2.152632e+00 5.78345452e-03
9.743589e+00 1.352632e+00 2.357895e+00 5.57995029e-03
9.743589e+00 1.352632e+00 2.563158e+00 5.36372652e-03
9.743589e+00 1.352632e+00 2.768421e+00 5.13875904e-03
9.743589e+00 1.352632e+00 2.973684e+00 4.90885042e-03
9.743589e+00 1.352632e+00 3.178947e+00 4.67701117e-03
9.743589e+00 1.352632e+00 3.384211e+00 4.44572279e-03
9.743589e+00 1.352632e+00 3.589474e+00 4.21694899e-03
9.743589e+00 1.352632e+00 3.794737e+00 3.99230327e-03
9.743589e+00 1.352632e+00 4.000000e+00 3.77314189e-03
9.743589e+00 1.613158e+00 1.000000e-01 1.45969574e+02
9.743589e+00 1.613158e+00 3.052632e-01 3.09053588e+00
9.743589e+00 1.613158e+00 5.105263e-01 3.82715136e-01
9.743589e+00 1.613158e+00 7.157895e-01 7.54711032e-02
9.743589e+00 1.613158e+00 9.210526e-01 1.87564977e-02
9.743589e+00 1.613158e+00 1.126316e+00 6.76601240e-03
9.743589e+00 1.613158e+00 1.331579e+00 4.11024923e-03
9.743589e+00 1.613158e+00 1.536842e+00 3.48557811e-03
9.743589e+00 1.613158e+00 1.742105e+00 3.29505745e-03
9.743589e+00 1.613158e+00 1.947368e+00 3.18627665e-03
9.743589e+00 1.613158e+00 2.152632e+00 3.08431964e-03
9.743589e+00 1.613158e+00 2.357895e+00 2.97589414e-03
9.743589e+00 1.613158e+00 2.563158e+00 2.86076404e-03
9.743589e+00 1.613158e+00 2.768421e+00 2.74093007e-03
9.743589e+00 1.613158e+00 2.973684e+00 2.61839782e-03
9.743589e+00 1.613158e+00 3.178947e+00 2.49479967e-03
9.743589e+00 1.613158e+00 3.384211e+00 2.37147347e-03
9.743589e+00 1.613158e+00 3.589474e+00 2.24946951e-03
9.743589e+00 1.613158e+00 3.794737e+00 2.12965906e-03
9.743589e+00 1.613158e+00 4.000000e+00 2.01276573e-03
9.743589e+00 1.873684e+00 1.000000e-01 9.26236572e+01
9.743589e+00 1.873684e+00 3.052632e-01 1.94291937e+00
9.743589e+00 1.873684e+00 5.105263e-01 2.37510145e-01
9.743589e+00 1.873684e+00 7.157895e-01 4.62396108e-02
9.743589e+00 1.873684e+00 9.210526e-01 1.11912079e-02
9.743589e+00 1.873684e+00 1.126316e+00 3.80962435e-03
9.743589e+00 1.873684e+00 1.331579e+00 2.17900635e-03
9.743589e+00 1.873684e+00 1.536842e+00 1.79914176e-03
9.743589e+00 1.873684e+00 1.742105e+00 1.68840680e-03
9.743589e+00 1.873684e+00 1.947368e+00 1.63000554e-03
9.743589e+00 1.873684e+00 2.152632e+00 1.57741259e-03
9.743589e+00 1.873684e+00 2.357895e+00 1.52197399e-03
9.743589e+00 1.873684e+00 2.563158e+00 1.46317168e-03
9.743589e+00 1.873684e+00 2.768421e+00 1.40194467e-03
9.743589e+00 1.873684e+00 2.973684e+00 1.33931264e-03
9.743589e+00 1.873684e+00 3.178947e+00 1.27612788e-03
9.743589e+00 1.873684e+00 3.384211e+00 1.21305848e-03
9.743589e+00 1.873684e+00 3.589474e+00 1.15066953e-03
9.743589e+00 1.873684e+00 3.794737e+00 1.08939491e-03
9.743589e+00 1.873684e+00 4.000000e+00 1.02960865e-03
9.743589e+00 2.134211e+00 1.000000e-01 5.49191475e+01
9.743589e+00 2.134211e+00 3.052632e-01 1.14207268e+00
9.743589e+00 2.134211e+00 5.105263e-01 1.37945399e-01
9.743589e+00 2.134211e+00 7.157895e-01 2.65601967e-02
9.743589e+00 2.134211e+00 9.210526e-01 6.29400229e-03
9.743589e+00 2.134211e+00 1.126316e+00 2.04183254e-03
9.743589e+00 2.134211e+00 1.331579e+00 1.10486371e-03
9.743589e+00 2.134211e+00 1.536842e+00 8.88203678e-04
9.743589e+00 2.134211e+00 1.742105e+00 8.27236800e-04
9.743589e+00 2.134211e+00 1.947368e+00 7.97240413e-04
9.743589e+00 2.134211e+00 2.152632e+00 7.71273160e-04
9.743589e+00 2.134211e+00 2.357895e+00 7.44161196e-04
9.743589e+00 2.134211e+00 2.563158e+00 7.15438859e-04
9.743589e+00 2.134211e+00 2.768421e+00 6.85529201e-04
9.743589e+00 2.134211e+00 2.973684e+00 6.54922391e-04
9.743589e+00 2.134211e+00 3.178947e+00 6.24036591e-04
9.743589e+00 2.134211e+00 3.384211e+00 5.93205390e-04
9.743589e+00 2.134211e+00 3.589474e+00 5.62701258e-04
9.743589e+00 2.134211e+00 3.794737e+00 5.32740843e-04
9.743589e+00 2.134211e+00 4.000000e+00 5.03509014e-04
9.743589e+00 2.394737e+00 1.000000e-01 3.04279938e+01
9.743589e+00 2.394737e+00 3.052632e-01 6.27814531e-01
9.743589e+00 2.394737e+00 5.105263e-01 7.50079453e-02
9.743589e+00 2.394737e+00 7.157895e-01 1.43044824e-02
9.743589e+00 2.394737e+00 9.210526e-01 3.33253387e-03
9.743589e+00 2.394737e+00 1.126316e+00 1.03870896e-03
9.743589e+00 2.394737e+00 1.331579e+00 5.34437771e-04
9.743589e+00 2.394737e+00 1.536842e+00 4.18513984e-04
9.743589e+00 2.394737e+00 1.742105e+00 3.86790431e-04
9.743589e+00 2.394737e+00 1.947368e+00 3.72095121e-04
9.743589e+00 2.394737e+00 2.152632e+00 3.59851314e-04
9.743589e+00 2.394737e+00 2.357895e+00 3.47194640e-04
9.743589e+00 2.394737e+00 2.563158e+00 3.33805510e-04
9.743589e+00 2.394737e+00 2.768421e+00 3.19861225e-04
9.743589e+00 2.394737e+00 2.973684e+00 3.05587542e-04
9.743589e+00 2.394737e+00 3.178947e+00 2.91182252e-04
9.743589e+00 2.394737e+00 3.384211e+00 2.76799808e-04
9.743589e+00 2.394737e+00 3.589474e+00 2.62567773e-04
9.743589e+00 2.394737e+00 3.794737e+00 2.48590077e-04
9.743589e+00 2.394737e+00 4.000000e+00 2.34950596e-04
9.743589e+00 2.655263e+00 1.000000e-01 1.57533541e+01
9.743589e+00 2.655263e+00 3.052632e-01 3.22784871e-01
9.743589e+00 2.655263e+00 5.105263e-01 3.81925292e-02
9.743589e+00 2.655263e+00 7.157895e-01 7.22382125e-03
9.743589e+00 2.655263e+00 9.210526e-01 1.65985606e-03
9.743589e+00 2.655263e+00 1.126316e+00 5.00480528e-04
9.743589e+00 2.655263e+00 1.331579e+00 2.46144307e-04
9.743589e+00 2.655263e+00 1.536842e+00 1.87950631e-04
9.743589e+00 2.655263e+00 1.742105e+00 1.72373548e-04
9.743589e+00 2.655263e+00 1.947368e+00 1.65523350e-04
9.743589e+00 2.655263e+00 2.152632e+00 1.60019321e-04
9.743589e+00 2.655263e+00 2.357895e+00 1.54385489e-04
9.743589e+00 2.655263e+00 2.563158e+00 1.48435982e-04
9.743589e+00 2.655263e+00 2.768421e+00 1.42239471e-04
9.743589e+00 2.655263e+00 2.973684e+00 1.35895403e-04
9.743589e+00 2.655263e+00 3.178947e+00 1.29491164e-04
9.743589e+00 2.655263e+00 3.384211e+00 1.23096528e-04
9.743589e+00 2.655263e+00 3.589474e+00 1.16768591e-04
9.743589e+00 2.655263e+00 3.794737e+00 1.10553316e-04
9.743589e+00 2.655263e+00 4.000000e+00 1.04488128e-04
9.743589e+00 2.915789e+00 1.000000e-01 7.62122965e+00
9.743589e+00 2.915789e+00 3.052632e-01 1.55223817e-01
9.743589e+00 2.915789e+00 5.105263e-01 1.82123091e-02
9.743589e+00 2.915789e+00 7.157895e-01 3.42067378e-03
9.743589e+00 2.915789e+00 9.210526e-01 7.77222507e-04
9.743589e+00 2.915789e+00 1.126316e+00 2.28026387e-04
9.743589e+00 2.915789e+00 1.331579e+00 1.07772867e-04
9.743589e+00 2.915789e+00 1.536842e+00 8.03622534e-05
9.743589e+00 2.915789e+00 1.742105e+00 7.31534019e-05
9.743589e+00 2.915789e+00 1.947368e+00 7.01204190e-05
9.743589e+00 2.915789e+00 2.152632e+00 6.77641729e-05
9.743589e+00 2.915789e+00 2.357895e+00 6.53757888e-05
9.743589e+00 2.915789e+00 2.563158e+00 6.28576527e-05
9.743589e+00 2.915789e+00 2.768421e+00 6.02352666e-05
9.743589e+00 2.915789e+00 2.973684e+00 5.75499325e-05
9.743589e+00 2.915789e+00 3.178947e+00 5.48386197e-05
9.743589e+00 2.915789e+00 3.384211e+00 5.21310867e-05
9.743589e+00 2.915789e+00 3.589474e+00 4.94516280e-05
9.743589e+00 2.915789e+00 3.794737e+00 4.68197359e-05
9.743589e+00 2.915789e+00 4.000000e+00 4.42512974e-05
9.743589e+00 3.176316e+00 1.000000e-01 3.44530272e+00
9.743589e+00 3.176316e+00 3.052632e-01 6.98168129e-02
9.743589e+00 3.176316e+00 5.105263e-01 8.13313108e-03
9.743589e+00 3.176316e+00 7.157895e-01 1.51864614e-03
9.743589e+00 3.176316e+00 9.210526e-01 3.41944629e-04
9.743589e+00 3.176316e+00 1.126316e+00 9.81030971e-05
9.743589e+00 3.176316e+00 1.331579e+00 4.47969214e-05
9.743589e+00 3.176316e+00 1.536842e+00 3.26833979e-05
9.743589e+00 3.176316e+00 1.742105e+00 2.95421196e-05
9.743589e+00 3.176316e+00 1.947368e+00 2.82686342e-05
9.743589e+00 3.176316e+00 2.152632e+00 2.73090463e-05
9.743589e+00 3.176316e+00 2.357895e+00 2.63453912e-05
9.743589e+00 3.176316e+00 2.563158e+00 2.53310900e-05
9.743589e+00 3.176316e+00 2.768421e+00 2.42748538e-05
9.743589e+00 3.176316e+00 2.973684e+00 2.31930444e-05
9.743589e+00 3.176316e+00 3.178947e+00 2.21006521e-05
9.743589e+00 3.176316e+00 3.384211e+00 2.10096605e-05
9.743589e+00 3.176316e+00 3.589474e+00 1.99299247e-05
9.743589e+00 3.176316e+00 3.794737e+00 1.88693102e-05
9.743589e+00 3.176316e+00 4.000000e+00 1.78342707e-05
9.743589e+00 3.436842e+00 1.000000e-01 1.45538950e+00
9.743589e+00 3.436842e+00 3.052632e-01 2.93694250e-02
9.743589e+00 3.436842e+00 5.105263e-01 3.40104452e-03
9.743589e+00 3.436842e+00 7.157895e-01 6.31994975e-04
9.743589e+00 3.436842e+00 9.210526e-01 1.41273689e-04
9.743589e+00 3.436842e+00 1.126316e+00 3.98045013e-05
9.743589e+00 3.436842e+00 1.331579e+00 1.76525191e-05
9.743589e+00 3.436842e+00 1.536842e+00 1.26308714e-05
9.743589e+00 3.436842e+00 1.742105e+00 1.13430706e-05
9.743589e+00 3.436842e+00 1.947368e+00 1.08368167e-05
9.743589e+00 3.436842e+00 2.152632e+00 1.04654646e-05
9.743589e+00 3.436842e+00 2.357895e+00 1.00957513e-05
9.743589e+00 3.436842e+00 2.563158e+00 9.70720430e-06
9.743589e+00 3.436842e+00 2.768421e+00 9.30260921e-06
9.743589e+00 3.436842e+00 2.973684e+00 8.88819068e-06
9.743589e+00 3.436842e+00 3.178947e+00 8.46963485e-06
9.743589e+00 3.436842e+00 3.384211e+00 8.05160835e-06
9.743589e+00 3.436842e+00 3.589474e+00 7.63785101e-06
9.743589e+00 3.436842e+00 3.794737e+00 7.23141829e-06
9.743589e+00 3.436842e+00 4.000000e+00 6.83478902e-06
9.743589e+00 3.697368e+00 1.000000e-01 5.74484706e-01
9.743589e+00 3.697368e+00 3.052632e-01 1.15539078e-02
9.743589e+00 3.697368e+00 5.105263e-01 1.33153121e-03
9.743589e+00 3.697368e+00 7.157895e-01 2.46467651e-04
9.743589e+00 3.697368e+00 9.210526e-01 5.47789314e-05
9.743589e+00 3.697368e+00 1.126316e+00 1.52131342e-05
9.743589e+00 3.697368e+00 1.331579e+00 6.58509134e-06
9.743589e+00 3.697368e+00 1.536842e+00 4.63295873e-06
9.743589e+00 3.697368e+00 1.742105e+00 4.13669432e-06
9.743589e+00 3.697368e+00 1.947368e+00 3.94642166e-06
9.743589e+00 3.697368e+00 2.152632e+00 3.81004861e-06
9.743589e+00 3.697368e+00 2.357895e+00 3.67529356e-06
9.743589e+00 3.697368e+00 2.563158e+00 3.53388509e-06
9.743589e+00 3.697368e+00 2.768421e+00 3.38664927e-06
9.743589e+00 3.697368e+00 2.973684e+00 3.23581799e-06
9.743589e+00 3.697368e+00 3.178947e+00 3.08346875e-06
9.743589e+00 3.697368e+00 3.384211e+00 2.93130256e-06
9.743589e+00 3.697368e+00 3.589474e+00 2.78068819e-06
9.743589e+00 3.697368e+00 3.794737e+00 2.63272932e-06
9.743589e+00 3.697368e+00 4.000000e+00 2.48833135e-06
9.743589e+00 3.957895e+00 1.000000e-01 2.11895332e-01
9.743589e+00 3.957895e+00 3.052632e-01 4.25025728e-03
9.743589e+00 3.957895e+00 5.105263e-01 4.87953366e-04
9.743589e+00 3.957895e+00 7.157895e-01 9.00427476e-05
9.743589e+00 3.957895e+00 9.210526e-01 1.99232290e-05
9.743589e+00 3.957895e+00 1.126316e+00 5.47077434e-06
9.743589e+00 3.957895e+00 1.331579e+00 2.32197567e-06
9.743589e+00 3.957895e+00 1.536842e+00 1.61061473e-06
9.743589e+00 3.957895e+00 1.742105e+00 1.43099464e-06
9.743589e+00 3.957895e+00 1.947368e+00 1.36348910e-06
9.743589e+00 3.957895e+00 2.152632e+00 1.31602542e-06
9.743589e+00 3.957895e+00 2.357895e+00 1.26943439e-06
9.743589e+00 3.957895e+00 2.563158e+00 1.22060067e-06
9.743589e+00 3.957895e+00 2.768421e+00 1.16976310e-06
9.743589e+00 3.957895e+00 2.973684e+00 1.11767838e-06
9.743589e+00 3.957895e+00 3.178947e+00 1.06506525e-06
9.743589e+00 3.957895e+00 3.384211e+00 1.01251055e-06
9.743589e+00 3.957895e+00 3.589474e+00 9.60489956e-07
9.743589e+00 3.957895e+00 3.794737e+00 9.09387097e-07
9.743589e+00 3.957895e+00 4.000000e+00 8.59512170e-07
9.743589e+00 4.218421e+00 1.000000e-01 7.30306804e-02
9.743589e+00 4.218421e+00 3.052632e-01 1.46186596e-03
9.743589e+00 4.218421e+00 5.105263e-01 1.67334569e-04
9.743589e+00 4.218421e+00 7.157895e-01 3.08050294e-05
9.743589e+00 4.218421e+00 9.210526e-01 6.79273262e-06
9.743589e+00 4.218421e+00 1.126316e+00 1.84904388e-06
9.743589e+00 4.218421e+00 1.331579e+00 7.72704368e-07
9.743589e+00 4.218421e+00 1.536842e+00 5.29821477e-07
9.743589e+00 4.218421e+00 1.742105e+00 4.68808025e-07
9.743589e+00 4.218421e+00 1.947368e+00 4.46232548e-07
9.743589e+00 4.218421e+00 2.152632e+00 4.30605212e-07
9.743589e+00 4.218421e+00 2.357895e+00 4.15346619e-07
9.743589e+00 4.218421e+00 2.563158e+00 3.99371402e-07
9.743589e+00 4.218421e+00 2.768421e+00 3.82742599e-07
9.743589e+00 4.218421e+00 2.973684e+00 3.65703499e-07
9.743589e+00 4.218421e+00 3.178947e+00 3.48490772e-07
9.743589e+00 4.218421e+00 3.384211e+00 3.31296519e-07
9.743589e+00 4.218421e+00 3.589474e+00 3.14275582e-07
9.743589e+00 4.218421e+00 3.794737e+00 2.97555573e-07
9.743589e+00 4.218421e+00 4.000000e+00 2.81237448e-07
9.743589e+00 4.478947e+00 1.000000e-01 2.35194676e-02
9.743589e+00 4.478947e+00 3.052632e-01 4.70064086e-04
9.743589e+00 4.478947e+00 5.105263e-01 5.36863772e-05
9.743589e+00 4.478947e+00 7.157895e-01 9.86547730e-06
9.743589e+00 4.478947e+00 9.210526e-01 2.16982085e-06
9.743589e+00 4.478947e+00 1.126316e+00 5.86772728e-07
9.743589e+00 4.478947e+00 1.331579e+00 2.42294504e-07
9.743589e+00 4.478947e+00 1.536842e+00 1.64628119e-07
9.743589e+00 4.478947e+00 1.742105e+00 1.45192928e-07
9.743589e+00 4.478947e+00 1.947368e+00 1.38086904e-07
9.743589e+00 4.478947e+00 2.152632e+00 1.33227516e-07
9.743589e+00 4.478947e+00 2.357895e+00 1.28503274e-07
9.743589e+00 4.478947e+00 2.563158e+00 1.23561335e-07
9.743589e+00 4.478947e+00 2.768421e+00 1.18417496e-07
9.743589e+00 4.478947e+00 2.973684e+00 1.13146690e-07
9.743589e+00 4.478947e+00 3.178947e+00 1.07821577e-07
9.743589e+00 4.478947e+00 3.384211e+00 1.02502170e-07
9.743589e+00 4.478947e+00 3.589474e+00 9.72362457e-08
9.743589e+00 4.478947e+00 3.794737e+00 9.20632175e-08
9.743589e+00 4.478947e+00 4.000000e+00 8.70145414e-08
9.743589e+00 4.739474e+00 1.000000e-01 7.07755797e-03
9.743589e+00 4.739474e+00 3.052632e-01 1.41292185e-04
9.743589e+00 4.739474e+00 5.105263e-01 1.61104581e-05
9.743589e+00 4.739474e+00 7.157895e-01 2.95654809e-06
9.743589e+00 4.739474e+00 9.210526e-01 6.49036622e-07
9.743589e+00 4.739474e+00 1.126316e+00 1.74664777e-07
9.743589e+00 4.739474e+00 1.331579e+00 7.14801516e-08
9.743589e+00 4.739474e+00 1.536842e+00 4.82309019e-08
9.743589e+00 4.739474e+00 1.742105e+00 4.24295941e-08
9.743589e+00 4.739474e+00 1.947368e+00 4.03270022e-08
9.743589e+00 4.739474e+00 2.152632e+00 3.89024954e-08
9.743589e+00 4.739474e+00 2.357895e+00 3.75223230e-08
9.743589e+00 4.739474e+00 2.563158e+00 3.60795127e-08
9.743589e+00 4.739474e+00 2.768421e+00 3.45776314e-08
9.743589e+00 4.739474e+00 2.973684e+00 3.30387593e-08
9.743589e+00 4.739474e+00 3.178947e+00 3.14839959e-08
9.743589e+00 4.739474e+00 3.384211e+00 2.99308169e-08
9.743589e+00 4.739474e+00 3.589474e+00 2.83932540e-08
9.743589e+00 4.739474e+00 3.794737e+00 2.68827414e-08
9.743589e+00 4.739474e+00 4.000000e+00 2.54084878e-08
9.743589e+00 5.000000e+00 1.000000e-01 1.99008849e-03
9.743589e+00 5.000000e+00 3.052632e-01 3.96964024e-05
9.743589e+00 5.000000e+00 5.105263e-01 4.52088625e-06
9.743589e+00 5.000000e+00 7.157895e-01 8.28866973e-07
9.743589e+00 5.000000e+00 9.210526e-01 1.81709282e-07
9.743589e+00 5.000000e+00 1.126316e+00 4.87292944e-08
9.743589e+00 5.000000e+00 1.331579e+00 1.98120276e-08
9.743589e+00 5.000000e+00 1.536842e+00 1.32994158e-08
9.743589e+00 5.000000e+00 1.742105e+00 1.16776562e-08
9.743589e+00 5.000000e+00 1.947368e+00 1.10936549e-08
9.743589e+00 5.000000e+00 2.152632e+00 1.07006839e-08
9.743589e+00 5.000000e+00 2.357895e+00 1.03208739e-08
9.743589e+00 5.000000e+00 2.563158e+00 9.92403404e-09
9.743589e+00 5.000000e+00 2.768421e+00 9.51098578e-09
9.743589e+00 5.000000e+00 2.973684e+00 9.08774034e-09
9.743589e+00 5.000000e+00 3.178947e+00 8.66010286e-09
9.743589e+00 5.000000e+00 3.384211e+00 8.23289970e-09
9.743589e+00 5.000000e+00 3.589474e+00 7.80998555e-09
9.743589e+00 5.000000e+00 3.794737e+00 7.39450590e-09
9.743589e+00 5.000000e+00 4.000000e+00 6.98900005e-09
1.000000e+01 5.000000e-02 1.000000e-01 5.58394470e+02
1.000000e+01 5.000000e-02 3.052632e-01 1.28549566e+01
1.000000e+01 5.000000e-02 5.105263e-01 1.72962320e+00
1.000000e+01 5.000000e-02 7.157895e-01 4.22948688e-01
1.000000e+01 5.000000e-02 9.210526e-01 1.83986440e-01
1.000000e+01 5.000000e-02 1.126316e+00 1.38069585e-01
1.000000e+01 5.000000e-02 1.331579e+00 1.29907012e-01
1.000000e+01 5.000000e-02 1.536842e+00 1.27787113e-01
1.000000e+01 5.000000e-02 1.742105e+00 1.25622526e-01
1.000000e+01 5.000000e-02 1.947368e+00 1.22637264e-01
1.000000e+01 5.000000e-02 2.152632e+00 1.18993722e-01
1.000000e+01 5.000000e-02 2.357895e+00 1.14921011e-01
1.000000e+01 5.000000e-02 2.563158e+00 1.10582687e-01
1.000000e+01 5.000000e-02 2.768421e+00 1.06083110e-01
1.000000e+01 5.000000e-02 2.973684e+00 1.01496473e-01
1.000000e+01 5.000000e-02 3.178947e+00 9.68742594e-02
1.000000e+01 5.000000e-02 3.384211e+00 9.22589228e-02
1.000000e+01 5.000000e-02 3.589474e+00 8.76847655e-02
1.000000e+01 5.000000e-02 3.794737e+00 8.31823125e-02
1.000000e+01 5.000000e-02 4.000000e+00 7.87773356e-02
1.000000e+01 3.105263e-01 1.000000e-01 5.32593384e+02
1.000000e+01 3.105263e-01 3.052632e-01 1.21840811e+01
1.000000e+01 3.105263e-01 5.105263e-01 1.59569812e+00
1.000000e+01 3.105263e-01 7.157895e-01 3.47949237e-01
1.000000e+01 3.105263e-01 9.210526e-01 1.14686385e-01
1.000000e+01 3.105263e-01 1.126316e+00 6.72828183e-02
1.000000e+01 3.105263e-01 1.331579e+00 5.80538996e-02
1.000000e+01 3.105263e-01 1.536842e+00 5.61280623e-02
1.000000e+01 3.105263e-01 1.742105e+00 5.51058166e-02
1.000000e+01 3.105263e-01 1.947368e+00 5.38578816e-02
1.000000e+01 3.105263e-01 2.152632e+00 5.23115471e-02
1.000000e+01 3.105263e-01 2.357895e+00 5.05530015e-02
1.000000e+01 3.105263e-01 2.563158e+00 4.86615971e-02
1.000000e+01 3.105263e-01 2.768421e+00 4.66908179e-02
1.000000e+01 3.105263e-01 2.973684e+00 4.46768366e-02
1.000000e+01 3.105263e-01 3.178947e+00 4.26449403e-02
1.000000e+01 3.105263e-01 3.384211e+00 4.06151079e-02
1.000000e+01 3.105263e-01 3.589474e+00 3.86029258e-02
1.000000e+01 3.105263e-01 3.794737e+00 3.66220400e-02
1.000000e+01 3.105263e-01 4.000000e+00 3.46833207e-02
1.000000e+01 5.710526e-01 1.000000e-01 4.74591644e+02
1.000000e+01 5.710526e-01 3.052632e-01 1.07839479e+01
1.000000e+01 5.710526e-01 5.105263e-01 1.39273226e+00
1.000000e+01 5.710526e-01 7.157895e-01 2.91237712e-01
1.000000e+01 5.710526e-01 9.210526e-01 8.43902975e-02
1.000000e+01 5.710526e-01 1.126316e+00 4.15776856e-02
1.000000e+01 5.710526e-01 1.331579e+00 3.29557918e-02
1.000000e+01 5.710526e-01 1.536842e+00 3.12188007e-02
1.000000e+01 5.710526e-01 1.742105e+00 3.05683035e-02
1.000000e+01 5.710526e-01 1.947368e+00 2.98924707e-02
1.000000e+01 5.710526e-01 2.152632e+00 2.90556252e-02
1.000000e+01 5.710526e-01 2.357895e+00 2.80927699e-02
1.000000e+01 5.710526e-01 2.563158e+00 2.70493180e-02
1.000000e+01 5.710526e-01 2.768421e+00 2.59578880e-02
1.000000e+01 5.710526e-01 2.973684e+00 2.48403568e-02
1.000000e+01 5.710526e-01 3.178947e+00 2.37118974e-02
1.000000e+01 5.710526e-01 3.384211e+00 2.25839894e-02
1.000000e+01 5.710526e-01 3.589474e+00 2.14657355e-02
1.000000e+01 5.710526e-01 3.794737e+00 2.03646254e-02
1.000000e+01 5.710526e-01 4.000000e+00 1.92870125e-02
1.000000e+01 8.315790e-01 1.000000e-01 3.95104797e+02
1.000000e+01 8.315790e-01 3.052632e-01 8.90404129e+00
1.000000e+01 8.315790e-01 5.105263e-01 1.13534462e+00
1.000000e+01 8.315790e-01 7.157895e-01 2.31725499e-01
1.000000e+01 8.315790e-01 9.210526e-01 6.21642061e-02
1.000000e+01 8.315790e-01 1.126316e+00 2.67470088e-02
1.000000e+01 8.315790e-01 1.331579e+00 1.94673203e-02
1.000000e+01 8.315790e-01 1.536842e+00 1.80037823e-02
1.000000e+01 8.315790e-01 1.742105e+00 1.75582450e-02
1.000000e+01 8.315790e-01 1.947368e+00 1.71714313e-02
1.000000e+01 8.315790e-01 2.152632e+00 1.66998468e-02
1.000000e+01 8.315790e-01 2.357895e+00 1.61530245e-02
1.000000e+01 8.315790e-01 2.563158e+00 1.55567573e-02
1.000000e+01 8.315790e-01 2.768421e+00 1.49310073e-02
1.000000e+01 8.315790e-01 2.973684e+00 1.42892702e-02
1.000000e+01 8.315790e-01 3.178947e+00 1.36408024e-02
1.000000e+01 8.315790e-01 3.384211e+00 1.29922880e-02
1.000000e+01 8.315790e-01 3.589474e+00 1.23492246e-02
1.000000e+01 8.315790e-01 3.794737e+00 1.17159635e-02
1.000000e+01 8.315790e-01 4.000000e+00 1.10961711e-02
1.000000e+01 1.092105e+00 1.000000e-01 3.07320892e+02
1.000000e+01 1.092105e+00 3.052632e-01 6.86170292e+00
1.000000e+01 1.092105e+00 5.105263e-01 8.63630772e-01
1.000000e+01 1.092105e+00 7.157895e-01 1.73263296e-01
1.000000e+01 1.092105e+00 9.210526e-01 4.41720933e-02
1.000000e+01 1.092105e+00 1.126316e+00 1.70801356e-02
1.000000e+01 1.092105e+00 1.331579e+00 1.14344424e-02
1.000000e+01 1.092105e+00 1.536842e+00 1.02918325e-02
1.000000e+01 1.092105e+00 1.742105e+00 9.98500083e-03
1.000000e+01 1.092105e+00 1.947368e+00 9.76178329e-03
1.000000e+01 1.092105e+00 2.152632e+00 9.49747488e-03
1.000000e+01 1.092105e+00 2.357895e+00 9.18957684e-03
1.000000e+01 1.092105e+00 2.563158e+00 8.85223038e-03
1.000000e+01 1.092105e+00 2.768421e+00 8.49716645e-03
1.000000e+01 1.092105e+00 2.973684e+00 8.13247915e-03
1.000000e+01 1.092105e+00 3.178947e+00 7.76369590e-03
1.000000e+01 1.092105e+00 3.384211e+00 7.39479810e-03
1.000000e+01 1.092105e+00 3.589474e+00 7.02889031e-03
1.000000e+01 1.092105e+00 3.794737e+00 6.66855369e-03
1.000000e+01 1.092105e+00 4.000000e+00 6.31586416e-03
1.000000e+01 1.352632e+00 1.000000e-01 2.23346283e+02
1.000000e+01 1.352632e+00 3.052632e-01 4.93816137e+00
1.000000e+01 1.352632e+00 5.105263e-01 6.13354743e-01
1.000000e+01 1.352632e+00 7.157895e-01 1.21379860e-01
1.000000e+01 1.352632e+00 9.210526e-01 2.98564453e-02
1.000000e+01 1.352632e+00 1.126316e+00 1.06071550e-02
1.000000e+01 1.352632e+00 1.331579e+00 6.55683503e-03
1.000000e+01 1.352632e+00 1.536842e+00 5.73008321e-03
1.000000e+01 1.352632e+00 1.742105e+00 5.52450074e-03
1.000000e+01 1.352632e+00 1.947368e+00 5.39732585e-03
1.000000e+01 1.352632e+00 2.152632e+00 5.25254430e-03
1.000000e+01 1.352632e+00 2.357895e+00 5.08369552e-03
1.000000e+01 1.352632e+00 2.563158e+00 4.89795767e-03
1.000000e+01 1.352632e+00 2.768421e+00 4.70198411e-03
1.000000e+01 1.352632e+00 2.973684e+00 4.50045010e-03
1.000000e+01 1.352632e+00 3.178947e+00 4.29651281e-03
1.000000e+01 1.352632e+00 3.384211e+00 4.09244560e-03
1.000000e+01 1.352632e+00 3.589474e+00 3.89002357e-03
1.000000e+01 1.352632e+00 3.794737e+00 3.69063718e-03
1.000000e+01 1.352632e+00 4.000000e+00 3.49549274e-03
1.000000e+01 1.613158e+00 1.000000e-01 1.51665955e+02
1.000000e+01 1.613158e+00 3.052632e-01 3.32052851e+00
1.000000e+01 1.613158e+00 5.105263e-01 4.07033026e-01
1.000000e+01 1.613158e+00 7.157895e-01 7.96182603e-02
1.000000e+01 1.613158e+00 9.210526e-01 1.90747231e-02
1.000000e+01 1.613158e+00 1.126316e+00 6.33412506e-03
1.000000e+01 1.613158e+00 1.331579e+00 3.63470917e-03
1.000000e+01 1.613158e+00 1.536842e+00 3.07914731e-03
1.000000e+01 1.613158e+00 1.742105e+00 2.94749741e-03
1.000000e+01 1.613158e+00 1.947368e+00 2.87680747e-03
1.000000e+01 1.613158e+00 2.152632e+00 2.80005159e-03
1.000000e+01 1.613158e+00 2.357895e+00 2.71066488e-03
1.000000e+01 1.613158e+00 2.563158e+00 2.61203945e-03
1.000000e+01 1.613158e+00 2.768421e+00 2.50776298e-03
1.000000e+01 1.613158e+00 2.973684e+00 2.40039919e-03
1.000000e+01 1.613158e+00 3.178947e+00 2.29169941e-03
1.000000e+01 1.613158e+00 3.384211e+00 2.18289415e-03
1.000000e+01 1.613158e+00 3.589474e+00 2.07494479e-03
1.000000e+01 1.613158e+00 3.794737e+00 1.96861615e-03
1.000000e+01 1.613158e+00 4.000000e+00 1.86453678e-03
1.000000e+01 1.873684e+00 1.000000e-01 9.62348633e+01
1.000000e+01 1.873684e+00 3.052632e-01 2.08705902e+00
1.000000e+01 1.873684e+00 5.105263e-01 2.52587914e-01
1.000000e+01 1.873684e+00 7.157895e-01 4.89057228e-02
1.000000e+01 1.873684e+00 9.210526e-01 1.14834839e-02
1.000000e+01 1.873684e+00 1.126316e+00 3.61209176e-03
1.000000e+01 1.873684e+00 1.331579e+00 1.93599460e-03
1.000000e+01 1.873684e+00 1.536842e+00 1.58851815e-03
1.000000e+01 1.873684e+00 1.742105e+00 1.50866725e-03
1.000000e+01 1.873684e+00 1.947368e+00 1.47065707e-03
1.000000e+01 1.873684e+00 2.152632e+00 1.43149216e-03
1.000000e+01 1.873684e+00 2.357895e+00 1.38606096e-03
1.000000e+01 1.873684e+00 2.563158e+00 1.33581052e-03
1.000000e+01 1.873684e+00 2.768421e+00 1.28259405e-03
1.000000e+01 1.873684e+00 2.973684e+00 1.22774008e-03
1.000000e+01 1.873684e+00 3.178947e+00 1.17217319e-03
1.000000e+01 1.873684e+00 3.384211e+00 1.11654017e-03
1.000000e+01 1.873684e+00 3.589474e+00 1.06133777e-03
1.000000e+01 1.873684e+00 3.794737e+00 1.00695994e-03
1.000000e+01 1.873684e+00 4.000000e+00 9.53728333e-04
1.000000e+01 2.134211e+00 1.000000e-01 5.70584526e+01
1.000000e+01 2.134211e+00 3.052632e-01 1.22653008e+00
1.000000e+01 2.134211e+00 5.105263e-01 1.46665379e-01
1.000000e+01 2.134211e+00 7.157895e-01 2.81408634e-02
1.000000e+01 2.134211e+00 9.210526e-01 6.50446862e-03
1.000000e+01 2.134211e+00 1.126316e+00 1.95835414e-03
1.000000e+01 2.134211e+00 1.331579e+00 9.86806001e-04
1.000000e+01 2.134211e+00 1.536842e+00 7.84141826e-04
1.000000e+01 2.134211e+00 1.742105e+00 7.38497474e-04
1.000000e+01 2.134211e+00 1.947368e+00 7.18849245e-04
1.000000e+01 2.134211e+00 2.152632e+00 6.99684082e-04
1.000000e+01 2.134211e+00 2.357895e+00 6.77584147e-04
1.000000e+01 2.134211e+00 2.563158e+00 6.53102063e-04
1.000000e+01 2.134211e+00 2.768421e+00 6.27128233e-04
1.000000e+01 2.134211e+00 2.973684e+00 6.00333733e-04
1.000000e+01 2.134211e+00 3.178947e+00 5.73175843e-04
1.000000e+01 2.134211e+00 3.384211e+00 5.45979652e-04
1.000000e+01 2.134211e+00 3.589474e+00 5.18992136e-04
1.000000e+01 2.134211e+00 3.794737e+00 4.92405670e-04
1.000000e+01 2.134211e+00 4.000000e+00 4.66378755e-04
1.000000e+01 2.394737e+00 1.000000e-01 3.16123905e+01
1.000000e+01 2.394737e+00 3.052632e-01 6.74100816e-01
1.000000e+01 2.394737e+00 5.105263e-01 7.97210336e-02
1.000000e+01 2.394737e+00 7.157895e-01 1.51737742e-02
1.000000e+01 2.394737e+00 9.210526e-01 3.46348854e-03
1.000000e+01 2.394737e+00 1.126316e+00 1.00643944e-03
1.000000e+01 2.394737e+00 1.331579e+00 4.79955721e-04
1.000000e+01 2.394737e+00 1.536842e+00 3.69563902e-04
1.000000e+01 2.394737e+00 1.742105e+00 3.45033332e-04
1.000000e+01 2.394737e+00 1.947368e+00 3.35316930e-04
1.000000e+01 2.394737e+00 2.152632e+00 3.26348119e-04
1.000000e+01 2.394737e+00 2.357895e+00 3.16080172e-04
1.000000e+01 2.394737e+00 2.563158e+00 3.04692338e-04
1.000000e+01 2.394737e+00 2.768421e+00 2.92595068e-04
1.000000e+01 2.394737e+00 2.973684e+00 2.80104316e-04
1.000000e+01 2.394737e+00 3.178947e+00 2.67438765e-04
1.000000e+01 2.394737e+00 3.384211e+00 2.54753366e-04
1.000000e+01 2.394737e+00 3.589474e+00 2.42162700e-04
1.000000e+01 2.394737e+00 3.794737e+00 2.29759476e-04
1.000000e+01 2.394737e+00 4.000000e+00 2.17616296e-04
1.000000e+01 2.655263e+00 1.000000e-01 1.63661518e+01
1.000000e+01 2.655263e+00 3.052632e-01 3.46516818e-01
1.000000e+01 2.655263e+00 5.105263e-01 4.05762531e-02
1.000000e+01 2.655263e+00 7.157895e-01 7.66891334e-03
1.000000e+01 2.655263e+00 9.210526e-01 1.73284649e-03
1.000000e+01 2.655263e+00 1.126316e+00 4.89249011e-04
1.000000e+01 2.655263e+00 1.331579e+00 2.22263479e-04
1.000000e+01 2.655263e+00 1.536842e+00 1.66044687e-04
1.000000e+01 2.655263e+00 1.742105e+00 1.53664674e-04
1.000000e+01 2.655263e+00 1.947368e+00 1.49086496e-04
1.000000e+01 2.655263e+00 2.152632e+00 1.45079233e-04
1.000000e+01 2.655263e+00 2.357895e+00 1.40528791e-04
1.000000e+01 2.655263e+00 2.563158e+00 1.35478826e-04
1.000000e+01 2.655263e+00 2.768421e+00 1.30107597e-04
1.000000e+01 2.655263e+00 2.973684e+00 1.24557788e-04
1.000000e+01 2.655263e+00 3.178947e+00 1.18928248e-04
1.000000e+01 2.655263e+00 3.384211e+00 1.13288355e-04
1.000000e+01 2.655263e+00 3.589474e+00 1.07690226e-04
1.000000e+01 2.655263e+00 3.794737e+00 1.02175007e-04
1.000000e+01 2.655263e+00 4.000000e+00 9.67754750e-05
1.000000e+01 2.915789e+00 1.000000e-01 7.91752815e+00
1.000000e+01 2.915789e+00 3.052632e-01 1.66608647e-01
1.000000e+01 2.915789e+00 5.105263e-01 1.93413701e-02
1.000000e+01 2.915789e+00 7.157895e-01 3.63334268e-03
1.000000e+01 2.915789e+00 9.210526e-01 8.14297004e-04
1.000000e+01 2.915789e+00 1.126316e+00 2.24605697e-04
1.000000e+01 2.915789e+00 1.331579e+00 9.78283133e-05
1.000000e+01 2.915789e+00 1.536842e+00 7.10404565e-05
1.000000e+01 2.915789e+00 1.742105e+00 6.51787559e-05
1.000000e+01 2.915789e+00 1.947368e+00 6.31283183e-05
1.000000e+01 2.915789e+00 2.152632e+00 6.14210367e-05
1.000000e+01 2.915789e+00 2.357895e+00 5.94998091e-05
1.000000e+01 2.915789e+00 2.563158e+00 5.73664911e-05
1.000000e+01 2.915789e+00 2.768421e+00 5.50952354e-05
1.000000e+01 2.915789e+00 2.973684e+00 5.27467746e-05
1.000000e+01 2.915789e+00 3.178947e+00 5.03636402e-05
1.000000e+01 2.915789e+00 3.384211e+00 4.79758564e-05
1.000000e+01 2.915789e+00 3.589474e+00 4.56055313e-05
1.000000e+01 2.915789e+00 3.794737e+00 4.32700908e-05
1.000000e+01 2.915789e+00 4.000000e+00 4.09836430e-05
1.000000e+01 3.176316e+00 1.000000e-01 3.57919002e+00
1.000000e+01 3.176316e+00 3.052632e-01 7.49269873e-02
1.000000e+01 3.176316e+00 5.105263e-01 8.63420218e-03
1.000000e+01 3.176316e+00 7.157895e-01 1.61361846e-03
1.000000e+01 3.176316e+00 9.210526e-01 3.59266560e-04
1.000000e+01 3.176316e+00 1.126316e+00 9.72494527e-05
1.000000e+01 3.176316e+00 1.331579e+00 4.08607193e-05
1.000000e+01 3.176316e+00 1.536842e+00 2.89127274e-05
1.000000e+01 3.176316e+00 1.742105e+00 2.63097227e-05
1.000000e+01 3.176316e+00 1.947368e+00 2.54394254e-05
1.000000e+01 3.176316e+00 2.152632e+00 2.47469015e-05
1.000000e+01 3.176316e+00 2.357895e+00 2.39744095e-05
1.000000e+01 3.176316e+00 2.563158e+00 2.31166196e-05
1.000000e+01 3.176316e+00 2.768421e+00 2.22024264e-05
1.000000e+01 3.176316e+00 2.973684e+00 2.12566356e-05
1.000000e+01 3.176316e+00 3.178947e+00 2.02966203e-05
1.000000e+01 3.176316e+00 3.384211e+00 1.93344968e-05
1.000000e+01 3.176316e+00 3.589474e+00 1.83793745e-05
1.000000e+01 3.176316e+00 3.794737e+00 1.74382476e-05
1.000000e+01 3.176316e+00 4.000000e+00 1.65168694e-05
1.000000e+01 3.436842e+00 1.000000e-01 1.51192689e+00
1.000000e+01 3.436842e+00 3.052632e-01 3.15154381e-02
1.000000e+01 3.436842e+00 5.105263e-01 3.60942236e-03
1.000000e+01 3.436842e+00 7.157895e-01 6.71667571e-04
1.000000e+01 3.436842e+00 9.210526e-01 1.48758962e-04
1.000000e+01 3.436842e+00 1.126316e+00 3.96666437e-05
1.000000e+01 3.436842e+00 1.331579e+00 1.61712105e-05
1.000000e+01 3.436842e+00 1.536842e+00 1.11818326e-05
1.000000e+01 3.436842e+00 1.742105e+00 1.00982243e-05
1.000000e+01 3.436842e+00 1.947368e+00 9.74875547e-06
1.000000e+01 3.436842e+00 2.152632e+00 9.48159413e-06
1.000000e+01 3.436842e+00 2.357895e+00 9.18615751e-06
1.000000e+01 3.436842e+00 2.563158e+00 8.85803183e-06
1.000000e+01 3.436842e+00 2.768421e+00 8.50809829e-06
1.000000e+01 3.436842e+00 2.973684e+00 8.14586747e-06
1.000000e+01 3.436842e+00 3.178947e+00 7.77808600e-06
1.000000e+01 3.436842e+00 3.384211e+00 7.40944279e-06
1.000000e+01 3.436842e+00 3.589474e+00 7.04345985e-06
1.000000e+01 3.436842e+00 3.794737e+00 6.68283883e-06
1.000000e+01 3.436842e+00 4.000000e+00 6.32975616e-06
1.000000e+01 3.697368e+00 1.000000e-01 5.96795022e-01
1.000000e+01 3.697368e+00 3.052632e-01 1.23969754e-02
1.000000e+01 3.697368e+00 5.105263e-01 1.41273043e-03
1.000000e+01 3.697368e+00 7.157895e-01 2.61977286e-04
1.000000e+01 3.697368e+00 9.210526e-01 5.77809005e-05
1.000000e+01 3.697368e+00 1.126316e+00 1.52253897e-05
1.000000e+01 3.697368e+00 1.331579e+00 6.05508330e-06
1.000000e+01 3.697368e+00 1.536842e+00 4.10431403e-06
1.000000e+01 3.697368e+00 1.742105e+00 3.68159454e-06
1.000000e+01 3.697368e+00 1.947368e+00 3.54909935e-06
1.000000e+01 3.697368e+00 2.152632e+00 3.45123067e-06
1.000000e+01 3.697368e+00 2.357895e+00 3.34383412e-06
1.000000e+01 3.697368e+00 2.563158e+00 3.22458027e-06
1.000000e+01 3.697368e+00 2.768421e+00 3.09730876e-06
1.000000e+01 3.697368e+00 2.973684e+00 2.96550024e-06
1.000000e+01 3.697368e+00 3.178947e+00 2.83164786e-06
1.000000e+01 3.697368e+00 3.384211e+00 2.69746693e-06
1.000000e+01 3.697368e+00 3.589474e+00 2.56423596e-06
1.000000e+01 3.697368e+00 3.794737e+00 2.43295199e-06
1.000000e+01 3.697368e+00 4.000000e+00 2.30441765e-06
1.000000e+01 3.957895e+00 1.000000e-01 2.20122471e-01
1.000000e+01 3.957895e+00 3.052632e-01 4.56005894e-03
1.000000e+01 3.957895e+00 5.105263e-01 5.17595094e-04
1.000000e+01 3.957895e+00 7.157895e-01 9.57179000e-05
1.000000e+01 3.957895e+00 9.210526e-01 2.10429298e-05
1.000000e+01 3.957895e+00 1.126316e+00 5.49379001e-06
1.000000e+01 3.957895e+00 1.331579e+00 2.14175952e-06
1.000000e+01 3.957895e+00 1.536842e+00 1.42772649e-06
1.000000e+01 3.957895e+00 1.742105e+00 1.27325404e-06
1.000000e+01 3.957895e+00 1.947368e+00 1.22589836e-06
1.000000e+01 3.957895e+00 2.152632e+00 1.19190497e-06
1.000000e+01 3.957895e+00 2.357895e+00 1.15485705e-06
1.000000e+01 3.957895e+00 2.563158e+00 1.11371844e-06
1.000000e+01 3.957895e+00 2.768421e+00 1.06979269e-06
1.000000e+01 3.957895e+00 2.973684e+00 1.02428783e-06
1.000000e+01 3.957895e+00 3.178947e+00 9.78065259e-07
1.000000e+01 3.957895e+00 3.384211e+00 9.31722298e-07
1.000000e+01 3.957895e+00 3.589474e+00 8.85707266e-07
1.000000e+01 3.957895e+00 3.794737e+00 8.40365828e-07
1.000000e+01 3.957895e+00 4.000000e+00 7.95970209e-07
1.000000e+01 4.218421e+00 1.000000e-01 7.58657306e-02
1.000000e+01 4.218421e+00 3.052632e-01 1.56833127e-03
1.000000e+01 4.218421e+00 5.105263e-01 1.77468683e-04
1.000000e+01 4.218421e+00 7.157895e-01 3.27485941e-05
1.000000e+01 4.218421e+00 9.210526e-01 7.18171532e-06
1.000000e+01 4.218421e+00 1.126316e+00 1.86173258e-06
1.000000e+01 4.218421e+00 1.331579e+00 7.14532518e-07
1.000000e+01 4.218421e+00 1.536842e+00 4.69911328e-07
1.000000e+01 4.218421e+00 1.742105e+00 4.17051183e-07
1.000000e+01 4.218421e+00 1.947368e+00 4.01119308e-07
1.000000e+01 4.218421e+00 2.152632e+00 3.89943381e-07
1.000000e+01 4.218421e+00 2.357895e+00 3.77832578e-07
1.000000e+01 4.218421e+00 2.563158e+00 3.64387489e-07
1.000000e+01 4.218421e+00 2.768421e+00 3.50025061e-07
1.000000e+01 4.218421e+00 2.973684e+00 3.35140868e-07
1.000000e+01 4.218421e+00 3.178947e+00 3.20019296e-07
1.000000e+01 4.218421e+00 3.384211e+00 3.04858304e-07
1.000000e+01 4.218421e+00 3.589474e+00 2.89803523e-07
1.000000e+01 4.218421e+00 3.794737e+00 2.74967903e-07
1.000000e+01 4.218421e+00 4.000000e+00 2.60442732e-07
1.000000e+01 4.478947e+00 1.000000e-01 2.44323667e-02
1.000000e+01 4.478947e+00 3.052632e-01 5.04276773e-04
1.000000e+01 4.478947e+00 5.105263e-01 5.69301956e-05
1.000000e+01 4.478947e+00 7.157895e-01 1.04883493e-05
1.000000e+01 4.478947e+00 9.210526e-01 2.29579769e-06
1.000000e+01 4.478947e+00 1.126316e+00 5.91984929e-07
1.000000e+01 4.478947e+00 1.331579e+00 2.24497256e-07
1.000000e+01 4.478947e+00 1.536842e+00 1.46076161e-07
1.000000e+01 4.478947e+00 1.742105e+00 1.29144382e-07
1.000000e+01 4.478947e+00 1.947368e+00 1.24106037e-07
1.000000e+01 4.478947e+00 2.152632e+00 1.20634638e-07
1.000000e+01 4.478947e+00 2.357895e+00 1.16890590e-07
1.000000e+01 4.478947e+00 2.563158e+00 1.12734341e-07
1.000000e+01 4.478947e+00 2.768421e+00 1.08292930e-07
1.000000e+01 4.478947e+00 2.973684e+00 1.03689281e-07
1.000000e+01 4.478947e+00 3.178947e+00 9.90116789e-08
1.000000e+01 4.478947e+00 3.384211e+00 9.43212228e-08
1.000000e+01 4.478947e+00 3.589474e+00 8.96637289e-08
1.000000e+01 4.478947e+00 3.794737e+00 8.50737223e-08
1.000000e+01 4.478947e+00 4.000000e+00 8.05797384e-08
1.000000e+01 4.739474e+00 1.000000e-01 7.35224364e-03
1.000000e+01 4.739474e+00 3.052632e-01 1.51571046e-04
1.000000e+01 4.739474e+00 5.105263e-01 1.70821713e-05
1.000000e+01 4.739474e+00 7.157895e-01 3.14329645e-06
1.000000e+01 4.739474e+00 9.210526e-01 6.87095280e-07
1.000000e+01 4.739474e+00 1.126316e+00 1.76478480e-07
1.000000e+01 4.739474e+00 1.331579e+00 6.63291928e-08
1.000000e+01 4.739474e+00 1.536842e+00 4.28103277e-08
1.000000e+01 4.739474e+00 1.742105e+00 3.77354077e-08
1.000000e+01 4.739474e+00 1.947368e+00 3.62393493e-08
1.000000e+01 4.739474e+00 2.152632e+00 3.52227048e-08
1.000000e+01 4.739474e+00 2.357895e+00 3.41299895e-08
1.000000e+01 4.739474e+00 2.563158e+00 3.29171854e-08
1.000000e+01 4.739474e+00 2.768421e+00 3.16208855e-08
1.000000e+01 4.739474e+00 2.973684e+00 3.02769330e-08
1.000000e+01 4.739474e+00 3.178947e+00 2.89111703e-08
1.000000e+01 4.739474e+00 3.384211e+00 2.75417218e-08
1.000000e+01 4.739474e+00 3.589474e+00 2.61818141e-08
1.000000e+01 4.739474e+00 3.794737e+00 2.48415457e-08
1.000000e+01 4.739474e+00 4.000000e+00 2.35293349e-08
1.000000e+01 5.000000e+00 1.000000e-01 2.06732075e-03
1.000000e+01 5.000000e+00 3.052632e-01 4.25832768e-05
1.000000e+01 5.000000e+00 5.105263e-01 4.79322262e-06
1.000000e+01 5.000000e+00 7.157895e-01 8.81237270e-07
1.000000e+01 5.000000e+00 9.210526e-01 1.92440595e-07
1.000000e+01 5.000000e+00 1.126316e+00 4.92884986e-08
1.000000e+01 5.000000e+00 1.331579e+00 1.84046662e-08
1.000000e+01 5.000000e+00 1.536842e+00 1.18077308e-08
1.000000e+01 5.000000e+00 1.742105e+00 1.03848405e-08
1.000000e+01 5.000000e+00 1.947368e+00 9.96823690e-09
1.000000e+01 5.000000e+00 2.152632e+00 9.68794733e-09
1.000000e+01 5.000000e+00 2.357895e+00 9.38751121e-09
1.000000e+01 5.000000e+00 2.563158e+00 9.05406594e-09
1.000000e+01 5.000000e+00 2.768421e+00 8.69761596e-09
1.000000e+01 5.000000e+00 2.973684e+00 8.32802183e-09
1.000000e+01 5.000000e+00 3.178947e+00 7.95238009e-09
1.000000e+01 5.000000e+00 3.384211e+00 7.57570540e-09
1.000000e+01 5.000000e+00 3.589474e+00 7.20164284e-09
1.000000e+01 5.000000e+00 3.794737e+00 6.83300749e-09
1.000000e+01 5.000000e+00 4.000000e+00 6.47206466e-09
