# x    Qs2[GeV^2]   (saturation-scale table; interpolate Qs2 in log x)
1.0000000000e-07 1.1431572667e+00
1.0038462996e-07 1.1422089719e+00
1.0077073931e-07 1.1412624731e+00
1.0115833376e-07 1.1403118129e+00
1.0154741902e-07 1.1393676708e+00
1.0193800081e-07 1.1384224483e+00
1.0233008490e-07 1.1374790150e+00
1.0272367706e-07 1.1365334858e+00
1.0311878309e-07 1.1355913792e+00
1.0351540882e-07 1.1346486097e+00
1.0391356009e-07 1.1337084382e+00
1.0431324278e-07 1.1327663860e+00
1.0471446276e-07 1.1318277406e+00
1.0511722595e-07 1.1308890448e+00
1.0552153829e-07 1.1299472640e+00
1.0592740573e-07 1.1290115129e+00
1.0633483427e-07 1.1280728839e+00
1.0674382989e-07 1.1271388545e+00
1.0715439864e-07 1.1262031638e+00
1.0756654656e-07 1.1252670279e+00
1.0798027972e-07 1.1243346716e+00
1.0839560422e-07 1.1234010647e+00
1.0881252618e-07 1.1224688206e+00
1.0923105175e-07 1.1215389379e+00
1.0965118710e-07 1.1206076104e+00
1.1007293841e-07 1.1196786410e+00
1.1049631191e-07 1.1187490307e+00
1.1092131382e-07 1.1178217732e+00
1.1134795042e-07 1.1168928820e+00
1.1177622800e-07 1.1159665395e+00
1.1220615285e-07 1.1150407534e+00
1.1263773133e-07 1.1141127486e+00
1.1307096979e-07 1.1131904559e+00
1.1350587461e-07 1.1122671327e+00
1.1394245220e-07 1.1113441676e+00
1.1438070901e-07 1.1104215619e+00
1.1482065148e-07 1.1094991194e+00
1.1526228610e-07 1.1085797937e+00
1.1570561938e-07 1.1076594482e+00
1.1615065785e-07 1.1067400521e+00
1.1659740808e-07 1.1058223883e+00
1.1704587664e-07 1.1049023411e+00
1.1749607014e-07 1.1039861793e+00
1.1794799522e-07 1.1030713519e+00
1.1840165854e-07 1.1021562956e+00
1.1885706679e-07 1.1012408189e+00
1.1931422667e-07 1.1003247310e+00
1.1977314493e-07 1.0994123122e+00
1.2023382833e-07 1.0985029689e+00
1.2069628365e-07 1.0975906823e+00
1.2116051771e-07 1.0966783699e+00
1.2162653736e-07 1.0957666144e+00
1.2209434945e-07 1.0948583130e+00
1.2256396090e-07 1.0939509477e+00
1.2303537860e-07 1.0930431686e+00
1.2350860953e-07 1.0921342100e+00
1.2398366064e-07 1.0912294596e+00
1.2446053894e-07 1.0903242974e+00
1.2493925145e-07 1.0894191109e+00
1.2541980524e-07 1.0885165828e+00
1.2590220738e-07 1.0876098215e+00
1.2638646499e-07 1.0867072486e+00
1.2687258519e-07 1.0858067524e+00
1.2736057516e-07 1.0849071846e+00
1.2785044208e-07 1.0840051190e+00
1.2834219318e-07 1.0831066485e+00
1.2883583570e-07 1.0822068272e+00
1.2933137692e-07 1.0813104014e+00
1.2982882414e-07 1.0804094093e+00
1.3032818469e-07 1.0795155936e+00
1.3082946593e-07 1.0786185430e+00
1.3133267525e-07 1.0777243077e+00
1.3183782006e-07 1.0768283582e+00
1.3234490781e-07 1.0759352188e+00
1.3285394597e-07 1.0750414989e+00
1.3336494204e-07 1.0741500181e+00
1.3387790356e-07 1.0732577713e+00
1.3439283808e-07 1.0723688824e+00
1.3490975319e-07 1.0714781055e+00
1.3542865652e-07 1.0705897454e+00
1.3594955570e-07 1.0697009974e+00
1.3647245842e-07 1.0688127969e+00
1.3699737237e-07 1.0679243997e+00
1.3752430531e-07 1.0670408262e+00
1.3805326498e-07 1.0661538946e+00
1.3858425919e-07 1.0652693659e+00
1.3911729577e-07 1.0643850119e+00
1.3965238256e-07 1.0635028680e+00
1.4018952746e-07 1.0626188656e+00
1.4072873838e-07 1.0617354117e+00
1.4127002326e-07 1.0608561906e+00
1.4181339009e-07 1.0599745656e+00
1.4235884687e-07 1.0590953254e+00
1.4290640164e-07 1.0582155270e+00
1.4345606247e-07 1.0573368244e+00
1.4400783746e-07 1.0564588497e+00
1.4456173474e-07 1.0555814196e+00
1.4511776248e-07 1.0547056300e+00
1.4567592886e-07 1.0538329361e+00
1.4623624212e-07 1.0529574996e+00
1.4679871052e-07 1.0520835174e+00
1.4736334233e-07 1.0512093509e+00
1.4793014589e-07 1.0503362735e+00
1.4849912955e-07 1.0494664583e+00
1.4907030168e-07 1.0485951888e+00
1.4964367072e-07 1.0477248231e+00
1.5021924510e-07 1.0468557212e+00
1.5079703332e-07 1.0459849949e+00
1.5137704388e-07 1.0451184167e+00
1.5195928534e-07 1.0442516556e+00
1.5254376627e-07 1.0433832772e+00
1.5313049529e-07 1.0425170582e+00
1.5371948105e-07 1.0416517383e+00
1.5431073222e-07 1.0407880323e+00
1.5490425752e-07 1.0399232546e+00
1.5550006570e-07 1.0390609829e+00
1.5609816554e-07 1.0381978214e+00
1.5669856584e-07 1.0373360912e+00
1.5730127547e-07 1.0364752556e+00
1.5790630329e-07 1.0356149581e+00
1.5851365824e-07 1.0347523597e+00
1.5912334925e-07 1.0338972188e+00
1.5973538532e-07 1.0330390663e+00
1.6034977546e-07 1.0321828657e+00
1.6096652873e-07 1.0313259635e+00
1.6158565422e-07 1.0304673062e+00
1.6220716105e-07 1.0296139480e+00
1.6283105838e-07 1.0287584830e+00
1.6345735541e-07 1.0279051378e+00
1.6408606137e-07 1.0270496955e+00
1.6471718551e-07 1.0261990009e+00
1.6535073715e-07 1.0253458620e+00
1.6598672562e-07 1.0244967586e+00
1.6662516029e-07 1.0236455666e+00
1.6726605057e-07 1.0227949118e+00
1.6790940590e-07 1.0219465361e+00
1.6855523578e-07 1.0210978239e+00
1.6920354971e-07 1.0202515584e+00
1.6985435724e-07 1.0194028741e+00
1.7050766798e-07 1.0185590610e+00
1.7116349155e-07 1.0177143912e+00
1.7182183761e-07 1.0168681786e+00
1.7248271587e-07 1.0160209491e+00
1.7314613607e-07 1.0151794339e+00
1.7381210797e-07 1.0143370693e+00
1.7448064141e-07 1.0134947206e+00
1.7515174622e-07 1.0126541079e+00
1.7582543231e-07 1.0118109374e+00
1.7650170959e-07 1.0109736178e+00
1.7718058804e-07 1.0101337430e+00
1.7786207765e-07 1.0092971365e+00
1.7854618849e-07 1.0084571300e+00
1.7923293061e-07 1.0076212409e+00
1.7992231415e-07 1.0067851986e+00
1.8061434927e-07 1.0059478151e+00
1.8130904616e-07 1.0051148735e+00
1.8200641507e-07 1.0042795726e+00
1.8270646626e-07 1.0034458209e+00
1.8340921006e-07 1.0026132763e+00
1.8411465683e-07 1.0017812603e+00
1.8482281695e-07 1.0009470717e+00
1.8553370087e-07 1.0001166226e+00
1.8624731906e-07 9.9928720654e-01
1.8696368204e-07 9.9845915822e-01
1.8768280037e-07 9.9762793898e-01
1.8840468464e-07 9.9679893175e-01
1.8912934550e-07 9.9597330340e-01
1.8985679362e-07 9.9514719414e-01
1.9058703972e-07 9.9432027360e-01
1.9132009457e-07 9.9349538500e-01
1.9205596896e-07 9.9267018856e-01
1.9279467375e-07 9.9184585328e-01
1.9353621982e-07 9.9102304335e-01
1.9428061810e-07 9.9019909738e-01
1.9502787955e-07 9.8937800353e-01
1.9577801520e-07 9.8855577643e-01
1.9653103609e-07 9.8773655982e-01
1.9728695333e-07 9.8691571648e-01
1.9804577805e-07 9.8609573086e-01
1.9880752144e-07 9.8527693163e-01
1.9957219472e-07 9.8446046918e-01
2.0033980917e-07 9.8364255415e-01
2.0111037609e-07 9.8282647933e-01
2.0188390684e-07 9.8201109156e-01
2.0266041282e-07 9.8119507952e-01
2.0343990548e-07 9.8038073878e-01
2.0422239629e-07 9.7956643072e-01
2.0500789681e-07 9.7875476923e-01
2.0579641859e-07 9.7794020315e-01
2.0658797326e-07 9.7712763056e-01
2.0738257250e-07 9.7631769663e-01
2.0818022799e-07 9.7550649527e-01
2.0898095151e-07 9.7469630450e-01
2.0978475485e-07 9.7388647454e-01
2.1059164986e-07 9.7307862439e-01
2.1140164843e-07 9.7227113251e-01
2.1221476250e-07 9.7146496818e-01
2.1303100405e-07 9.7065722653e-01
2.1385038511e-07 9.6985081392e-01
2.1467291775e-07 9.6904540584e-01
2.1549861410e-07 9.6824357054e-01
2.1632748632e-07 9.6744016330e-01
2.1715954664e-07 9.6663567272e-01
2.1799480730e-07 9.6583394544e-01
2.1883328064e-07 9.6503049820e-01
2.1967497899e-07 9.6422901081e-01
2.2051991476e-07 9.6342884036e-01
2.2136810041e-07 9.6262871017e-01
2.2221954844e-07 9.6182941731e-01
2.2307427139e-07 9.6103254901e-01
2.2393228186e-07 9.6023080122e-01
2.2479359250e-07 9.5943496774e-01
2.2565821600e-07 9.5863822438e-01
2.2652616509e-07 9.5784278915e-01
2.2739745258e-07 9.5704755431e-01
2.2827209130e-07 9.5625204824e-01
2.2915009415e-07 9.5545942301e-01
2.3003147405e-07 9.5466731110e-01
2.3091624401e-07 9.5387288559e-01
2.3180441706e-07 9.5308352971e-01
2.3269600629e-07 9.5228904320e-01
2.3359102483e-07 9.5149852267e-01
2.3448948589e-07 9.5070789213e-01
2.3539140269e-07 9.4991918312e-01
2.3629678854e-07 9.4913192284e-01
2.3720565678e-07 9.4834346110e-01
2.3811802079e-07 9.4755629245e-01
2.3903389403e-07 9.4676979286e-01
2.3995328999e-07 9.4598272094e-01
2.4087622222e-07 9.4519833421e-01
2.4180270433e-07 9.4441136393e-01
2.4273274997e-07 9.4362893038e-01
2.4366637284e-07 9.4284484496e-01
2.4460358670e-07 9.4206281547e-01
2.4554440537e-07 9.4128083477e-01
2.4648884270e-07 9.4049875096e-01
2.4743691263e-07 9.3971840934e-01
2.4838862912e-07 9.3893857835e-01
2.4934400619e-07 9.3815787936e-01
2.5030305793e-07 9.3737815365e-01
2.5126579848e-07 9.3660001086e-01
2.5223224201e-07 9.3582344710e-01
2.5320240277e-07 9.3504510496e-01
2.5417629506e-07 9.3426986485e-01
2.5515393323e-07 9.3349163512e-01
2.5613533169e-07 9.3271817390e-01
2.5712050490e-07 9.3194339848e-01
2.5810946739e-07 9.3117019396e-01
2.5910223372e-07 9.3039825390e-01
2.6009881853e-07 9.2962546004e-01
2.6109923650e-07 9.2885227034e-01
2.6210350238e-07 9.2808140144e-01
2.6311163096e-07 9.2730983579e-01
2.6412363711e-07 9.2653878085e-01
2.6513953574e-07 9.2577048922e-01
2.6615934182e-07 9.2500255287e-01
2.6718307038e-07 9.2423272554e-01
2.6821073651e-07 9.2346625257e-01
2.6924235534e-07 9.2270013497e-01
2.7027794210e-07 9.2193347798e-01
2.7131751203e-07 9.2116792515e-01
2.7236108045e-07 9.2040392093e-01
2.7340866276e-07 9.1963908264e-01
2.7446027438e-07 9.1887371237e-01
2.7551593081e-07 9.1811315320e-01
2.7657564761e-07 9.1734864980e-01
2.7763944040e-07 9.1658687617e-01
2.7870732486e-07 9.1582619878e-01
2.7977931672e-07 9.1506528735e-01
2.8085543178e-07 9.1430488167e-01
2.8193568591e-07 9.1354689546e-01
2.8302009501e-07 9.1278794018e-01
2.8410867508e-07 9.1203081131e-01
2.8520144215e-07 9.1127359749e-01
2.8629841233e-07 9.1051586157e-01
2.8739960179e-07 9.0976053326e-01
2.8850502675e-07 9.0900395282e-01
2.8961470351e-07 9.0824904540e-01
2.9072864841e-07 9.0749522374e-01
2.9184687789e-07 9.0674219460e-01
2.9296940840e-07 9.0598806702e-01
2.9409625651e-07 9.0523618664e-01
2.9522743881e-07 9.0448466178e-01
2.9636297198e-07 9.0373262401e-01
2.9750287275e-07 9.0298268105e-01
2.9864715792e-07 9.0223251535e-01
2.9979584435e-07 9.0148270689e-01
3.0094894897e-07 9.0073455334e-01
3.0210648878e-07 8.9998661106e-01
3.0326848084e-07 8.9923816240e-01
3.0443494226e-07 8.9849222638e-01
3.0560589025e-07 8.9774564070e-01
3.0678134205e-07 8.9700027162e-01
3.0796131499e-07 8.9625325564e-01
3.0914582646e-07 8.9551074409e-01
3.1033489391e-07 8.9476715723e-01
3.1152853488e-07 8.9402335605e-01
3.1272676695e-07 8.9328090894e-01
3.1392960777e-07 8.9254052355e-01
3.1513707508e-07 8.9179878660e-01
3.1634918668e-07 8.9105783208e-01
3.1756596041e-07 8.9031836712e-01
3.1878741423e-07 8.8957883212e-01
3.2001356612e-07 8.8883937053e-01
3.2124443416e-07 8.8809998400e-01
3.2248003648e-07 8.8736377441e-01
3.2372039131e-07 8.8662650944e-01
3.2496551690e-07 8.8589086578e-01
3.2621543163e-07 8.8515529492e-01
3.2747015390e-07 8.8441895716e-01
3.2872970221e-07 8.8368451816e-01
3.2999409512e-07 8.8295071387e-01
3.3126335126e-07 8.8221642624e-01
3.3253748934e-07 8.8148375184e-01
3.3381652814e-07 8.8075268652e-01
3.3510048651e-07 8.8002127771e-01
3.3638938336e-07 8.7928841656e-01
3.3768323770e-07 8.7855716464e-01
3.3898206858e-07 8.7782904305e-01
3.4028589517e-07 8.7709919505e-01
3.4159473665e-07 8.7637164001e-01
3.4290861234e-07 8.7564360846e-01
3.4422754158e-07 8.7491689764e-01
3.4555154383e-07 8.7419012654e-01
3.4688063858e-07 8.7346233391e-01
3.4821484542e-07 8.7273723663e-01
3.4955418403e-07 8.7201276732e-01
3.5089867413e-07 8.7128919971e-01
3.5224833555e-07 8.7056529987e-01
3.5360318817e-07 8.6984093414e-01
3.5496325195e-07 8.6911965768e-01
3.5632854695e-07 8.6839723155e-01
3.5769909329e-07 8.6767611456e-01
3.5907491115e-07 8.6695643977e-01
3.6045602082e-07 8.6623426202e-01
3.6184244266e-07 8.6551475100e-01
3.6323419709e-07 8.6479654280e-01
3.6463130462e-07 8.6407855114e-01
3.6603378584e-07 8.6335983035e-01
3.6744166143e-07 8.6264335665e-01
3.6885495213e-07 8.6192696501e-01
3.7027367877e-07 8.6120930961e-01
3.7169786226e-07 8.6049456867e-01
3.7312752359e-07 8.5977829790e-01
3.7456268382e-07 8.5906547154e-01
3.7600336410e-07 8.5835232469e-01
3.7744958567e-07 8.5763845869e-01
3.7890136985e-07 8.5692829127e-01
3.8035873802e-07 8.5621513211e-01
3.8182171167e-07 8.5550419686e-01
3.8329031235e-07 8.5479108231e-01
3.8476456171e-07 8.5408191958e-01
3.8624448147e-07 8.5337470222e-01
3.8773009345e-07 8.5266517721e-01
3.8922141954e-07 8.5195706700e-01
3.9071848171e-07 8.5124838205e-01
3.9222130204e-07 8.5054058099e-01
3.9372990266e-07 8.4983564351e-01
3.9524430581e-07 8.4913013101e-01
3.9676453381e-07 8.4842167600e-01
3.9829060906e-07 8.4771779158e-01
3.9982255406e-07 8.4701320572e-01
4.0136039137e-07 8.4630910415e-01
4.0290414367e-07 8.4560666673e-01
4.0445383370e-07 8.4490418698e-01
4.0600948430e-07 8.4420205916e-01
4.0757111840e-07 8.4350158982e-01
4.0913875901e-07 8.4280042664e-01
4.1071242924e-07 8.4210000710e-01
4.1229215228e-07 8.4140085066e-01
4.1387795140e-07 8.4069918580e-01
4.1546984998e-07 8.4000281117e-01
4.1706787148e-07 8.3930522734e-01
4.1867203945e-07 8.3860669956e-01
4.2028237753e-07 8.3791059514e-01
4.2189890946e-07 8.3721471136e-01
4.2352165905e-07 8.3651788833e-01
4.2515065022e-07 8.3582309431e-01
4.2678590698e-07 8.3512929422e-01
4.2842745342e-07 8.3443468709e-01
4.3007531375e-07 8.3374158791e-01
4.3172951224e-07 8.3304922374e-01
4.3339007327e-07 8.3235592932e-01
4.3505702132e-07 8.3166580158e-01
4.3673038095e-07 8.3097551013e-01
4.3841017682e-07 8.3028314421e-01
4.4009643369e-07 8.2959393620e-01
4.4178917641e-07 8.2890634935e-01
4.4348842992e-07 8.2821580489e-01
4.4519421928e-07 8.2752840738e-01
4.4690656961e-07 8.2683983726e-01
4.4862550615e-07 8.2615263257e-01
4.5035105423e-07 8.2546527276e-01
4.5208323930e-07 8.2477990693e-01
4.5382208686e-07 8.2409413310e-01
4.5556762255e-07 8.2341034788e-01
4.5731987210e-07 8.2272540043e-01
4.5907886132e-07 8.2204206118e-01
4.6084461614e-07 8.2135907096e-01
4.6261716259e-07 8.2067655555e-01
4.6439652678e-07 8.1999363869e-01
4.6618273493e-07 8.1931269913e-01
4.6797581338e-07 8.1863160845e-01
4.6977578854e-07 8.1795298799e-01
4.7158268695e-07 8.1727247071e-01
4.7339653523e-07 8.1659367316e-01
4.7521736012e-07 8.1591497544e-01
4.7704518844e-07 8.1523637894e-01
4.7888004714e-07 8.1455875261e-01
4.8072196325e-07 8.1388271351e-01
4.8257096393e-07 8.1320504306e-01
4.8442707642e-07 8.1252920644e-01
4.8629032807e-07 8.1185433531e-01
4.8816074634e-07 8.1117870343e-01
4.9003835880e-07 8.1050526778e-01
4.9192319313e-07 8.0983119605e-01
4.9381527709e-07 8.0915857842e-01
4.9571463857e-07 8.0848618565e-01
4.9762130557e-07 8.0781352902e-01
4.9953530618e-07 8.0714281176e-01
5.0145666860e-07 8.0647060962e-01
5.0338542117e-07 8.0580144189e-01
5.0532159229e-07 8.0513274129e-01
5.0726521051e-07 8.0446402124e-01
5.0921630447e-07 8.0379528353e-01
5.1117490291e-07 8.0312495256e-01
5.1314103472e-07 8.0245764115e-01
5.1511472885e-07 8.0179212940e-01
5.1709601441e-07 8.0112393951e-01
5.1908492058e-07 8.0045960291e-01
5.2108147668e-07 7.9979488649e-01
5.2308571213e-07 7.9912810728e-01
5.2509765648e-07 7.9846444695e-01
5.2711733936e-07 7.9780113247e-01
5.2914479055e-07 7.9713792430e-01
5.3118003993e-07 7.9647566261e-01
5.3322311748e-07 7.9581386682e-01
5.3527405332e-07 7.9515146109e-01
5.3733287768e-07 7.9449083716e-01
5.3939962089e-07 7.9382984378e-01
5.4147431341e-07 7.9317038949e-01
5.4355698583e-07 7.9251151871e-01
5.4564766882e-07 7.9185263701e-01
5.4774639321e-07 7.9119422070e-01
5.4985318992e-07 7.9053579578e-01
5.5196809000e-07 7.8987949425e-01
5.5409112463e-07 7.8922341867e-01
5.5622232507e-07 7.8856709766e-01
5.5836172276e-07 7.8791206664e-01
5.6050934921e-07 7.8725526071e-01
5.6266523607e-07 7.8660174560e-01
5.6482941512e-07 7.8594669454e-01
5.6700191825e-07 7.8529422120e-01
5.6918277748e-07 7.8464127111e-01
5.7137202494e-07 7.8398819882e-01
5.7356969291e-07 7.8333687660e-01
5.7577581377e-07 7.8268589875e-01
5.7799042003e-07 7.8203584863e-01
5.8021354433e-07 7.8138439554e-01
5.8244521943e-07 7.8073526803e-01
5.8468547822e-07 7.8008613598e-01
5.8693435371e-07 7.7943642104e-01
5.8919187906e-07 7.7879029823e-01
5.9145808752e-07 7.7814324268e-01
5.9373301251e-07 7.7749491281e-01
5.9601668753e-07 7.7684866263e-01
5.9830914625e-07 7.7620344842e-01
6.0061042246e-07 7.7555800140e-01
6.0292055006e-07 7.7491140410e-01
6.0523956311e-07 7.7426848652e-01
6.0756749577e-07 7.7362418914e-01
6.0990438236e-07 7.7298035192e-01
6.1225025732e-07 7.7233914897e-01
6.1460515522e-07 7.7169634351e-01
6.1696911075e-07 7.7105536750e-01
6.1934215877e-07 7.7041450575e-01
6.2172433425e-07 7.6977319018e-01
6.2411567228e-07 7.6913301621e-01
6.2651620811e-07 7.6849364050e-01
6.2892597713e-07 7.6785472142e-01
6.3134501484e-07 7.6721535258e-01
6.3377335689e-07 7.6657757403e-01
6.3621103907e-07 7.6594172053e-01
6.3865809731e-07 7.6530372322e-01
6.4111456767e-07 7.6466640999e-01
6.4358048635e-07 7.6403023029e-01
6.4605588969e-07 7.6339473173e-01
6.4854081418e-07 7.6276171033e-01
6.5103529642e-07 7.6212532579e-01
6.5353937320e-07 7.6149354624e-01
6.5605308140e-07 7.6086042610e-01
6.5857645808e-07 7.6022619549e-01
6.6110954042e-07 7.5959510134e-01
6.6365236575e-07 7.5896234038e-01
6.6620497155e-07 7.5833159438e-01
6.6876739544e-07 7.5770030004e-01
6.7133967518e-07 7.5707079315e-01
6.7392184868e-07 7.5644096130e-01
6.7651395399e-07 7.5581313363e-01
6.7911602931e-07 7.5518409576e-01
6.8172811300e-07 7.5455595336e-01
6.8435024354e-07 7.5392815290e-01
6.8698245958e-07 7.5330025382e-01
6.8962479991e-07 7.5267412960e-01
6.9227730347e-07 7.5204757623e-01
6.9494000936e-07 7.5142257359e-01
6.9761295681e-07 7.5079791103e-01
7.0029618522e-07 7.5017315079e-01
7.0298973413e-07 7.4954960763e-01
7.0569364323e-07 7.4892520261e-01
7.0840795238e-07 7.4830277792e-01
7.1113270158e-07 7.4767960294e-01
7.1386793097e-07 7.4705742380e-01
7.1661368088e-07 7.4643710817e-01
7.1936999177e-07 7.4581745624e-01
7.2213690425e-07 7.4519564744e-01
7.2491445911e-07 7.4457613234e-01
7.2770269727e-07 7.4395619949e-01
7.3050165984e-07 7.4333812100e-01
7.3331138805e-07 7.4271876215e-01
7.3613192332e-07 7.4210136259e-01
7.3896330721e-07 7.4148430198e-01
7.4180558145e-07 7.4086811820e-01
7.4465878793e-07 7.4025216531e-01
7.4752296870e-07 7.3963547891e-01
7.5039816597e-07 7.3902020544e-01
7.5328442210e-07 7.3840473664e-01
7.5618177964e-07 7.3779121160e-01
7.5909028129e-07 7.3717781066e-01
7.6200996990e-07 7.3656293637e-01
7.6494088851e-07 7.3595149201e-01
7.6788308032e-07 7.3533846998e-01
7.7083658867e-07 7.3472780616e-01
7.7380145710e-07 7.3411376714e-01
7.7677772930e-07 7.3350409841e-01
7.7976544914e-07 7.3289434264e-01
7.8276466065e-07 7.3228312836e-01
7.8577540802e-07 7.3167626578e-01
7.8879773562e-07 7.3106615279e-01
7.9183168800e-07 7.3045901283e-01
7.9487730988e-07 7.2985073677e-01
7.9793464612e-07 7.2924364013e-01
8.0100374180e-07 7.2863593754e-01
8.0408464214e-07 7.2802972733e-01
8.0717739255e-07 7.2742521469e-01
8.1028203859e-07 7.2681852968e-01
8.1339862604e-07 7.2621427265e-01
8.1652720082e-07 7.2560972683e-01
8.1966780903e-07 7.2500676816e-01
8.2282049697e-07 7.2440383315e-01
8.2598531108e-07 7.2380040418e-01
8.2916229802e-07 7.2319741783e-01
8.3235150460e-07 7.2259611667e-01
8.3555297783e-07 7.2199566854e-01
8.3876676488e-07 7.2139410920e-01
8.4199291311e-07 7.2079361086e-01
8.4523147009e-07 7.2019437720e-01
8.4848248352e-07 7.1959475847e-01
8.5174600132e-07 7.1899557993e-01
8.5502207159e-07 7.1839622558e-01
8.5831074261e-07 7.1779885064e-01
8.6161206284e-07 7.1720129894e-01
8.6492608093e-07 7.1660520898e-01
8.6825284574e-07 7.1600822759e-01
8.7159240628e-07 7.1541321604e-01
8.7494481176e-07 7.1481660249e-01
8.7831011161e-07 7.1422266836e-01
8.8168835540e-07 7.1362876274e-01
8.8507959294e-07 7.1303397350e-01
8.8848387419e-07 7.1243962343e-01
8.9190124932e-07 7.1184783872e-01
8.9533176870e-07 7.1125507190e-01
8.9877548289e-07 7.1066314618e-01
9.0223244263e-07 7.1007135384e-01
9.0570269888e-07 7.0947909143e-01
9.0918630277e-07 7.0888837468e-01
9.1268330565e-07 7.0830080728e-01
9.1619375904e-07 7.0770925265e-01
9.1971771470e-07 7.0712054394e-01
9.2325522454e-07 7.0653246937e-01
9.2680634070e-07 7.0594482813e-01
9.3037111552e-07 7.0535652152e-01
9.3394960153e-07 7.0476904976e-01
9.3754185147e-07 7.0418300897e-01
9.4114791828e-07 7.0359610690e-01
9.4476785511e-07 7.0301182633e-01
9.4840171529e-07 7.0242400556e-01
9.5204955239e-07 7.0184078759e-01
9.5571142016e-07 7.0125631566e-01
9.5938737258e-07 7.0067316679e-01
9.6307746381e-07 7.0008926369e-01
9.6678174823e-07 6.9950589293e-01
9.7050028044e-07 6.9892413759e-01
9.7423311524e-07 6.9834222223e-01
9.7798030765e-07 6.9776083679e-01
9.8174191287e-07 6.9717899940e-01
9.8551798636e-07 6.9659945773e-01
9.8930858376e-07 6.9601809314e-01
9.9311376093e-07 6.9544078027e-01
9.9693357395e-07 6.9486066999e-01
1.0007680791e-06 6.9428235806e-01
1.0046173329e-06 6.9370418336e-01
1.0084813921e-06 6.9312585503e-01
1.0123603137e-06 6.9254883258e-01
1.0162541547e-06 6.9197291856e-01
1.0201629726e-06 6.9139578420e-01
1.0240868250e-06 6.9082082357e-01
1.0280257697e-06 6.9024454959e-01
1.0319798648e-06 6.8967025164e-01
1.0359491685e-06 6.8909599507e-01
1.0399337393e-06 6.8852207017e-01
1.0439336360e-06 6.8794751523e-01
1.0479489175e-06 6.8737540853e-01
1.0519796429e-06 6.8680305564e-01
1.0560258718e-06 6.8623208816e-01
1.0600876636e-06 6.8565896089e-01
1.0641650783e-06 6.8508827206e-01
1.0682581760e-06 6.8451695874e-01
1.0723670169e-06 6.8394731335e-01
1.0764916617e-06 6.8337885495e-01
1.0806321711e-06 6.8280948790e-01
1.0847886062e-06 6.8224045211e-01
1.0889610281e-06 6.8167250689e-01
1.0931494984e-06 6.8110546010e-01
1.0973540789e-06 6.8053836339e-01
1.1015748314e-06 6.7997017861e-01
1.1058118182e-06 6.7940336597e-01
1.1100651017e-06 6.7883754463e-01
1.1143347446e-06 6.7827271237e-01
1.1186208098e-06 6.7770764421e-01
1.1229233606e-06 6.7714300007e-01
1.1272424602e-06 6.7657934277e-01
1.1315781724e-06 6.7601488970e-01
1.1359305610e-06 6.7545217215e-01
1.1402996902e-06 6.7489025039e-01
1.1446856244e-06 6.7432716247e-01
1.1490884282e-06 6.7376393985e-01
1.1535081665e-06 6.7320430928e-01
1.1579449045e-06 6.7264416662e-01
1.1623987075e-06 6.7208221480e-01
1.1668696411e-06 6.7152272955e-01
1.1713577713e-06 6.7096320139e-01
1.1758631642e-06 6.7040492750e-01
1.1803858861e-06 6.6984596372e-01
1.1849260038e-06 6.6928769872e-01
1.1894835842e-06 6.6872976256e-01
1.1940586944e-06 6.6817233961e-01
1.1986514018e-06 6.6761542941e-01
1.2032617742e-06 6.6705985813e-01
1.2078898794e-06 6.6650461312e-01
1.2125357857e-06 6.6594951136e-01
1.2171995616e-06 6.6539427925e-01
1.2218812757e-06 6.6484010679e-01
1.2265809971e-06 6.6428461829e-01
1.2312987951e-06 6.6373155774e-01
1.2360347391e-06 6.6317827713e-01
1.2407888990e-06 6.6262650644e-01
1.2455613448e-06 6.6207378931e-01
1.2503521468e-06 6.6152058427e-01
1.2551613757e-06 6.6097124306e-01
1.2599891024e-06 6.6042005239e-01
1.2648353979e-06 6.5986955089e-01
1.2697003337e-06 6.5932027894e-01
1.2745839816e-06 6.5877052069e-01
1.2794864134e-06 6.5822090957e-01
1.2844077014e-06 6.5767243557e-01
1.2893479182e-06 6.5712554485e-01
1.2943071365e-06 6.5657637617e-01
1.2992854295e-06 6.5602959764e-01
1.3042828705e-06 6.5548278609e-01
1.3092995331e-06 6.5493630050e-01
1.3143354913e-06 6.5438889164e-01
1.3193908193e-06 6.5384457538e-01
1.3244655917e-06 6.5330084895e-01
1.3295598831e-06 6.5275637791e-01
1.3346737687e-06 6.5221036726e-01
1.3398073238e-06 6.5166699254e-01
1.3449606241e-06 6.5112385369e-01
1.3501337456e-06 6.5058139360e-01
1.3553267644e-06 6.5003872756e-01
1.3605397571e-06 6.4949718144e-01
1.3657728006e-06 6.4895622365e-01
1.3710259719e-06 6.4841488511e-01
1.3762993485e-06 6.4787281701e-01
1.3815930081e-06 6.4733432591e-01
1.3869070287e-06 6.4679422583e-01
1.3922414886e-06 6.4625532692e-01
1.3975964664e-06 6.4571692629e-01
1.4029720411e-06 6.4517893609e-01
1.4083682918e-06 6.4463978557e-01
1.4137852982e-06 6.4410183346e-01
1.4192231399e-06 6.4356594709e-01
1.4246818973e-06 6.4302733893e-01
1.4301616506e-06 6.4249253221e-01
1.4356624807e-06 6.4195709171e-01
1.4411844687e-06 6.4142110781e-01
1.4467276959e-06 6.4088735181e-01
1.4522922440e-06 6.4035167014e-01
1.4578781950e-06 6.3981752260e-01
1.4634856313e-06 6.3928499101e-01
1.4691146354e-06 6.3875105846e-01
1.4747652904e-06 6.3821959962e-01
1.4804376795e-06 6.3768674341e-01
1.4861318863e-06 6.3715446851e-01
1.4918479947e-06 6.3662268849e-01
1.4975860890e-06 6.3609217264e-01
1.5033462537e-06 6.3556214881e-01
1.5091285737e-06 6.3503091027e-01
1.5149331343e-06 6.3450238247e-01
1.5207600209e-06 6.3397391852e-01
1.5266093195e-06 6.3344466962e-01
1.5324811163e-06 6.3291557385e-01
1.5383754977e-06 6.3238773418e-01
1.5442925507e-06 6.3186021584e-01
1.5502323625e-06 6.3133310358e-01
1.5561950205e-06 6.3080589047e-01
1.5621806128e-06 6.3028018105e-01
1.5681892274e-06 6.2975411752e-01
1.5742209529e-06 6.2922896477e-01
1.5802758783e-06 6.2870446864e-01
1.5863540927e-06 6.2817953685e-01
1.5924556857e-06 6.2765492690e-01
1.5985807473e-06 6.2713289955e-01
1.6047293677e-06 6.2660884729e-01
1.6109016376e-06 6.2608611976e-01
1.6170976479e-06 6.2556396265e-01
1.6233174898e-06 6.2504262511e-01
1.6295612552e-06 6.2451969249e-01
1.6358290359e-06 6.2399891166e-01
1.6421209244e-06 6.2347762002e-01
1.6484370134e-06 6.2295897075e-01
1.6547773960e-06 6.2243732568e-01
1.6611421655e-06 6.2191873340e-01
1.6675314159e-06 6.2140045864e-01
1.6739452413e-06 6.2088200668e-01
1.6803837361e-06 6.2036445040e-01
1.6868469953e-06 6.1984589557e-01
1.6933351142e-06 6.1932864799e-01
1.6998481883e-06 6.1881130900e-01
1.7063863136e-06 6.1829510972e-01
1.7129495866e-06 6.1777996539e-01
1.7195381038e-06 6.1726391119e-01
1.7261519624e-06 6.1674923824e-01
1.7327912600e-06 6.1623439317e-01
1.7394560942e-06 6.1571970380e-01
1.7461465634e-06 6.1520614707e-01
1.7528627662e-06 6.1469290760e-01
1.7596048015e-06 6.1417941752e-01
1.7663727687e-06 6.1366665163e-01
1.7731667675e-06 6.1315444668e-01
1.7799868980e-06 6.1264223600e-01
1.7868332608e-06 6.1213228170e-01
1.7937059568e-06 6.1161998018e-01
1.8006050873e-06 6.1110944906e-01
1.8075307538e-06 6.1059955689e-01
1.8144830586e-06 6.1008917790e-01
1.8214621039e-06 6.0958056186e-01
1.8284679928e-06 6.0907153982e-01
1.8355008285e-06 6.0856355527e-01
1.8425607145e-06 6.0805596616e-01
1.8496477550e-06 6.0754757480e-01
1.8567620543e-06 6.0703998024e-01
1.8639037174e-06 6.0653341972e-01
1.8710728494e-06 6.0602717486e-01
1.8782695561e-06 6.0552116636e-01
1.8854939435e-06 6.0501571200e-01
1.8927461180e-06 6.0451136569e-01
1.9000261865e-06 6.0400480078e-01
1.9073342564e-06 6.0350140158e-01
1.9146704353e-06 6.0299728946e-01
1.9220348314e-06 6.0249428176e-01
1.9294275531e-06 6.0199072206e-01
1.9368487095e-06 6.0148865848e-01
1.9442984098e-06 6.0098565181e-01
1.9517767639e-06 6.0048523704e-01
1.9592838820e-06 5.9998270479e-01
1.9668198748e-06 5.9948205513e-01
1.9743848532e-06 5.9897999988e-01
1.9819789288e-06 5.9848037030e-01
1.9896022134e-06 5.9797926078e-01
1.9972548196e-06 5.9748111613e-01
2.0049368599e-06 5.9698211621e-01
2.0126484477e-06 5.9648374115e-01
2.0203896965e-06 5.9598513668e-01
2.0281607205e-06 5.9548769942e-01
2.0359616342e-06 5.9499072993e-01
2.0437925525e-06 5.9449330044e-01
2.0516535909e-06 5.9399618576e-01
2.0595448652e-06 5.9350007977e-01
2.0674664917e-06 5.9300467203e-01
2.0754185872e-06 5.9250980743e-01
2.0834012688e-06 5.9201379578e-01
2.0914146542e-06 5.9151955716e-01
2.0994588614e-06 5.9102540099e-01
2.1075340091e-06 5.9053125176e-01
2.1156402162e-06 5.9003963222e-01
2.1237776023e-06 5.8954473435e-01
2.1319462871e-06 5.8905297404e-01
2.1401463912e-06 5.8856152427e-01
2.1483780353e-06 5.8806856052e-01
2.1566413408e-06 5.8757781042e-01
2.1649364295e-06 5.8708646097e-01
2.1732634235e-06 5.8659557611e-01
2.1816224456e-06 5.8610591183e-01
2.1900136191e-06 5.8561610490e-01
2.1984370675e-06 5.8512721355e-01
2.2068929150e-06 5.8463818052e-01
2.2153812863e-06 5.8414848076e-01
2.2239023063e-06 5.8366135052e-01
2.2324561008e-06 5.8317422873e-01
2.2410427957e-06 5.8268524199e-01
2.2496625176e-06 5.8219994055e-01
2.2583153936e-06 5.8171135567e-01
2.2670015511e-06 5.8122562666e-01
2.2757211182e-06 5.8074005812e-01
2.2844742233e-06 5.8025502329e-01
2.2932609955e-06 5.7977044701e-01
2.3020815642e-06 5.7928484223e-01
2.3109360596e-06 5.7880133202e-01
2.3198246119e-06 5.7831805620e-01
2.3287473523e-06 5.7783308983e-01
2.3377044122e-06 5.7735043425e-01
2.3466959236e-06 5.7686838315e-01
2.3557220191e-06 5.7638575516e-01
2.3647828317e-06 5.7590461675e-01
2.3738784949e-06 5.7542290314e-01
2.3830091427e-06 5.7494304308e-01
2.3921749097e-06 5.7446172772e-01
2.4013759310e-06 5.7398101652e-01
2.4106123422e-06 5.7350046913e-01
2.4198842794e-06 5.7302257255e-01
2.4291918792e-06 5.7254220555e-01
2.4385352789e-06 5.7206433889e-01
2.4479146160e-06 5.7158488466e-01
2.4573300289e-06 5.7110712435e-01
2.4667816564e-06 5.7063061682e-01
2.4762696376e-06 5.7015252804e-01
2.4857941124e-06 5.6967590969e-01
2.4953552212e-06 5.6920010593e-01
2.5049531049e-06 5.6872309036e-01
2.5145879049e-06 5.6824732411e-01
2.5242597632e-06 5.6777251525e-01
2.5339688224e-06 5.6729722072e-01
2.5437152256e-06 5.6682345804e-01
2.5534991164e-06 5.6634971375e-01
2.5633206389e-06 5.6587584549e-01
2.5731799379e-06 5.6540264339e-01
2.5830771588e-06 5.6492924718e-01
2.5930124473e-06 5.6445687422e-01
2.6029859500e-06 5.6398423664e-01
2.6129978137e-06 5.6351311953e-01
2.6230481860e-06 5.6304095430e-01
2.6331372151e-06 5.6257066271e-01
2.6432650496e-06 5.6210024963e-01
2.6534318388e-06 5.6163042634e-01
2.6636377325e-06 5.6116041228e-01
2.6738828812e-06 5.6069070487e-01
2.6841674357e-06 5.6022123350e-01
2.6944915477e-06 5.5975277513e-01
2.7048553694e-06 5.5928441051e-01
2.7152590534e-06 5.5881663349e-01
2.7257027531e-06 5.5834972443e-01
2.7361866224e-06 5.5788143334e-01
2.7467108158e-06 5.5741534483e-01
2.7572754884e-06 5.5694801829e-01
2.7678807959e-06 5.5648232897e-01
2.7785268946e-06 5.5601722347e-01
2.7892139413e-06 5.5555144427e-01
2.7999420937e-06 5.5508722620e-01
2.8107115097e-06 5.5462282376e-01
2.8215223482e-06 5.5415816933e-01
2.8323747684e-06 5.5369451532e-01
2.8432689302e-06 5.5323137359e-01
2.8542049942e-06 5.5276749630e-01
2.8651831216e-06 5.5230496338e-01
2.8762034742e-06 5.5184349453e-01
2.8872662144e-06 5.5138156843e-01
2.8983715051e-06 5.5091925695e-01
2.9095195102e-06 5.5045869714e-01
2.9207103938e-06 5.4999850832e-01
2.9319443209e-06 5.4953662996e-01
2.9432214570e-06 5.4907711656e-01
2.9545419684e-06 5.4861783674e-01
2.9659060219e-06 5.4815851716e-01
2.9773137849e-06 5.4769991083e-01
2.9887654256e-06 5.4724065132e-01
3.0002611128e-06 5.4678278716e-01
3.0118010158e-06 5.4632447624e-01
3.0233853047e-06 5.4586714925e-01
3.0350141502e-06 5.4541114324e-01
3.0466877238e-06 5.4495414850e-01
3.0584061975e-06 5.4449813431e-01
3.0701697439e-06 5.4404181280e-01
3.0819785364e-06 5.4358667278e-01
3.0938327491e-06 5.4313142886e-01
3.1057325566e-06 5.4267641961e-01
3.1176781344e-06 5.4222184726e-01
3.1296696584e-06 5.4176710634e-01
3.1417073055e-06 5.4131428009e-01
3.1537912529e-06 5.4086175311e-01
3.1659216788e-06 5.4040818595e-01
3.1780987620e-06 5.3995632623e-01
3.1903226818e-06 5.3950276159e-01
3.2025936186e-06 5.3905176986e-01
3.2149117530e-06 5.3860054374e-01
3.2272772666e-06 5.3814802042e-01
3.2396903418e-06 5.3769786188e-01
3.2521511613e-06 5.3724760405e-01
3.2646599089e-06 5.3679777893e-01
3.2772167689e-06 5.3634812120e-01
3.2898219263e-06 5.3589830071e-01
3.3024755669e-06 5.3545030090e-01
3.3151778772e-06 5.3500121334e-01
3.3279290444e-06 5.3455249285e-01
3.3407292564e-06 5.3410571858e-01
3.3535787019e-06 5.3365818973e-01
3.3664775702e-06 5.3321135440e-01
3.3794260514e-06 5.3276396555e-01
3.3924243363e-06 5.3231766334e-01
3.4054726165e-06 5.3187126777e-01
3.4185710844e-06 5.3142576003e-01
3.4317199328e-06 5.3098009429e-01
3.4449193557e-06 5.3053622673e-01
3.4581695475e-06 5.3009083341e-01
3.4714707035e-06 5.2964671555e-01
3.4848230197e-06 5.2920302578e-01
3.4982266930e-06 5.2876015258e-01
3.5116819208e-06 5.2831654030e-01
3.5251889014e-06 5.2787355072e-01
3.5387478339e-06 5.2743137637e-01
3.5523589181e-06 5.2698943489e-01
3.5660223547e-06 5.2654650271e-01
3.5797383449e-06 5.2610605870e-01
3.5935070909e-06 5.2566475355e-01
3.6073287957e-06 5.2522323336e-01
3.6212036628e-06 5.2478419192e-01
3.6351318969e-06 5.2434416451e-01
3.6491137031e-06 5.2390526568e-01
3.6631492875e-06 5.2346589608e-01
3.6772388570e-06 5.2302701520e-01
3.6913826192e-06 5.2258855865e-01
3.7055807825e-06 5.2215027156e-01
3.7198335563e-06 5.2171304385e-01
3.7341411504e-06 5.2127496920e-01
3.7485037759e-06 5.2083801641e-01
3.7629216443e-06 5.2040167608e-01
3.7773949682e-06 5.1996480928e-01
3.7919239608e-06 5.1952893428e-01
3.8065088362e-06 5.1909367017e-01
3.8211498095e-06 5.1865838608e-01
3.8358470963e-06 5.1822346060e-01
3.8506009133e-06 5.1778870507e-01
3.8654114779e-06 5.1735512375e-01
3.8802790084e-06 5.1692108432e-01
3.8952037238e-06 5.1648652706e-01
3.9101858442e-06 5.1605420499e-01
3.9252255903e-06 5.1562111469e-01
3.9403231837e-06 5.1518863170e-01
3.9554788471e-06 5.1475675487e-01
3.9706928036e-06 5.1432529650e-01
3.9859652776e-06 5.1389375930e-01
4.0012964941e-06 5.1346177254e-01
4.0166866790e-06 5.1303231264e-01
4.0321360592e-06 5.1260116392e-01
4.0476448624e-06 5.1217080565e-01
4.0632133170e-06 5.1174142114e-01
4.0788416526e-06 5.1131337767e-01
4.0945300995e-06 5.1088322389e-01
4.1102788888e-06 5.1045490385e-01
4.1260882527e-06 5.1002681520e-01
4.1419584241e-06 5.0959914219e-01
4.1578896370e-06 5.0917127185e-01
4.1738821260e-06 5.0874357311e-01
4.1899361270e-06 5.0831739060e-01
4.2060518765e-06 5.0789113319e-01
4.2222296120e-06 5.0746504606e-01
4.2384695719e-06 5.0703870360e-01
4.2547719955e-06 5.0661295899e-01
4.2711371232e-06 5.0618866111e-01
4.2875651960e-06 5.0576283433e-01
4.3040564561e-06 5.0533917984e-01
4.3206111466e-06 5.0491502917e-01
4.3372295113e-06 5.0448996246e-01
4.3539117953e-06 5.0406748363e-01
4.3706582443e-06 5.0364505322e-01
4.3874691052e-06 5.0322194996e-01
4.4043446257e-06 5.0279980039e-01
4.4212850545e-06 5.0237728135e-01
4.4382906412e-06 5.0195559444e-01
4.4553616366e-06 5.0153437836e-01
4.4724982921e-06 5.0111363246e-01
4.4897008603e-06 5.0069335606e-01
4.5069695947e-06 5.0027259404e-01
4.5243047499e-06 4.9985286861e-01
4.5417065813e-06 4.9943322490e-01
4.5591753453e-06 4.9901303972e-01
4.5767112994e-06 4.9859504648e-01
4.5943147021e-06 4.9817568128e-01
4.6119858127e-06 4.9775779222e-01
4.6297248917e-06 4.9733924616e-01
4.6475322005e-06 4.9692205455e-01
4.6654080015e-06 4.9650409009e-01
4.6833525583e-06 4.9608783086e-01
4.7013661352e-06 4.9567056525e-01
4.7194489977e-06 4.9525394339e-01
4.7376014123e-06 4.9483878551e-01
4.7558236465e-06 4.9442262558e-01
4.7741159689e-06 4.9400804406e-01
4.7924786490e-06 4.9359410071e-01
4.8109119575e-06 4.9317845863e-01
4.8294161661e-06 4.9276380784e-01
4.8479915474e-06 4.9235002924e-01
4.8666383751e-06 4.9193642258e-01
4.8853569241e-06 4.9152333689e-01
4.9041474703e-06 4.9111030711e-01
4.9230102906e-06 4.9069768183e-01
4.9419456629e-06 4.9028650237e-01
4.9609538663e-06 4.8987422102e-01
4.9800351810e-06 4.8946188218e-01
4.9991898881e-06 4.8905110156e-01
5.0184182700e-06 4.8864095302e-01
5.0377206100e-06 4.8822959486e-01
5.0570971925e-06 4.8781944520e-01
5.0765483032e-06 4.8740935321e-01
5.0960742287e-06 4.8700092404e-01
5.1156752568e-06 4.8659163467e-01
5.1353516763e-06 4.8618194663e-01
5.1551037772e-06 4.8577311826e-01
5.1749318506e-06 4.8536571745e-01
5.1948361887e-06 4.8495780410e-01
5.2148170848e-06 4.8455006359e-01
5.2348748335e-06 4.8414238275e-01
5.2550097302e-06 4.8373566997e-01
5.2752220718e-06 4.8332969606e-01
5.2955121562e-06 4.8292242254e-01
5.3158802822e-06 4.8251668068e-01
5.3363267502e-06 4.8211167569e-01
5.3568518614e-06 4.8170616586e-01
5.3774559184e-06 4.8130139260e-01
5.3981392247e-06 4.8089656711e-01
5.4189020853e-06 4.8049225214e-01
5.4397448060e-06 4.8008911982e-01
5.4606676940e-06 4.7968503839e-01
5.4816710578e-06 4.7928135502e-01
5.5027552067e-06 4.7887929838e-01
5.5239204517e-06 4.7847651990e-01
5.5451671045e-06 4.7807413790e-01
5.5664954782e-06 4.7767181801e-01
5.5879058874e-06 4.7726989460e-01
5.6093986473e-06 4.7686936651e-01
5.6309740749e-06 4.7646867705e-01
5.6526324880e-06 4.7606738485e-01
5.6743742058e-06 4.7566726309e-01
5.6961995488e-06 4.7526720365e-01
5.7181088386e-06 4.7486698670e-01
5.7401023981e-06 4.7446804643e-01
5.7621805515e-06 4.7406949862e-01
5.7843436240e-06 4.7367035358e-01
5.8065919423e-06 4.7327193199e-01
5.8289258343e-06 4.7287379359e-01
5.8513456292e-06 4.7247604787e-01
5.8738516573e-06 4.7207891314e-01
5.8964442504e-06 4.7168129587e-01
5.9191237413e-06 4.7128472618e-01
5.9418904643e-06 4.7088832956e-01
5.9647447550e-06 4.7049286809e-01
5.9876869501e-06 4.7009638312e-01
6.0107173878e-06 4.6970083327e-01
6.0338364074e-06 4.6930502363e-01
6.0570443498e-06 4.6891079675e-01
6.0803415568e-06 4.6851576885e-01
6.1037283718e-06 4.6812167189e-01
6.1272051396e-06 4.6772839553e-01
6.1507722060e-06 4.6733453736e-01
6.1744299184e-06 4.6694235990e-01
6.1981786255e-06 4.6654831201e-01
6.2220186772e-06 4.6615583584e-01
6.2459504249e-06 4.6576406906e-01
6.2699742213e-06 4.6537097623e-01
6.2940904204e-06 4.6497923608e-01
6.3182993776e-06 4.6458852422e-01
6.3426014497e-06 4.6419745152e-01
6.3669969948e-06 4.6380740490e-01
6.3914863726e-06 4.6341721148e-01
6.4160699438e-06 4.6302612921e-01
6.4407480708e-06 4.6263586008e-01
6.4655211173e-06 4.6224767364e-01
6.4903894483e-06 4.6185743561e-01
6.5153534304e-06 4.6146948840e-01
6.5404134314e-06 4.6108129083e-01
6.5655698207e-06 4.6069252857e-01
6.5908229690e-06 4.6030415248e-01
6.6161732485e-06 4.5991731897e-01
6.6416210327e-06 4.5953023764e-01
6.6671666968e-06 4.5914333008e-01
6.6928106171e-06 4.5875691096e-01
6.7185531716e-06 4.5836982846e-01
6.7443947398e-06 4.5798417620e-01
6.7703357023e-06 4.5759786235e-01
6.7963764415e-06 4.5721307948e-01
6.8225173412e-06 4.5682815708e-01
6.8487587867e-06 4.5644309672e-01
6.8751011646e-06 4.5605904222e-01
6.9015448631e-06 4.5567484996e-01
6.9280902721e-06 4.5529093580e-01
6.9547377827e-06 4.5490750662e-01
6.9814877875e-06 4.5452487157e-01
7.0083406809e-06 4.5414158397e-01
7.0352968586e-06 4.5375898712e-01
7.0623567178e-06 4.5337728527e-01
7.0895206573e-06 4.5299503684e-01
7.1167890775e-06 4.5261347696e-01
7.1441623802e-06 4.5223239897e-01
7.1716409688e-06 4.5185128999e-01
7.1992252483e-06 4.5147107170e-01
7.2269156252e-06 4.5109061804e-01
7.2547125076e-06 4.5070993092e-01
7.2826163051e-06 4.5033064257e-01
7.3106274290e-06 4.4995132395e-01
7.3387462921e-06 4.4957146802e-01
7.3669733087e-06 4.4919249894e-01
7.3953088949e-06 4.4881441436e-01
7.4237534683e-06 4.4843569315e-01
7.4523074480e-06 4.4805815897e-01
7.4809712548e-06 4.4768029338e-01
7.5097453112e-06 4.4730361168e-01
7.5386300413e-06 4.4692670000e-01
7.5676258707e-06 4.4654945960e-01
7.5967332268e-06 4.4617380198e-01
7.6259525385e-06 4.4579761460e-01
7.6552842363e-06 4.4542110091e-01
7.6847287527e-06 4.4504596497e-01
7.7142865215e-06 4.4467200262e-01
7.7439579784e-06 4.4429591520e-01
7.7737435606e-06 4.4392170089e-01
7.8036437070e-06 4.4354766036e-01
7.8336588583e-06 4.4317299814e-01
7.8637894569e-06 4.4280010197e-01
7.8940359469e-06 4.4242608866e-01
7.9243987739e-06 4.4205304452e-01
7.9548783854e-06 4.4168047199e-01
7.9854752306e-06 4.4130837028e-01
8.0161897605e-06 4.4093565264e-01
8.0470224276e-06 4.4056439296e-01
8.0779736864e-06 4.4019281419e-01
8.1090439931e-06 4.3982150862e-01
8.1402338054e-06 4.3945018153e-01
8.1715435831e-06 4.3907942258e-01
8.2029737876e-06 4.3870991646e-01
8.2345248820e-06 4.3833931093e-01
8.2661973315e-06 4.3796976119e-01
8.2979916026e-06 4.3760028816e-01
8.3299081641e-06 4.3723147743e-01
8.3619474862e-06 4.3686293804e-01
8.3941100411e-06 4.3649437824e-01
8.4263963029e-06 4.3612667310e-01
8.4588067472e-06 4.3575778357e-01
8.4913418519e-06 4.3539042740e-01
8.5240020963e-06 4.3502324534e-01
8.5567879618e-06 4.3465633434e-01
8.5896999316e-06 4.3428979083e-01
8.6227384907e-06 4.3392342165e-01
8.6559041259e-06 4.3355703461e-01
8.6891973262e-06 4.3319130368e-01
8.7226185820e-06 4.3282632336e-01
8.7561683860e-06 4.3246065343e-01
8.7898472326e-06 4.3209592555e-01
8.8236556182e-06 4.3173041546e-01
8.8575940409e-06 4.3136680184e-01
8.8916630009e-06 4.3100240712e-01
8.9258630004e-06 4.3063914093e-01
8.9601945433e-06 4.3027585799e-01
8.9946581357e-06 4.2991265437e-01
9.0292542853e-06 4.2954943582e-01
9.0639835021e-06 4.2918753062e-01
9.0988462978e-06 4.2882485169e-01
9.1338431863e-06 4.2846197035e-01
9.1689746833e-06 4.2810162720e-01
9.2042413066e-06 4.2773928599e-01
9.2396435759e-06 4.2737881768e-01
9.2751820129e-06 4.2701748765e-01
9.3108571414e-06 4.2665755531e-01
9.3466694871e-06 4.2629760863e-01
9.3826195779e-06 4.2593736742e-01
9.4187079434e-06 4.2557730183e-01
9.4549351156e-06 4.2521834704e-01
9.4913016284e-06 4.2485872574e-01
9.5278080177e-06 4.2450086602e-01
9.5644548215e-06 4.2414206119e-01
9.6012425798e-06 4.2378361807e-01
9.6381718349e-06 4.2342665105e-01
9.6752431310e-06 4.2306818641e-01
9.7124570144e-06 4.2271082544e-01
9.7498140335e-06 4.2235465746e-01
9.7873147390e-06 4.2199681351e-01
9.8249596833e-06 4.2164043961e-01
9.8627494214e-06 4.2128433255e-01
9.9006845102e-06 4.2092858436e-01
9.9387655086e-06 4.2057365444e-01
9.9769929780e-06 4.2021825478e-01
1.0015367482e-05 4.1986339715e-01
1.0053889585e-05 4.1950816429e-01
1.0092559856e-05 4.1915402255e-01
1.0131378865e-05 4.1880014630e-01
1.0170347183e-05 4.1844562281e-01
1.0209465385e-05 4.1809319001e-01
1.0248734047e-05 4.1773929052e-01
1.0288153748e-05 4.1738638571e-01
1.0327725070e-05 4.1703347387e-01
1.0367448594e-05 4.1668173497e-01
1.0407324907e-05 4.1632944454e-01
1.0447354596e-05 4.1597714841e-01
1.0487538251e-05 4.1562665443e-01
1.0527876465e-05 4.1527452792e-01
1.0568369832e-05 4.1492429059e-01
1.0609018948e-05 4.1457278609e-01
1.0649824413e-05 4.1422307639e-01
1.0690786828e-05 4.1387246238e-01
1.0731906797e-05 4.1352310029e-01
1.0773184925e-05 4.1317355354e-01
1.0814621821e-05 4.1282427093e-01
1.0856218097e-05 4.1247489512e-01
1.0897974363e-05 4.1212649789e-01
1.0939891237e-05 4.1177863097e-01
1.0981969336e-05 4.1143058144e-01
1.1024209280e-05 4.1108181770e-01
1.1066611691e-05 4.1073438480e-01
1.1109177195e-05 4.1038730353e-01
1.1151906418e-05 4.1004030788e-01
1.1194799991e-05 4.0969410582e-01
1.1237858545e-05 4.0934781218e-01
1.1281082716e-05 4.0900125186e-01
1.1324473139e-05 4.0865513146e-01
1.1368030455e-05 4.0830989009e-01
1.1411755306e-05 4.0796411958e-01
1.1455648335e-05 4.0761949008e-01
1.1499710190e-05 4.0727556000e-01
1.1543941521e-05 4.0693031451e-01
1.1588342978e-05 4.0658585748e-01
1.1632915216e-05 4.0624262336e-01
1.1677658893e-05 4.0589816703e-01
1.1722574667e-05 4.0555528067e-01
1.1767663201e-05 4.0521274165e-01
1.1812925159e-05 4.0487011524e-01
1.1858361208e-05 4.0452757620e-01
1.1903972017e-05 4.0418469191e-01
1.1949758259e-05 4.0384284911e-01
1.1995720609e-05 4.0350187190e-01
1.2041859744e-05 4.0316037693e-01
1.2088176344e-05 4.0281879808e-01
1.2134671091e-05 4.0247877237e-01
1.2181344672e-05 4.0213754331e-01
1.2228197772e-05 4.0179726326e-01
1.2275231084e-05 4.0145758647e-01
1.2322445300e-05 4.0111782629e-01
1.2369841116e-05 4.0077798396e-01
1.2417419230e-05 4.0043865878e-01
1.2465180344e-05 4.0010078833e-01
1.2513125162e-05 3.9976189652e-01
1.2561254390e-05 3.9942309465e-01
1.2609568737e-05 3.9908455328e-01
1.2658068916e-05 3.9874754582e-01
1.2706755641e-05 3.9841045632e-01
1.2755629629e-05 3.9807337066e-01
1.2804691602e-05 3.9773620517e-01
1.2853942281e-05 3.9739887658e-01
1.2903382394e-05 3.9706315801e-01
1.2953012668e-05 3.9672660086e-01
1.3002833835e-05 3.9639063973e-01
1.3052846629e-05 3.9605569346e-01
1.3103051787e-05 3.9571999647e-01
1.3153450049e-05 3.9538556438e-01
1.3204042159e-05 3.9505046769e-01
1.3254828860e-05 3.9471621490e-01
1.3305810903e-05 3.9438171807e-01
1.3356989037e-05 3.9404831348e-01
1.3408364018e-05 3.9371391546e-01
1.3459936603e-05 3.9338010930e-01
1.3511707551e-05 3.9304755833e-01
1.3563677626e-05 3.9271451609e-01
1.3615847593e-05 3.9238214560e-01
1.3668218222e-05 3.9204978304e-01
1.3720790283e-05 3.9171842122e-01
1.3773564553e-05 3.9138624095e-01
1.3826541808e-05 3.9105464794e-01
1.3879722830e-05 3.9072306441e-01
1.3933108402e-05 3.9039297162e-01
1.3986699311e-05 3.9006181843e-01
1.4040496346e-05 3.8973116845e-01
1.4094500301e-05 3.8940110258e-01
1.4148711971e-05 3.8907186498e-01
1.4203132156e-05 3.8874190063e-01
1.4257761657e-05 3.8841235585e-01
1.4312601279e-05 3.8808363752e-01
1.4367651831e-05 3.8775403371e-01
1.4422914124e-05 3.8742590663e-01
1.4478388972e-05 3.8709795227e-01
1.4534077193e-05 3.8676960313e-01
1.4589979608e-05 3.8644191458e-01
1.4646097040e-05 3.8611472320e-01
1.4702430317e-05 3.8578713925e-01
1.4758980268e-05 3.8546021408e-01
1.4815747727e-05 3.8513434901e-01
1.4872733531e-05 3.8480793115e-01
1.4929938520e-05 3.8448144580e-01
1.4987363536e-05 3.8415545605e-01
1.5045009425e-05 3.8383052216e-01
1.5102877039e-05 3.8350455896e-01
1.5160967228e-05 3.8317933071e-01
1.5219280849e-05 3.8285459588e-01
1.5277818763e-05 3.8253051299e-01
1.5336581830e-05 3.8220604472e-01
1.5395570918e-05 3.8188222781e-01
1.5454786896e-05 3.8155842490e-01
1.5514230636e-05 3.8123447808e-01
1.5573903014e-05 3.8091133997e-01
1.5633804911e-05 3.8058845419e-01
1.5693937208e-05 3.8026605786e-01
1.5754300791e-05 3.7994422893e-01
1.5814896552e-05 3.7962138883e-01
1.5875725381e-05 3.7929943261e-01
1.5936788177e-05 3.7897772847e-01
1.5998085838e-05 3.7865674770e-01
1.6059619269e-05 3.7833554682e-01
1.6121389375e-05 3.7801475447e-01
1.6183397068e-05 3.7769390036e-01
1.6245643261e-05 3.7737353274e-01
1.6308128871e-05 3.7705341644e-01
1.6370854820e-05 3.7673386322e-01
1.6433822032e-05 3.7641494965e-01
1.6497031434e-05 3.7609480773e-01
1.6560483959e-05 3.7577631677e-01
1.6624180541e-05 3.7545691150e-01
1.6688122120e-05 3.7513899790e-01
1.6752309636e-05 3.7482063680e-01
1.6816744038e-05 3.7450244898e-01
1.6881426273e-05 3.7418458897e-01
1.6946357295e-05 3.7386775010e-01
1.7011538062e-05 3.7355015877e-01
1.7076969533e-05 3.7323320259e-01
1.7142652674e-05 3.7291711036e-01
1.7208588451e-05 3.7260026920e-01
1.7274777837e-05 3.7228452097e-01
1.7341221808e-05 3.7196856199e-01
1.7407921341e-05 3.7165269950e-01
1.7474877422e-05 3.7133746805e-01
1.7542091035e-05 3.7102233270e-01
1.7609563172e-05 3.7070721782e-01
1.7677294827e-05 3.7039265623e-01
1.7745286998e-05 3.7007834303e-01
1.7813540688e-05 3.6976442975e-01
1.7882056902e-05 3.6945091571e-01
1.7950836649e-05 3.6913689279e-01
1.8019880944e-05 3.6882319454e-01
1.8089190804e-05 3.6851095198e-01
1.8158767251e-05 3.6819797579e-01
1.8228611309e-05 3.6788517245e-01
1.8298724009e-05 3.6757284269e-01
1.8369106383e-05 3.6726098554e-01
1.8439759469e-05 3.6694937522e-01
1.8510684308e-05 3.6663726307e-01
1.8581881945e-05 3.6632629654e-01
1.8653353429e-05 3.6601512816e-01
1.8725099814e-05 3.6570405782e-01
1.8797122157e-05 3.6539353281e-01
1.8869421520e-05 3.6508370065e-01
1.8941998967e-05 3.6477337101e-01
1.9014855570e-05 3.6446351107e-01
1.9087992400e-05 3.6415449034e-01
1.9161410537e-05 3.6384534447e-01
1.9235111062e-05 3.6353637039e-01
1.9309095061e-05 3.6322719921e-01
1.9383363625e-05 3.6291871714e-01
1.9457917848e-05 3.6261077513e-01
1.9532758829e-05 3.6230300431e-01
1.9607887671e-05 3.6199445018e-01
1.9683305480e-05 3.6168731684e-01
1.9759013369e-05 3.6138028122e-01
1.9835012454e-05 3.6107341693e-01
1.9911303854e-05 3.6076628577e-01
1.9987888693e-05 3.6045998413e-01
2.0064768100e-05 3.6015341652e-01
2.0141943209e-05 3.5984811326e-01
2.0219415156e-05 3.5954188960e-01
2.0297185084e-05 3.5923685523e-01
2.0375254138e-05 3.5893061377e-01
2.0453623469e-05 3.5862635682e-01
2.0532294232e-05 3.5832125711e-01
2.0611267586e-05 3.5801734110e-01
2.0690544696e-05 3.5771280167e-01
2.0770126729e-05 3.5740908291e-01
2.0850014858e-05 3.5710546299e-01
2.0930210261e-05 3.5680158304e-01
2.1010714119e-05 3.5649866496e-01
2.1091527620e-05 3.5619577409e-01
2.1172651953e-05 3.5589291114e-01
2.1254088315e-05 3.5559029130e-01
2.1335837906e-05 3.5528820008e-01
2.1417901929e-05 3.5498627973e-01
2.1500281596e-05 3.5468431673e-01
2.1582978120e-05 3.5438309452e-01
2.1665992719e-05 3.5408168753e-01
2.1749326617e-05 3.5378073587e-01
2.1832981043e-05 3.5348052203e-01
2.1916957228e-05 3.5317934553e-01
2.2001256411e-05 3.5287933127e-01
2.2085879834e-05 3.5257913440e-01
2.2170828744e-05 3.5227960244e-01
2.2256104393e-05 3.5197988874e-01
2.2341708037e-05 3.5168076832e-01
2.2427640939e-05 3.5138167788e-01
2.2513904364e-05 3.5108233757e-01
2.2600499585e-05 3.5078415017e-01
2.2687427876e-05 3.5048620257e-01
2.2774690520e-05 3.5018807543e-01
2.2862288802e-05 3.4989053787e-01
2.2950224014e-05 3.4959254301e-01
2.3038497450e-05 3.4929541593e-01
2.3127110413e-05 3.4899852846e-01
2.3216064207e-05 3.4870132505e-01
2.3305360145e-05 3.4840519453e-01
2.3394999541e-05 3.4810854080e-01
2.3484983718e-05 3.4781219664e-01
2.3575314000e-05 3.4751623073e-01
2.3665991720e-05 3.4722078040e-01
2.3757018214e-05 3.4692570669e-01
2.3848394822e-05 3.4663045848e-01
2.3940122893e-05 3.4633531211e-01
2.4032203777e-05 3.4604088572e-01
2.4124638832e-05 3.4574642334e-01
2.4217429419e-05 3.4545254203e-01
2.4310576908e-05 3.4515848828e-01
2.4404082669e-05 3.4486440011e-01
2.4497948081e-05 3.4457150602e-01
2.4592174528e-05 3.4427823567e-01
2.4686763398e-05 3.4398486341e-01
2.4781716085e-05 3.4369213773e-01
2.4877033989e-05 3.4339971770e-01
2.4972718514e-05 3.4310800952e-01
2.5068771070e-05 3.4281498094e-01
2.5165193073e-05 3.4252401736e-01
2.5261985944e-05 3.4223241148e-01
2.5359151110e-05 3.4194097557e-01
2.5456690001e-05 3.4165024844e-01
2.5554604057e-05 3.4135942119e-01
2.5652894719e-05 3.4106916662e-01
2.5751563437e-05 3.4077841011e-01
2.5850611664e-05 3.4048836018e-01
2.5950040860e-05 3.4019841280e-01
2.6049852491e-05 3.3990910289e-01
2.6150048027e-05 3.3961936107e-01
2.6250628945e-05 3.3933012286e-01
2.6351596728e-05 3.3904125399e-01
2.6452952863e-05 3.3875288678e-01
2.6554698844e-05 3.3846482093e-01
2.6656836170e-05 3.3817632666e-01
2.6759366348e-05 3.3788806863e-01
2.6862290886e-05 3.3760084041e-01
2.6965611304e-05 3.3731325167e-01
2.7069329123e-05 3.3702576637e-01
2.7173445872e-05 3.3673838489e-01
2.7277963085e-05 3.3645163405e-01
2.7382882302e-05 3.3616584078e-01
2.7488205070e-05 3.3587923008e-01
2.7593932941e-05 3.3559311687e-01
2.7700067473e-05 3.3530730362e-01
2.7806610231e-05 3.3502159381e-01
2.7913562783e-05 3.3473637961e-01
2.8020926707e-05 3.3445126862e-01
2.8128703586e-05 3.3416652173e-01
2.8236895006e-05 3.3388194318e-01
2.8345502563e-05 3.3359694841e-01
2.8454527857e-05 3.3331329162e-01
2.8563972495e-05 3.3302902446e-01
2.8673838089e-05 3.3274531496e-01
2.8784126260e-05 3.3246177394e-01
2.8894838632e-05 3.3217872429e-01
2.9005976837e-05 3.3189584255e-01
2.9117542513e-05 3.3161345077e-01
2.9229537304e-05 3.3133045468e-01
2.9341962861e-05 3.3104814180e-01
2.9454820840e-05 3.3076586888e-01
2.9568112904e-05 3.3048395684e-01
2.9681840724e-05 3.3020259698e-01
2.9796005975e-05 3.2992127680e-01
2.9910610339e-05 3.2963993310e-01
3.0025655507e-05 3.2935894912e-01
3.0141143172e-05 3.2907800599e-01
3.0257075038e-05 3.2879793074e-01
3.0373452812e-05 3.2851764149e-01
3.0490278210e-05 3.2823758368e-01
3.0607552954e-05 3.2795807382e-01
3.0725278771e-05 3.2767835163e-01
3.0843457398e-05 3.2739898715e-01
3.0962090574e-05 3.2712042136e-01
3.1081180050e-05 3.2684069888e-01
3.1200727579e-05 3.2656278225e-01
3.1320734923e-05 3.2628421446e-01
3.1441203852e-05 3.2600575192e-01
3.1562136141e-05 3.2572820983e-01
3.1683533571e-05 3.2544989519e-01
3.1805397932e-05 3.2517237475e-01
3.1927731021e-05 3.2489583354e-01
3.2050534638e-05 3.2461802357e-01
3.2173810596e-05 3.2434175311e-01
3.2297560709e-05 3.2406490215e-01
3.2421786803e-05 3.2378840552e-01
3.2546490707e-05 3.2351226260e-01
3.2671674260e-05 3.2323690654e-01
3.2797339306e-05 3.2296122115e-01
3.2923487698e-05 3.2268551747e-01
3.3050121294e-05 3.2241029014e-01
3.3177241961e-05 3.2213553807e-01
3.3304851572e-05 3.2186082923e-01
3.3432952008e-05 3.2158641014e-01
3.3561545157e-05 3.2131203479e-01
3.3690632913e-05 3.2103764245e-01
3.3820217179e-05 3.2076421398e-01
3.3950299866e-05 3.2049009471e-01
3.4080882889e-05 3.2021736531e-01
3.4211968174e-05 3.1994351944e-01
3.4343557652e-05 3.1967154823e-01
3.4475653263e-05 3.1939821948e-01
3.4608256953e-05 3.1912566664e-01
3.4741370676e-05 3.1885334110e-01
3.4874996395e-05 3.1858142462e-01
3.5009136078e-05 3.1830979528e-01
3.5143791703e-05 3.1803790844e-01
3.5278965254e-05 3.1776655099e-01
3.5414658722e-05 3.1749548037e-01
3.5550874108e-05 3.1722463597e-01
3.5687613420e-05 3.1695395749e-01
3.5824878672e-05 3.1668326478e-01
3.5962671887e-05 3.1641291870e-01
3.6100995096e-05 3.1614321832e-01
3.6239850337e-05 3.1587302461e-01
3.6379239658e-05 3.1560347604e-01
3.6519165111e-05 3.1533445147e-01
3.6659628760e-05 3.1506511482e-01
3.6800632674e-05 3.1479636130e-01
3.6942178931e-05 3.1452759464e-01
3.7084269617e-05 3.1425893445e-01
3.7226906827e-05 3.1399038103e-01
3.7370092663e-05 3.1372246795e-01
3.7513829234e-05 3.1345513431e-01
3.7658118658e-05 3.1318749216e-01
3.7802963064e-05 3.1292066483e-01
3.7948364584e-05 3.1265282260e-01
3.8094325362e-05 3.1238591280e-01
3.8240847549e-05 3.1211905068e-01
3.8387933304e-05 3.1185270652e-01
3.8535584795e-05 3.1158646857e-01
3.8683804198e-05 3.1132062999e-01
3.8832593697e-05 3.1105466352e-01
3.8981955485e-05 3.1078886248e-01
3.9131891763e-05 3.1052375205e-01
3.9282404741e-05 3.1025833973e-01
3.9433496637e-05 3.0999344214e-01
3.9585169678e-05 3.0972876741e-01
3.9737426098e-05 3.0946408323e-01
3.9890268143e-05 3.0919968022e-01
4.0043698064e-05 3.0893636859e-01
4.0197718122e-05 3.0867177412e-01
4.0352330587e-05 3.0840821241e-01
4.0507537739e-05 3.0814498812e-01
4.0663341863e-05 3.0788192788e-01
4.0819745257e-05 3.0761845649e-01
4.0976750225e-05 3.0735584024e-01
4.1134359082e-05 3.0709327325e-01
4.1292574149e-05 3.0683155833e-01
4.1451397759e-05 3.0656851806e-01
4.1610832252e-05 3.0630684477e-01
4.1770879977e-05 3.0604544928e-01
4.1931543295e-05 3.0578359007e-01
4.2092824571e-05 3.0552195290e-01
4.2254726184e-05 3.0526122007e-01
4.2417250518e-05 3.0500065047e-01
4.2580399970e-05 3.0474024419e-01
4.2744176944e-05 3.0447966143e-01
4.2908583853e-05 3.0421941276e-01
4.3073623120e-05 3.0395955412e-01
4.3239297178e-05 3.0369985899e-01
4.3405608467e-05 3.0344021474e-01
4.3572559440e-05 3.0318067816e-01
4.3740152556e-05 3.0292175550e-01
4.3908390286e-05 3.0266288367e-01
4.4077275108e-05 3.0240451175e-01
4.4246809512e-05 3.0214585454e-01
4.4416995996e-05 3.0188769683e-01
4.4587837068e-05 3.0162936714e-01
4.4759335246e-05 3.0137148047e-01
4.4931493057e-05 3.0111437007e-01
4.5104313039e-05 3.0085697652e-01
4.5277797739e-05 3.0059941272e-01
4.5451949712e-05 3.0034301201e-01
4.5626771526e-05 3.0008588609e-01
4.5802265758e-05 2.9982925629e-01
4.5978434992e-05 2.9957273441e-01
4.6155281827e-05 2.9931709374e-01
4.6332808867e-05 2.9906111843e-01
4.6511018729e-05 2.9880541627e-01
4.6689914040e-05 2.9854998691e-01
4.6869497436e-05 2.9829477507e-01
4.7049771563e-05 2.9803945145e-01
4.7230739079e-05 2.9778445550e-01
4.7412402650e-05 2.9753016971e-01
4.7594764953e-05 2.9727555369e-01
4.7777828676e-05 2.9702115520e-01
4.7961596518e-05 2.9676697412e-01
4.8146071185e-05 2.9651333693e-01
4.8331255398e-05 2.9625958981e-01
4.8517151884e-05 2.9600671127e-01
4.8703763384e-05 2.9575339714e-01
4.8891092648e-05 2.9550057052e-01
4.9079142436e-05 2.9524768931e-01
4.9267915520e-05 2.9499507855e-01
4.9457414681e-05 2.9474316952e-01
4.9647642714e-05 2.9449055923e-01
4.9838602420e-05 2.9423875788e-01
5.0030296615e-05 2.9398706437e-01
5.0222728122e-05 2.9373558631e-01
5.0415899779e-05 2.9348437717e-01
5.0609814433e-05 2.9323322246e-01
5.0804474940e-05 2.9298217613e-01
5.0999884169e-05 2.9273193267e-01
5.1196045001e-05 2.9248104967e-01
5.1392960326e-05 2.9223123477e-01
5.1590633047e-05 2.9198078225e-01
5.1789066076e-05 2.9173102346e-01
5.1988262338e-05 2.9148163806e-01
5.2188224769e-05 2.9123198939e-01
5.2388956315e-05 2.9098303178e-01
5.2590459934e-05 2.9073381184e-01
5.2792738597e-05 2.9048491193e-01
5.2995795284e-05 2.9023638424e-01
5.3199632989e-05 2.8998796475e-01
5.3404254713e-05 2.8974012699e-01
5.3609663475e-05 2.8949155645e-01
5.3815862300e-05 2.8924403996e-01
5.4022854227e-05 2.8899657885e-01
5.4230642308e-05 2.8874880739e-01
5.4439229603e-05 2.8850177243e-01
5.4648619188e-05 2.8825500216e-01
5.4858814148e-05 2.8800828780e-01
5.5069817581e-05 2.8776183800e-01
5.5281632596e-05 2.8751565241e-01
5.5494262315e-05 2.8726926346e-01
5.5707709872e-05 2.8702324295e-01
5.5921978412e-05 2.8677774547e-01
5.6137071092e-05 2.8653209738e-01
5.6352991084e-05 2.8628686809e-01
5.6569741569e-05 2.8604179873e-01
5.6787325741e-05 2.8579694089e-01
5.7005746807e-05 2.8555219152e-01
5.7225007986e-05 2.8530719119e-01
5.7445112509e-05 2.8506327580e-01
5.7666063620e-05 2.8481951931e-01
5.7887864575e-05 2.8457556348e-01
5.8110518643e-05 2.8433161423e-01
5.8334029105e-05 2.8408818274e-01
5.8558399256e-05 2.8384475781e-01
5.8783632401e-05 2.8360169654e-01
5.9009731860e-05 2.8335874392e-01
5.9236700966e-05 2.8311584939e-01
5.9464543063e-05 2.8287367286e-01
5.9693261509e-05 2.8263165494e-01
5.9922859674e-05 2.8238923912e-01
6.0153340943e-05 2.8214753931e-01
6.0384708712e-05 2.8190604875e-01
6.0616966390e-05 2.8166451527e-01
6.0850117401e-05 2.8142314105e-01
6.1084165181e-05 2.8118187589e-01
6.1319113179e-05 2.8094122209e-01
6.1554964857e-05 2.8070032554e-01
6.1791723691e-05 2.8045988892e-01
6.2029393170e-05 2.8021986113e-01
6.2267976798e-05 2.7997954193e-01
6.2507478090e-05 2.7973998073e-01
6.2747900575e-05 2.7949992970e-01
6.2989247798e-05 2.7926053583e-01
6.3231523314e-05 2.7902144940e-01
6.3474730694e-05 2.7878222319e-01
6.3718873523e-05 2.7854320538e-01
6.3963955398e-05 2.7830449483e-01
6.4209979931e-05 2.7806623932e-01
6.4456950749e-05 2.7782784526e-01
6.4704871490e-05 2.7759005351e-01
6.4953745809e-05 2.7735172967e-01
6.5203577373e-05 2.7711435204e-01
6.5454369864e-05 2.7687649306e-01
6.5706126977e-05 2.7663943079e-01
6.5958852425e-05 2.7640242787e-01
6.6212549930e-05 2.7616533791e-01
6.6467223231e-05 2.7592855288e-01
6.6722876083e-05 2.7569221867e-01
6.6979512252e-05 2.7545560302e-01
6.7237135520e-05 2.7521968132e-01
6.7495749685e-05 2.7498352775e-01
6.7755358557e-05 2.7474787224e-01
6.8015965963e-05 2.7451247103e-01
6.8277575743e-05 2.7427722693e-01
6.8540191752e-05 2.7404204323e-01
6.8803817862e-05 2.7380687205e-01
6.9068457956e-05 2.7357238943e-01
6.9334115935e-05 2.7333787060e-01
6.9600795715e-05 2.7310379756e-01
6.9868501225e-05 2.7286920805e-01
7.0137236410e-05 2.7263540064e-01
7.0407005232e-05 2.7240160600e-01
7.0677811665e-05 2.7216811195e-01
7.0949659701e-05 2.7193477456e-01
7.1222553346e-05 2.7170130733e-01
7.1496496621e-05 2.7146823602e-01
7.1771493565e-05 2.7123565500e-01
7.2047548229e-05 2.7100275436e-01
7.2324664682e-05 2.7077053362e-01
7.2602847008e-05 2.7053837401e-01
7.2882099306e-05 2.7030589685e-01
7.3162425693e-05 2.7007471301e-01
7.3443830298e-05 2.6984297490e-01
7.3726317271e-05 2.6961148772e-01
7.4009890772e-05 2.6937996831e-01
7.4294554982e-05 2.6914888821e-01
7.4580314097e-05 2.6891805831e-01
7.4867172326e-05 2.6868733740e-01
7.5155133898e-05 2.6845681947e-01
7.5444203056e-05 2.6822678544e-01
7.5734384061e-05 2.6799625171e-01
7.6025681189e-05 2.6776657567e-01
7.6318098733e-05 2.6753658820e-01
7.6611641003e-05 2.6730750270e-01
7.6906312324e-05 2.6707801322e-01
7.7202117039e-05 2.6684909803e-01
7.7499059508e-05 2.6662005925e-01
7.7797144106e-05 2.6639108342e-01
7.8096375227e-05 2.6616235614e-01
7.8396757281e-05 2.6593378460e-01
7.8698294694e-05 2.6570587680e-01
7.9000991910e-05 2.6547793902e-01
7.9304853390e-05 2.6524974167e-01
7.9609883613e-05 2.6502229845e-01
7.9916087073e-05 2.6479505576e-01
8.0223468284e-05 2.6456737107e-01
8.0532031775e-05 2.6434085059e-01
8.0841782093e-05 2.6411379711e-01
8.1152723804e-05 2.6388726458e-01
8.1464861490e-05 2.6366079514e-01
8.1778199750e-05 2.6343429798e-01
8.2092743204e-05 2.6320832020e-01
8.2408496486e-05 2.6298236024e-01
8.2725464250e-05 2.6275660030e-01
8.3043651167e-05 2.6253081346e-01
8.3363061926e-05 2.6230581579e-01
8.3683701234e-05 2.6208042866e-01
8.4005573817e-05 2.6185555780e-01
8.4328684419e-05 2.6163052502e-01
8.4653037800e-05 2.6140605257e-01
8.4978638742e-05 2.6118164386e-01
8.5305492043e-05 2.6095734421e-01
8.5633602520e-05 2.6073319870e-01
8.5962975007e-05 2.6050952119e-01
8.6293614360e-05 2.6028577318e-01
8.6625525451e-05 2.6006222389e-01
8.6958713171e-05 2.5983878383e-01
8.7293182432e-05 2.5961549780e-01
8.7628938161e-05 2.5939258855e-01
8.7965985307e-05 2.5917001075e-01
8.8304328837e-05 2.5894727502e-01
8.8643973739e-05 2.5872500378e-01
8.8984925016e-05 2.5850275272e-01
8.9327187694e-05 2.5828074365e-01
8.9670766816e-05 2.5805888786e-01
9.0015667447e-05 2.5783745024e-01
9.0361894669e-05 2.5761594481e-01
9.0709453585e-05 2.5739468066e-01
9.1058349316e-05 2.5717326172e-01
9.1408587005e-05 2.5695309454e-01
9.1760171813e-05 2.5673158712e-01
9.2113108921e-05 2.5651141730e-01
9.2467403532e-05 2.5629096186e-01
9.2823060865e-05 2.5607044097e-01
9.3180086163e-05 2.5585090273e-01
9.3538484688e-05 2.5563112376e-01
9.3898261720e-05 2.5541162784e-01
9.4259422563e-05 2.5519193638e-01
9.4621972538e-05 2.5497270189e-01
9.4985916989e-05 2.5475383650e-01
9.5351261280e-05 2.5453477651e-01
9.5718010794e-05 2.5431612868e-01
9.6086170937e-05 2.5409737377e-01
9.6455747134e-05 2.5387911665e-01
9.6826744832e-05 2.5366083908e-01
9.7199169498e-05 2.5344275686e-01
9.7573026621e-05 2.5322504168e-01
9.7948321710e-05 2.5300773565e-01
9.8325060297e-05 2.5279032353e-01
9.8703247933e-05 2.5257314873e-01
9.9082890192e-05 2.5235595447e-01
9.9463992669e-05 2.5213904024e-01
9.9846560980e-05 2.5192202186e-01
1.0023060076e-04 2.5170566676e-01
1.0061611768e-04 2.5148925006e-01
1.0100311741e-04 2.5127306988e-01
1.0139160565e-04 2.5105716833e-01
1.0178158814e-04 2.5084107896e-01
1.0217307062e-04 2.5062581843e-01
1.0256605886e-04 2.5041041236e-01
1.0296055864e-04 2.5019481971e-01
1.0335657579e-04 2.4997967394e-01
1.0375411615e-04 2.4976463721e-01
1.0415318556e-04 2.4955042426e-01
1.0455378991e-04 2.4933556323e-01
1.0495593511e-04 2.4912139883e-01
1.0535962707e-04 2.4890704965e-01
1.0576487176e-04 2.4869289337e-01
1.0617167514e-04 2.4847926394e-01
1.0658004321e-04 2.4826520060e-01
1.0698998198e-04 2.4805203858e-01
1.0740149750e-04 2.4783865176e-01
1.0781459583e-04 2.4762545708e-01
1.0822928307e-04 2.4741266186e-01
1.0864556531e-04 2.4720001649e-01
1.0906344870e-04 2.4698739682e-01
1.0948293939e-04 2.4677488601e-01
1.0990404358e-04 2.4656264936e-01
1.1032676745e-04 2.4635043902e-01
1.1075111725e-04 2.4613862606e-01
1.1117709922e-04 2.4592696279e-01
1.1160471965e-04 2.4571536708e-01
1.1203398483e-04 2.4550400333e-01
1.1246490110e-04 2.4529291219e-01
1.1289747480e-04 2.4508176591e-01
1.1333171231e-04 2.4487093299e-01
1.1376762002e-04 2.4466037201e-01
1.1420520437e-04 2.4444983800e-01
1.1464447179e-04 2.4423945353e-01
1.1508542878e-04 2.4402942183e-01
1.1552808181e-04 2.4381937678e-01
1.1597243742e-04 2.4360960281e-01
1.1641850216e-04 2.4340018042e-01
1.1686628259e-04 2.4319050228e-01
1.1731578532e-04 2.4298161998e-01
1.1776701697e-04 2.4277228069e-01
1.1821998420e-04 2.4256313126e-01
1.1867469367e-04 2.4235437267e-01
1.1913115209e-04 2.4214624505e-01
1.1958936619e-04 2.4193790392e-01
1.2004934272e-04 2.4172947090e-01
1.2051108845e-04 2.4152130712e-01
1.2097461020e-04 2.4131365193e-01
1.2143991479e-04 2.4110590517e-01
1.2190700908e-04 2.4089842657e-01
1.2237589995e-04 2.4069101658e-01
1.2284659432e-04 2.4048379483e-01
1.2331909913e-04 2.4027660229e-01
1.2379342132e-04 2.4006995503e-01
1.2426956790e-04 2.3986321776e-01
1.2474754589e-04 2.3965647051e-01
1.2522736232e-04 2.3945018799e-01
1.2570902427e-04 2.3924432951e-01
1.2619253883e-04 2.3903830293e-01
1.2667791314e-04 2.3883242429e-01
1.2716515434e-04 2.3862681153e-01
1.2765426962e-04 2.3842166043e-01
1.2814526618e-04 2.3821614654e-01
1.2863815126e-04 2.3801125063e-01
1.2913293212e-04 2.3780630614e-01
1.2962961606e-04 2.3760154815e-01
1.3012821040e-04 2.3739666449e-01
1.3062872248e-04 2.3719247418e-01
1.3113115968e-04 2.3698808040e-01
1.3163552940e-04 2.3678398954e-01
1.3214183908e-04 2.3658012342e-01
1.3265009617e-04 2.3637655922e-01
1.3316030818e-04 2.3617252236e-01
1.3367248261e-04 2.3596917471e-01
1.3418662703e-04 2.3576608957e-01
1.3470274899e-04 2.3556272680e-01
1.3522085611e-04 2.3536039703e-01
1.3574095603e-04 2.3515740503e-01
1.3626305641e-04 2.3495517473e-01
1.3678716495e-04 2.3475247653e-01
1.3731328936e-04 2.3455038522e-01
1.3784143740e-04 2.3434809575e-01
1.3837161686e-04 2.3414614427e-01
1.3890383555e-04 2.3394460634e-01
1.3943810131e-04 2.3374321419e-01
1.3997442202e-04 2.3354173949e-01
1.4051280558e-04 2.3334037316e-01
1.4105325992e-04 2.3313919123e-01
1.4159579301e-04 2.3293868636e-01
1.4214041285e-04 2.3273806145e-01
1.4268712746e-04 2.3253709067e-01
1.4323594489e-04 2.3233656889e-01
1.4378687324e-04 2.3213660807e-01
1.4433992063e-04 2.3193652865e-01
1.4489509520e-04 2.3173697109e-01
1.4545240515e-04 2.3153722018e-01
1.4601185867e-04 2.3133757736e-01
1.4657346401e-04 2.3113781797e-01
1.4713722946e-04 2.3093876624e-01
1.4770316333e-04 2.3073997152e-01
1.4827127394e-04 2.3054117212e-01
1.4884156967e-04 2.3034192131e-01
1.4941405894e-04 2.3014356155e-01
1.4998875017e-04 2.2994516048e-01
1.5056565183e-04 2.2974697872e-01
1.5114477243e-04 2.2954886765e-01
1.5172612050e-04 2.2935090161e-01
1.5230970461e-04 2.2915359841e-01
1.5289553336e-04 2.2895603255e-01
1.5348361538e-04 2.2875809494e-01
1.5407395935e-04 2.2856118760e-01
1.5466657395e-04 2.2836405604e-01
1.5526146792e-04 2.2816710592e-01
1.5585865004e-04 2.2797037377e-01
1.5645812910e-04 2.2777356608e-01
1.5705991393e-04 2.2757748901e-01
1.5766401341e-04 2.2738151878e-01
1.5827043643e-04 2.2718507135e-01
1.5887919194e-04 2.2698935242e-01
1.5949028891e-04 2.2679330363e-01
1.6010373634e-04 2.2659783605e-01
1.6071954327e-04 2.2640225783e-01
1.6133771878e-04 2.2620707782e-01
1.6195827197e-04 2.2601233123e-01
1.6258121200e-04 2.2581729330e-01
1.6320654805e-04 2.2562229092e-01
1.6383428932e-04 2.2542779363e-01
1.6446444507e-04 2.2523343961e-01
1.6509702460e-04 2.2503901286e-01
1.6573203721e-04 2.2484465802e-01
1.6636949227e-04 2.2465098568e-01
1.6700939918e-04 2.2445742004e-01
1.6765176736e-04 2.2426303019e-01
1.6829660627e-04 2.2406992987e-01
1.6894392544e-04 2.2387665024e-01
1.6959373438e-04 2.2368333523e-01
1.7024604269e-04 2.2349009238e-01
1.7090085997e-04 2.2329788255e-01
1.7155819587e-04 2.2310481908e-01
1.7221806008e-04 2.2291246721e-01
1.7288046233e-04 2.2271990326e-01
1.7354541238e-04 2.2252762413e-01
1.7421292002e-04 2.2233562923e-01
1.7488299510e-04 2.2214374149e-01
1.7555564749e-04 2.2195189052e-01
1.7623088710e-04 2.2176053445e-01
1.7690872388e-04 2.2156900376e-01
1.7758916783e-04 2.2137782644e-01
1.7827222896e-04 2.2118689646e-01
1.7895791736e-04 2.2099572296e-01
1.7964624312e-04 2.2080486718e-01
1.8033721638e-04 2.2061460791e-01
1.8103084734e-04 2.2042410593e-01
1.8172714621e-04 2.2023357182e-01
1.8242612325e-04 2.2004363267e-01
1.8312778877e-04 2.1985393913e-01
1.8383215310e-04 2.1966369239e-01
1.8453922663e-04 2.1947417782e-01
1.8524901978e-04 2.1928463142e-01
1.8596154300e-04 2.1909529589e-01
1.8667680680e-04 2.1890592920e-01
1.8739482172e-04 2.1871704933e-01
1.8811559834e-04 2.1852803493e-01
1.8883914728e-04 2.1833981583e-01
1.8956547921e-04 2.1815087785e-01
1.9029460483e-04 2.1796242519e-01
1.9102653489e-04 2.1777411382e-01
1.9176128016e-04 2.1758604638e-01
1.9249885149e-04 2.1739801740e-01
1.9323925974e-04 2.1721033444e-01
1.9398251582e-04 2.1702251944e-01
1.9472863068e-04 2.1683545860e-01
1.9547761533e-04 2.1664823150e-01
1.9622948080e-04 2.1646063557e-01
1.9698423816e-04 2.1627379189e-01
1.9774189855e-04 2.1608698680e-01
1.9850247313e-04 2.1590022069e-01
1.9926597310e-04 2.1571373039e-01
2.0003240973e-04 2.1552734667e-01
2.0080179430e-04 2.1534117071e-01
2.0157413815e-04 2.1515510129e-01
2.0234945267e-04 2.1496897046e-01
2.0312774928e-04 2.1478318176e-01
2.0390903945e-04 2.1459780139e-01
2.0469333470e-04 2.1441205837e-01
2.0548064658e-04 2.1422685729e-01
2.0627098670e-04 2.1404176250e-01
2.0706436671e-04 2.1385667407e-01
2.0786079829e-04 2.1367195883e-01
2.0866029319e-04 2.1348754932e-01
2.0946286318e-04 2.1330294662e-01
2.1026852010e-04 2.1311855009e-01
2.1107727582e-04 2.1293416066e-01
2.1188914225e-04 2.1275027512e-01
2.1270413136e-04 2.1256626418e-01
2.1352225517e-04 2.1238216186e-01
2.1434352573e-04 2.1219892483e-01
2.1516795513e-04 2.1201539818e-01
2.1599555555e-04 2.1183201089e-01
2.1682633916e-04 2.1164886144e-01
2.1766031821e-04 2.1146598220e-01
2.1849750499e-04 2.1128314342e-01
2.1933791185e-04 2.1110028004e-01
2.2018155117e-04 2.1091771927e-01
2.2102843537e-04 2.1073516690e-01
2.2187857694e-04 2.1055317719e-01
2.2273198841e-04 2.1037093511e-01
2.2358868236e-04 2.1018909200e-01
2.2444867141e-04 2.1000732231e-01
2.2531196824e-04 2.0982562628e-01
2.2617858556e-04 2.0964380993e-01
2.2704853616e-04 2.0946287626e-01
2.2792183284e-04 2.0928166021e-01
2.2879848849e-04 2.0910061476e-01
2.2967851601e-04 2.0891999732e-01
2.3056192839e-04 2.0873871343e-01
2.3144873863e-04 2.0855824345e-01
2.3233895981e-04 2.0837765461e-01
2.3323260505e-04 2.0819736429e-01
2.3412968752e-04 2.0801743581e-01
2.3503022043e-04 2.0783735710e-01
2.3593421707e-04 2.0765748023e-01
2.3684169074e-04 2.0747783676e-01
2.3775265483e-04 2.0729807626e-01
2.3866712276e-04 2.0711873996e-01
2.3958510801e-04 2.0693950932e-01
2.4050662411e-04 2.0676057462e-01
2.4143168463e-04 2.0658177692e-01
2.4236030321e-04 2.0640283164e-01
2.4329249354e-04 2.0622421350e-01
2.4422826935e-04 2.0604560637e-01
2.4516764444e-04 2.0586723117e-01
2.4611063264e-04 2.0568880442e-01
2.4705724786e-04 2.0551098649e-01
2.4800750404e-04 2.0533314806e-01
2.4896141519e-04 2.0515522707e-01
2.4991899537e-04 2.0497750593e-01
2.5088025870e-04 2.0480007812e-01
2.5184521932e-04 2.0462294301e-01
2.5281389148e-04 2.0444578826e-01
2.5378628944e-04 2.0426842767e-01
2.5476242753e-04 2.0409182627e-01
2.5574232015e-04 2.0391486389e-01
2.5672598172e-04 2.0373822458e-01
2.5771342675e-04 2.0356169083e-01
2.5870466979e-04 2.0338541735e-01
2.5969972545e-04 2.0320949628e-01
2.6069860839e-04 2.0303315559e-01
2.6170133333e-04 2.0285741401e-01
2.6270791505e-04 2.0268168514e-01
2.6371836839e-04 2.0250603088e-01
2.6473270823e-04 2.0233075831e-01
2.6575094953e-04 2.0215543736e-01
2.6677310729e-04 2.0198016056e-01
2.6779919658e-04 2.0180532558e-01
2.6882923251e-04 2.0163059540e-01
2.6986323027e-04 2.0145569571e-01
2.7090120509e-04 2.0128102349e-01
2.7194317228e-04 2.0110654794e-01
2.7298914718e-04 2.0093232952e-01
2.7403914522e-04 2.0075833740e-01
2.7509318186e-04 2.0058435913e-01
2.7615127265e-04 2.0041066743e-01
2.7721343317e-04 2.0023668764e-01
2.7827967907e-04 2.0006326620e-01
2.7935002608e-04 1.9988982890e-01
2.8042448996e-04 1.9971640637e-01
2.8150308655e-04 1.9954329960e-01
2.8258583175e-04 1.9937047782e-01
2.8367274151e-04 1.9919752075e-01
2.8476383185e-04 1.9902487846e-01
2.8585911885e-04 1.9885216152e-01
2.8695861866e-04 1.9867966932e-01
2.8806234746e-04 1.9850737164e-01
2.8917032154e-04 1.9833535755e-01
2.9028255722e-04 1.9816315055e-01
2.9139907090e-04 1.9799137566e-01
2.9251987901e-04 1.9781988335e-01
2.9364499810e-04 1.9764852488e-01
2.9477444472e-04 1.9747676760e-01
2.9590823554e-04 1.9730550006e-01
2.9704638726e-04 1.9713451425e-01
2.9818891664e-04 1.9696342641e-01
2.9933584054e-04 1.9679253175e-01
3.0048717585e-04 1.9662197700e-01
3.0164293955e-04 1.9645120350e-01
3.0280314865e-04 1.9628109219e-01
3.0396782027e-04 1.9611046968e-01
3.0513697156e-04 1.9594021577e-01
3.0631061976e-04 1.9577030030e-01
3.0748878216e-04 1.9560037241e-01
3.0867147613e-04 1.9543075306e-01
3.0985871909e-04 1.9526103423e-01
3.1105052855e-04 1.9509156544e-01
3.1224692206e-04 1.9492246227e-01
3.1344791726e-04 1.9475285439e-01
3.1465353184e-04 1.9458401767e-01
3.1586378358e-04 1.9441505357e-01
3.1707869032e-04 1.9424622285e-01
3.1829826994e-04 1.9407764078e-01
3.1952254044e-04 1.9390919171e-01
3.2075151985e-04 1.9374113437e-01
3.2198522627e-04 1.9357246265e-01
3.2322367791e-04 1.9340475675e-01
3.2446689300e-04 1.9323658131e-01
3.2571488987e-04 1.9306876814e-01
3.2696768690e-04 1.9290125919e-01
3.2822530257e-04 1.9273376843e-01
3.2948775541e-04 1.9256626778e-01
3.3075506402e-04 1.9239907075e-01
3.3202724708e-04 1.9223177880e-01
3.3330432333e-04 1.9206493198e-01
3.3458631160e-04 1.9189782045e-01
3.3587323078e-04 1.9173149305e-01
3.3716509984e-04 1.9156484468e-01
3.3846193782e-04 1.9139855465e-01
3.3976376382e-04 1.9123225548e-01
3.4107059704e-04 1.9106611663e-01
3.4238245672e-04 1.9090008170e-01
3.4369936222e-04 1.9073409459e-01
3.4502133292e-04 1.9056837996e-01
3.4634838832e-04 1.9040285320e-01
3.4768054798e-04 1.9023729021e-01
3.4901783151e-04 1.9007205484e-01
3.5036025865e-04 1.8990664400e-01
3.5170784915e-04 1.8974192273e-01
3.5306062290e-04 1.8957674774e-01
3.5441859982e-04 1.8941201069e-01
3.5578179992e-04 1.8924732173e-01
3.5715024330e-04 1.8908273657e-01
3.5852395013e-04 1.8891844909e-01
3.5990294064e-04 1.8875396087e-01
3.6128723516e-04 1.8858979784e-01
3.6267685409e-04 1.8842604193e-01
3.6407181792e-04 1.8826186574e-01
3.6547214719e-04 1.8809856418e-01
3.6687786255e-04 1.8793478824e-01
3.6828898471e-04 1.8777136328e-01
3.6970553447e-04 1.8760790481e-01
3.7112753270e-04 1.8744487858e-01
3.7255500037e-04 1.8728181882e-01
3.7398795850e-04 1.8711894444e-01
3.7542642822e-04 1.8695620067e-01
3.7687043073e-04 1.8679339692e-01
3.7831998730e-04 1.8663091447e-01
3.7977511930e-04 1.8646842675e-01
3.8123584817e-04 1.8630623247e-01
3.8270219545e-04 1.8614427679e-01
3.8417418274e-04 1.8598236995e-01
3.8565183173e-04 1.8582048520e-01
3.8713516420e-04 1.8565862290e-01
3.8862420201e-04 1.8549716057e-01
3.9011896710e-04 1.8533555904e-01
3.9161948152e-04 1.8517430294e-01
3.9312576735e-04 1.8501293521e-01
3.9463784682e-04 1.8485191231e-01
3.9615574220e-04 1.8469101925e-01
3.9767947585e-04 1.8453022924e-01
3.9920907025e-04 1.8436962242e-01
4.0074454792e-04 1.8420895862e-01
4.0228593150e-04 1.8404861122e-01
4.0383324370e-04 1.8388865921e-01
4.0538650732e-04 1.8372814558e-01
4.0694574527e-04 1.8356813373e-01
4.0851098051e-04 1.8340822489e-01
4.1008223611e-04 1.8324847200e-01
4.1165953524e-04 1.8308887492e-01
4.1324290113e-04 1.8292956538e-01
4.1483235712e-04 1.8276996311e-01
4.1642792663e-04 1.8261104323e-01
4.1802963318e-04 1.8245177871e-01
4.1963750037e-04 1.8229277494e-01
4.2125155191e-04 1.8213416240e-01
4.2287181156e-04 1.8197520711e-01
4.2449830323e-04 1.8181672123e-01
4.2613105086e-04 1.8165818124e-01
4.2777007854e-04 1.8149982245e-01
4.2941541040e-04 1.8134161857e-01
4.3106707070e-04 1.8118349142e-01
4.3272508379e-04 1.8102551908e-01
4.3438947409e-04 1.8086775325e-01
4.3606026613e-04 1.8070990864e-01
4.3773748454e-04 1.8055247753e-01
4.3942115403e-04 1.8039514871e-01
4.4111129943e-04 1.8023774163e-01
4.4280794562e-04 1.8008046320e-01
4.4451111763e-04 1.7992362213e-01
4.4622084054e-04 1.7976665178e-01
4.4793713957e-04 1.7960980977e-01
4.4966003999e-04 1.7945319856e-01
4.5138956720e-04 1.7929656171e-01
4.5312574670e-04 1.7914025768e-01
4.5486860406e-04 1.7898372391e-01
4.5661816497e-04 1.7882782869e-01
4.5837445521e-04 1.7867167870e-01
4.6013750068e-04 1.7851580943e-01
4.6190732735e-04 1.7836011864e-01
4.6368396129e-04 1.7820440315e-01
4.6546742871e-04 1.7804876483e-01
4.6725775588e-04 1.7789350741e-01
4.6905496918e-04 1.7773842772e-01
4.7085909510e-04 1.7758304607e-01
4.7267016023e-04 1.7742809488e-01
4.7448819126e-04 1.7727314508e-01
4.7631321498e-04 1.7711827250e-01
4.7814525829e-04 1.7696372829e-01
4.7998434818e-04 1.7680923586e-01
4.8183051177e-04 1.7665484551e-01
4.8368377626e-04 1.7650043228e-01
4.8554416895e-04 1.7634642117e-01
4.8741171727e-04 1.7619231231e-01
4.8928644875e-04 1.7603860461e-01
4.9116839100e-04 1.7588452592e-01
4.9305757177e-04 1.7573099718e-01
4.9495401889e-04 1.7557747091e-01
4.9685776031e-04 1.7542419530e-01
4.9876882410e-04 1.7527079867e-01
5.0068723841e-04 1.7511757845e-01
5.0261303151e-04 1.7496468244e-01
5.0454623179e-04 1.7481193730e-01
5.0648686774e-04 1.7465902291e-01
5.0843496796e-04 1.7450628450e-01
5.1039056115e-04 1.7435364816e-01
5.1235367614e-04 1.7420131006e-01
5.1432434186e-04 1.7404929393e-01
5.1630258735e-04 1.7389698769e-01
5.1828844176e-04 1.7374480803e-01
5.2028193437e-04 1.7359294997e-01
5.2228309454e-04 1.7344112043e-01
5.2429195178e-04 1.7328968458e-01
5.2630853568e-04 1.7313774254e-01
5.2833287597e-04 1.7298631562e-01
5.3036500248e-04 1.7283503881e-01
5.3240494515e-04 1.7268388777e-01
5.3445273406e-04 1.7253278994e-01
5.3650839938e-04 1.7238179381e-01
5.3857197140e-04 1.7223116452e-01
5.4064348053e-04 1.7208037155e-01
5.4272295731e-04 1.7192996881e-01
5.4481043239e-04 1.7177925906e-01
5.4690593651e-04 1.7162884329e-01
5.4900950057e-04 1.7147874470e-01
5.5112115557e-04 1.7132862773e-01
5.5324093263e-04 1.7117868391e-01
5.5536886299e-04 1.7102903225e-01
5.5750497800e-04 1.7087902896e-01
5.5964930915e-04 1.7072950835e-01
5.6180188804e-04 1.7057994636e-01
5.6396274640e-04 1.7043060453e-01
5.6613191606e-04 1.7028136397e-01
5.6830942900e-04 1.7013229570e-01
5.7049531731e-04 1.6998316315e-01
5.7268961319e-04 1.6983458059e-01
5.7489234900e-04 1.6968553285e-01
5.7710355719e-04 1.6953686953e-01
5.7932327035e-04 1.6938840149e-01
5.8155152119e-04 1.6923977627e-01
5.8378834255e-04 1.6909179201e-01
5.8603376739e-04 1.6894341643e-01
5.8828782881e-04 1.6879554003e-01
5.9055056003e-04 1.6864722720e-01
5.9282199439e-04 1.6849948289e-01
5.9510216536e-04 1.6835188607e-01
5.9739110656e-04 1.6820445983e-01
5.9968885171e-04 1.6805692518e-01
6.0199543468e-04 1.6790949175e-01
6.0431088945e-04 1.6776246077e-01
6.0663525016e-04 1.6761529889e-01
6.0896855106e-04 1.6746814570e-01
6.1131082652e-04 1.6732130160e-01
6.1366211109e-04 1.6717435094e-01
6.1602243940e-04 1.6702782395e-01
6.1839184623e-04 1.6688128265e-01
6.2077036652e-04 1.6673481933e-01
6.2315803531e-04 1.6658845705e-01
6.2555488778e-04 1.6644242476e-01
6.2796095927e-04 1.6629642436e-01
6.3037628523e-04 1.6615041046e-01
6.3280090126e-04 1.6600452036e-01
6.3523484309e-04 1.6585877678e-01
6.3767814659e-04 1.6571315682e-01
6.4013084776e-04 1.6556772854e-01
6.4259298276e-04 1.6542231014e-01
6.4506458786e-04 1.6527708324e-01
6.4754569950e-04 1.6513197962e-01
6.5003635424e-04 1.6498697662e-01
6.5253658879e-04 1.6484218709e-01
6.5504643998e-04 1.6469740779e-01
6.5756594481e-04 1.6455270661e-01
6.6009514042e-04 1.6440801622e-01
6.6263406406e-04 1.6426376352e-01
6.6518275317e-04 1.6411938673e-01
6.6774124530e-04 1.6397502109e-01
6.7030957816e-04 1.6383071171e-01
6.7288778960e-04 1.6368717331e-01
6.7547591761e-04 1.6354328826e-01
6.7807400033e-04 1.6339950376e-01
6.8068207606e-04 1.6325570863e-01
6.8330018323e-04 1.6311223651e-01
6.8592836042e-04 1.6296864287e-01
6.8856664637e-04 1.6282541599e-01
6.9121507996e-04 1.6268217873e-01
6.9387370022e-04 1.6253913039e-01
6.9654254633e-04 1.6239627064e-01
6.9922165761e-04 1.6225359916e-01
7.0191107357e-04 1.6211065344e-01
7.0461083382e-04 1.6196813832e-01
7.0732097816e-04 1.6182561349e-01
7.1004154653e-04 1.6168299174e-01
7.1277257901e-04 1.6154097439e-01
7.1551411587e-04 1.6139877241e-01
7.1826619750e-04 1.6125660527e-01
7.2102886446e-04 1.6111451686e-01
7.2380215746e-04 1.6097283394e-01
7.2658611738e-04 1.6083096811e-01
7.2938078525e-04 1.6068944178e-01
7.3218620224e-04 1.6054786358e-01
7.3500240971e-04 1.6040681899e-01
7.3782944915e-04 1.6026528957e-01
7.4066736224e-04 1.6012407700e-01
7.4351619078e-04 1.5998311570e-01
7.4637597678e-04 1.5984227583e-01
7.4924676237e-04 1.5970160033e-01
7.5212858986e-04 1.5956078811e-01
7.5502150173e-04 1.5942001181e-01
7.5792554060e-04 1.5927946459e-01
7.6084074927e-04 1.5913893192e-01
7.6376717071e-04 1.5899896994e-01
7.6670484804e-04 1.5885878689e-01
7.6965382456e-04 1.5871863991e-01
7.7261414373e-04 1.5857880606e-01
7.7558584917e-04 1.5843896554e-01
7.7856898468e-04 1.5829928868e-01
7.8156359422e-04 1.5815949954e-01
7.8456972193e-04 1.5802010727e-01
7.8758741210e-04 1.5788070884e-01
7.9061670922e-04 1.5774115680e-01
7.9365765792e-04 1.5760208505e-01
7.9671030302e-04 1.5746323927e-01
7.9977468951e-04 1.5732419817e-01
8.0285086254e-04 1.5718527811e-01
8.0593886746e-04 1.5704670985e-01
8.0903874977e-04 1.5690792656e-01
8.1215055516e-04 1.5676941088e-01
8.1527432948e-04 1.5663120394e-01
8.1841011878e-04 1.5649267872e-01
8.2155796926e-04 1.5635462903e-01
8.2471792731e-04 1.5621651210e-01
8.2789003951e-04 1.5607847416e-01
8.3107435261e-04 1.5594063985e-01
8.3427091352e-04 1.5580288438e-01
8.3747976937e-04 1.5566522852e-01
8.4070096744e-04 1.5552754821e-01
8.4393455520e-04 1.5539025702e-01
8.4718058031e-04 1.5525302377e-01
8.5043909060e-04 1.5511551908e-01
8.5371013410e-04 1.5497862897e-01
8.5699375901e-04 1.5484161184e-01
8.6029001373e-04 1.5470457116e-01
8.6359894683e-04 1.5456797870e-01
8.6692060708e-04 1.5443128058e-01
8.7025504343e-04 1.5429445720e-01
8.7360230502e-04 1.5415824414e-01
8.7696244118e-04 1.5402168146e-01
8.8033550143e-04 1.5388564619e-01
8.8372153548e-04 1.5374950649e-01
8.8712059323e-04 1.5361342556e-01
8.9053272478e-04 1.5347744412e-01
8.9395798041e-04 1.5334154194e-01
8.9739641059e-04 1.5320582018e-01
9.0084806601e-04 1.5307031892e-01
9.0431299753e-04 1.5293469485e-01
9.0779125622e-04 1.5279921068e-01
9.1128289332e-04 1.5266398691e-01
9.1478796032e-04 1.5252870155e-01
9.1830650884e-04 1.5239365610e-01
9.2183859076e-04 1.5225848945e-01
9.2538425813e-04 1.5212376261e-01
9.2894356319e-04 1.5198895480e-01
9.3251655841e-04 1.5185438595e-01
9.3610329644e-04 1.5171977656e-01
9.3970383014e-04 1.5158520678e-01
9.4331821256e-04 1.5145085570e-01
9.4694649699e-04 1.5131678239e-01
9.5058873688e-04 1.5118249063e-01
9.5424498592e-04 1.5104853591e-01
9.5791529799e-04 1.5091471962e-01
9.6159972718e-04 1.5078068625e-01
9.6529832779e-04 1.5064702851e-01
9.6901115432e-04 1.5051331214e-01
9.7273826150e-04 1.5037979339e-01
9.7647970424e-04 1.5024647186e-01
9.8023553770e-04 1.5011287652e-01
9.8400581722e-04 1.4997971387e-01
9.8779059836e-04 1.4984653276e-01
9.9158993690e-04 1.4971366568e-01
9.9540388884e-04 1.4958074118e-01
9.9923251038e-04 1.4944789622e-01
1.0030758579e-03 1.4931532542e-01
1.0069339882e-03 1.4918269781e-01
1.0108069579e-03 1.4905011101e-01
1.0146948243e-03 1.4891777839e-01
1.0185976445e-03 1.4878544778e-01
1.0225154762e-03 1.4865308090e-01
1.0264483770e-03 1.4852114147e-01
1.0303964050e-03 1.4838920416e-01
1.0343596182e-03 1.4825717311e-01
1.0383380752e-03 1.4812533741e-01
1.0423318344e-03 1.4799381187e-01
1.0463409549e-03 1.4786215469e-01
1.0503654957e-03 1.4773061568e-01
1.0544055160e-03 1.4759932860e-01
1.0584610755e-03 1.4746791095e-01
1.0625322339e-03 1.4733697383e-01
1.0666190511e-03 1.4720556356e-01
1.0707215875e-03 1.4707488052e-01
1.0748399035e-03 1.4694395360e-01
1.0789740597e-03 1.4681323937e-01
1.0831241172e-03 1.4668262370e-01
1.0872901370e-03 1.4655203093e-01
1.0914721806e-03 1.4642140468e-01
1.0956703095e-03 1.4629116052e-01
1.0998845858e-03 1.4616073210e-01
1.1041150714e-03 1.4603057210e-01
1.1083618287e-03 1.4590039799e-01
1.1126249203e-03 1.4577047292e-01
1.1169044090e-03 1.4564068383e-01
1.1212003580e-03 1.4551088086e-01
1.1255128304e-03 1.4538106444e-01
1.1298418899e-03 1.4525147766e-01
1.1341876003e-03 1.4512228775e-01
1.1385500255e-03 1.4499282334e-01
1.1429292300e-03 1.4486358788e-01
1.1473252782e-03 1.4473439516e-01
1.1517382349e-03 1.4460520833e-01
1.1561681652e-03 1.4447624992e-01
1.1606151343e-03 1.4434738999e-01
1.1650792078e-03 1.4421853617e-01
1.1695604514e-03 1.4408998391e-01
1.1740589312e-03 1.4396134561e-01
1.1785747136e-03 1.4383280592e-01
1.1831078650e-03 1.4370447505e-01
1.1876584523e-03 1.4357618746e-01
1.1922265424e-03 1.4344787006e-01
1.1968122029e-03 1.4331976120e-01
1.2014155011e-03 1.4319184214e-01
1.2060365050e-03 1.4306387533e-01
1.2106752827e-03 1.4293607998e-01
1.2153319025e-03 1.4280838300e-01
1.2200064331e-03 1.4268085707e-01
1.2246989433e-03 1.4255330226e-01
1.2294095023e-03 1.4242599091e-01
1.2341381795e-03 1.4229852425e-01
1.2388850446e-03 1.4217117441e-01
1.2436501676e-03 1.4204412180e-01
1.2484336187e-03 1.4191707719e-01
1.2532354684e-03 1.4179027496e-01
1.2580557874e-03 1.4166340889e-01
1.2628946469e-03 1.4153662323e-01
1.2677521180e-03 1.4140998978e-01
1.2726282724e-03 1.4128349039e-01
1.2775231820e-03 1.4115696397e-01
1.2824369188e-03 1.4103073244e-01
1.2873695554e-03 1.4090429565e-01
1.2923211643e-03 1.4077831377e-01
1.2972918187e-03 1.4065189606e-01
1.3022815916e-03 1.4052611036e-01
1.3072905567e-03 1.4040019177e-01
1.3123187878e-03 1.4027451322e-01
1.3173663590e-03 1.4014887950e-01
1.3224333446e-03 1.4002302582e-01
1.3275198194e-03 1.3989764152e-01
1.3326258583e-03 1.3977235508e-01
1.3377515366e-03 1.3964692015e-01
1.3428969297e-03 1.3952163642e-01
1.3480621136e-03 1.3939664405e-01
1.3532471643e-03 1.3927143403e-01
1.3584521583e-03 1.3914670765e-01
1.3636771722e-03 1.3902171181e-01
1.3689222831e-03 1.3889705886e-01
1.3741875683e-03 1.3877239919e-01
1.3794731053e-03 1.3864776800e-01
1.3847789721e-03 1.3852347847e-01
1.3901052469e-03 1.3839895671e-01
1.3954520081e-03 1.3827470680e-01
1.4008193345e-03 1.3815052025e-01
1.4062073053e-03 1.3802653551e-01
1.4116159998e-03 1.3790238953e-01
1.4170454978e-03 1.3777846269e-01
1.4224958793e-03 1.3765480616e-01
1.4279672246e-03 1.3753092049e-01
1.4334596143e-03 1.3740725351e-01
1.4389731294e-03 1.3728389046e-01
1.4445078511e-03 1.3716045367e-01
1.4500638610e-03 1.3703713199e-01
1.4556412410e-03 1.3691387405e-01
1.4612400733e-03 1.3679083351e-01
1.4668604403e-03 1.3666765212e-01
1.4725024250e-03 1.3654465405e-01
1.4781661104e-03 1.3642185594e-01
1.4838515801e-03 1.3629890103e-01
1.4895589177e-03 1.3617645115e-01
1.4952882076e-03 1.3605379395e-01
1.5010395339e-03 1.3593121791e-01
1.5068129816e-03 1.3580867244e-01
1.5126086357e-03 1.3568622520e-01
1.5184265817e-03 1.3556412861e-01
1.5242669052e-03 1.3544196146e-01
1.5301296923e-03 1.3531982510e-01
1.5360150294e-03 1.3519787064e-01
1.5419230034e-03 1.3507603074e-01
1.5478537011e-03 1.3495423847e-01
1.5538072101e-03 1.3483256076e-01
1.5597836181e-03 1.3471094751e-01
1.5657830132e-03 1.3458933224e-01
1.5718054837e-03 1.3446808109e-01
1.5778511184e-03 1.3434652883e-01
1.5839200065e-03 1.3422543976e-01
1.5900122373e-03 1.3410413349e-01
1.5961279007e-03 1.3398315695e-01
1.6022670867e-03 1.3386239357e-01
1.6084298859e-03 1.3374124919e-01
1.6146163891e-03 1.3362064796e-01
1.6208266874e-03 1.3349984796e-01
1.6270608724e-03 1.3337921171e-01
1.6333190359e-03 1.3325877170e-01
1.6396012702e-03 1.3313821629e-01
1.6459076678e-03 1.3301792256e-01
1.6522383217e-03 1.3289761209e-01
1.6585933253e-03 1.3277749740e-01
1.6649727720e-03 1.3265723594e-01
1.6713767561e-03 1.3253739810e-01
1.6778053718e-03 1.3241751137e-01
1.6842587138e-03 1.3229768987e-01
1.6907368774e-03 1.3217796613e-01
1.6972399579e-03 1.3205834011e-01
1.7037680512e-03 1.3193871482e-01
1.7103212535e-03 1.3181921973e-01
1.7168996614e-03 1.3169991913e-01
1.7235033718e-03 1.3158060339e-01
1.7301324820e-03 1.3146151401e-01
1.7367870898e-03 1.3134228129e-01
1.7434672933e-03 1.3122335496e-01
1.7501731907e-03 1.3110431797e-01
1.7569048811e-03 1.3098534699e-01
1.7636624636e-03 1.3086669750e-01
1.7704460377e-03 1.3074800191e-01
1.7772557036e-03 1.3062949958e-01
1.7840915614e-03 1.3051101520e-01
1.7909537120e-03 1.3039261257e-01
1.7978422565e-03 1.3027426002e-01
1.8047572963e-03 1.3015603686e-01
1.8116989335e-03 1.3003784807e-01
1.8186672703e-03 1.2991978862e-01
1.8256624095e-03 1.2980188986e-01
1.8326844540e-03 1.2968393107e-01
1.8397335074e-03 1.2956618018e-01
1.8468096736e-03 1.2944851107e-01
1.8539130568e-03 1.2933089240e-01
1.8610437618e-03 1.2921321472e-01
1.8682018936e-03 1.2909591653e-01
1.8753875577e-03 1.2897840315e-01
1.8826008600e-03 1.2886122172e-01
1.8898419069e-03 1.2874404415e-01
1.8971108050e-03 1.2862690191e-01
1.9044076614e-03 1.2850981074e-01
1.9117325838e-03 1.2839280182e-01
1.9190856800e-03 1.2827593715e-01
1.9264670584e-03 1.2815930931e-01
1.9338768278e-03 1.2804262417e-01
1.9413150974e-03 1.2792585148e-01
1.9487819768e-03 1.2780946955e-01
1.9562775760e-03 1.2769309252e-01
1.9638020056e-03 1.2757662854e-01
1.9713553764e-03 1.2746041588e-01
1.9789377997e-03 1.2734419339e-01
1.9865493873e-03 1.2722816039e-01
1.9941902513e-03 1.2711222479e-01
2.0018605044e-03 1.2699624922e-01
2.0095602596e-03 1.2688043229e-01
2.0172896303e-03 1.2676477372e-01
2.0250487306e-03 1.2664886291e-01
2.0328376746e-03 1.2653342970e-01
2.0406565773e-03 1.2641789659e-01
2.0485055537e-03 1.2630241570e-01
2.0563847198e-03 1.2618716855e-01
2.0642941914e-03 1.2607188285e-01
2.0722340852e-03 1.2595673999e-01
2.0802045183e-03 1.2584158923e-01
2.0882056080e-03 1.2572670153e-01
2.0962374723e-03 1.2561177595e-01
2.1043002296e-03 1.2549694791e-01
2.1123939986e-03 1.2538206768e-01
2.1205188987e-03 1.2526744977e-01
2.1286750496e-03 1.2515297402e-01
2.1368625715e-03 1.2503834206e-01
2.1450815851e-03 1.2492399405e-01
2.1533322115e-03 1.2480958726e-01
2.1616145722e-03 1.2469545634e-01
2.1699287894e-03 1.2458115571e-01
2.1782749855e-03 1.2446710100e-01
2.1866532836e-03 1.2435311414e-01
2.1950638072e-03 1.2423907707e-01
2.2035066802e-03 1.2412540323e-01
2.2119820269e-03 1.2401162028e-01
2.2204899724e-03 1.2389802312e-01
2.2290306420e-03 1.2378428828e-01
2.2376041616e-03 1.2367091529e-01
2.2462106575e-03 1.2355737580e-01
2.2548502566e-03 1.2344399261e-01
2.2635230861e-03 1.2333082383e-01
2.2722292740e-03 1.2321772309e-01
2.2809689484e-03 1.2310457398e-01
2.2897422383e-03 1.2299143522e-01
2.2985492728e-03 1.2287856854e-01
2.3073901819e-03 1.2276568311e-01
2.3162650957e-03 1.2265295316e-01
2.3251741452e-03 1.2254011808e-01
2.3341174615e-03 1.2242766972e-01
2.3430951764e-03 1.2231502991e-01
2.3521074224e-03 1.2220257428e-01
2.3611543321e-03 1.2209021614e-01
2.3702360390e-03 1.2197795542e-01
2.3793526768e-03 1.2186573472e-01
2.3885043800e-03 1.2175355421e-01
2.3976912833e-03 1.2164152853e-01
2.4069135222e-03 1.2152954312e-01
2.4161712326e-03 1.2141762668e-01
2.4254645510e-03 1.2130580779e-01
2.4347936142e-03 1.2119405794e-01
2.4441585598e-03 1.2108249085e-01
2.4535595258e-03 1.2097093588e-01
2.4629966507e-03 1.2085936500e-01
2.4724700737e-03 1.2074803329e-01
2.4819799342e-03 1.2063668580e-01
2.4915263726e-03 1.2052537940e-01
2.5011095294e-03 1.2041425515e-01
2.5107295458e-03 1.2030320010e-01
2.5203865638e-03 1.2019210191e-01
2.5300807255e-03 1.2008110143e-01
2.5398121739e-03 1.1997033871e-01
2.5495810523e-03 1.1985936540e-01
2.5593875048e-03 1.1974885337e-01
2.5692316758e-03 1.1963824296e-01
2.5791137105e-03 1.1952764641e-01
2.5890337544e-03 1.1941720314e-01
2.5989919538e-03 1.1930669056e-01
2.6089884554e-03 1.1919644231e-01
2.6190234066e-03 1.1908623596e-01
2.6290969552e-03 1.1897609937e-01
2.6392092496e-03 1.1886592203e-01
2.6493604390e-03 1.1875606326e-01
2.6595506729e-03 1.1864605357e-01
2.6697801015e-03 1.1853627923e-01
2.6800488755e-03 1.1842635486e-01
2.6903571463e-03 1.1831683032e-01
2.7007050658e-03 1.1820712878e-01
2.7110927865e-03 1.1809771657e-01
2.7215204615e-03 1.1798815558e-01
2.7319882445e-03 1.1787893801e-01
2.7424962896e-03 1.1776959949e-01
2.7530447519e-03 1.1766022250e-01
2.7636337867e-03 1.1755118807e-01
2.7742635501e-03 1.1744211514e-01
2.7849341988e-03 1.1733308554e-01
2.7956458900e-03 1.1722415357e-01
2.8063987815e-03 1.1711540025e-01
2.8171930319e-03 1.1700658229e-01
2.8280288003e-03 1.1689788897e-01
2.8389062462e-03 1.1678932011e-01
2.8498255300e-03 1.1668082181e-01
2.8607868127e-03 1.1657228675e-01
2.8717902558e-03 1.1646401027e-01
2.8828360214e-03 1.1635569721e-01
2.8939242723e-03 1.1624734810e-01
2.9050551719e-03 1.1613941715e-01
2.9162288844e-03 1.1603131662e-01
2.9274455742e-03 1.1592318063e-01
2.9387054069e-03 1.1581532862e-01
2.9500085482e-03 1.1570744128e-01
2.9613551647e-03 1.1559965160e-01
2.9727454238e-03 1.1549209188e-01
2.9841794932e-03 1.1538433861e-01
2.9956575415e-03 1.1527673607e-01
3.0071797378e-03 1.1516941576e-01
3.0187462519e-03 1.1506203469e-01
3.0303572543e-03 1.1495464603e-01
3.0420129160e-03 1.1484743389e-01
3.0537134090e-03 1.1474021441e-01
3.0654589055e-03 1.1463319735e-01
3.0772495787e-03 1.1452627767e-01
3.0890856024e-03 1.1441929871e-01
3.1009671510e-03 1.1431236532e-01
3.1128943996e-03 1.1420558177e-01
3.1248675240e-03 1.1409884381e-01
3.1368867006e-03 1.1399220352e-01
3.1489521065e-03 1.1388568674e-01
3.1610639196e-03 1.1377900862e-01
3.1732223184e-03 1.1367266123e-01
3.1854274820e-03 1.1356641125e-01
3.1976795903e-03 1.1346007823e-01
3.2099788239e-03 1.1335394595e-01
3.2223253640e-03 1.1324773121e-01
3.2347193926e-03 1.1314176835e-01
3.2471610924e-03 1.1303580037e-01
3.2596506467e-03 1.1292985324e-01
3.2721882395e-03 1.1282400388e-01
3.2847740557e-03 1.1271825223e-01
3.2974082807e-03 1.1261244533e-01
3.3100911008e-03 1.1250694002e-01
3.3228227027e-03 1.1240137961e-01
3.3356032742e-03 1.1229601846e-01
3.3484330036e-03 1.1219052662e-01
3.3613120800e-03 1.1208518337e-01
3.3742406932e-03 1.1197998842e-01
3.3872190336e-03 1.1187476485e-01
3.4002472927e-03 1.1176979032e-01
3.4133256624e-03 1.1166481249e-01
3.4264543354e-03 1.1155970609e-01
3.4396335052e-03 1.1145482330e-01
3.4528633660e-03 1.1135008834e-01
3.4661441129e-03 1.1124525074e-01
3.4794759414e-03 1.1114078599e-01
3.4928590482e-03 1.1103606912e-01
3.5062936304e-03 1.1093162474e-01
3.5197798861e-03 1.1082715350e-01
3.5333180139e-03 1.1072285462e-01
3.5469082134e-03 1.1061847961e-01
3.5605506849e-03 1.1051430167e-01
3.5742456295e-03 1.1041012239e-01
3.5879932488e-03 1.1030601623e-01
3.6017937457e-03 1.1020203258e-01
3.6156473234e-03 1.1009804808e-01
3.6295541861e-03 1.0999416149e-01
3.6435145388e-03 1.0989029904e-01
3.6575285871e-03 1.0978663270e-01
3.6715965377e-03 1.0968296599e-01
3.6857185979e-03 1.0957944606e-01
3.6998949757e-03 1.0947585277e-01
3.7141258801e-03 1.0937252827e-01
3.7284115208e-03 1.0926915512e-01
3.7427521084e-03 1.0916585548e-01
3.7571478542e-03 1.0906267798e-01
3.7715989704e-03 1.0895930712e-01
3.7861056698e-03 1.0885627692e-01
3.8006681664e-03 1.0875324767e-01
3.8152866747e-03 1.0865034047e-01
3.8299614101e-03 1.0854753103e-01
3.8446925890e-03 1.0844465071e-01
3.8594804284e-03 1.0834201277e-01
3.8743251463e-03 1.0823923231e-01
3.8892269614e-03 1.0813671794e-01
3.9041860933e-03 1.0803420546e-01
3.9192027626e-03 1.0793174304e-01
3.9342771905e-03 1.0782937856e-01
3.9494095991e-03 1.0772706426e-01
3.9646002115e-03 1.0762477647e-01
3.9798492515e-03 1.0752261052e-01
3.9951569440e-03 1.0742051875e-01
4.0105235143e-03 1.0731843006e-01
4.0259491892e-03 1.0721655786e-01
4.0414341958e-03 1.0711461788e-01
4.0569787623e-03 1.0701275239e-01
4.0725831180e-03 1.0691098500e-01
4.0882474926e-03 1.0680931563e-01
4.1039721171e-03 1.0670772070e-01
4.1197572233e-03 1.0660627066e-01
4.1356030437e-03 1.0650470739e-01
4.1515098118e-03 1.0640335941e-01
4.1674777622e-03 1.0630196904e-01
4.1835071301e-03 1.0620077020e-01
4.1995981517e-03 1.0609948276e-01
4.2157510642e-03 1.0599845650e-01
4.2319661057e-03 1.0589731884e-01
4.2482435151e-03 1.0579620984e-01
4.2645835322e-03 1.0569526875e-01
4.2809863980e-03 1.0559444891e-01
4.2974523541e-03 1.0549375014e-01
4.3139816432e-03 1.0539301078e-01
4.3305745089e-03 1.0529243868e-01
4.3472311957e-03 1.0519180341e-01
4.3639519491e-03 1.0509126640e-01
4.3807370156e-03 1.0499080463e-01
4.3975866424e-03 1.0489039521e-01
4.4145010780e-03 1.0479010689e-01
4.4314805716e-03 1.0468996233e-01
4.4485253733e-03 1.0458973316e-01
4.4656357345e-03 1.0448957954e-01
4.4828119073e-03 1.0438956970e-01
4.5000541447e-03 1.0428958982e-01
4.5173627010e-03 1.0418973083e-01
4.5347378312e-03 1.0408983402e-01
4.5521797913e-03 1.0399010343e-01
4.5696888384e-03 1.0389038061e-01
4.5872652306e-03 1.0379077862e-01
4.6049092268e-03 1.0369120722e-01
4.6226210872e-03 1.0359166661e-01
4.6404010726e-03 1.0349217946e-01
4.6582494452e-03 1.0339290282e-01
4.6761664680e-03 1.0329358987e-01
4.6941524050e-03 1.0319435287e-01
4.7122075214e-03 1.0309523649e-01
4.7303320831e-03 1.0299606223e-01
4.7485263573e-03 1.0289709778e-01
4.7667906121e-03 1.0279800918e-01
4.7851251167e-03 1.0269904145e-01
4.8035301414e-03 1.0260030522e-01
4.8220059572e-03 1.0250164492e-01
4.8405528366e-03 1.0240292798e-01
4.8591710529e-03 1.0230426531e-01
4.8778608803e-03 1.0220565703e-01
4.8966225945e-03 1.0210721324e-01
4.9154564718e-03 1.0200873586e-01
4.9343627899e-03 1.0191035699e-01
4.9533418273e-03 1.0181209847e-01
4.9723938638e-03 1.0171382886e-01
4.9915191801e-03 1.0161567961e-01
5.0107180582e-03 1.0151758510e-01
5.0299907808e-03 1.0141954545e-01
5.0493376321e-03 1.0132164775e-01
5.0687588973e-03 1.0122356597e-01
5.0882548624e-03 1.0112577834e-01
5.1078258148e-03 1.0102806738e-01
5.1274720430e-03 1.0093034661e-01
5.1471938364e-03 1.0083268118e-01
5.1669914858e-03 1.0073513589e-01
5.1868652829e-03 1.0063764596e-01
5.2068155206e-03 1.0054014700e-01
5.2268424928e-03 1.0044272525e-01
5.2469464948e-03 1.0034548791e-01
5.2671278228e-03 1.0024813485e-01
5.2873867742e-03 1.0015103026e-01
5.3077236476e-03 1.0005398133e-01
5.3281387427e-03 9.9956902903e-02
5.3486323604e-03 9.9859838015e-02
5.3692048027e-03 9.9762893194e-02
5.3898563728e-03 9.9666025822e-02
5.4105873750e-03 9.9569278280e-02
5.4313981148e-03 9.9472629226e-02
5.4522888990e-03 9.9375825071e-02
5.4732600354e-03 9.9279246535e-02
5.4943118331e-03 9.9182703402e-02
5.5154446022e-03 9.9086237924e-02
5.5366586544e-03 9.8989913111e-02
5.5579543021e-03 9.8893560916e-02
5.5793318593e-03 9.8797328389e-02
5.6007916410e-03 9.8700922598e-02
5.6223339634e-03 9.8604804006e-02
5.6439591440e-03 9.8508721503e-02
5.6656675016e-03 9.8412654456e-02
5.6874593560e-03 9.8316686290e-02
5.7093350284e-03 9.8220858435e-02
5.7312948412e-03 9.8124984061e-02
5.7533391181e-03 9.8029146509e-02
5.7754681838e-03 9.7933366623e-02
5.7976823645e-03 9.7837892138e-02
5.8199819876e-03 9.7742248100e-02
5.8423673818e-03 9.7646723667e-02
5.8648388769e-03 9.7551400837e-02
5.8873968041e-03 9.7456032876e-02
5.9100414958e-03 9.7360620322e-02
5.9327732858e-03 9.7265306903e-02
5.9555925091e-03 9.7170153806e-02
5.9784995019e-03 9.7074936311e-02
6.0014946019e-03 9.6979919801e-02
6.0245781480e-03 9.6884839365e-02
6.0477504802e-03 9.6790020524e-02
6.0710119403e-03 9.6695158321e-02
6.0943628708e-03 9.6600192552e-02
6.1178036160e-03 9.6505508131e-02
6.1413345214e-03 9.6410720607e-02
6.1649559336e-03 9.6316092823e-02
6.1886682009e-03 9.6221503649e-02
6.2124716727e-03 9.6127114038e-02
6.2363666998e-03 9.6032542154e-02
6.2603536343e-03 9.5938250037e-02
6.2844328297e-03 9.5843956660e-02
6.3086046409e-03 9.5749722311e-02
6.3328694242e-03 9.5655586971e-02
6.3572275370e-03 9.5561291572e-02
6.3816793385e-03 9.5467234991e-02
6.4062251889e-03 9.5373257620e-02
6.4308654501e-03 9.5279299951e-02
6.4556004850e-03 9.5185500861e-02
6.4804306583e-03 9.5091642473e-02
6.5053563359e-03 9.4997824117e-02
6.5303778851e-03 9.4904144536e-02
6.5554956747e-03 9.4810485337e-02
6.5807100748e-03 9.4716866428e-02
6.6060214571e-03 9.4623425371e-02
6.6314301945e-03 9.4530024523e-02
6.6569366615e-03 9.4436468344e-02
6.6825412341e-03 9.4343109609e-02
6.7082442895e-03 9.4249889245e-02
6.7340462065e-03 9.4156709563e-02
6.7599473655e-03 9.4063492906e-02
6.7859481481e-03 9.3970511737e-02
6.8120489374e-03 9.3877396812e-02
6.8382501183e-03 9.3784517060e-02
6.8645520767e-03 9.3691543009e-02
6.8909552003e-03 9.3598726456e-02
6.9174598783e-03 9.3505951350e-02
6.9440665011e-03 9.3413198597e-02
6.9707754611e-03 9.3320603008e-02
6.9975871517e-03 9.3228010658e-02
7.0245019680e-03 9.3135460209e-02
7.0515203069e-03 9.3042894399e-02
7.0786425663e-03 9.2950581181e-02
7.1058691461e-03 9.2858214462e-02
7.1332004475e-03 9.2765832929e-02
7.1606368732e-03 9.2673627238e-02
7.1881788276e-03 9.2581482966e-02
7.2158267167e-03 9.2489400179e-02
7.2435809478e-03 9.2397341068e-02
7.2714419300e-03 9.2305362599e-02
7.2994100739e-03 9.2213408105e-02
7.3274857917e-03 9.2121515527e-02
7.3556694971e-03 9.2029703763e-02
7.3839616054e-03 9.1937897593e-02
7.4123625337e-03 9.1846341353e-02
7.4408727004e-03 9.1754715641e-02
7.4694925258e-03 9.1663039824e-02
7.4982224316e-03 9.1571557394e-02
7.5270628413e-03 9.1480137215e-02
7.5560141797e-03 9.1388835241e-02
7.5850768738e-03 9.1297372244e-02
7.6142513516e-03 9.1206195079e-02
7.6435380432e-03 9.1114950419e-02
7.6729373802e-03 9.1023787058e-02
7.7024497959e-03 9.0932723463e-02
7.7320757251e-03 9.0841667209e-02
7.7618156046e-03 9.0750747659e-02
7.7916698725e-03 9.0659725230e-02
7.8216389689e-03 9.0568949959e-02
7.8517233355e-03 9.0478164133e-02
7.8819234155e-03 9.0387386469e-02
7.9122396540e-03 9.0296763649e-02
7.9426724979e-03 9.0206112620e-02
7.9732223956e-03 9.0115579790e-02
8.0038897974e-03 9.0025037462e-02
8.0346751552e-03 8.9934740648e-02
8.0655789227e-03 8.9844252736e-02
8.0966015554e-03 8.9753865056e-02
8.1277435104e-03 8.9663595602e-02
8.1590052467e-03 8.9573444186e-02
8.1903872250e-03 8.9483266206e-02
8.2218899077e-03 8.9393188289e-02
8.2535137593e-03 8.9303246319e-02
8.2852592456e-03 8.9213314237e-02
8.3171268346e-03 8.9123320573e-02
8.3491169959e-03 8.9033463009e-02
8.3812302009e-03 8.8943723387e-02
8.4134669229e-03 8.8853958627e-02
8.4458276370e-03 8.8764329688e-02
8.4783128202e-03 8.8674640422e-02
8.5109229510e-03 8.8585104802e-02
8.5436585102e-03 8.8495704724e-02
8.5765199802e-03 8.8406156293e-02
8.6095078452e-03 8.8316796813e-02
8.6426225914e-03 8.8227396026e-02
8.6758647069e-03 8.8138219144e-02
8.7092346815e-03 8.8049001213e-02
8.7427330070e-03 8.7959830721e-02
8.7763601771e-03 8.7870795618e-02
8.8101166874e-03 8.7781702711e-02
8.8440030354e-03 8.7692797767e-02
8.8780197203e-03 8.7603870452e-02
8.9121672437e-03 8.7514938668e-02
8.9464461086e-03 8.7426124806e-02
8.9808568203e-03 8.7337480881e-02
9.0153998860e-03 8.7248728402e-02
9.0500758146e-03 8.7160163196e-02
9.0848851172e-03 8.7071559513e-02
9.1198283068e-03 8.6983125468e-02
9.1549058984e-03 8.6894653348e-02
9.1901184089e-03 8.6806195413e-02
9.2254663573e-03 8.6717820820e-02
9.2609502645e-03 8.6629546726e-02
9.2965706534e-03 8.6541373014e-02
9.3323280490e-03 8.6453162435e-02
9.3682229783e-03 8.6365120886e-02
9.4042559702e-03 8.6277077042e-02
9.4404275558e-03 8.6189048319e-02
9.4767382682e-03 8.6101154250e-02
9.5131886424e-03 8.6013241462e-02
9.5497792157e-03 8.5925344354e-02
9.5865105273e-03 8.5837615829e-02
9.6233831185e-03 8.5749919989e-02
9.6603975327e-03 8.5662324659e-02
9.6975543155e-03 8.5574660908e-02
9.7348540144e-03 8.5486996813e-02
9.7722971791e-03 8.5399686137e-02
9.8098843614e-03 8.5312324313e-02
9.8476161153e-03 8.5224895140e-02
9.8854929969e-03 8.5137583545e-02
9.9235155642e-03 8.5050272245e-02
9.9616843778e-03 8.4963111886e-02
1.0000000000e-02 8.4875952046e-02
